U47298117,0.021723595,0.008976193,-0.0008830896,0.0023201136,0.01517828,0.008199898
NM_0033424,0.00024777165,0.047929768,0.0015382692,0.0009488414,0.006642324,0.017006343
NM_00545039,0.059082814,0.0480188,0.02448772,0.05801266,0.029669125,0.031442642
U472983,0.0024930905,0.0061759013,0.0006497285,-0.00019713762,0.0037915246,0.00058129657
U47298100,0.007405511,0.059480954,0.007913442,0.04773366,0.026471617,0.005711678
mrna-NM_003344_56,0.024778984,0.026046384,0.017394142,0.0052342215,0.0031453124,0.014817352
mrna-NM_003340_24,0.009297471,0.053638685,0.033426024,0.007037316,0.0016411055,0.001775393
NM_00255982,0.038831864,0.022546003,0.043723725,0.01102728,0.04315785,0.008360172
XM_371822_127,0.04198276,0.0047520953,0.002999303,0.026082726,0.029734528,0.0040704324
U4729858,0.002838388,0.011949679,0.0071481843,0.006126238,0.00045599043,0.00097264134
XM_371822_13,0.044932965,0.008080245,0.007810951,0.0039235684,0.008980918,0.012261877
NM_00334243,0.003633354,0.0014876218,0.0036488893,-1.2607026e-05,0.0027669508,0.0014817745
mrna-BD135193_63,0.003431984,0.025080152,0.022482434,0.008680842,0.018849108,0.008581201
NM_00334846,0.07488885,0.0035327768,0.008057582,0.020845847,0.030937038,0.0009615317
U4729873,0.03457575,0.023405734,0.018787699,0.0064162905,0.0007403243,0.0044094464
XM_371822_7,0.052402012,0.015323225,6.91683e-05,0.0054409932,0.0027357829,0.020095747
NM_003345_26,0.054517668,0.016882382,0.0016400748,0.002250526,0.024779193,0.0020396977
mrna-BD135193_20,0.0029568889,0.0027050907,0.0030938212,-6.969318e-05,0.00080380787,0.0004134532
NM_014501_14,0.06593222,0.0012916265,0.02909273,0.020924855,0.001841012,0.003986971
NM_003347_9,0.0053507285,0.019226102,0.0005641503,-0.0001470564,0.0069578756,0.006255423
NM_00100148127,0.051026948,0.02843366,0.020384448,0.035643652,0.03968187,0.014310152
AH00149816,0.028150406,0.032849036,0.003176273,0.035808265,0.026555568,0.031615086
NM_00255969,0.006003158,0.04228692,0.04074929,0.0025830057,0.041473858,0.0032948686
NM_00255948,0.020044418,0.05538602,0.008839265,0.009139864,0.026041487,0.026290024
NM_0063574,0.0037945057,0.05258464,0.009136273,0.04554492,0.005464832,0.04560738
NM_004223_60,0.045217402,0.005914479,0.0377707,0.023678739,0.0080787055,0.04194865
NM_01417677,0.07478046,0.011169359,0.011026929,0.0025370787,0.0028578476,-0.000669316
NM_016406_19,0.010034806,0.004449224,0.0061782,0.007309971,0.008012344,0.0005608256
NM_00334847,0.05156591,0.030591277,0.0016357369,0.0020424884,0.0072932034,0.027628956
NM_003345_45,0.0136926975,0.0104789855,0.0038880478,0.0043918747,0.0044777323,0.0062026423
NM_003347_2,0.007720052,0.00710323,0.009261412,0.0011477028,0.0022061476,0.0038629205
NM_016406_35,0.0023545038,0.046859518,0.036528375,0.028470939,0.04103226,0.021526752
mrna-NM_003344_11,0.054291897,0.009408067,0.015156809,0.027130451,0.00486867,0.033272333
NM_016406_38,0.013221577,0.025289092,0.00013421639,0.025023516,0.003114249,0.016634617
NM_00334267,0.0028843777,0.02101024,0.019679248,0.0044141067,0.0028251226,0.01480845
XM_371822_37,0.023439385,0.023026627,0.021663439,0.020440286,0.019729288,0.0055890204
NM_01417675,0.0004885413,0.038195796,0.013454183,0.03493501,0.004529975,0.029403424
NM_00635729,0.005357451,0.046471633,0.030339463,0.028890712,0.019348495,0.031808473
NM_0141762,0.00971907,0.015090394,-0.00014446052,-0.00043801652,0.006669317,0.0048203887
NM_00100148165,0.0019066889,0.046709295,0.00061503926,-0.001004985,0.005265409,0.025493216
XM_371822_109,0.03425012,0.032647982,0.008480041,0.04432697,0.04226574,0.014910855
NM_003345_10,0.019952353,0.048299547,0.0008310759,0.00063415157,0.0058882236,0.030388435
NM_01602114,0.018734513,0.04321041,0.009509479,0.046319403,0.0035743755,0.04635513
NM_00545030,0.043886308,0.017204499,0.0033943607,0.06923061,0.005719517,0.009413124
U472968,0.04563207,-0.00032508725,0.045500472,0.0051721325,0.008370361,0.0426337
NM_004223_41,0.012871636,0.045249924,0.0073909517,0.046587165,0.014198949,0.047104996
NM_0063571,0.030427238,0.016344927,0.005311327,0.007165751,0.015976956,0.0003263953
NM_00255910,0.030992042,0.0006881245,0.017085044,0.025408972,0.026558693,0.0056153405
mrna-NM_003337_69,0.005038244,0.016948823,0.01651817,0.01432515,0.009027607,0.008809397
XM_371822_89,0.021533815,0.010370088,0.00958612,0.020518873,0.0057724114,0.017919483
NM_0070198,0.0455358,0.034227412,0.0014175021,0.0003670924,0.0048117624,0.003687176
NM_00701949,0.008365742,0.06372466,0.03165941,0.00031541003,0.024289882,0.012530831
XM_371822_63,0.0014230822,0.026834155,0.008523135,0.008636758,0.0035179222,0.0070166676
NM_01602137,0.0041662166,0.02185065,0.01459668,0.011970273,0.021774666,0.007461541
mrna-BD135193_34,0.018868508,0.039044447,0.025703425,0.016912963,0.021486806,0.021041479
mrna-NM_003337_35,0.031007968,0.00481567,0.014804107,0.027387219,0.002115609,0.028537463
NM_00701919,0.057496347,0.033514094,0.003395924,0.053238425,0.0006569201,0.0021530425
NM_00635731,0.040515073,0.03997249,0.032687034,0.016380351,0.0058511076,0.030781152
NM_01417630,0.04448583,0.032562308,0.029808404,0.02353366,0.004255247,0.049000792
U4729829,0.0016094,0.0015176826,0.001326511,0.00112733,0.0011932963,0.0002694218
XM_371822_55,0.06647788,0.02238939,0.05629676,0.0013710673,0.04071533,0.013686438
NM_003345_6,0.064495966,0.008567096,0.0012948962,-0.000146738,0.020760676,0.031361725
XM_371822_104,0.044431068,0.012478188,0.0380063,0.045596376,0.013617965,0.00086454954
mrna-BD135193_65,0.021941751,0.016592117,0.02099357,0.01856878,0.0063003674,0.023768475
U472967,0.026608966,0.04546272,0.011284983,0.0013064324,0.0039404104,-0.0020921528
NM_00334869,0.03277453,0.09093201,-0.0040620277,-0.0042687827,-0.012921136,-0.012322251
NM_00545057,0.048327573,0.02372623,0.033471934,0.042674962,0.0073716673,0.011219888
NM_00701927,0.021176692,0.04116554,0.034471672,0.02063675,0.0051615117,0.036297016
NM_00255943,0.06171786,0.011160497,0.036436364,0.02856224,0.023289945,0.0257369
NM_00701945,0.033054132,0.005532482,0.006714185,-4.4271426e-05,0.017553486,0.009187036
mrna-NM_003344_42,0.0011797396,0.0002870232,0.0001417837,0.00019986024,6.3365437e-06,7.9711426e-05
NM_00701933,0.061752476,0.034529354,0.004448365,0.027632037,0.0005114742,0.04046521
XM_371822_79,0.002973013,0.050821383,-0.0012965945,0.0032866101,0.019550053,0.010217539
NM_016406_12,0.0014427102,0.018075341,0.009329003,0.0151830735,0.0071785063,0.012269066
U4729815,0.024482166,0.026173031,0.03059014,0.014277535,0.01565885,0.018517626
NM_00635739,0.035740115,0.030815858,0.014279036,0.040579308,0.030320909,0.024505146
NM_01602134,0.016474372,0.034398317,-0.00053959497,0.000119226235,0.0063671037,0.004712459
NM_014501_61,0.045398172,0.03942064,0.0066122473,0.0018805403,0.0051280693,0.010930455
NM_00635720,0.005670933,0.049453747,0.043244615,0.005887331,0.015865946,0.038314786
AH00149839,0.014507566,0.0367614,0.016011769,0.029490175,0.0021618756,0.002033156
NM_01417618,0.029176679,0.027872039,0.003833986,0.031329807,0.014464236,0.023405649
NM_01417616,0.018247955,0.052654203,-0.0027111925,-0.00010406921,0.011715283,-0.005080653
NM_003347_46,0.0033727789,0.012393985,0.00565764,0.0127751,0.010375539,0.0072964514
NM_01417628,0.003192156,0.00035777967,0.00062195846,0.00034713247,-0.00016561727,0.0007078539
NM_00334220,0.00012537929,0.0001586131,0.00016638362,9.975535e-05,-1.7194484e-11,4.6309154e-12
NM_0063572,0.0015459631,0.0009944381,0.00088248524,0.0008946528,0.0003628736,-9.178032e-05
mrna-NM_003340_2,0.015988886,0.015599181,0.02040207,0.0077658473,0.017969383,0.008968715
NM_00100148137,-0.00010258435,0.0034243877,0.002949918,0.0023271414,0.0012444856,0.0016087127
mrna-NM_003344_34,0.014484975,0.006676546,0.013882114,0.011239093,0.005758198,0.009569822
NM_00545018,0.007882892,0.071623296,0.00019293698,0.0009240713,0.005454716,0.023038415
NM_00100148152,0.01361117,0.007818355,0.00296396,0.012556107,0.0055257217,0.0021949399
NM_014501_44,0.008722613,0.04726434,0.0037597532,-0.0009495998,0.0055145817,0.004515739
mrna-NM_003340_28,0.024419447,0.03821694,0.031371914,0.03269642,0.034704242,0.028085899
NM_015213_73,0.04551567,0.01973317,0.01698461,0.025179612,0.03631217,0.007046731
NM_00334856,0.021113299,0.06801507,-0.002932854,-0.0016868513,0.013059552,0.041784685
mrna-BD135193_1,0.0016934652,0.007402143,0.003282605,0.007533119,-0.00019338728,0.00043293668
mrna-BD135193_66,0.020253966,0.008475098,0.0051927906,0.024870493,0.008857098,0.015992036
mrna-NM_003344_63,0.0691781,0.01939631,0.0050897347,0.039768744,0.003780534,0.0018678067
NM_00255951,0.016064147,0.06338228,0.007937493,0.052264545,0.036497977,0.018107912
NM_01602110,0.023822196,0.024849318,0.020817399,0.013765474,0.0048425314,-3.5737627e-05
mrna-NM_003337_46,0.012664701,0.047499474,0.009677407,0.038608752,0.041481163,0.007233644
NM_003347_52,0.01790624,0.034643896,0.030583445,0.003889737,0.006615239,0.034397744
XM_371822_22,0.027506756,0.07396007,6.798928e-05,0.0017586609,0.0019723435,0.003917094
mrna-BD135193_46,0.0020974718,0.0018353766,0.0010179658,0.0009917698,2.496121e-05,1.4474539e-05
XM_371822_46,0.061037425,0.021101581,0.0061912015,0.006973082,0.035090372,0.01355283
NM_00100148167,0.003243673,0.0075292815,0.0019381494,0.007693554,0.006564233,0.004516159
XM_371822_61,0.028918164,0.0407338,0.004889165,0.0014727288,0.013899825,0.013368378
NM_016406_41,0.0074351565,0.0016971079,0.0007554883,0.003771745,0.0010748903,0.001197145
NM_0010014816,0.0027310043,0.00087881734,0.0014356638,0.0011625644,0.00010012066,0.00036150572
NM_016406_20,0.043854177,0.016645456,0.045540817,0.010961518,0.041313827,0.021819646
NM_00334237,5.892593e-06,5.11612e-05,1.13040405e-05,2.3129209e-05,-7.0193574e-13,5.360413e-12
mrna-NM_004359_34,0.026346961,0.024437936,0.0049496028,0.033370785,0.031008719,0.008393367
U472965,0.011443076,0.014386703,0.007471208,0.014891904,0.010975916,0.008465667
NM_015213_100,0.034004655,0.015185013,0.005568841,-0.0022793873,0.012324479,0.012233551
U4729846,0.059043452,0.009271007,0.01018087,0.0031307635,0.0369151,0.013949347
NM_015213_99,0.034715477,0.0077214753,0.030803468,0.017255899,0.00011881498,0.000149196
NM_00701911,0.03232299,0.03452676,0.021687832,0.041340478,0.033035174,0.032712474
NM_00204614,0.009451472,0.07825128,0.003607755,-0.0006394729,-0.002166034,-0.011394587
NM_00545069,0.06247129,0.020435046,0.0015660927,0.046097543,0.0034502528,0.00075499737
NM_004223_44,0.044426415,0.010353814,0.035805505,0.028062688,0.00083434023,0.043265406
NM_015213_37,0.019913046,0.02016408,0.008166357,0.0111028915,0.005680931,0.006130024
NM_00545016,0.008820051,0.03400173,0.018110061,0.030228632,0.023473494,0.02367013
mrna-BD135193_5,0.021647193,0.030595055,0.041709244,0.0033249455,0.017344628,0.00814003
NM_004223_9,0.022389704,0.046946738,0.03385702,0.0120909,0.01987121,0.034498047
NM_0063575,0.046707116,0.020355843,-0.0006876911,0.00044321368,0.0007305063,0.0007998444
NM_00334874,0.031191278,0.0044240495,0.014636287,0.0036685085,0.0018541592,0.0019396883
NM_003347_37,9.245994e-05,0.00033633603,0.0003451115,0.00029719213,4.1906387e-05,9.439275e-05
NM_015213_121,0.025353638,0.028095257,0.011436785,0.009082276,0.024027696,0.0018892952
XM_371822_44,0.0031312418,0.068668164,0.014741809,0.0370226,0.042017978,0.0020283281
NM_015213_82,0.08159874,-0.0014679102,7.7525525e-05,0.008338756,0.024832256,-0.0019779617
NM_00334232,0.01395641,0.038167033,0.024517287,0.0051836255,0.0010793842,0.003552519
NM_014501_5,0.026222112,0.022314323,0.0007468641,0.00025380377,0.003251926,0.009275812
NM_004223_18,0.061690606,0.03346913,-0.0031579996,-0.0008290284,0.037851274,0.021185568
NM_01602149,0.03708263,0.019146584,0.010117894,0.029971505,0.029937612,0.013096223
NM_016406_57,0.004037771,0.060038127,0.0045047747,-0.00082710694,0.025282769,0.01862224
U4729860,0.005254484,0.0061045894,0.00032000858,0.00049982907,0.0037275916,0.0006281909
NM_0160212,0.012487269,0.04582681,0.036059435,0.041635197,0.029386608,0.021454748
NM_003345_5,0.017773787,0.0006887056,0.010688565,0.008387341,0.008967118,0.0027043554
NM_015213_63,0.043628916,0.020776413,0.0007204824,-0.0012067177,-0.00020653172,0.02766048
mrna-NM_003340_51,0.041149028,0.014151447,0.014840509,0.03634687,0.036550783,0.011200251
NM_00334277,0.034067985,0.023776243,0.01706286,0.034671713,0.036333386,0.0022748804
NM_00334871,0.008154311,0.04729964,0.031096827,0.030921316,0.03600149,0.018667262
NM_004223_58,0.05339406,0.0022463207,0.012020989,0.042438023,0.012049142,0.042020444
NM_0063579,0.04338563,0.0049073985,0.03995971,0.0010036678,0.025744295,0.032597654
XM_371822_138,0.0022463019,0.021547863,-0.00011227574,-0.00016642339,0.0049566207,0.00080041186
NM_01417624,0.017393429,0.0054056933,0.01356609,0.010489775,0.0097801685,0.010354008
NM_00635768,0.02798583,0.014875533,0.005719947,0.01181761,0.0057115536,0.018464236
NM_00100148139,0.041738227,0.031404864,-0.00055943994,0.0026561017,0.008408236,-0.006731063
XM_371822_94,0.027878422,0.057118315,0.04013555,0.01388891,0.02746165,0.035906453
NM_003345_51,0.017366258,0.04058875,0.003929189,0.05349249,0.0014390209,0.035947952
NM_004223_52,0.04781103,0.046956766,0.026587073,0.049361307,0.0003347801,0.0013949216
NM_015213_77,0.036677375,0.051046144,0.0043596746,0.006233878,0.04083866,0.0062041
mrna-NM_003344_14,0.019235851,0.051357064,0.006335695,0.010089885,0.023533199,0.00038617247
mrna-BD135193_51,0.05781885,0.0101430835,0.048865497,0.007939926,0.008355338,0.031673595
NM_00334811,0.031997908,0.031676598,0.04491302,0.0036474979,0.03404133,0.028819723
NM_004223_7,0.021245297,0.014671186,0.009595206,0.01596089,0.009145666,0.007787886
U4729841,0.06033737,0.006376849,0.024076609,0.0032265517,0.03341968,0.032253224
NM_014501_41,0.008431739,0.02944073,0.028744383,0.007807033,0.009934028,0.0045346096
mrna-NM_003337_68,0.028607449,0.0017093823,0.009366927,0.0032662519,0.016670106,0.001169636
NM_00334233,0.009785692,0.0024117222,0.009753947,0.0006009649,0.007850335,0.003946041
NM_015213_15,0.02529941,0.02959319,-0.0011943073,0.041581556,0.0052018296,0.023037594
NM_01417625,0.010011163,0.046292033,0.0030210812,0.0016857651,0.008318053,0.024365537
NM_0070194,0.022736942,0.0077158823,0.0025934796,0.020230714,0.022247693,0.0018749919
NM_014501_63,0.04725394,0.0014542522,0.046842508,0.004983699,0.03185146,0.034589704
mrna-BD135193_59,0.020440785,0.022822449,0.006361193,0.034161504,0.009151304,0.018221257
NM_016406_50,0.040492084,0.019771457,0.0154548595,0.042052317,0.018644545,0.040345456
mrna-NM_004359_26,0.011615782,0.045238428,0.034599163,0.03990112,0.03797599,0.004074467
NM_003345_52,0.016415844,0.020006234,0.021023523,0.020384733,0.010480291,0.017707426
mrna-BD135193_14,0.008194162,0.019124677,0.0032707353,0.018844122,0.015681466,0.0020635491
NM_00204615,0.031927057,0.048234485,0.006288315,0.032647904,0.046975903,0.0006899716
NM_016406_17,0.020132529,0.042605367,0.019159388,0.027266834,0.0015452921,-0.0020154237
NM_00701924,0.020473728,0.037188437,0.03780686,0.018647393,0.004250272,0.034774445
NM_0160218,0.03778016,0.0053544673,0.03707887,0.003312778,0.0013489983,0.03357263
NM_00334842,0.072591566,0.005971657,-0.0007603157,0.0027434896,-0.004454664,0.0013711809
mrna-NM_004359_22,0.0074639847,0.0037376203,0.007044854,0.002014459,-0.00011088226,3.325011e-05
NM_00204616,0.004467242,0.04040282,0.010744792,0.0075487844,0.02036315,0.012416056
mrna-BD135193_8,0.0015549639,0.005493356,0.0004189839,0.00341849,0.0011017775,0.0028254215
NM_014501_59,0.035363402,0.039157327,0.022043854,0.05654424,0.027248451,0.023757722
NM_015213_31,0.04637461,0.0069845705,0.044551868,0.014389687,0.041210297,0.020428335
NM_00635727,0.04858582,0.03246657,0.0009711624,0.0009175052,0.040335108,0.0023244827
mrna-BD135193_16,0.0030727086,0.04248798,0.028494924,0.021812288,0.035597663,0.016709248
mrna-NM_003344_35,0.0033983174,0.028850617,0.010077957,0.01875897,-0.0010655691,0.012082458
mrna-NM_004359_52,0.043610726,0.0039425674,0.023700776,-0.00087975984,0.024736771,0.01608884
mrna-NM_003344_47,0.017372942,0.031234583,0.00934584,0.021821262,0.012887855,0.014281026
XM_371822_128,0.05327654,0.012970404,0.0022810614,0.0025075923,0.028656865,0.0057154237
XM_371822_84,0.012881298,0.0157085,0.009272286,0.0145759685,0.010108079,0.006715868
X759321,0.02651545,0.017115157,0.021882331,0.020406017,0.025131552,0.011162134
NM_00334834,0.001040533,0.0007337745,0.0007511539,0.00019301618,9.978664e-05,-5.541062e-06
XM_371822_67,0.020864284,0.040057253,0.026706912,0.030907398,0.033478282,0.003579746
U4729837,0.025220882,0.0063198637,0.023831734,0.0041624825,0.0017869535,0.021155398
J30312_22,0.030598843,0.03010902,0.017998217,0.034328543,0.01692614,0.016007433
U472984,0.009010756,0.0033112196,0.0073370086,0.00094546744,0.002520146,0.0037794735
XM_371822_114,0.012538862,0.0029310368,0.003334956,0.0014303296,0.0004510026,0.0006015284
NM_003347_13,0.00298999,0.03247413,0.00064356823,0.03488542,0.0041021956,-0.0009380339
NM_015213_118,0.037751116,0.025596036,0.024926322,0.029624462,0.0021917922,0.00087158283
mrna-BD135193_64,0.0068865176,0.015652701,0.014037096,0.006390665,-0.00029239475,0.009337036
mrna-NM_004359_51,0.051242746,0.04498365,0.0016643773,0.033511065,-0.0013061451,0.002076682
NM_00701961,0.067533776,0.0007201033,0.021187084,0.0011773042,0.009080371,0.046105064
NM_0010014817,0.049286596,0.00037458134,0.04781071,0.0049510687,0.009698453,0.044947255
U47298114,0.024302315,0.040359896,0.034470893,0.028133772,0.04555835,0.005757663
XM_371822_145,0.025235198,0.051399447,0.014236932,0.026170397,0.023688799,0.027358443
NM_01417676,0.0315516,0.011864315,0.020466125,0.011300236,0.021454236,0.011434668
NM_00334848,0.016476398,0.04306148,0.0057205064,0.020716827,0.026064506,0.025501097
NM_00100148115,0.0016089171,0.0025232786,0.0016545375,0.0006907701,0.00010026216,0.00022334764
mrna-NM_004359_41,0.017459216,0.06309694,0.003831692,0.004082077,0.04428971,0.0065347166
NM_00334222,0.001443852,0.001637916,0.0001859198,0.0017608801,0.0001052062,0.0010335702
NM_00255935,0.045888357,0.0054711713,0.04064465,0.023232443,0.04339175,0.006397027
J30312_29,0.041248046,0.034132764,0.0065818126,0.031740624,0.015865711,0.040682387
NM_016406_2,0.03900094,0.019500341,0.042340312,0.0030036592,0.036268465,0.02268989
NM_00545032,0.05468911,0.001619035,0.015967766,0.0033501734,0.007905762,0.003537033
NM_00255988,0.0008260641,0.001136973,4.4949174e-05,0.00082808937,0.00055526826,0.0001983751
NM_016406_27,0.047972217,0.03222633,0.0028547754,0.0077960696,0.02863425,0.02394301
mrna-NM_003340_48,0.0047233035,0.019003952,0.01852029,0.0010058677,0.018176455,0.0017759275
NM_015213_30,-0.00016312608,0.007549864,0.0054553687,0.0012342941,0.00079658575,0.0032691162
mrna-BD135193_42,0.006851294,0.019100111,0.014530555,0.008214889,0.0059199007,0.005813433
NM_00100148142,0.023573065,0.012876427,0.0112773115,0.023362515,0.0048087533,0.025119456
NM_00545026,0.0058256886,0.06592098,0.039469127,0.020464933,-0.0021952123,-0.00080762216
NM_00334273,0.001065517,0.006427531,0.005389248,0.0024546264,0.00065191195,0.0053691952
NM_0025592,0.03150745,0.049499393,0.00090955704,0.028772088,0.012963749,0.04498319
NM_016406_46,0.037126876,0.039130844,0.029019926,0.018358774,0.001528385,0.040295556
NM_014501_46,0.02237836,0.024724798,0.033698317,0.008937425,0.02766388,0.015549392
NM_0141761,0.025678078,0.021469137,0.03178752,0.00976559,0.018306006,0.023364626
NM_00334823,0.01886194,0.037531015,0.01216518,0.035602495,0.03650846,0.0025023527
NM_00701957,0.038636465,0.040109113,0.0014565103,0.0015082074,0.00036883712,0.020147655
mrna-BD135193_26,0.049347706,0.029014291,0.022152895,0.018007988,0.030738091,0.024372194
mrna-NM_003344_3,0.0016051957,0.006791341,-0.00018591053,0.00029219963,0.0030159552,0.00153981
U4729895,0.030857865,0.05585216,0.007772145,0.0071669742,0.0027461185,0.008250034
NM_00204613,0.0019061154,0.0078812195,0.00029221436,0.0039017336,0.00080725155,0.00082877284
NM_016406_61,0.0077653006,0.009170652,0.011856649,0.0010140912,0.007452799,0.008797571
NM_003345_1,0.015453726,0.027687682,0.022681085,0.018670686,0.027354332,0.0016798327
NM_00701932,0.016752683,0.024095645,0.0054514757,0.023589583,0.014157387,0.01188745
J30312_6,0.0006589323,0.04721058,0.0044692,0.046662405,0.046630558,0.010095506
NM_0025596,0.0020842585,0.061019063,0.046065748,0.021090886,0.020330748,0.015529176
mrna-NM_003344_70,0.038651064,0.039711278,-0.00342071,-0.0041090464,0.0026900514,0.004172717
NM_016406_24,0.03364988,0.032504667,0.027869277,0.037434407,0.011464481,0.045044355
U4729878,0.00043423747,0.0043401117,0.0028685785,0.0028746629,0.0021396838,0.0017392662
NM_0070193,0.011125864,0.043757908,0.03366248,0.0053321742,0.009026098,0.028848687
NM_003347_39,0.0039339657,0.0010091083,0.00052273565,0.0015105632,0.0009493267,0.00034754106
NM_015213_57,0.03707523,0.013124931,0.035984036,0.00515723,0.026060445,0.023389688
mrna-NM_003337_4,0.0103775505,0.004897912,-0.0005421268,-0.0004902465,0.0011487729,0.0002251193
mrna-NM_004359_35,-4.1699448e-05,0.00062774064,9.068395e-05,1.7239616e-05,4.898998e-13,5.4659528e-12
NM_00255930,0.005366729,0.076852866,0.005364756,0.008821537,-0.00029948456,0.0016713175
NM_00100148122,0.00530422,0.002837713,0.0028907796,0.0029044345,0.0008071539,0.004400072
NM_00255922,0.022050334,0.029306138,0.0034786602,0.028427664,0.00879502,-0.0045313993
U472963,0.026890725,0.018747145,0.023350837,0.004482721,-0.0009625784,-0.0024324518
NM_014501_60,0.020162787,0.03265553,0.03563991,0.012767572,0.012894099,0.010469334
NM_00545033,0.02080438,0.03526752,0.03258519,0.02399385,0.011741667,0.03666995
NM_00334265,0.0045346017,0.00058663834,0.0021741954,0.002303346,0.0026969973,5.5443248e-05
NM_00635765,0.0060965717,0.012690405,0.010333044,0.015698904,0.00093504053,0.0056203804
U47298111,0.00024892145,0.044584453,0.03776183,0.008127184,0.04983636,0.010978248
mrna-NM_003344_44,0.005463236,0.09362473,0.038927685,0.00679033,0.016231524,0.00486456
AH00149823,0.042264912,0.020655867,0.01177566,0.045511235,0.014306583,0.04475964
NM_00334223,0.04641763,0.018985178,0.013429036,0.026262846,0.03745551,0.014430363
U4729866,0.0031760756,0.007690402,0.006045558,0.0008232712,0.002232824,-0.00012143476
mrna-NM_003340_20,0.044408903,0.0026208588,0.012921831,0.032440405,0.023718523,0.024150176
NM_00701912,0.01809541,0.029945292,-0.00013439903,-0.00026748175,0.0056576533,0.015204697
NM_00635749,0.036385946,0.030582879,0.029505067,0.031643152,0.01623096,0.03563229
NM_00100148129,0.014338412,0.008283058,0.011416453,0.005091093,0.002802992,0.0054849824
mrna-NM_003337_23,0.020559125,0.042044837,0.0051384545,0.046482794,0.020115893,0.03352486
NM_00100148163,0.0072327903,0.019093724,0.022270223,0.0037291178,0.0079471655,0.01987072
NM_01417638,0.032619637,0.048104618,0.01144281,0.015612231,0.029108329,0.021834
NM_015213_22,0.029118871,0.03078677,0.008985176,0.040734813,0.037296344,0.0065495786
XM_371822_92,0.007992513,0.06099527,-0.001711669,-0.00062679907,0.029161487,-8.030604e-05
NM_016406_67,0.0045808335,0.012873744,0.0038669135,0.011685098,0.011780331,0.0063590473
NM_014501_27,0.036836114,0.019135628,0.00348869,0.038317967,0.0010618522,0.019261714
NM_014501_26,0.008887838,0.03196311,0.0066934647,0.020261822,0.0012627483,-0.00037894712
NM_00255958,0.020806175,0.034569718,0.002122271,0.00086182606,0.0013148974,-0.0006027933
NM_00334258,0.001511699,0.008485662,0.00072165387,0.0010967623,0.0028779826,0.0029895462
NM_00255955,0.060359422,0.012082087,-0.0033322438,-0.0018006008,0.004361016,0.017524444
NM_00100148145,0.012307475,0.005832344,0.00067692314,0.0018736727,0.0038611172,0.0027175087
NM_003345_41,0.020056259,0.009887087,0.016672995,0.0017751008,0.017249128,0.0047874525
NM_00635732,0.0174839,0.007514901,0.0067722904,0.008805168,0.00036860805,0.0066267797
NM_003347_10,0.0057363734,0.007349929,0.002363242,0.00082718773,-2.2724123e-06,0.00071793486
NM_0141768,0.008478964,0.026366126,0.018299319,0.003383345,0.0035151509,0.011955032
mrna-NM_004359_10,0.035117414,0.0070082787,0.032029692,0.007267189,0.034040365,0.0052656736
NM_00255929,0.0036013376,0.057544556,0.004986006,0.035340212,0.018253686,0.017814666
U47298113,0.0018182751,0.031973314,0.021584284,0.0076627564,0.0068007265,0.021437401
NM_00100148132,0.035274934,0.0050340993,0.012975494,0.029166711,0.030015368,0.0007606997
J30312_30,0.00041066713,0.0023663945,0.0023577178,0.00023984419,0.0006381616,0.0018333532
NM_00701937,0.004792289,0.03803386,0.003945602,0.025681496,0.0028236725,0.021870397
NM_00100148128,0.005361362,0.014741998,0.012260899,0.0039688745,0.0038714162,0.0044980305
NM_00100148126,0.008284153,0.0020267002,0.0012547821,0.007745069,0.00267007,0.002747044
NM_00255917,0.013840525,0.057009332,0.028391901,0.004549434,0.034320034,0.031805303
XM_371822_36,0.00039975456,0.047148928,0.02335568,0.03876406,0.018506723,0.03100568
NM_01417615,0.009677991,0.008056085,0.01227324,0.0070699346,0.0016609136,-1.1333334e-05
NM_00334854,0.019938855,0.051953137,-0.00011883663,0.03593755,0.027617369,0.005794478
mrna-NM_003344_4,0.007783347,0.022373173,0.011594391,0.024936408,0.010121027,0.010211604
X759328,0.037709747,0.053329747,0.009239036,0.006088556,0.019618057,0.019304894
NM_00255985,0.028557722,0.030982438,0.027533147,0.03584395,0.044623982,0.005609243
NM_014501_13,0.004005577,0.016545013,0.011334691,0.006931253,0.0039394256,0.0039255125
NM_00255919,0.05691396,0.023948401,0.012361819,0.0057954956,0.016939968,0.03904853
mrna-NM_004359_17,0.03904013,0.025160803,0.019730812,0.034152422,0.008706679,0.03089815
NM_015213_113,0.05880692,0.021519534,0.004862613,0.0413598,0.025028093,0.0075284163
XM_371822_74,0.006635763,0.027111318,0.025761755,0.009501203,0.0015122097,0.00097641296
NM_00100148154,0.05838213,0.0022997074,0.02229603,0.0046443394,0.037321843,0.023913166
mrna-NM_004359_39,0.003406903,0.0071404236,0.0008600764,0.0069994093,0.000109821536,0.00012364321
NM_00100148173,0.0059364117,0.006189972,0.001464281,0.007680859,0.0026495575,0.0023888648
NM_00100148124,0.028166449,0.043891534,0.00072501827,-0.003496391,0.011545866,0.0030015635
NM_0010014811,0.0040651965,0.020216603,0.012655419,0.012525453,0.012573494,0.0052594854
mrna-BD135193_54,0.03200472,0.048152268,0.02067513,0.018440122,0.012134013,0.03760998
NM_00635755,0.009217409,0.009096993,0.009031364,0.0033809727,0.0015923359,-0.0005864002
NM_00255911,0.0154824555,0.047582146,0.0060756104,-0.0017820448,0.0020384218,0.014811654
NM_01417649,0.013613954,0.01602718,0.009202257,0.022076527,0.0045752544,0.0046673347
NM_0010014814,0.00032188345,0.025860224,0.024945967,0.0012871849,0.02415775,0.005540109
NM_015213_18,0.014932264,0.010959428,0.019866245,0.0007029998,0.0051598824,0.0106677
NM_00334228,0.0075071673,0.003629929,0.006882796,0.0011969976,0.0010970038,0.001914447
NM_016406_51,0.0029713789,0.010648052,0.0094649205,0.0018508476,0.004526616,0.006444365
mrna-NM_003340_21,0.03646512,0.0046361396,0.024019739,0.010128533,0.026500385,0.012749157
NM_00255979,0.008413023,0.010498722,0.0018844919,0.0031791443,0.0015948329,0.00084049895
NM_003347_28,0.034061916,0.012976134,0.0041299253,0.008457544,0.015465946,0.0010949839
NM_004223_71,0.04707319,0.039995383,0.04037481,0.026943173,0.043312483,0.00073459244
NM_016406_43,0.0034137398,0.008612688,0.0073320973,0.003669985,0.006070905,0.0022289199
mrna-NM_003337_43,0.00025355184,0.00034245162,0.00015378844,0.00018391413,3.1477248e-05,3.3647164e-05
NM_00100148176,0.019215489,0.009547689,0.016475389,0.0068521583,5.662269e-05,0.012910629
NM_00334219,0.0009225468,0.001741965,0.00035593784,0.0008266538,-0.00018539825,-0.00027164334
NM_016406_34,0.002129177,0.00063069875,0.0002190163,0.00014555626,-7.721104e-05,-2.2020213e-05
mrna-NM_004359_21,0.008263738,0.0038673521,0.0043477328,0.005465278,0.00015820212,0.0016885635
NM_003347_34,0.006344619,0.004718288,0.00344895,0.0037081686,0.0006688954,0.0034826368
XM_371822_100,0.02730943,0.015887957,0.03601234,-0.0017193486,0.017649379,0.008228789
mrna-NM_004359_54,0.055119224,0.010262456,0.0052296417,0.032827325,-0.0010905206,-0.0012832483
NM_004223_12,0.004622288,0.03716136,-7.025656e-05,0.0032056086,0.0028755527,0.015052882
U4729822,0.003416476,0.0033462916,0.0028697206,0.0020382907,0.001033613,0.0025601324
NM_003345_24,0.028714286,0.0067119375,0.021993248,0.006000428,0.0175829,0.011193663
XM_371822_50,0.04932042,0.012030085,0.010555366,0.029165734,0.039415777,0.0032666558
U4729828,0.0005502083,0.013350022,0.011002058,0.006780386,2.022541e-05,2.9512232e-05
mrna-NM_003337_71,0.008327556,0.0022383884,0.0005332024,0.002736005,0.0020129702,0.0048846183
NM_01417668,0.033657406,0.050932903,0.012744064,0.021931652,0.016675446,0.040040378
NM_014501_74,0.035276968,0.038809303,0.04393953,0.008527613,0.027444895,0.0068778256
NM_00334226,0.035262927,0.005547414,0.007835598,0.020250749,0.0055022584,0.010604312
mrna-NM_003340_8,0.036723316,0.050594203,0.031365417,0.03424206,0.04168376,0.030226039
NM_01417656,0.01159178,0.026293522,0.02540053,0.0035699452,0.02260715,0.00028807155
NM_015213_20,0.03562465,0.005905012,0.026994292,0.02190939,0.0017253979,0.028515365
NM_00635716,0.040577963,0.020697402,0.02350132,0.042395424,0.040992416,0.013016938
mrna-NM_004359_25,0.02725753,0.047121026,0.011215949,0.03733525,0.024514027,0.025704017
NM_016406_60,0.03121414,0.031582203,0.028291987,0.008606183,0.0047336444,0.030296775
NM_014501_56,0.043714985,0.0079295505,2.7807937e-05,0.0017639699,0.016829824,0.008147488
mrna-NM_004359_4,0.00074010325,0.0001676308,-1.0624867e-12,-1.3668064e-11,-1.8605756e-11,-1.595749e-12
NM_00334271,0.003907007,0.0005686818,0.0030491643,0.0019950855,0.0005145195,0.0030912238
XM_371822_142,0.054760825,0.009676043,0.006050416,0.0053234263,0.01725809,0.01790286
NM_00545010,0.033187892,0.0062653203,0.0012875632,0.0015715581,0.0050277454,0.00812946
NM_00334816,0.051099066,0.013073233,0.0023241602,0.024100943,0.024456292,0.033169422
U4729894,0.06125345,0.0009786721,0.0451099,0.02137538,0.016527463,0.046167683
NM_004223_2,0.03265944,0.032027163,0.015815161,0.042891223,0.01028581,0.042023063
NM_015213_44,0.007995412,0.0044962373,0.00648333,0.001376843,0.0026744509,0.0042198654
NM_00545054,0.020463029,0.05551035,0.0019851318,0.0324936,0.009909386,0.02371974
NM_015213_94,0.025995571,-0.0026584864,-0.00036679412,-0.00018321381,0.0053294883,0.007799669
XM_371822_83,0.04769262,0.011943698,0.027770884,0.017221296,0.005517404,-0.007976129
AH00149822,0.05495523,0.040030397,0.021438438,0.036526375,-0.005429734,-0.006284043
NM_004223_57,0.04303267,0.016666245,0.003097521,0.010980624,0.011410926,0.01879426
mrna-NM_003340_67,0.03743548,0.024529863,0.033924576,0.048780713,0.005291541,0.03657323
NM_00701942,0.021974344,0.057728373,0.018717855,0.011019101,0.028860979,0.02467556
NM_015213_64,0.0020378323,0.008433012,0.0024199907,0.0009829582,0.0043978523,0.0008518454
NM_00100148151,0.002400461,0.0022803012,0.0034374609,0.0010345076,0.0014881802,0.0012875719
XM_371822_40,0.007325068,0.046364374,-0.00017154,-0.0037962655,0.0029200306,0.009673396
NM_01602112,0.017749809,0.042542886,0.0056238812,0.044262666,0.044459183,0.010868479
J30312_36,0.02502349,0.0401362,0.033306826,0.044425692,0.028879458,0.023094624
XM_371822_15,0.017714828,0.040926736,0.04610521,0.023300575,0.050672542,0.024285812
mrna-NM_003340_50,0.0053196,0.022257715,0.019368941,0.01565127,0.019494712,0.0030552398
NM_00635730,0.0034987654,0.036217924,0.015079436,0.018294778,0.005149865,0.003584291
U472962,0.044942904,0.006063373,0.05551362,0.026017427,0.0136365285,0.0060644983
U472985,0.0060710483,0.056706123,0.02804539,0.03452368,0.02767864,0.0057488186
NM_0020461,0.046582296,0.0006771374,0.047678176,0.003944672,0.01048474,0.04099874
XM_371822_77,0.023243418,0.0447358,0.0040137754,0.040066764,0.019599782,0.041350815
mrna-NM_003340_60,0.002238639,0.063729115,1.4797266e-05,0.000377456,0.0027817748,0.04489689
NM_00100148149,0.01744643,0.018437408,0.0246019,0.008057267,0.018598158,0.017017836
mrna-NM_003337_9,0.010366217,0.04120991,0.016324557,0.021270845,0.00012697607,0.00036661833
mrna-NM_003344_32,0.0060107056,0.009273749,0.0004117897,0.00091276306,0.002316058,0.0028110151
NM_004223_46,0.016588902,0.05092219,0.007990608,0.005921652,0.011598428,0.007783794
NM_015213_41,0.021591242,0.05219165,0.00812585,0.00645949,0.021587666,0.008174513
NM_00255963,0.020907799,0.013143053,0.0155871725,0.011029279,0.01028187,0.010762244
mrna-BD135193_61,0.00490326,0.021535967,0.008470259,0.0010739658,0.009001509,0.007168161
NM_00204611,0.035862517,0.029793415,0.000590837,-0.001218042,-0.0048946803,0.00028596297
NM_00635723,0.05229422,0.0003811725,0.037439898,0.025323052,0.017256211,0.041855574
NM_016406_63,0.055777285,0.028048098,-0.002842504,-0.0010521804,0.028281821,0.005417923
U4729888,0.054197147,0.029395763,0.047130764,0.0048703724,0.019273002,0.027406143
XM_371822_31,0.008670732,0.040438462,0.029144285,0.030019004,0.029802466,0.026162993
NM_00334841,0.021054806,0.054060142,0.02801531,0.035914112,0.028964566,0.0046662805
NM_004223_42,0.020649526,0.01828535,0.0038454616,0.0056229797,0.015486238,0.005674699
mrna-NM_004359_31,0.028259017,0.024324523,0.0066188658,0.025121534,0.0013233798,0.0046591987
NM_015213_97,0.010067268,0.02952532,0.024468865,0.01610686,0.0051149433,0.025864055
NM_016406_30,0.007259393,0.0072275754,0.009362188,0.0013634864,0.0064478046,0.0019492279
J30312_20,0.06881567,0.002578911,0.006348132,0.030386664,-0.0140258735,0.008981247
NM_004223_66,0.041147545,0.014689481,0.009876306,0.0058411155,0.019415358,0.009222272
NM_015213_42,0.034056757,0.009114506,-0.0004989884,-0.0014081716,0.0116817895,0.0024413452
NM_01417631,0.0033506043,0.03837125,0.011666527,0.015926396,0.028482791,0.0043609207
mrna-NM_003340_81,0.06176984,0.018548805,0.0013544778,0.003270707,0.019714627,0.045367263
NM_00334837,0.032178205,0.044639125,0.032149293,0.02112279,0.01058341,0.045458946
NM_0033423,0.0006241055,0.0009807852,0.00024840955,0.0003839074,4.499848e-05,0.00028248012
NM_00701960,0.018939579,0.038458567,0.011673526,0.027135594,0.010209166,0.016281044
mrna-NM_003344_38,0.058377393,0.02137683,0.00010772017,0.00022852985,0.02815198,0.026684543
XM_371822_11,0.021892754,0.014112883,0.024197234,0.0032293492,0.005311357,0.027394745
NM_00334245,0.019265225,0.05078799,0.0025126957,0.007691789,0.014494981,0.0051872344
NM_015213_90,0.0005416063,0.036256444,0.016600583,0.0036292153,0.016434873,0.007688458
NM_00545064,0.0049932143,0.06666113,0.0038446987,0.0077372137,0.030691177,0.0011864033
U4729825,0.0015085742,0.0057424973,1.6283182e-05,0.0002847586,0.00018531787,0.00026230447
AH00149836,0.0013296839,0.00063553493,0.00043710758,0.0009383427,0.00010316838,-3.8297358e-06
mrna-NM_003337_15,0.028500775,0.01941514,0.0029042913,-0.00071814476,0.0007708579,0.00120678
mrna-BD135193_49,0.008110849,0.045608096,-5.1061063e-05,0.001219755,0.014888259,0.009571903
mrna-NM_003337_16,0.016388116,0.026247313,0.032010533,0.0016556942,0.012050663,0.023811113
NM_004223_21,0.06741713,0.0049659377,-0.0005268943,-0.0019184055,0.03454165,0.004769628
mrna-NM_004359_18,0.012354893,0.014727551,0.011299198,0.007308843,0.0047219265,0.0009241475
NM_015213_95,0.017027872,0.01857689,0.02941037,0.003694481,0.0021916023,0.0094153425
XM_371822_17,0.022998154,0.039317586,0.045450382,0.0023560235,0.032984562,0.022425395
NM_00100148140,0.013904894,0.0030028163,0.000194463,0.0029260255,0.0023194337,0.0036974
AH00149820,0.014259638,0.0064991172,0.008399307,0.008708879,0.0064863455,0.0068477425
mrna-BD135193_39,0.016759,0.023492346,0.019233026,0.004468844,0.014104707,0.016030516
NM_003347_41,0.035649277,0.02392123,0.0012836704,0.0036191463,-0.0042423117,-0.002244838
NM_00701917,0.003206216,0.060246564,0.002540283,0.034347784,0.005871823,0.005829191
mrna-NM_003340_73,0.013395601,0.07779183,0.05507451,0.025208747,-0.001350136,-0.0008339519
mrna-NM_003340_43,0.014000656,0.041982543,4.1468455e-05,0.0016892833,-0.0011440443,0.00021226198
NM_015213_32,0.004636372,0.020320803,-9.181929e-06,-3.8130544e-05,0.007824608,0.0040968577
NM_00334250,0.00018374505,8.151557e-05,7.8096484e-05,0.00017354028,1.3013199e-11,-8.551979e-12
NM_01602139,0.053738117,0.009547908,0.0072902506,0.0002457666,0.027442686,0.010082856
XM_371822_129,0.016058443,0.06168694,0.037678175,0.009141034,0.016137037,0.022202818
XM_371822_26,0.041677304,0.02663997,0.03486603,0.003426492,0.0049173464,0.029188452
XM_371822_8,0.011385614,0.0035803365,0.0050612423,0.008825204,0.008473153,0.003145021
mrna-NM_004359_43,0.010326789,-0.0002890107,0.005749301,0.0055987104,0.003163649,0.0003704833
NM_016406_48,0.01720202,0.07599703,0.008881141,0.00581967,0.037113227,0.0065344675
NM_014501_39,0.0030555506,0.0130885225,-0.00062074786,0.00042942437,-0.0007631634,0.0005638916
NM_0160211,0.0021326758,0.012506748,0.0046596816,0.00038417304,0.0073261242,0.0037621942
U4729881,0.050684806,0.019204384,0.004456465,0.0044166516,0.01904111,0.0109963985
XM_371822_122,0.04882395,0.0045987475,0.03496454,0.006756623,0.0005001003,0.018203776
NM_016406_62,0.029964043,0.04460607,0.038815845,0.044679504,0.0008531076,0.0037392562
XM_371822_121,0.030194784,0.011332015,0.015075761,0.004659192,0.0155684445,0.014886299
NM_01417659,0.005759269,0.047256548,0.038025174,0.04062658,0.012708502,0.03198025
NM_01417652,0.006426859,0.019081183,0.009779974,0.016340246,0.003089079,0.013464152
NM_00334867,0.007352562,0.0031018748,0.0065223915,0.0020739352,0.005771179,0.0021906472
mrna-BD135193_22,0.03961955,0.01088294,0.002986285,0.03384227,0.019342124,0.029040586
AH00149810,0.018728549,0.011487966,0.01869659,0.002793546,0.0043931263,0.0006563739
NM_01602136,0.00831459,0.04450681,0.017412113,0.04168677,0.042543788,0.015079143
mrna-BD135193_45,0.0068162754,0.0042768945,0.0007702281,0.0034370113,0.00093504874,0.006252592
XM_371822_58,0.013638823,0.07610349,0.003182384,0.0065759826,0.035378117,0.029795488
NM_01417650,0.010769197,0.014372664,0.0134075405,0.009777484,0.012461459,0.0063573197
NM_00255962,0.043242652,0.07145069,-0.0025977446,-0.0013401661,0.044470597,0.006426777
NM_00334849,0.022159565,0.039078124,0.014103607,0.014704732,0.022120018,0.025350312
NM_00100148175,0.016887788,0.0047752727,0.006834986,0.0052476604,-0.001465981,2.3912124e-05
XM_371822_33,0.023432244,0.031082885,0.01840505,0.030627482,0.017676087,0.014283395
XM_371822_4,0.01929494,0.03757663,0.05522001,0.014663869,0.0056151673,0.013437038
NM_00334826,0.0413404,0.034053314,0.022876343,0.02923764,0.037409164,0.0069675106
U4729849,0.02560687,0.082600795,0.002397034,0.009247945,0.03584428,0.02987323
NM_00100148156,0.0052652406,0.01675624,0.01403668,0.0034972287,-2.4975368e-05,0.001357905
U47298112,0.031179937,0.023661904,0.026972227,0.027182272,0.019338345,0.028563684
NM_00635778,0.014117065,0.011827328,0.0060149655,0.00959694,0.010196386,0.0058693723
mrna-NM_003337_39,0.0038904431,-3.399449e-05,0.0030808724,0.0017284057,0.0013869196,0.002549243
NM_003345_27,0.03531362,0.03202402,0.031387124,0.0037165796,0.016510414,0.015705526
NM_00100148177,0.006912736,0.055612836,0.027400952,0.018681077,0.02770068,0.032209147
mrna-NM_003337_59,0.005342531,0.04109712,0.042860758,0.0008886063,0.028246552,0.026789358
mrna-BD135193_17,0.011689666,0.02985596,0.02107482,0.0029729994,-0.00047326702,0.0012087034
NM_015213_106,0.03309491,0.022397699,0.0223155,0.03203238,0.0016182654,-0.00023074957
NM_016406_9,0.017819593,0.0030956103,0.014738514,0.005281479,0.0077760722,0.0144341905
NM_00545014,0.015597748,0.0073159775,0.00057401415,0.012006423,0.00090206467,0.00082210306
XM_371822_81,0.06511499,0.043339245,0.011136731,0.059343163,0.001813177,0.004937179
NM_00701964,0.011672372,0.06873369,0.0031268573,0.00072454836,0.03244905,0.033549987
NM_00334862,0.004335816,0.043079596,0.0038465164,0.02803245,0.008789054,0.026265828
mrna-NM_003340_5,0.03607678,0.004182936,0.009404102,0.021457741,0.02598507,0.009149295
AH00149813,0.05794138,-0.0016154752,0.0004768408,0.0015451927,0.011752932,0.036407564
NM_00701955,0.018705126,0.022509314,0.0030519292,0.00076098816,-0.001791089,-0.001016345
NM_00635776,0.026934803,0.0016703531,0.01808656,0.019875616,0.011134507,0.021686643
mrna-NM_003337_17,0.0020284648,0.012165611,0.0087348875,0.007033497,0.0005173388,0.0043594036
NM_0010014815,0.0028335452,0.004495329,-0.00050021143,0.005040903,0.0017206285,0.00088272255
NM_00545022,0.021672603,0.04447113,0.0178874,0.031975973,0.018543562,0.00951712
mrna-NM_003344_49,0.00060925935,0.040366452,0.003386656,0.040478256,0.029175717,0.035274923
NM_00255975,0.04147111,0.028688613,0.04141656,0.021398691,0.0152569,0.033983286
mrna-NM_003337_70,0.023356345,0.058691137,0.0019722914,0.0017355952,0.002705149,0.0359209
mrna-NM_004359_11,0.052671593,0.0068963454,0.0036197354,0.010990115,0.023846235,0.027450787
XM_371822_49,0.00104347,0.04548032,0.056723967,0.027033864,0.012721712,0.005800844
U472981,0.051807575,0.011915588,0.031999554,0.0456507,0.012961222,0.022297561
J30312_31,0.03387393,0.029360633,0.0040497496,0.065246925,0.032938417,0.005934873
NM_0033484,0.010246634,0.0011359366,0.0058818264,0.006635334,0.004246449,0.005907581
NM_0063578,0.0078304885,0.043728437,-0.00045848807,0.0028409953,0.0054236185,0.0006103189
J30312_3,0.04678889,0.019010842,0.0017359126,0.007527061,0.01707269,0.02578545
NM_0033429,0.064922914,0.0052912193,0.017925782,0.021102993,0.019940492,0.023384543
mrna-NM_003344_48,0.008844032,0.006542113,0.01033876,0.0009956479,0.0021190296,0.008150866
NM_015213_47,0.0059985076,0.034554306,0.023685409,0.009910661,0.0037929139,0.004594645
NM_003345_11,0.058165077,0.017743705,0.0009379427,0.0016742455,0.02060326,0.02587484
NM_015213_43,0.0036133726,0.039332733,0.017558564,0.031352833,0.0034113587,0.03579041
NM_00334242,0.000379539,-2.5913647e-05,0.00010701557,-9.209555e-06,8.051848e-06,5.105167e-06
NM_00334257,0.028836241,0.026159255,0.03371705,0.012005899,0.00024226854,0.03348146
NM_016406_10,0.02782198,0.015130011,0.020722874,0.022304457,0.00046438695,0.024693655
NM_003347_5,0.023545345,0.027625693,0.005886436,0.02570835,0.014107523,0.018437373
NM_00545063,0.044750556,0.024201931,0.031099306,0.02864534,0.0007677472,0.04670719
NM_00635747,0.0023045146,0.01211742,0.00031583288,0.0007650974,0.0007434666,0.00034698186
NM_003347_16,0.040316463,0.012023381,0.0019192683,0.003489363,-0.006194731,-0.0016123877
NM_00255918,0.06164243,0.054944567,0.020968296,0.050840355,0.010242482,0.028297674
NM_00255983,0.0013172099,0.0038356637,0.002061014,0.0020329508,0.00010951109,0.0005089004
AH00149825,0.04909406,0.023422617,0.041091092,0.02042424,0.020271292,0.032523777
NM_00635746,0.02333207,0.003868109,0.017636966,0.0054699327,0.0029918884,0.013378048
NM_0033487,0.015328548,0.082310505,0.013637543,0.017413143,0.008244868,0.025541697
NM_003345_19,0.044022907,0.00010775197,0.0063428264,0.041147474,0.028143745,0.029885782
mrna-NM_003340_76,0.006547132,0.0013844575,0.0017404311,0.005114881,0.0017700249,0.00450376
NM_014501_4,0.04944206,0.04882574,0.01659314,0.04037765,0.019902037,0.0010491995
NM_015213_88,0.00805709,0.011574548,0.002165145,0.007638096,0.0065043746,0.002980324
NM_003345_38,0.04050127,0.049089294,0.030327681,0.02863285,0.03120416,0.04578752
NM_00255981,0.020602709,0.029869704,0.0008036273,0.00379597,0.0020541179,0.007967943
NM_003347_18,8.4504725e-05,0.00048173362,0.00042982947,0.00028466308,0.00020426714,7.3843104e-05
mrna-NM_003337_57,0.043518763,0.025013028,0.005401109,0.039745405,0.030167291,0.020145854
mrna-BD135193_67,0.0064012124,0.0023345896,0.003533642,0.00017041895,0.000480796,0.0020372246
U4729839,0.021697197,0.025051408,0.0060167965,0.02848872,0.020456327,0.018585134
U4729843,0.056274787,0.02148381,0.0024856818,0.0013332875,0.008525611,0.055007655
mrna-NM_003344_16,0.031531844,0.008991175,0.021578144,0.002391389,0.012527111,0.01626938
NM_00701947,0.025861777,0.010266245,0.02297409,0.017362783,0.017544035,0.009361923
NM_00334264,0.0072329706,0.0012200178,0.0060959603,0.00023360219,0.00089077384,0.0054242625
U47298104,0.02595209,0.013637418,0.0026879546,0.00032763203,0.0008343937,0.007078542
NM_016406_45,0.02169871,0.015265971,0.015103685,0.002958902,0.015354506,0.011922351
X759327,0.03355389,0.07091881,0.0093668,0.0033558125,0.04041729,0.011885001
mrna-BD135193_11,0.008881627,0.0028264157,0.0012311124,0.008631701,0.0022732688,0.0036111912
NM_0033485,0.04153778,0.03519773,0.01634185,0.027648209,0.0023122025,0.038734682
U4729889,0.004793379,0.05117614,0.042966947,0.004145782,0.033491723,0.03368054
J30312_1,0.00040618834,0.0036772105,0.0024816543,0.0015505847,0.00053652783,0.00027791996
NM_01417613,0.03220646,0.04512353,0.02617645,0.032558586,0.034866232,0.012055914
NM_00100148168,0.008728767,0.0031112747,0.0031741622,0.0026964333,0.0018120239,0.0035614285
NM_003347_31,0.046249006,0.030263068,0.004654653,0.0044303685,0.02422601,0.0143669415
NM_01417645,0.006817059,7.2992916e-05,0.0011959921,0.000868606,0.0009008308,0.0027833753
NM_015213_81,0.0030546375,0.01529871,0.010705253,0.0041109375,0.001158666,0.0007428738
mrna-NM_003337_63,0.0032021797,0.012185721,0.008930677,0.0039683064,0.0013244685,0.0009962103
NM_016406_11,0.03871067,0.017188422,0.008681505,0.039023582,0.034067225,0.019155711
NM_00635761,0.009889113,0.013321823,0.0005856844,0.0023604943,0.0002350655,0.002662669
J30312_8,0.048800886,0.0003276377,0.046400174,0.004504719,0.0083201695,0.043942384
NM_004223_6,0.02942041,0.035351325,0.054028068,0.004787006,0.032812197,0.008101855
J30312_32,0.0592168,0.009710044,0.052273147,0.001982746,0.0024708877,0.0025261934
mrna-NM_004359_24,0.000263587,0.00027843597,6.881188e-05,0.00020511607,-3.7954157e-11,-4.773067e-11
XM_371822_124,0.05870473,0.024274135,0.0032508734,0.045449253,0.0055372394,0.016998934
NM_014501_40,0.028276509,0.026827203,0.03384221,0.0019775277,0.015610278,0.008705418
NM_0063577,0.0019236697,0.0013857854,0.0005858352,0.00089881604,2.89733e-10,1.0118092e-10
NM_015213_2,0.024791718,0.032828607,0.006136268,0.0047441474,0.03026924,0.0013397032
NM_004223_32,0.02845501,0.0089537185,0.00860254,0.01508095,0.002759334,0.01154183
U4729817,0.016549895,0.020246346,0.026049167,0.004604295,0.017742194,0.0177436
NM_00635775,-0.00535033,0.047450617,0.00058137375,0.0034160826,0.020025665,0.013571361
NM_0033428,0.00010673353,0.0005068435,0.00013829245,2.7621614e-05,-4.503957e-05,6.1415594e-05
mrna-NM_004359_30,0.055643983,0.0053096795,0.02910808,0.021941224,0.04043826,0.020666791
mrna-NM_003340_82,0.008921214,0.002696132,0.0016883805,0.0047355476,0.0006146316,0.00044809765
NM_004223_24,0.06587172,0.009796003,0.00034088656,0.00011629844,0.0423361,0.014752289
NM_014501_8,0.035253204,0.021717083,0.037671432,0.0031937503,0.036626868,0.010108264
U4729863,0.006029123,0.010016186,0.008523998,0.0061464026,0.000394691,0.0023130986
NM_015213_55,0.040493004,0.012069536,0.0061451797,0.029352294,0.024363821,0.026580717
mrna-NM_003344_65,0.0037894861,0.021753788,0.011024424,0.0013035375,0.004248941,0.01786253
NM_016406_15,0.0041606924,0.029515151,0.0024118184,0.030276202,0.006763465,0.006919046
NM_004223_69,0.010833711,0.035962634,0.0005960796,0.007964412,0.010201118,0.012010453
NM_00635772,0.030745892,0.037278097,0.019796275,0.01685961,0.0021181642,-0.0012901349
NM_016406_21,0.017889652,0.01847767,0.010288029,0.020528995,0.02080396,0.0039899074
NM_00100148118,0.0020002644,0.010484781,0.007590788,0.00094352104,0.0062455786,0.0018491442
NM_014501_17,0.004637062,0.05520213,0.007688736,0.03622268,-0.0027393445,0.0034888387
NM_003345_14,0.009219608,0.016703583,0.010141155,0.014132287,0.007448869,0.013808488
NM_00545067,0.00692301,0.06538088,0.030000886,0.03506865,0.0035465143,6.543042e-05
NM_014501_47,0.08506741,0.0294594,0.0010729459,0.0030502006,0.012978675,0.021343434
mrna-NM_003340_15,0.02785992,0.022647286,0.024722654,0.0052141426,0.011898893,0.025324594
U4729811,0.048240617,0.0044876914,0.006382785,0.021237304,-0.0038880229,0.008372885
mrna-NM_003337_8,0.028226506,0.022727652,0.022500752,0.0055167316,6.619424e-05,0.0006920235
mrna-NM_003344_20,0.0024828084,0.0099198315,0.0048037623,0.0069573373,0.0038620967,0.008297429
XM_371822_132,0.0081103835,0.0398015,0.006312019,0.033144113,0.01068442,0.024768982
mrna-NM_003337_72,0.043646697,0.0016768709,0.023647567,0.024360973,0.005629443,0.029420972
NM_01602127,0.022815246,0.05237601,0.00040397487,0.0046436577,0.016872436,0.026339052
NM_00334814,0.030988377,0.016313335,0.034150865,-7.9241196e-05,0.02779618,0.01622938
NM_00334868,0.020659631,0.05516378,0.034991983,0.010675824,0.02973162,0.011690324
mrna-NM_004359_57,0.025401017,0.016946537,-4.8035754e-06,0.0015884414,0.0007838726,0.008099897
NM_003345_25,0.013901255,0.028585363,0.010771448,0.02731645,0.02457736,0.012173566
mrna-NM_004359_48,0.027969826,0.050905373,0.0054382044,0.0055416627,0.019569376,0.016974572
NM_004223_17,0.046776015,0.027754607,0.019890588,0.02471521,0.001061035,0.039624773
mrna-NM_004359_14,0.007979792,0.0027649677,0.004643566,0.0051267636,0.0006259178,0.00034090033
NM_015213_1,0.009451667,0.0022118122,0.00854094,0.0020092977,0.0048080175,0.005467226
NM_01417621,0.026505742,0.003301654,0.026947547,0.0009455544,0.002044012,0.0003378507
NM_00100148161,0.020230748,0.0044374703,0.00074555195,0.0010158047,0.0009905392,0.0056999777
mrna-NM_003340_52,0.020924717,0.013395041,-0.00033767745,-0.00015871413,-0.0008101889,0.0019153614
NM_003347_7,0.040951815,0.029941605,0.0056588426,0.054644264,0.008944831,0.02551331
U4729859,0.026212988,0.010576593,0.02100028,0.0006910764,0.0037341672,0.014125073
U4729854,0.0060918457,0.0011353863,0.0011593569,0.0034566685,0.00082110136,0.0018633556
NM_00635738,0.016920546,0.039950874,0.020601269,0.024894046,0.040248405,0.0066772248
NM_00635710,0.019672802,0.019457182,0.008987664,0.0067747165,0.0008888726,-0.0008152699
NM_003345_32,0.033587147,0.032459293,0.0197128,0.048850425,0.053337198,0.017364986
NM_015213_114,0.024150115,0.014549243,0.0033061453,0.016869359,0.0070861047,0.010308618
NM_00334211,0.0016568446,0.0014193221,-3.8905124e-05,0.0018264913,0.00097623316,0.0005248314
NM_015213_28,0.00089144317,0.00020334804,3.924343e-05,0.0004960985,2.3066407e-06,0.00028995282
NM_015213_3,0.0047969003,0.006493651,0.0026063754,0.0042903,0.002830404,0.0037011683
AH0014982,0.021210564,0.04212489,0.03236874,0.039998576,0.035283808,0.008589087
NM_00545043,0.050377727,0.014359789,0.031556092,0.01577398,0.013375757,0.003229811
NM_00635711,0.04868327,0.022060206,-0.00054025184,0.03984303,0.005362653,0.036124114
mrna-NM_003340_40,0.005092265,0.003578115,0.0031257314,0.0035463448,0.003070991,0.0026939039
NM_01602146,0.05756223,0.014092448,0.004293281,0.009893922,0.025116827,0.012291107
NM_00255946,0.045414526,0.041398037,0.0022284132,-0.0023857136,0.010536624,0.02568852
mrna-NM_003337_51,0.08414587,0.0073126876,0.0031014124,-9.665971e-05,0.033976104,0.020958435
NM_00255954,0.022816723,0.0044309148,0.0042603114,0.022184478,0.009640909,0.020829225
NM_00701959,0.056827728,0.018879956,0.03552632,0.0362182,0.014294293,0.007597415
NM_014501_76,0.024938347,0.033984624,0.025945919,0.020234039,0.025098171,0.0232933
NM_014501_51,0.02823835,0.05081923,0.021765243,0.04696703,0.018185368,0.04984806
U472989,0.041284207,0.02258726,0.03806342,0.0013982056,0.01959041,0.025963474
NM_01602131,0.033446234,0.033752896,0.009215358,0.04644771,0.01132838,0.045514755
NM_016406_23,0.0404193,0.037254933,0.03920523,0.04003138,-0.0018240762,-0.0014159005
XM_371822_53,0.011994812,0.03205337,0.023849363,0.0044434774,0.00055134046,0.015549028
NM_014501_70,0.0033230416,0.018593537,0.011617468,0.012204177,-0.0015467887,0.0024263605
XM_371822_88,0.02177012,0.009710363,0.01678554,0.014269407,0.0042709126,0.019670572
NM_00255959,0.041250642,0.03213216,0.00085957913,-0.0013212672,0.0023013726,0.004951306
mrna-NM_004359_9,0.06471953,5.6077384e-05,0.0009535535,0.0048116064,0.0021262807,0.042231597
NM_004223_33,0.006329808,0.046868205,0.0052826107,0.046718657,0.0429622,0.019111825
NM_00635725,0.048027325,0.004159589,0.015508822,0.03943787,0.062022176,-0.0077601327
mrna-NM_003340_32,0.005099371,0.0004711135,0.0009066252,0.004286496,0.0024927163,0.0012430553
mrna-NM_003337_64,0.06344998,0.019099113,0.049798965,0.018193195,0.008191029,0.0153487
J30312_10,0.02690735,0.01392922,0.0016341393,0.028871233,0.021858413,0.0023137575
mrna-BD135193_44,0.00063698675,0.002379284,0.0017023752,0.0011487723,0.00053645816,0.00038353298
NM_00100148112,0.013381592,0.005286494,0.00977868,0.0019214199,0.0054466766,0.005307449
AH00149826,0.0012563328,0.008035665,0.00069303886,0.0013137037,0.0019046739,0.0031909714
NM_00545037,0.025180398,0.054685794,0.046121046,0.027026733,0.03256501,0.03379836
U4729855,0.053008433,0.024273226,0.0040612626,0.0035433867,0.0026626359,0.024840852
NM_00204612,0.024384856,0.03938937,0.046231475,0.012149322,0.013481738,0.04390453
NM_00255972,0.0024337692,0.030383041,0.0021199198,0.030348567,0.022882368,0.019864243
XM_371822_85,0.0027954427,0.030841032,0.018011559,0.020513605,0.009091208,0.0076641594
NM_015213_104,0.01673695,0.009051812,0.002192165,0.01425262,0.00037512084,0.00080387667
J30312_27,0.045313615,0.010861675,0.0363121,0.017409706,0.037308,0.018615138
XM_371822_62,0.06659699,0.00093881,-0.006849586,-0.015347585,0.01903355,0.013866959
NM_01417633,0.030522427,0.0023305006,0.031143066,0.0009116808,0.0017663254,0.011458144
NM_01602132,0.03940112,0.0031244254,0.0027094295,0.025101935,0.003360132,0.009824723
XM_371822_23,0.012597886,0.03677743,0.008442533,0.0249173,0.015624518,0.017197471
NM_0025591,0.014028638,0.061531164,0.03425034,0.031795222,0.013888157,0.008997063
NM_003345_12,0.06361685,0.010988163,0.0011097701,0.00057056855,0.033137877,0.013383278
NM_0160219,0.011824578,0.037915595,0.00897521,0.043616723,0.045836102,0.015897097
NM_015213_68,0.04706772,0.01692931,0.006092106,0.013420645,0.014740963,0.018754806
NM_00334260,0.03791871,0.0037445028,0.0043867077,0.037765045,0.030395573,0.017776998
AH00149832,0.031371888,0.01853354,0.008557043,0.018903311,0.00060665724,0.00042091383
NM_00635771,0.012159336,0.0044563655,0.0009920985,0.009567493,0.00067581504,0.0015372671
NM_0205483,0.00081433414,0.009438113,0.00034322572,-0.0006002707,0.00011698719,-0.00020963413
NM_014501_45,0.026680848,0.057581194,0.04492319,0.0047243848,0.0044346834,0.018498572
NM_003347_44,0.041212726,0.005647426,0.0027370634,-0.00021725909,-0.0013277131,-0.0008526518
XM_371822_75,0.003670636,0.041576788,0.037208054,0.010204654,0.036054928,0.005591878
NM_00635777,0.04688942,0.0017965474,0.04448239,0.016578559,0.03477363,0.030802011
NM_003345_17,-7.314614e-05,0.039306104,0.008555237,0.01662049,-0.006034886,0.0042627063
NM_003347_53,0.04009009,0.06737565,0.00082319585,0.0010275062,0.035396058,0.016519658
NM_014501_30,0.016362408,0.04479821,0.044591367,0.020564847,0.020187262,0.039741065
NM_00334838,0.060272396,0.016102338,-0.0018993818,-0.00375173,0.033676613,0.013937915
mrna-NM_003337_79,0.025430357,0.026232712,0.027779805,0.025454143,0.03598366,0.0042668027
NM_00334239,0.0,0.0,0.0,0.0,0.0,0.0
NM_016406_13,0.08657829,0.020537991,0.0010894483,0.0012919551,-0.026682561,-0.01720267
NM_00334279,0.023076143,0.021338373,0.0317721,0.005450038,0.0029469815,0.0035128975
NM_014501_38,0.009731772,0.05335156,0.0010184229,0.0056211115,0.010622157,0.039422218
NM_014501_49,0.039793357,0.06769041,0.02746155,0.03730837,-0.0052334117,-0.007632026
XM_371822_16,0.053564712,0.028191812,0.014671226,0.0067791557,0.036602836,0.0148392
XM_371822_68,0.048537,0.007856442,0.036316093,0.022705793,0.04459027,0.011349658
NM_00701970,0.017078685,0.058019783,0.00028079347,0.00017023015,0.000910568,0.0010256399
NM_00334241,0.035080984,0.0023269386,0.015367182,0.0136951655,-0.0012140162,0.0012560609
U4729892,0.025217498,0.040128656,0.008076081,0.055361893,0.03488702,0.009348108
NM_003347_29,0.006525423,0.036319237,0.03181603,0.018236278,0.034079768,0.0036881273
AH0014984,0.019678606,0.010276636,0.01278237,0.026503477,0.0018076245,0.0043560867
NM_003345_4,0.013576062,0.012279957,0.013500511,0.0038049356,0.010862667,0.00024714542
mrna-BD135193_32,0.0075381515,0.001994995,-0.000104153805,0.00096008886,0.00366243,0.0012120098
NM_014501_66,0.024850314,0.041021276,0.012800215,0.042344116,0.045448385,0.0035954404
NM_0054507,0.0092864055,0.04909981,0.026552832,0.016513055,0.00071951945,0.0012536154
NM_00545038,0.044683337,0.001053056,0.043538544,0.010092797,0.037901267,0.02193085
XM_371822_14,0.04473425,0.009877701,0.024245905,0.028889595,0.016081786,0.021376302
NM_00635718,0.019951986,0.03312231,0.029299848,0.050122004,0.026747502,0.0073673106
NM_016406_39,-0.0010460344,0.054005478,0.01640761,0.00827185,0.035850737,0.0075148623
NM_00545066,0.04946091,0.02066881,0.04746901,0.001404842,0.034989256,0.018235143
U472982,0.04417838,0.0170387,0.012295653,0.045482304,0.045148075,0.01368116
NM_01602142,0.025919935,0.0287007,0.00039431642,-0.0011932929,0.019220002,0.008357992
NM_016406_68,0.049609266,0.06671907,-0.0015390004,0.0019614892,-0.026611764,-0.0073275855
mrna-NM_003337_47,0.015361332,0.014974372,0.008667835,0.022972424,0.0003794051,0.013990832
NM_015213_92,0.018828671,0.03770013,0.0028238513,0.0059155724,0.023825515,0.0024080537
NM_00635719,0.0068555633,0.011258474,-6.646771e-05,0.011108294,0.009502127,0.00470668
NM_015213_122,0.0051775277,0.021149727,0.009883394,0.008324233,0.0033499217,0.004315661
NM_00545024,0.046706665,0.005022892,0.0023320657,0.04148108,0.037695833,-0.001214449
NM_00334263,0.02040535,0.021187669,0.02895424,0.0015869756,0.020948919,0.01390672
NM_01417639,0.059075247,0.02306174,0.047068074,0.005766147,0.021016696,0.0043736654
AH00149833,0.0026765128,0.020985702,0.014637939,0.0017422851,0.002315182,0.003663911
U472987,0.052937355,0.015694715,0.013389832,0.008948923,0.006974726,0.036155604
NM_01602117,0.036929626,0.022390021,0.0024228985,0.04250266,0.031975403,0.014932073
NM_00545062,0.014461828,0.051072147,0.0076884753,-0.005535876,0.024885638,0.0113377385
NM_00334259,0.0098974025,0.043951374,0.0012581894,0.0065488527,0.005026999,0.014844713
mrna-NM_003344_29,0.014738926,0.008915525,0.0027295388,0.00016716719,0.0048702727,0.0074068587
NM_016406_52,0.016499057,0.043920893,0.018764814,0.042923447,0.0041438807,0.046962783
mrna-NM_003344_27,0.038190268,0.016651051,0.0394562,0.005949483,0.0065751886,0.03821142
XM_371822_135,0.019763658,0.019371148,0.0040798984,0.023352029,0.0077338307,0.020635359
AH00149817,0.018000042,0.0067095305,0.018509615,0.0076986374,0.006898462,0.00095701026
NM_01417666,0.0035954665,0.055998947,0.031287953,0.016433997,0.044545807,0.005347976
NM_003345_63,0.007893473,0.044332627,0.023186542,0.0057641584,0.004370984,-0.00045794697
NM_00701972,0.04199026,0.03247959,0.010833814,0.032563623,0.008803738,0.006388304
NM_00334262,0.012645126,0.061864045,0.02246223,0.0646088,0.00080710894,0.010435925
NM_003347_47,0.045819663,0.0044449284,0.0041953954,0.0016977864,-5.823281e-06,-0.0049523236
NM_00100148144,0.0026598056,0.00486254,0.0013412036,0.004045064,0.0016430856,0.00066941936
NM_00334248,0.009119619,0.009241658,0.013097549,0.0014189316,0.01172565,0.00044437216
NM_014501_28,0.028897902,0.03344404,0.014113095,0.029368553,0.018196993,0.013237884
J30312_14,0.026415724,0.039154768,0.04279931,0.01964621,0.03610508,0.029544542
mrna-NM_003344_55,0.09135798,0.014374246,0.00019270107,-0.0013791656,0.014348938,0.006444786
NM_015213_7,0.0005314468,0.041308906,0.005402615,0.0024197581,0.0063717505,0.025134299
mrna-NM_004359_33,0.006380727,0.011353132,0.008220123,0.0034246396,0.0047645364,0.008693525
NM_014501_67,0.03420026,0.032511923,0.047012195,0.0023392409,0.041760392,0.022092367
NM_01602111,0.036286823,0.051749874,0.0049893167,0.03958523,-0.018426634,-0.002160184
mrna-NM_003340_78,0.024325667,0.038054224,0.045675978,0.034353692,0.039012678,0.008643259
NM_0160214,0.021976264,0.04887445,0.0097618615,0.03125636,0.018351289,0.03317483
U4729884,0.02451058,0.005578712,0.00014860388,0.00078482914,0.009049368,0.004433426
XM_371822_30,0.042996127,0.029210102,0.048018795,0.0028192785,0.029333757,0.026573168
XM_371822_20,0.004486896,0.054751657,0.010359589,0.023485275,0.033918746,0.01149041
NM_004223_30,0.014743178,0.0016372756,0.0084480215,0.009015652,0.0016779364,0.0034781843
NM_00334253,0.029575627,0.03996869,0.0013897632,0.0007737193,0.014112773,0.009394158
NM_00545068,0.024841225,0.033992544,0.028600095,0.0075977966,0.008331277,0.0052892915
mrna-NM_003337_12,0.013435182,0.009133902,-0.0012098114,0.0005314077,0.0038597183,0.0038573453
NM_015213_24,0.005993456,0.03310113,0.015219749,0.02762021,0.0026387789,0.0026669714
NM_0063573,0.010227689,0.043442663,0.010286457,0.030004026,0.022620741,0.009640257
NM_00334832,0.0215599,0.051428314,0.009590682,0.023293512,0.03202728,0.02766779
NM_01602143,0.0182294,0.03606611,0.02762667,0.026742708,0.033822786,0.01979636
NM_00545034,0.07697881,0.013802854,0.006889638,0.0028792957,0.027285783,0.022667421
NM_0033489,0.05772154,0.008041889,0.017025383,0.016359253,0.022897623,0.03430015
NM_016406_31,0.015344741,0.044328813,0.0060567306,0.046460737,0.04706337,0.0016089559
NM_0025594,0.048435293,0.02091932,0.029541751,0.011790361,0.029766131,0.03374115
U4729810,0.010147135,0.008589142,0.010699873,0.007296787,6.289685e-05,6.342111e-05
NM_00635748,0.01820177,0.0070842155,0.005494229,0.008173318,0.0013649834,0.005509315
NM_00545040,0.03393995,0.06806623,0.063701026,0.01128147,0.008808269,0.011419618
NM_00100148159,0.03794257,0.032437216,2.225861e-05,0.00019000386,0.0052934024,0.0038343286
U4729896,0.0076933396,0.063923635,0.017670004,0.029964538,0.016186021,-0.00096980535
mrna-NM_003337_34,0.0212312,0.019228565,0.0011207268,0.0066323257,0.014977918,0.009421012
U4729876,0.011830385,0.006882343,-0.0002892986,0.0029713844,0.00062974176,0.00043157453
NM_015213_83,0.025225718,0.039133582,0.0075434125,0.045811187,0.03734482,0.026899656
NM_00334858,0.06353622,0.018665897,0.00869698,0.035922326,0.008468363,0.040419143
mrna-NM_003340_65,0.02289946,0.03224456,0.022723665,0.027667608,0.034744676,0.0036846397
NM_003347_36,0.012146314,0.031188913,0.0016507752,0.027117215,0.020790229,0.0075002233
NM_0160213,0.025171816,0.0041360804,0.01973009,0.0098148305,0.02048077,0.009636243
NM_00255953,0.017879477,0.04610006,0.006641111,0.03582447,0.017682664,0.018362354
XM_371822_95,0.058949545,0.025819516,0.041996818,0.0202845,0.009942612,0.0142860655
XM_371822_21,0.0049513006,0.071429454,-0.0051570884,-0.0052912864,-0.011495734,-0.031882506
NM_0070191,0.055073407,0.010892178,0.0019479751,4.809521e-05,0.0052176043,0.001558644
NM_0020464,0.054395474,0.062429164,0.004765361,0.039877407,-0.0026851331,0.034748614
NM_003345_58,0.02616501,0.025358142,0.023755008,0.04112914,0.015296364,0.002564958
NM_00334210,0.00082259515,0.0007588998,0.00037989917,0.0001266034,4.9729653e-05,0.00013991125
NM_014501_34,0.048148252,0.063959874,-0.00014374834,-0.00026429704,0.04608773,0.0002646618
XM_371822_119,0.035127528,0.02665181,0.021108126,0.0147939725,0.028879395,0.012620792
NM_004223_13,0.030537723,0.030970221,0.0114524625,0.04544333,0.029187089,0.026192326
mrna-NM_003340_18,0.025650429,0.0010674589,0.007903793,0.015632104,0.010726834,0.0009123247
U4729813,0.04219116,0.0104578715,-0.0036404275,-0.0013420045,-0.0013820746,0.00078146445
NM_015213_117,0.03570712,0.038975343,0.0389817,0.004464497,0.026174372,0.036448304
NM_00255961,0.02021861,0.040152993,0.04939452,0.040761255,-0.0055056866,-0.00065871066
NM_00334863,0.024588369,0.05127257,0.019383784,0.051029548,0.039934143,0.009863519
mrna-NM_003344_7,0.0010006506,0.00031668492,0.00025340487,0.0004724101,0.00046301176,0.00022226326
mrna-NM_003340_33,0.00825846,0.0012259573,0.007011382,0.004509867,0.0049655116,0.00241748
mrna-NM_003337_37,0.03609066,0.008548629,0.02672447,0.025214935,0.024637183,0.028450718
NM_00545056,0.03132001,0.040634226,0.012922447,0.06699477,0.00798267,0.018882597
NM_014501_29,0.03742037,0.025930094,0.004306178,0.030105142,0.011330336,0.001809173
NM_004223_34,0.032220744,0.0341427,0.046935704,0.0110343415,0.0017329606,0.04619086
NM_004223_59,0.009914312,0.04337595,0.043501258,0.00093785505,0.01946544,0.038516615
NM_00635726,0.034112636,0.04085716,0.018212788,0.03894556,0.022868106,0.0200179
XM_371822_27,0.034642357,0.035810884,0.026915006,0.023860293,0.0061621605,0.017111186
XM_371822_64,0.03409428,0.016537562,0.023066659,0.02275567,0.019793147,0.015205424
NM_004223_64,0.005023114,0.01694126,0.0016373185,0.015889307,0.011277217,0.0022027192
NM_00255947,0.0325171,0.052110247,0.021823408,0.011315073,0.03676041,0.029120434
NM_016406_47,0.058204114,0.009247054,0.060893185,0.0022270947,0.019716688,0.01658485
NM_00701962,0.053173162,0.040195126,0.00045163414,0.0032804846,0.047682133,0.0048077554
AH00149837,0.001472671,0.0069388966,0.0020211663,0.0036368768,0.0040661865,0.0005743071
NM_01602113,0.022820512,0.010244612,0.0057715857,0.004752919,-0.0018522678,-0.00077574234
NM_00334266,0.02220314,0.042959664,0.0024570148,0.026610278,0.014272415,0.0054339017
NM_003345_49,0.015173765,0.018792478,0.00034766385,-0.000335522,0.00127641,0.0067240917
NM_0033483,0.012893093,0.04156071,0.0038164787,0.014790892,0.0042725457,0.015935196
mrna-NM_003340_59,0.05563963,0.022655519,0.0009326547,-0.0013114368,0.022475785,0.014615038
NM_00334852,0.0020104118,0.04503363,0.014717459,0.032042824,0.036104694,0.018923523
XM_371822_134,0.0054883515,0.011900012,0.0063502938,0.0077448864,0.00039829186,0.00081654266
NM_00255944,0.03670146,0.03615578,0.030956,0.016678419,0.010358583,0.035272654
U47298103,0.058311112,0.0058075343,0.043111373,0.0032205281,0.01818118,0.007221267
mrna-NM_003340_75,0.044543684,0.043043848,0.020812888,0.037601598,0.002844347,-0.0009535568
NM_00635742,0.03277675,0.013088017,0.0041537494,0.0012694648,0.0076051755,0.008670793
NM_014501_68,0.0062775696,0.03605803,0.02619045,0.0074031516,-0.001320837,0.019821025
NM_00334831,0.04910694,0.01601197,0.024438353,0.013265743,-0.0006620555,-0.0045412104
U4729851,0.004245025,0.004089654,0.0043941694,-9.810519e-05,0.0016964657,0.0008981416
U4729850,0.0142658055,0.005842455,0.00036099937,0.010922087,0.0011439832,0.0014044179
mrna-BD135193_60,0.004184955,0.00060972024,0.0036063406,0.0024197996,-0.0006144416,-0.0015239366
NM_00100148120,0.013977586,0.008555915,0.010547783,0.0071883416,0.0066832127,0.0026041842
mrna-NM_003337_54,0.05515113,0.022373743,0.006266068,0.028568856,0.006264747,0.007522694
NM_00701969,0.0015180126,0.06353622,0.03048588,0.029048353,0.01640103,0.03250264
NM_014501_18,0.027932312,0.012965949,0.020468958,0.013352661,0.018311271,0.0051044
mrna-NM_003340_47,0.04991888,0.00057552883,0.014848918,0.043741625,0.04226931,0.0055198953
NM_00635735,0.012882358,0.012161777,0.0011633441,-3.6589874e-05,0.006736993,0.00014617226
NM_014501_42,0.017927874,0.0262387,0.0057777804,0.016382597,0.007769307,0.0077617113
NM_00100148134,0.00054488704,0.0124717,0.010966016,0.0014386744,0.0039207204,0.00736448
mrna-BD135193_57,0.015203078,0.014706473,-0.0009983412,0.0020932206,0.007898342,0.0054157437
NM_016406_25,0.0028815737,0.006700294,0.0055852784,0.0013626075,0.00017285606,0.0046773925
NM_01417617,0.033399057,0.031721916,0.040580645,0.020923996,0.044949826,0.0055653052
U472961,0.0255016,0.015688658,0.029602177,0.006180336,0.016801799,0.021047562
mrna-NM_003344_21,0.000108114604,0.0027668688,0.001790953,0.00022385729,0.00084135414,0.00082132785
NM_004223_68,0.032539513,0.03135498,0.043127187,0.010095038,0.011703045,0.042157542
NM_004223_37,0.004725789,0.046276372,0.044408903,0.025162898,0.03928349,0.012404359
NM_015213_109,0.008072301,0.047525696,-0.00011659538,-0.0015688668,0.021256566,0.01653385
NM_00100148146,0.0056663603,0.019849846,0.0016374694,-0.002503169,0.004165142,0.0025585492
NM_00701939,0.046953976,0.047282048,0.03524726,0.03278305,0.0005032582,0.0016953823
NM_00255952,0.027179468,0.051253244,0.004155742,0.002204139,0.038627077,0.00033532255
NM_00334252,0.054609593,0.021430094,0.014670965,0.005326263,0.039058544,0.009212815
XM_371822_76,0.0045204754,0.03695837,0.008452221,0.03669721,0.012300413,0.030486243
mrna-BD135193_62,0.014529449,0.0011255343,0.012681936,0.0024673853,0.0038274485,0.011367202
NM_00545042,0.04752607,0.014859784,0.030769,0.03273533,0.028750492,0.036766853
NM_015213_6,0.030021455,0.04499753,0.012657447,0.038668774,0.02735595,0.038306016
mrna-NM_003340_83,0.032383665,0.033581734,0.042020004,0.027195448,0.034378015,0.026409622
NM_00100148164,0.020740757,0.013556487,0.0015032442,0.000750661,0.0022075125,0.0035049391
NM_00635758,0.006041503,0.04618195,0.0064030406,0.011569743,0.008125977,0.006905661
XM_371822_54,0.008629685,0.048860475,0.051642098,0.0165172,0.010316091,0.027518332
NM_00545051,0.03152973,0.06097949,0.002171852,0.0014480742,0.005620041,0.0071359784
XM_371822_139,0.04537206,0.0005094402,0.038542565,0.021230416,0.042612042,0.003918314
NM_00255937,0.0157938,0.044989903,0.0005144089,0.0488075,0.04105001,0.016785989
mrna-NM_003344_23,0.041455757,0.007170104,0.03420942,0.024822475,0.008902894,0.046377487
XM_371822_90,0.0046022623,0.010740226,0.0063790213,0.0048073456,0.0024704004,0.00022323705
NM_004223_19,0.043454535,0.01588028,0.03997584,0.018777689,0.014749766,0.039429307
mrna-NM_003340_42,0.03818885,0.026878586,0.023482038,0.03972623,0.042996947,0.014571804
mrna-NM_003344_17,0.093715556,0.011683975,0.0015372678,-0.0023884813,0.021195978,0.0053924
NM_00545050,0.043982223,0.024807941,0.028940741,0.015042502,-0.0010322288,-0.0011013971
J30312_19,0.028822957,0.0026658892,0.0050117997,0.01085494,0.0034896417,-0.00025325903
NM_00334870,0.048682634,0.042642772,0.03871554,0.0015071582,0.011797142,0.04320921
NM_00255920,0.018889159,0.07810526,0.03391337,0.031498816,-0.005981422,-0.007415548
NM_014501_71,0.023151718,0.06369206,0.009762127,0.027022265,0.000547516,0.0066893594
AH0014989,0.020673059,0.008357876,0.0027107692,0.026773395,0.006761317,0.009264455
NM_015213_115,0.06056999,0.019748187,0.0126457205,0.007383591,0.014576515,0.037731174
NM_0141764,0.002112196,0.0061918334,0.00064033776,0.0028292278,0.00024864872,0.0023696462
NM_00255940,0.008727434,0.0034627533,0.0018410268,0.004289314,-8.946506e-05,-0.00060942693
NM_015213_21,-0.0020878068,0.03674961,0.022670124,0.017642148,0.0012146633,0.023161484
NM_00701925,0.04804241,0.005703287,0.0395231,0.024446122,0.038491026,0.023357129
mrna-NM_004359_40,0.055042136,0.010894707,0.017279943,0.0319541,0.043665115,0.0038218051
NM_0070199,0.039113328,0.024618931,0.03313206,0.032307487,0.011889929,0.06136082
NM_014501_25,0.049415637,0.004035701,-0.0010037287,0.030526085,0.014077673,0.0048066583
XM_371822_72,0.04632477,0.0043804166,0.006033234,0.045436222,0.017719468,0.04065368
NM_01417611,0.00017578951,0.0010954817,0.00026836878,0.00076125684,0.00021595416,0.00010830715
NM_00334860,0.028472407,0.01870932,0.019039402,0.02036277,0.02487035,0.011156133
J30312_4,0.019928494,0.050725043,0.03301435,0.031321038,0.00035306413,0.030588547
NM_01602141,0.01552052,0.019060133,0.00035506865,-3.97386e-06,0.0005059571,0.0019454116
U47298101,0.066194706,0.007139922,0.030044282,0.003539822,0.012668891,0.0027325863
J30312_9,0.013716326,0.018945642,0.011898322,0.008351552,0.0015196576,-0.0033130688
NM_00334843,0.0035624926,0.010169211,0.00021576797,0.009160272,0.0037627479,0.006439454
mrna-BD135193_12,0.028132223,0.027885547,0.025021363,0.007261894,0.0083854105,0.012885691
mrna-NM_003344_15,0.00042263913,0.0043550846,0.0008628829,0.0009800026,0.00062399864,0.00014938766
mrna-NM_003340_57,0.00079041533,0.024725115,0.010618608,0.007391256,0.019047415,0.0011728863
NM_00255941,0.047850084,0.0041297567,0.02123169,0.054263428,0.034805574,0.031305414
NM_0020463,0.0211313,0.040037476,0.03792539,0.020713968,0.0011222804,0.053602193
mrna-NM_003344_53,0.038553324,0.04545338,0.032209836,0.023986368,0.00877501,0.016105948
NM_00635752,0.03692981,0.026734713,0.024542017,0.041402888,0.0419509,0.017770998
NM_00545023,0.03223453,0.046190385,0.0013555246,0.0008541268,0.007972562,0.011814097
NM_015213_78,0.005510499,0.0142216785,0.008349134,0.0010031821,0.0074376925,0.004228337
NM_00701956,0.020208018,0.036415663,0.0047506434,0.038290877,0.026552623,0.014189864
mrna-NM_003337_13,0.0035528443,0.00905103,-0.0010775735,0.0077346326,0.003049119,0.0024874376
NM_0020465,0.04843898,0.010632771,0.03601991,0.02994446,0.014906631,0.04078078
mrna-NM_004359_19,0.024645228,0.036192905,0.018191095,0.029519899,0.005195695,0.022321088
AH00149824,0.009055921,0.005657667,0.005709241,0.0017508934,-0.0005613143,-0.00014060404
NM_015213_67,0.01530605,0.03952818,0.0124023445,0.027072573,0.02083635,0.021623021
NM_015213_107,0.012054845,0.028702652,0.003924753,0.013604226,0.011718491,0.019596107
NM_015213_80,0.029472355,0.0072850822,0.0006392512,-2.909078e-05,0.00661475,0.0060507357
NM_01602116,0.033357438,0.02075246,0.014000719,-0.003951628,0.0024521842,0.0015335716
NM_015213_38,0.010753745,0.003234636,0.0006243587,0.002030184,0.0002838695,0.0018985908
NM_015213_65,0.04695081,0.045692448,0.008093735,0.002358425,0.03685437,0.020582305
XM_371822_48,0.000345743,0.018557305,0.0043197656,0.01088972,0.0023310187,0.011691666
NM_014501_36,0.031843748,0.034747254,0.045894947,0.011238728,0.003377398,0.046638586
mrna-NM_003337_29,0.0004579264,0.0010711163,0.00033575538,0.0006338805,0.0007950186,-3.9423383e-05
NM_015213_70,0.011197773,0.011116236,0.009000269,0.005326815,0.0028665806,6.56665e-05
NM_014501_77,0.027490575,0.026790496,0.0058789346,0.033210646,0.0038695436,0.0074230623
NM_00334244,0.025972556,0.008190449,0.0038616022,0.019992577,0.010214298,0.0071631735
NM_016406_65,0.023845386,0.040428128,0.040925518,0.022544043,0.019885067,0.04156679
NM_015213_79,0.035079617,0.007789873,0.032142583,0.0103647895,0.00084039825,-0.0007659129
XM_371822_41,0.018340204,0.0016811618,0.008165387,0.013627676,0.01897543,0.007615843
NM_003345_28,0.04434926,0.016696721,0.018112252,0.04646028,0.027903566,0.012153144
mrna-BD135193_29,0.0065162405,0.0018902627,0.0038563309,0.0036674028,3.5601977e-05,0.002523676
NM_00334850,0.044959884,0.038078662,0.037411883,0.0009833723,0.007109731,0.004972023
NM_00334246,0.010050803,0.011135021,0.0016839823,0.003793824,0.0017862178,0.003871742
NM_01417634,0.029831536,0.004577376,0.02805746,0.009670738,0.009520517,0.0027733638
NM_00701936,0.04550536,0.019121345,0.018385345,0.024655802,0.00031878505,0.0018609728
U4729857,0.03318769,0.039080255,0.04508902,0.0011313324,0.029194009,0.025045354
mrna-NM_003340_30,0.04353532,0.022524094,0.002246357,0.04643567,0.029323645,0.036688197
NM_00255987,0.017515639,0.0146662025,0.01024794,0.01760897,0.014342752,0.009278661
NM_015213_49,0.0027741522,0.002817565,-6.067208e-05,0.001238872,0.00035793503,-9.860821e-05
XM_371822_126,0.0006731499,0.012486906,5.8101738e-05,0.004113007,0.00084035954,0.00049345574
mrna-NM_003344_51,0.0007623903,0.0010068467,-2.4645411e-05,0.00013161615,0.00022706305,1.6342587e-05
mrna-BD135193_33,0.026629608,0.019007541,0.004344247,0.02503304,0.0027825679,0.020985711
NM_00635753,0.0018031806,0.02236768,0.0017592822,0.013789643,0.0032492657,0.0022232793
NM_015213_36,0.003614019,0.027994048,0.0028495635,0.0135224555,0.0020972383,0.0076711355
mrna-NM_004359_47,0.01045282,0.011719892,0.013999967,0.0008214617,0.011414905,0.007459837
U4729833,0.033173166,0.013653712,0.0024779057,0.00028853017,0.017339246,0.0022100531
mrna-NM_003340_55,0.022597753,0.06387686,0.0013549852,0.0012780677,0.012666791,0.044401146
NM_015213_84,0.0016931264,0.0008784022,0.0005614842,0.000642782,-0.000114767565,-0.00010781309
NM_004223_45,0.043236196,0.022637196,0.00498494,0.033734284,0.017922012,0.03390644
mrna-BD135193_56,0.047450654,0.004153754,0.011287608,0.025411308,0.017832713,0.026582979
NM_003345_56,0.008273834,0.026439868,-0.0012660715,0.018581659,0.0013195279,0.015692042
mrna-NM_003340_17,0.005642704,0.0022653255,0.0034859425,0.0030280047,0.0040178136,0.0016057908
U47298102,0.006203422,0.033204444,0.02466973,0.021309817,0.018024378,0.0065722372
NM_00635767,0.008900766,0.017640004,0.006328275,0.018324343,0.0066734394,0.015941268
X759325,0.025889954,0.055822823,0.05428997,0.0111239245,0.005132821,0.04027086
NM_00701931,0.020912291,0.036012467,0.0362217,0.019629426,0.002596365,0.034181997
XM_371822_3,0.008752403,0.022860236,0.016939241,0.00841647,0.016226206,0.01335753
mrna-NM_003337_53,0.022920357,0.006868022,0.019313943,0.0088601755,0.010429934,0.0047418056
mrna-NM_003344_67,0.0036823826,0.010331618,0.0028553556,6.532069e-05,0.0011465508,0.00082812266
mrna-BD135193_40,0.02613274,0.035632834,0.027875783,0.013413861,-0.002816477,0.0008672858
mrna-NM_003340_13,0.0050627943,0.0035896946,0.001346454,0.0045215413,0.0044364533,0.0001699397
AH00149815,0.03525981,0.052176796,0.04332699,0.04254302,0.009813338,0.043315362
mrna-BD135193_55,0.002470389,0.0014271851,0.0010058896,0.0011598945,-3.8377326e-05,-9.632438e-05
mrna-NM_004359_20,0.013269049,0.08220773,0.0015069038,0.012739095,-0.010474786,-0.022603912
NM_0070197,0.03932818,0.023036698,0.02210583,0.0112594655,0.022587491,0.0056524263
NM_00334269,0.0058345487,0.005421958,0.0077573387,0.00089194573,0.0067262957,0.00038309392
U472964,0.055237584,0.010751703,0.002880107,0.0046118093,0.029984396,0.009934977
X759329,0.057032645,0.008178423,0.038237344,0.027686011,0.022590132,0.02478915
XM_371822_38,0.008646497,0.024447953,0.021777788,0.010360579,0.016996268,0.024626162
NM_015213_71,0.0063879048,0.06553878,0.045314737,0.014874471,0.041280977,0.032725867
mrna-BD135193_53,0.0074989377,0.031958517,0.024332367,0.022447163,0.012039057,0.026934376
U47298106,0.0016399135,0.017172873,0.0024292076,0.004979859,-0.0002764171,0.008104345
NM_003347_26,0.030457513,0.030521061,0.00042392264,0.0025283808,0.003585464,0.017814066
NM_00334214,0.007439262,0.03741788,0.012056177,0.0154391965,0.0046287957,0.012880305
NM_004223_70,0.049222913,0.02041902,0.0013973875,0.044826813,0.046252437,0.008719036
NM_004223_55,0.033190414,0.02652116,0.015448179,0.013515044,0.0028257198,0.006790938
NM_00334828,0.045801327,0.012404587,-0.0026805052,0.00061673176,0.0026036212,0.00574636
mrna-NM_003337_14,0.017170632,0.03918246,0.013611053,0.023962982,-0.0002328961,0.00090827787
NM_004223_31,0.011204676,0.052997682,0.028649617,0.01394298,0.03225893,0.022919646
NM_00100148133,0.0016824236,0.006330908,0.0007622849,0.0073148636,0.0011412385,0.0012206105
NM_004223_72,0.07074549,0.018214356,0.0042692027,-0.00030320373,0.022684637,0.026899723
U4729856,0.0024772515,0.0042186254,0.0004340141,0.0033292244,0.0005772388,2.3651686e-05
NM_00545041,0.012722329,0.057828244,0.027566062,0.04249168,0.0010661425,0.0013387956
NM_00701943,0.006648163,0.04678931,0.014814186,0.044634607,5.1319214e-05,0.053205352
mrna-NM_003344_25,0.0033667719,0.044333875,0.010999683,0.04272818,0.0014329269,0.043524135
NM_014501_21,0.022371365,0.041832406,0.017577384,0.04361302,0.006755089,0.046084788
U4729897,0.030677458,0.03562554,0.021965424,0.04218601,0.04613309,0.0008377191
mrna-NM_003337_49,0.0036341692,0.0030018294,0.0040581133,0.0016008649,0.00010068642,9.4161165e-05
NM_00635774,0.0028815488,0.02394272,0.023656528,0.00034010466,0.021202272,0.0032738103
XM_371822_18,0.02607851,0.036625404,0.007366924,0.031017417,0.029267946,0.012842407
NM_015213_25,0.00046660422,0.0007400762,0.00018522264,0.00044339814,0.00023433864,0.00016037811
U47298107,0.006790978,0.003906576,0.0007742959,0.00026214437,0.0050772848,0.0007702466
NM_014501_65,0.057317488,0.06717411,0.00062072277,0.0052575255,0.024279773,0.0010922665
NM_003345_59,0.0017240777,0.023660334,0.015627148,0.010196352,0.0071099456,0.01594882
NM_016406_40,0.035806052,0.047397017,0.0013762603,-0.0013242511,0.0070274416,0.013551365
NM_003347_6,0.005991679,0.0024976593,0.0025864313,0.005206183,0.0052435896,0.00075186905
NM_003345_18,0.029954242,0.00097137876,0.0042696144,0.018782357,0.01189295,0.002224243
U4729838,0.038684957,0.029699955,0.026667004,0.01546291,0.01379349,0.038419273
U4729835,0.03597576,0.012889128,0.0090546785,0.033750158,0.0034489396,0.024629619
U4729891,0.021021528,0.049582627,0.008353453,0.033575825,0.0006372028,0.018910091
NM_014501_69,0.072699256,0.0016151476,0.021262692,0.034063008,-0.0006923901,-0.0011251132
XM_371822_52,0.056672525,0.013846174,0.03284727,0.009256774,0.012305333,0.006303542
mrna-NM_003340_64,0.0010870756,0.043855634,0.031401854,0.0053576725,0.011021915,0.037695885
NM_00334875,0.0074116085,0.030535016,0.022770625,0.018931767,0.00084335636,0.0027549618
mrna-BD135193_37,0.013508395,0.040684983,0.03158316,0.0038277034,0.0026777233,0.0024949422
mrna-BD135193_50,0.01596073,0.00089690817,0.008701923,0.0015067864,0.010113276,0.005276739
NM_01417635,0.05141275,0.004503681,0.042288434,0.010649603,0.02092975,0.03206415
NM_00701923,0.026187906,0.045142807,0.0640982,0.010462162,0.023062188,0.029735146
U4729832,0.017614383,0.006763834,0.010523162,0.01121478,0.01452566,0.003932369
NM_01417632,0.012930494,0.023691215,0.013921574,0.023474611,0.00048042275,0.0026845122
NM_003347_1,0.00025114397,0.00024026347,0.00031794823,0.00031161774,0.000117912656,2.81285e-05
NM_015213_124,0.059611015,-0.0012030966,0.015336543,0.017252367,-0.003722587,0.012195091
XM_371822_106,0.032858316,0.03610409,0.03149479,0.035270773,-0.00028999784,0.00016558837
mrna-NM_003340_85,0.02750021,0.046898935,0.015847286,0.035846237,0.011305713,0.03762869
NM_00334235,8.6753855e-05,8.411906e-05,4.2453434e-05,8.718125e-05,1.367184e-05,2.2323868e-06
NM_004223_16,0.020834578,0.037637357,0.04002257,0.009848541,0.02701778,0.03339885
XM_371822_78,0.015245963,0.062454335,0.0121707935,0.005217607,0.032749165,0.027393812
NM_00701954,0.046837572,0.06262456,0.0017608933,0.07524474,-0.0003857066,-0.0027313167
NM_014501_35,0.009322965,0.059211288,0.0021931666,-5.748396e-05,0.018960118,0.0055395192
NM_00635766,0.018817771,0.04155037,0.021352865,0.042833425,0.029941853,0.0305784
mrna-NM_003337_76,0.01656103,0.014368754,0.004170972,0.0094682155,0.011052413,0.0040191333
NM_00545025,0.03591611,0.019943299,-0.0006494532,0.039349098,0.02925665,0.018827949
NM_00255956,0.03491603,0.022638267,0.03152338,0.0033396294,0.00045068262,0.0033710422
NM_00701966,0.036202084,0.034005407,0.013794914,0.022114182,-0.0014276395,0.033264063
NM_014501_22,0.040858142,0.016805941,0.064163454,0.03617684,-0.002756913,-0.003699393
NM_014501_52,0.00868776,0.040054414,0.001799819,0.0017094377,0.013281146,0.014321405
NM_00100148138,0.048568357,0.008001826,-0.00020683582,5.7688107e-05,0.005055304,0.005080721
AH00149831,0.017279105,0.04306856,0.002948759,0.054099753,0.031917833,0.023019727
NM_00635751,0.013508637,0.0075728996,0.006270727,0.0047884327,0.00021128586,-0.0005896269
NM_015213_23,0.02707629,0.004648945,0.023855936,0.0070784516,0.0025339075,0.008814152
NM_004223_61,0.0028502557,0.038328864,0.009343017,0.0024037026,0.0132853305,0.017237693
NM_016406_6,0.0040810695,0.010931733,0.009614771,0.00073348504,0.0081499955,0.0005036058
mrna-NM_003337_55,0.015021278,0.03682084,0.03139283,0.014457265,0.033585567,0.014443921
NM_00255966,0.0083372565,0.047463767,0.031567037,0.030143088,0.03905977,0.018695688
mrna,0.022542637,0.053495765,0.0026645362,0.02036364,0.006774227,0.0033553613
mrna-NM_003340_31,0.00050668296,0.0056597725,0.00022839174,0.0035507742,0.0011941475,0.0012290364
XM_371822_111,0.048992813,0.0021114931,0.03157083,0.016586116,0.02728436,0.013316092
mrna-NM_004359_46,0.030807452,0.07209794,0.013746432,0.0046967883,0.037294082,0.00077396346
NM_0033426,6.6372246e-05,0.0013391727,0.00038006372,0.00046412737,0.00012430247,0.00026014863
NM_00334212,0.0001019784,0.0020806296,0.00063974893,0.0006990453,-0.00021339508,-0.00028062804
mrna-NM_003337_32,0.0504752,0.005466796,-0.005668142,0.00031430487,0.022414636,0.0042870855
NM_0033481,0.02740514,0.019767327,0.021455036,0.022879416,0.03186975,0.0009410911
NM_01417623,0.037069734,0.02610045,0.007536342,0.04428358,0.03815491,0.02293136
NM_016406_59,0.009831625,0.007253333,0.0011796599,0.008820366,0.0040604845,0.0033283983
X759322,0.05868492,0.03147847,0.0013645194,0.0058375,0.0026053414,0.042923562
mrna-NM_003344_66,0.003341587,0.009744042,0.0012369062,0.00048704725,0.0030556188,0.0021913808
NM_01602148,0.009813455,0.021376027,0.0077795153,0.0154543705,0.020110032,0.012951839
mrna-NM_003344_58,0.022411369,0.022366852,0.014292741,0.0077456487,0.018426396,0.015629701
NM_014501_54,0.032554917,0.034177694,0.046841152,0.0066293194,0.04283448,0.019214148
NM_00334876,0.016938845,0.017416887,-0.0030517986,0.0025263615,0.0043670204,0.0007881815
XM_371822_112,0.007671028,0.0025667187,-0.0013585432,-0.0007203768,0.0016028064,0.002122084
XM_371822_71,0.038487803,0.034932848,0.04148439,0.025678748,0.0031166612,0.061602496
NM_004223_3,0.061364748,0.013429035,0.0013310068,0.007210112,0.029736346,0.03259717
NM_00255960,0.034179196,0.034729723,0.046569645,0.010502696,0.023842735,0.03849436
NM_00701968,0.015615267,0.045567792,0.034681287,0.00042165595,0.034552943,0.009062362
NM_00100148130,0.013752231,0.0074494914,0.0052194637,0.0117843775,0.0056268717,0.0018281467
NM_00545061,0.05742796,0.06479873,0.00052523264,0.012139131,-0.00038701695,0.006434698
NM_00701940,0.021452593,0.07039748,0.000365796,-0.0005968572,0.025893698,0.004354028
mrna-NM_003344_61,0.044378646,0.015245164,0.009201232,0.050832428,0.070735104,0.00075822667
U472988,0.050040886,0.0007550582,-0.00032570492,0.0011862519,0.0033477915,0.0037446641
U4729879,-0.0027609793,0.053093534,0.03287174,0.024212932,0.000572936,-0.0011544488
NM_003347_20,0.015428756,0.02769068,0.017216265,0.0064796368,0.0140335085,0.0031335796
NM_003347_38,0.0062713553,0.052615523,0.021685597,0.038914323,0.016218651,0.034880135
NM_015213_34,0.017156402,0.03955737,0.02487009,0.005721147,0.018497745,0.016403709
U4729877,0.06712131,0.008091614,0.034842983,0.02616414,0.03512435,0.01219644
NM_00255931,0.016203174,0.04010415,0.041950326,0.012280142,0.015771516,0.039813112
NM_01417673,0.0060789194,0.038296245,0.0006165182,4.213256e-05,0.0023461953,0.027914852
NM_00100148166,0.004838092,0.0047179586,0.0057271114,0.0030873807,0.002419837,-5.1842126e-05
NM_01417640,0.0008543571,0.011466948,0.0063063046,0.008839161,0.0061186696,0.004787428
U4729868,0.0030755976,0.0020785807,0.00076483365,0.0031773634,0.00054821704,0.00027226098
mrna-NM_003337_1,0.032670323,0.0047000796,0.028477076,0.015420377,0.027490092,0.0021871305
NM_01417662,0.0058399215,0.028635617,0.0027354,0.031275626,0.026205948,0.0059742015
NM_015213_119,0.02964004,0.0022848183,0.003855325,0.018857341,-0.002816978,0.0023042874
XM_371822_10,0.040461324,0.026382921,0.0432816,0.017265502,0.030026244,0.034512773
mrna-NM_003344_41,0.009537892,0.0091265,0.0025324228,0.0115262745,0.00933184,0.0032422815
NM_015213_5,0.04049765,0.012463244,0.021027561,0.03647363,0.027396776,0.02633211
NM_01417658,0.0047457768,-0.00029863705,0.004104403,0.00023641245,0.0021254353,0.001597367
NM_0033486,0.04387953,0.015731303,0.038492993,0.025512395,0.015691692,0.04241423
U4729870,0.008188692,0.0115781715,0.0052078487,0.006820097,-0.0001373259,-0.0018324178
mrna-NM_003344_13,0.021036962,0.0052208053,0.0012582057,0.001806498,0.010838582,0.008180826
NM_004223_15,0.0063546915,0.021925284,0.0131314555,0.013228595,0.013283667,0.0027471045
NM_00334866,0.00650058,0.04779367,0.030905984,0.03401269,0.04366953,0.017106993
NM_003345_37,0.0655828,0.011958185,-0.0011522716,-0.00033313216,0.016348861,0.033644672
XM_371822_131,0.010719531,0.03374379,0.034453757,0.0043173535,0.0055763857,0.03367173
J30312_7,0.021318208,0.038454305,0.015353459,0.039844338,0.025334077,0.031236203
XM_371822_91,0.0020240578,0.05333102,0.009747669,0.025899382,-0.008198542,0.0010137071
U4729852,0.0020994018,0.004311509,0.00096936966,0.0042924955,0.00087853055,0.00075841666
mrna-NM_004359_1,0.0003728968,9.2287795e-05,0.00018661741,0.00010413172,-1.0528878e-11,4.0822585e-11
NM_00334817,0.02015444,0.024017368,0.02324177,0.012461046,0.009890202,0.0070492406
U47298108,0.057716202,0.020745387,0.012273197,0.04194803,0.015111781,0.0072997874
NM_01417663,0.010261391,0.044193085,0.030577336,0.03293078,0.045004584,0.016232323
mrna-BD135193_21,0.020401917,0.041362595,0.039836206,0.02282214,0.019245524,0.041612174
mrna-NM_004359_29,0.04642049,0.01405122,0.04112435,0.018992187,0.0246826,0.039826997
NM_00255968,0.014707341,0.042923655,0.020512866,0.025845384,0.012105492,0.035685558
mrna-NM_003337_38,0.018701015,0.054757908,0.013486129,0.010675547,0.024759727,0.025408808
NM_0033427,0.015112649,0.04750795,0.00028995014,-0.00015720005,0.00047920938,0.00090172485
NM_015213_26,-0.0018791651,0.03324127,0.016107086,0.021641707,0.02228978,0.011396774
U472966,0.00047486983,9.6115866e-05,2.803413e-05,0.00023878748,-1.3022135e-06,9.512683e-05
XM_371822_47,0.00059883774,0.03638851,0.036340583,0.005825522,0.004332864,0.035356887
U4729898,0.044186097,0.0060377945,0.04247717,0.03775298,0.00087456516,0.014183161
NM_003347_4,0.011866101,0.019422328,0.011259798,0.014570205,0.008012471,0.012583908
NM_003347_45,0.017539196,0.044958588,0.0005435078,7.241482e-05,0.0039665033,0.031254377
NM_0054503,0.032964192,0.022187028,0.0032421013,0.007765999,0.0024239274,-0.0017518132
NM_004223_38,0.0025173405,0.04435743,0.04583847,-0.0012554489,0.038217325,0.034706894
NM_00100148113,0.009592577,0.01978451,0.002196303,0.0035361282,0.00185318,0.0050634057
mrna-NM_003340_34,0.0145603735,0.057928085,0.011268248,0.061737653,0.030735128,0.021134894
NM_0141769,0.011447162,0.015202815,0.011575982,0.005235882,0.010502573,0.004985094
NM_015213_98,0.025174467,0.012042375,0.014899571,0.01619942,0.01960235,0.0046888185
NM_00334855,0.0010211484,0.050053354,-0.0016047775,0.019639676,0.0152722625,0.003953241
U4729875,0.00093644054,0.0014370106,0.0004707247,0.0007609065,-6.0738887e-05,6.927927e-05
mrna-NM_003340_7,0.017792692,0.0021536814,0.01570011,0.0065265954,0.0007343896,0.015898818
NM_004223_23,0.0022064322,0.046489086,0.03305687,0.031503778,0.042046297,0.016356835
NM_00255977,0.05511958,0.01240081,0.013778065,0.035764895,0.022201097,0.018770276
NM_00334810,0.0077645485,0.046389356,0.017083447,0.04346716,0.04612444,0.0070987954
NM_00334274,0.0070305634,0.08105746,0.0031725098,0.0021938458,0.04375465,0.00980229
NM_01602120,0.04165179,0.02407267,0.046123184,0.019157056,0.014353711,0.04013558
NM_016406_56,0.04285809,0.0126492735,0.0026842118,-0.0070027323,0.009513685,0.00393635
NM_00545046,0.051023178,0.0021437786,-0.00191374,0.004974702,0.0007035854,0.0013680428
NM_00334851,0.016189532,0.042643066,0.003273866,0.025813457,0.014260682,0.029176772
NM_00255950,0.0006002754,0.05571201,0.0050351,-0.0015130781,0.0031264343,0.0037873562
mrna-NM_003344_1,0.020945974,0.037262842,0.004738323,0.0037066783,0.0018110914,0.006003903
NM_015213_48,0.015961168,0.0074264994,0.0020555179,0.0019844775,0.010764758,0.0034484605
NM_01602118,0.04000216,0.024501922,0.036149375,0.0299361,0.043284435,0.018131835
XM_371822_98,0.05817481,0.003920903,0.0010974552,-0.0008180772,0.022387365,0.038376704
NM_00701973,0.0070363474,0.039244514,0.0238133,0.019290093,0.010876688,-0.00922854
NM_0205482,0.0012346342,-5.8161015e-05,0.0006279534,2.0422285e-05,-9.108994e-05,-4.7787544e-05
NM_00100148125,0.0069804513,0.024947409,0.013417635,0.021863852,0.004699169,0.024861561
NM_00255978,0.033027314,0.030493699,0.0034149524,0.018563766,0.031586215,0.0057409275
NM_014501_10,0.052607086,0.040524144,0.03531566,0.029203257,0.029297194,0.0361909
U4729887,0.0040333974,0.006189097,0.007889734,0.0024065084,0.0016770257,0.004485263
NM_00255923,0.009314416,0.0022792886,0.0032622137,0.0063155987,0.0058529023,0.00041431113
NM_003345_22,0.004619444,0.06421529,0.0008566323,0.0020788822,0.026891517,0.026544314
NM_0141767,0.038944878,0.023214081,0.012794162,0.043006673,0.04196834,0.023112595
NM_00334839,0.028811427,0.046846632,0.030101342,0.013753903,0.03455662,0.020037783
NM_015213_108,0.057398785,0.031262077,0.025486086,0.03937122,0.0029082948,0.03347045
NM_003345_42,0.008222614,0.0076452927,0.0012547207,0.0017576005,0.002578043,0.0022082631
NM_0141765,0.0034893868,0.030060938,0.021413969,0.006638217,0.010716269,0.0012712245
NM_016406_37,0.033599317,0.04418953,0.02142598,0.052338507,-0.0021775325,-0.00052162755
NM_004223_35,0.049973782,0.00622669,0.031280473,0.026663752,0.02510442,0.034176044
NM_00334819,0.007417163,0.013148402,0.012953543,0.0007146699,0.010787329,0.0010961433
NM_00100148117,0.005153181,0.005137118,0.0047312626,0.0059273606,0.0029141342,0.00192465
mrna-BD135193_7,0.018223204,0.0015565079,0.0064858836,0.00057832804,0.0033521669,0.0051150904
mrna-NM_003344_45,0.02988905,0.038886916,0.03106289,0.008888463,0.01017513,0.0063352194
NM_004223_14,0.04267733,0.026628764,0.030368622,0.014793676,0.019959634,0.033223324
mrna-NM_003337_41,0.0016799119,0.007107426,0.0016439498,0.000829484,0.0035987517,0.0019393843
NM_00255939,0.049883775,0.033705276,0.008087296,0.037419777,0.026055092,0.0024357266
NM_014501_75,0.055992298,-0.00040548516,0.017942963,0.014174554,0.036446653,0.0056321933
U47298110,0.00444874,0.04127411,0.01680886,0.034835532,0.017264497,0.002975356
NM_015213_59,0.0072927857,0.0037348014,0.00059284153,-3.287907e-05,0.00022926787,0.0002964171
NM_016406_64,0.0014556091,0.0035795541,0.002762077,-0.0001070483,0.00029349618,0.0007083662
mrna-BD135193_19,0.001455591,0.0014944983,0.0009378595,0.00042270965,4.923426e-05,0.0007028324
NM_014501_15,0.042714033,0.012600238,0.010285107,0.0041798176,0.015823979,0.0068271076
mrna-NM_004359_3,0.019474523,0.007939528,0.017709048,0.0057849064,0.003858064,0.0012850951
NM_015213_76,0.027881633,0.018371377,0.018047022,0.010072694,0.00281389,0.006009064
NM_015213_96,0.00093083526,0.00026649382,0.00020826656,0.0003449732,3.973496e-05,4.123225e-05
NM_00334813,0.038297918,0.029061168,0.017311424,0.051751774,0.0019201221,0.0042203804
NM_003345_54,0.0018702246,0.0040394766,0.001040914,0.00053496583,0.00032080576,0.002351364
NM_0033422,0.008668696,0.04013439,0.009767613,0.019548902,0.012536962,0.0061600893
NM_003345_31,0.022579065,0.0017561982,0.015667457,0.013512876,0.009627451,0.01641156
J30312_15,0.022563556,0.061482072,0.005155375,7.402585e-05,0.02335428,0.03158359
NM_003347_35,0.0031281079,0.0036909573,0.00028357338,0.0019147178,0.00013696917,0.000478817
NM_014501_24,0.030495055,0.01547848,0.0017030281,0.016323188,0.008880698,-7.3013456e-05
NM_014501_72,0.031366132,0.038165815,0.05149046,0.00073931704,0.02780446,0.015798828
NM_0020468,0.047063287,0.0010415729,0.034118637,0.032001596,0.044680312,0.008912053
NM_004223_49,0.001673048,0.014621488,0.0076913866,0.011165175,0.0020657363,0.0009883421
NM_004223_27,0.023523092,0.061844222,0.00022168156,-0.00010162984,0.026755001,0.035693005
NM_00545015,0.031421524,0.009074899,0.005946777,0.021896329,0.016576316,0.01697656
mrna-NM_004359_28,0.04502355,0.046306267,0.03502359,0.01811683,0.009424032,0.003459134
NM_0010014812,0.01616116,0.0038827339,0.0013978485,0.008959797,0.007067773,0.0017055845
mrna-NM_003344_68,0.011780259,0.057414267,0.015518531,0.027277062,0.04291395,0.017236996
NM_015213_53,0.0048465794,0.0012573228,0.005423754,0.002573164,0.0021613792,0.0017648622
NM_01417636,0.026520064,0.027806642,0.037108444,0.0048241713,0.012582531,0.027121346
NM_00255932,0.02403045,0.04446677,0.0390808,0.011004799,0.02505647,0.030173117
NM_00635744,0.0020126079,0.037412975,0.0013960487,0.0038881316,0.006712973,0.008796328
NM_00545048,0.027356628,0.048340864,0.027293477,0.025726968,0.017244978,0.012278842
NM_00334270,0.014241993,0.04905441,0.017467925,0.03501685,0.006407425,0.0041683814
mrna-NM_003344_40,0.001936916,0.0074137817,0.0011499774,0.0029106343,0.0012572816,0.0029195882
NM_004223_65,0.012231666,0.053646762,0.009335665,0.027912179,0.0035875877,0.0101382015
NM_003345_16,0.024130814,0.037979282,0.029652085,0.033774555,0.017711144,0.040952
XM_371822_24,0.0042008976,0.025839549,0.023488548,0.0018122821,5.1385352e-05,0.0053565362
XM_371822_130,1.9180214e-05,4.071219e-05,1.1680138e-05,1.7991679e-06,-4.041342e-12,-1.133984e-12
mrna-NM_004359_38,0.050788496,0.023525001,0.020927995,0.012450607,0.015845953,0.034596857
NM_00334268,0.0073646465,0.049426816,0.00033332297,0.00035597224,0.0049371817,0.0037690778
NM_0160216,0.025220936,0.039569143,0.0383807,0.026977392,0.008464747,0.046165816
NM_01417620,0.0029368657,0.0018704064,0.0004743722,0.00062087446,0.0010686438,0.0010709494
NM_01417653,0.014588371,0.012306965,0.0129849315,0.0028849868,0.0039079473,0.015773075
mrna-NM_003337_24,0.00024089482,0.046314616,0.0018876384,0.03595298,0.00992868,0.005855941
NM_003345_64,0.056159634,0.00462233,0.0048437607,0.0014214974,0.015003045,0.000114650946
mrna-NM_003340_36,0.04346489,0.01163805,0.042740986,0.0135474475,0.051879402,0.010836787
NM_003347_12,0.050405182,0.003295377,0.016137846,0.028568534,-0.0042425115,0.0018280233
NM_01602115,0.04480379,0.008782749,0.0008704374,-0.00038112001,-0.006551889,0.00185534
NM_0141766,0.036174107,0.01048909,0.01600281,0.009538355,0.039495777,0.009896917
NM_01417670,0.021234104,0.022094315,0.030113976,0.0071196607,0.009972792,0.005598002
NM_0025598,0.0066452497,0.051764823,0.032711674,0.02009544,0.025642784,0.033914678
NM_01417626,0.018907137,0.01949509,0.0120451795,0.023326846,0.009415229,0.0041194847
U4729862,0.057317708,0.01695208,0.0144488765,0.0368902,0.0155984275,0.030525962
NM_0054501,0.015352285,0.041327275,0.003703879,0.011900595,0.006380118,0.011549582
mrna-NM_003337_48,0.08795113,0.017566672,0.020840712,0.007202888,0.011132137,0.018385777
mrna-NM_003337_74,0.04642837,0.013995483,0.042550154,0.017127905,0.009892224,0.041371576
NM_015213_66,0.02277835,0.0006027706,0.00021341073,0.0009011566,0.0061437194,0.00082000426
J30312_24,0.0072538643,0.03919838,0.0038244198,0.03959202,0.016023895,0.020695316
mrna-NM_003340_56,0.007178112,0.022266163,0.005726248,0.0005669842,0.009325093,0.0014979127
NM_00334236,0.0007978741,0.0019531336,0.00016199701,0.000949139,-0.0002354363,-0.00017236349
NM_0033421,0.00931433,0.00062711944,0.0012605063,0.0041615693,0.0008611048,0.00041144164
mrna-NM_004359_15,0.023770358,0.054795966,0.034052197,0.0069428775,0.017076889,0.043613784
NM_003345_47,0.004014501,0.0019658045,0.00012586842,0.0011749034,0.0020419585,0.0012655376
XM_371822_56,0.0073927487,0.06656498,0.024070146,0.036020197,0.00019687315,0.0010201818
NM_00100148153,0.0005335629,0.0029212537,0.0030663768,0.0010669895,0.00074382336,0.001748554
NM_003347_50,0.016382013,0.024387436,0.018177006,0.0048292163,0.0032925578,-4.5410667e-05
NM_0010014813,0.00079197926,0.0052851834,0.002484086,0.0035451953,0.0001503117,0.0007644799
mrna-NM_003340_45,0.0029726329,0.0046724086,0.0040596826,0.003039803,0.0007712577,0.0038393766
AH00149840,0.009467138,0.065031305,0.030088238,0.0204467,0.01103809,0.0030453561
XM_371822_28,0.012913299,0.053589102,0.01175751,0.016739856,0.0052444986,0.035103973
NM_00100148147,0.005805107,0.011339604,0.00054998515,0.0018745064,0.0051057655,0.0058953483
NM_014501_78,0.012963677,0.045429647,0.03564374,0.030916838,0.018913068,0.04303289
NM_01417647,0.0012496696,0.020053906,0.012768194,0.013097865,0.0032023974,0.012121158
NM_003347_32,0.05337161,0.0116119,0.03598972,0.020247817,0.024449807,0.0067529697
U472986,0.024934797,0.015821999,0.0075339293,0.008584457,0.010853094,0.011896466
NM_00545044,0.0640455,0.007054943,0.04045743,0.04968262,0.007190628,0.0025697283
NM_00334227,0.040085055,0.033578474,0.027883431,0.030754121,0.011338394,0.045503028
NM_00255921,0.0005448063,0.053265855,0.0039376463,0.04820725,0.010922565,0.03475379
XM_371822_105,0.0034123103,0.018137395,0.010586079,0.009054794,0.005027525,0.0011474751
mrna-NM_003340_71,0.02602068,0.027569113,0.007603531,0.035595197,0.03333526,0.008887908
XM_371822_35,0.009017314,0.023790356,0.004699245,0.0013208232,0.0052909316,0.014692957
XM_371822_32,0.025061635,0.03506231,0.010783034,0.04127342,0.03975409,0.013775316
mrna-NM_004359_23,0.010357143,0.012591322,0.004093353,0.013082192,0.006366456,0.013536492
U4729812,0.029257325,0.022796355,0.01208875,0.015059406,-0.00039580805,0.0016416783
NM_00701918,0.044501055,0.012908674,0.036059923,0.030904533,0.061651077,-0.007421478
NM_015213_111,0.013711752,0.05609483,0.043639634,0.014896921,0.017416548,0.0067084534
NM_015213_54,0.041126788,0.011312031,0.026746664,0.0299781,0.021790601,0.033129066
U4729823,0.010478577,0.054787613,0.01463778,0.038384054,0.0514348,0.035958562
NM_00701958,0.0011724747,0.07788636,0.0734096,0.011018292,-0.0013752471,-0.0012131569
NM_004223_5,0.019528488,0.039543923,0.017386807,0.039125785,0.0018049764,0.042643115
mrna-NM_003340_63,0.0050763274,0.009385019,0.0021146536,0.0018395,0.00087373296,0.0038192424
AH00149835,0.02787838,0.049670555,0.028063448,0.010561811,0.03360401,-0.00046922037
NM_003347_30,0.05153216,0.03392588,0.001927827,0.0076206964,0.02123897,0.0031272627
NM_01417646,0.00030710903,0.023627762,0.00033568792,0.02938674,0.00027614873,-0.0027693904
mrna-NM_003340_14,0.035694983,0.0045099645,0.0077320174,0.013690795,0.0046214857,0.012286653
XM_371822_144,0.04520124,0.04962771,0.012545067,0.044012234,0.03807024,0.026437605
mrna-NM_003340_16,0.04532259,0.014624312,0.0020568506,0.0005238455,-0.0010391459,0.00015060311
NM_00334818,0.00091799,0.066861145,0.053314243,0.018407933,0.002866991,0.0071505513
NM_00701941,0.039054845,0.04486964,0.027152216,0.022548039,0.0055993954,0.0003794962
NM_00701935,0.019962935,0.014398576,0.0061572525,0.018030941,0.005120159,0.021198343
NM_014501_33,0.022999035,0.041196685,0.046204917,0.008530646,0.046750173,0.0065569966
NM_003345_3,0.027591294,0.015863597,0.011292818,0.027482545,0.01896989,0.019690482
NM_00701930,0.044426415,0.0037795866,0.033808377,0.021205034,0.013298259,0.044361155
NM_003345_33,0.023687562,0.037930373,0.040412877,0.01856974,0.04336529,0.007904021
NM_016406_42,0.035954367,0.076353684,0.0020497323,0.004628742,0.025632836,0.030992653
NM_01417642,0.04297548,0.016720448,0.027203156,0.036810815,0.038251154,0.024441127
NM_01602140,0.01045999,0.07860828,0.03777767,0.033625636,-0.010615168,-0.004813204
NM_004223_51,0.005325548,0.045484915,0.03877793,0.02120889,0.016364608,0.037483163
NM_016406_36,0.024782535,0.014697366,0.013055845,0.024162881,7.319204e-05,0.02628377
NM_015213_62,0.032196566,0.028278382,0.026553858,0.033081528,0.0005391653,0.038123094
NM_004223_22,0.009393705,0.065943666,-1.3448974e-05,0.0003604433,0.030317727,0.033022154
mrna-BD135193_35,0.01945835,0.020485753,0.027707735,0.0044634957,0.018267008,0.012311465
mrna-BD135193_30,0.014689741,0.006179383,0.0032329638,0.001581285,0.011591513,0.0012639568
mrna-NM_003344_59,0.020531096,0.0128522245,0.01210187,0.0021066912,0.0043388098,0.019011963
mrna-BD135193_47,0.009722313,0.04333513,0.030818764,0.0324949,0.036767337,0.0008034609
AH00149811,0.054518927,0.051155284,0.0023032583,-0.009080054,0.0014160158,0.021255527
NM_00100148169,0.013893883,0.058438215,0.058407918,0.0021998796,0.011691372,0.02593991
NM_015213_89,0.041618004,0.0039136563,0.018304331,0.037313852,0.03788998,0.0178763
U4729819,0.0042737597,0.049700566,0.00021074024,0.0315802,0.043098833,0.033118404
NM_01417669,0.04060845,0.015924819,0.010425576,0.0327525,-0.0018890325,-0.0029005138
NM_00255924,0.025249336,0.0831859,0.0014879834,0.04540742,0.032418612,0.014534355
NM_015213_12,0.03952988,0.0013843105,0.0034345502,0.03494801,0.024323558,0.01234064
XM_371822_110,0.053942997,0.010721947,0.039057653,0.009724923,0.005365802,0.005998937
NM_00701951,0.03668972,0.0030097584,0.012656351,0.006722836,0.024044724,0.00018428269
NM_00100148148,0.0056112977,0.0030790968,0.0035995033,0.0022966086,0.0006967787,0.004569372
NM_014501_55,0.050076187,0.001229663,0.007913059,0.009226162,0.030688068,0.023633074
NM_00334247,0.016448075,0.044491846,0.016618418,0.04293209,0.03341232,0.027786072
mrna-NM_003344_18,0.035479464,0.03949039,0.019853674,0.031721987,0.0111682955,0.042338923
NM_00635741,0.017412037,0.0043242485,0.0064334422,0.01458287,0.014060409,0.0034449224
NM_003345_13,0.007681927,0.055072557,0.012275406,0.049156178,0.019430643,0.03233289
mrna-NM_003340_84,0.0023263441,0.0061474876,0.0021370845,0.002602086,0.002237493,0.0002452724
NM_00334275,0.04919117,0.018318992,0.024933923,0.032881744,0.019865107,0.041844804
NM_01602145,0.08086104,0.011962946,-0.0052557318,0.011253402,0.01069249,0.037866667
NM_00545021,0.07112435,0.01804051,0.0006518897,0.042894926,-0.004170867,-0.002119189
mrna-NM_003337_18,0.0184092,0.02662464,0.027509619,0.00948985,0.0081425,0.016683405
mrna-NM_003340_80,0.040472224,0.04613359,0.04622772,0.0057143,0.04131319,0.030488146
NM_01417629,0.04377357,0.012831936,0.02352498,0.038623054,0.037040506,0.025270106
NM_015213_93,0.039203875,0.027845634,0.042552557,0.017281376,0.021519767,0.038645007
NM_00334872,0.024580805,0.03418169,0.004917574,0.0393033,0.020729152,0.032359295
NM_01417644,0.0018899486,0.011313238,0.00052879076,0.0075687873,0.00712658,0.0010980935
XM_371822_140,0.055157833,0.009379283,0.032443624,0.010629151,0.045440745,0.0027352371
NM_00100148121,0.06910944,0.0009443273,-0.0006625116,-0.00084716507,0.044523135,0.027164577
NM_01417612,0.0031117937,0.0043546557,0.004358701,-0.0005394243,0.0017916725,0.001974065
NM_015213_120,0.00767637,0.008654044,0.0048540607,0.0045417803,0.005914392,0.0037484493
NM_01417648,0.044322073,0.014008193,0.03005806,-0.00039842824,0.0019495304,0.0021178669
NM_003345_15,0.01334092,0.0023121051,0.0065378076,0.0003217505,0.0008260485,0.0022003367
mrna-NM_003337_65,0.022395806,0.040628742,0.046380915,0.00017428331,0.022496026,0.036241774
NM_0205486,0.0009068744,0.05495107,0.0008722309,0.0035043692,0.018414894,0.0328554
XM_371822_59,0.03449063,0.03417789,0.030737337,0.032797586,0.04124713,0.033580307
NM_004223_56,0.04887652,0.023512384,0.010499595,0.030042995,0.03889149,0.0074197752
NM_0025599,0.017553162,0.043554854,0.034763407,0.048112415,0.018700331,-0.0023006992
mrna-BD135193_48,0.012635734,0.026582489,0.004235385,0.0038298853,0.003792991,0.0056237476
X7593210,0.07326979,0.03319126,-0.0028692116,-0.0020914287,0.044880614,0.0039855936
mrna-NM_003340_10,0.02614919,0.049746767,0.0015040796,-0.0023985729,0.0052467505,0.003285732
AH00149829,0.004240597,0.007349095,0.0075426763,0.001292969,0.0029029613,0.003645078
XM_371822_51,0.017895292,0.010799458,0.0010232881,0.007875496,-7.122395e-05,0.0090864
mrna-NM_003340_11,0.049604237,0.022571767,-0.0008605038,0.00054532365,0.0024317682,0.024302443
U4729831,0.012552195,0.002407001,0.009160457,0.0041491757,0.0071685794,0.0029994554
mrna-BD135193_52,0.01978481,0.024528474,0.025597569,0.01405952,0.014191458,0.024898589
NM_00334857,0.05185074,0.020252157,-0.0011949156,0.00044502935,0.0030655537,0.003990025
NM_0033425,0.0009820996,0.00048410936,0.00013628729,0.0004022607,9.507885e-05,0.000119017306
NM_0063576,0.015083273,0.009946414,0.005475587,0.018220732,0.011460328,0.009129758
NM_015213_39,0.033125114,0.03267787,0.019017935,0.04254265,0.020575482,0.04186781
U4729824,0.02715985,0.00594713,0.030130226,0.0023716365,0.02305764,0.008828445
U4729830,0.02428111,0.026199657,0.012863089,0.030200562,0.0024890744,0.023143768
NM_01417654,0.038535256,0.041048907,0.004632323,0.04651423,0.03408258,0.0054990677
XM_371822_60,0.009530528,0.0527667,0.03486299,0.0063382336,0.032443818,0.030753415
NM_016406_26,0.009966329,0.045693703,0.0024043687,0.04659224,0.03835598,0.02620145
NM_003347_33,0.06310651,-0.0010717522,0.005007656,0.0004935661,0.003894303,0.0239403
mrna-NM_004359_27,0.020433623,0.01573872,0.013072102,0.011786569,0.0054077287,0.012461683
NM_00334853,0.02221138,0.06101288,0.03703313,0.013934492,0.030065652,0.032531843
NM_00100148157,0.02050831,0.03393414,0.0007281109,0.038110975,0.011903056,0.049123745
NM_00334836,0.014083143,0.036272414,0.011817392,0.013903184,0.01706271,0.0051837573
mrna-NM_003340_70,0.0015239188,0.008721237,0.0029724534,0.007067718,0.00036084198,9.856638e-05
NM_00334873,0.062433425,0.0072371205,0.028311286,0.026396133,0.03621912,0.02121458
NM_004223_39,0.02154049,0.036643174,0.039481096,0.0026990057,0.03482181,0.018359322
mrna-NM_003344_8,0.028180415,0.021022055,0.0054423213,0.0031373214,0.011808602,0.0070363902
NM_00545028,0.00755156,0.03140804,0.017099278,0.016225418,0.013572371,0.001371887
mrna-NM_004359_55,0.057376258,0.018229594,0.0037462565,0.019839417,0.038321733,0.014802323
mrna-NM_003344_2,5.8074747e-05,0.00028138066,0.000102744656,0.00013679393,-3.730622e-05,-5.0247804e-06
NM_01417655,0.00042189457,0.042725,0.03889165,0.04765934,0.031195173,0.0006039784
NM_00334276,0.0491343,0.0053951573,0.0060271067,0.002553708,0.0060125277,0.012306381
NM_00334835,0.019033974,0.051687166,0.004827297,0.032754183,-0.0006397857,0.040061366
mrna-NM_003344_28,0.00069866446,0.0012399136,-9.940761e-05,0.0006833406,0.00069882185,0.00052371714
mrna-NM_003340_54,0.009864276,0.027595466,0.0026285206,0.012271166,0.013513517,0.0038517846
XM_371822_102,0.03360657,0.031355485,0.03696147,0.022477886,0.0024897286,0.036177345
NM_00100148136,0.00065709226,0.0027678339,0.00015026424,0.0023702239,0.0008030033,0.0010242468
NM_015213_52,0.007941577,0.02390713,-0.0012667342,0.0017093737,0.0018233823,0.0017611127
XM_371822_96,0.03429809,0.033689976,0.043894418,0.013659561,0.041350044,0.021756293
AH00149818,0.032712977,0.051676434,0.04480522,0.010733008,0.024490798,0.023035256
NM_00100148119,0.023628104,0.043411296,0.0038181827,0.0035792445,0.01305243,-0.002662552
mrna-NM_003337_60,0.041404143,0.028899174,0.029037898,0.03839194,-2.9733701e-05,-0.0042399787
mrna-NM_003337_2,0.04892633,0.010271867,0.04118808,0.023757769,0.0021446338,-0.0026114627
mrna-NM_003344_43,0.0073199947,0.061640747,0.0024005726,-8.41401e-05,0.0057542073,0.03726723
mrna-NM_003337_28,0.0024295964,0.01563019,0.011242932,0.008518684,0.003532943,0.010462454
NM_00100148114,0.054535206,0.03097765,0.022928754,0.005172353,0.042661812,0.020797187
mrna-NM_003344_9,0.026968433,0.019726582,0.02516788,0.0070480695,0.014149366,0.016845321
NM_015213_33,0.017198773,0.004728011,0.006908016,0.010642641,0.008551287,0.004203809
U4729882,0.04189508,0.020842107,0.013430765,0.0442896,0.043677364,0.024001846
NM_00545045,0.06428125,0.043911915,0.03786023,0.019251944,0.0008161226,7.388768e-05
NM_00255942,0.021630036,0.049688157,0.03097775,0.03485058,0.007497026,0.066974536
XM_371822_66,0.046271324,0.02533426,0.0023981102,0.0149427615,0.025185274,-0.023136534
NM_015213_10,0.011215728,0.018952288,0.0005050826,-0.0014098638,0.0058114817,0.0007378039
NM_01417657,0.00063268346,0.0003677632,0.00017720112,0.0005995108,0.000101060075,0.00010156927
NM_00334821,0.0010146021,4.634291e-05,-1.4352277e-05,0.00054697384,1.5822096e-05,6.218992e-05
U4729869,0.0065358425,0.068382405,0.0028093383,0.0031885,-0.011777818,-0.00073437917
NM_015213_11,0.0036637932,0.0055213715,0.0008734415,0.002099318,-5.203257e-05,-0.00035741608
U4729874,0.03446965,0.016116526,0.030054308,-0.0023093626,0.001012775,0.02613145
NM_003347_40,0.0021781223,0.049245235,0.0013690349,0.0006787335,0.03116157,0.005733193
NM_014501_3,0.02461857,0.0220284,0.022440704,0.0017443264,0.012661652,0.015131146
NM_00100148158,0.017863395,0.018189108,0.025529373,0.004111475,0.018353371,0.017416324
NM_01602128,0.023194097,0.040510606,0.006341034,0.045661304,0.043927353,0.040957496
NM_00545065,0.0054812217,0.06519545,0.045977723,3.9391347e-05,0.0016607585,0.0031500128
mrna-NM_003340_6,0.016743775,0.008563224,0.015094517,0.006756144,0.013084833,0.0053226855
NM_00701974,0.00012725618,0.038852796,0.0019291785,0.035118196,0.0029198427,0.014760015
J30312_23,0.016695438,0.043978833,0.044049144,0.01648437,0.041742858,0.016803859
NM_0205484,0.027763631,0.060430057,0.017232668,0.0001884788,0.013470356,0.04157487
NM_004223_67,0.012881426,0.010309717,0.013026345,0.006298107,0.008242552,0.0015187395
mrna-NM_003337_33,0.004389983,0.002146704,0.00017457225,0.004435477,-4.505912e-05,6.693693e-05
NM_00334822,0.0138547225,0.03417818,0.02929539,0.014655294,0.021635812,0.0321636
NM_003345_57,0.017624194,0.045637324,0.041697063,0.022604933,0.01978744,0.042706527
NM_00255971,0.024223741,0.04032968,0.02826677,0.015089603,0.02133923,0.029785799
NM_015213_72,0.00076072325,0.0008621659,0.00056774425,0.00015374062,3.3276276e-05,0.0003312597
mrna-BD135193_10,0.0062394035,0.044947557,0.03061887,0.033438053,0.033279713,0.018750628
NM_00635713,0.002691347,0.047705136,0.050160434,0.014937143,0.008239158,0.029531833
NM_00100148141,0.015170027,0.0074321353,0.00020062408,0.005432876,0.0019802814,0.0032217796
NM_00635762,0.008881995,0.061281156,0.01128265,0.03810573,0.010489536,0.04215067
NM_01602135,0.037961747,0.013211703,0.006034655,0.021473657,0.016012104,0.009602096
NM_004223_62,0.036557756,0.0908123,0.00067047344,0.00041424885,0.022112293,0.006394528
NM_004223_53,0.011135518,0.0062467037,0.0048915087,0.0026648312,0.0027186687,0.0037643837
NM_015213_14,0.04101155,0.0117736915,-0.0007242254,0.0015388068,0.005587138,0.01666972
NM_00701950,0.057532135,0.00706206,0.032050703,0.054196034,0.024819978,0.017545013
mrna-BD135193_24,0.0011857754,0.033671815,0.0070185154,0.023561943,0.001601391,0.0056569497
mrna-BD135193_43,0.022761073,0.0035431266,0.005891701,0.010889199,0.0054906714,0.008504944
NM_015213_103,0.03939608,0.0062084957,0.027772116,0.017947204,0.034726907,0.012081112
NM_00545071,0.040126957,0.025386164,0.03552842,0.02742345,0.04071832,0.015629118
U4729885,0.021318011,0.045661934,0.012016262,0.002666656,0.0029700883,0.01357254
U4729853,0.036036536,0.0012945741,0.00015830397,0.03587123,0.018575704,0.024250114
mrna-NM_003340_29,0.022535512,0.013374169,0.022772567,0.011264846,0.025107471,-0.00038856314
AH00149834,0.012561876,0.040437493,0.037700735,0.02534392,0.0392036,0.0031755895
J30312_16,0.0115121035,0.019315224,0.020721484,0.004481932,0.0048331227,0.010076787
X759323,0.039848197,0.026953567,0.018812139,0.031246504,0.01657175,0.043886643
NM_016406_3,0.0063604782,0.0463782,0.04366667,0.0002713726,0.010092093,0.008614649
NM_01602123,0.05864538,0.00079268386,0.049276724,0.0035598713,0.041527532,0.027247315
NM_003347_8,0.03848621,0.016623668,0.027440555,0.005011166,0.0127789015,-0.0004461214
mrna-BD135193_25,0.03795555,0.020933568,0.0010818893,0.036346186,0.01814652,0.008003463
NM_014501_43,0.03414177,0.027936876,0.03777523,0.040008646,0.033309374,0.011284323
mrna-NM_003337_45,0.0459371,0.010848356,0.031527523,0.03492203,0.030492289,0.03555249
mrna-NM_003344_52,0.012252797,0.013714639,0.012635347,0.0048756707,0.0020207225,0.013428272
NM_014501_6,0.018179666,0.047470532,0.03626744,0.013856182,0.042105727,0.0022940615
mrna-NM_003340_77,0.0067656236,0.075451344,0.055961143,0.026031008,-0.0011339039,-0.0058610877
NM_00701976,0.020571062,0.04734248,0.010789501,0.0033763445,0.014605279,0.013033324
NM_016406_1,0.0071285423,0.044740237,0.030683415,0.017203964,0.028199252,0.026553577
XM_371822_6,0.052884717,0.010335581,0.01095613,0.0026728448,0.044671655,0.0063371276
NM_003345_7,0.05251078,0.040030323,-0.0009430134,-0.0007471603,0.029582461,0.02224611
NM_004223_43,0.02189734,0.041283805,0.0017285962,0.047520656,0.028958423,0.03499039
NM_0025597,0.05588219,0.024545336,0.011453177,0.044913467,0.0010505553,0.010203161
mrna-NM_003340_19,0.005896878,0.061105423,0.034469105,0.031326197,0.047071457,0.020537322
NM_003345_34,0.027666595,0.031274166,0.0084111355,0.022061167,0.010052613,0.028588532
U47298122,0.047387145,0.003490448,0.0018652215,0.0010275366,0.0029257615,0.016514147
NM_00255964,0.008511763,0.0025774217,0.00631836,0.0021778045,0.0057144514,5.532213e-05
NM_00334234,0.018735511,0.034059938,0.0141029395,0.031584527,0.007259153,0.03374784
NM_00255986,0.02923586,0.030613165,0.046398297,0.016587367,0.029843712,0.015193894
NM_00701928,0.011940661,0.05067762,0.021237068,0.02513199,-0.000605051,0.0031325452
mrna-BD135193_18,0.011094501,0.0024624655,3.0287847e-06,0.010929172,0.010372663,0.0021727853
NM_015213_125,0.02131542,0.039331652,0.0063878368,0.0348822,0.020920387,0.040001992
NM_014501_11,0.0027162775,0.02941646,0.020171862,0.023453204,0.007982258,0.017547023
NM_00255934,0.016851496,0.023373567,0.0021311974,0.018458746,0.005275453,0.005774044
mrna-NM_003337_21,0.00013243388,0.00039183945,0.00024285696,0.0001579914,-1.7854374e-05,5.4388493e-05
J30312_37,0.02146826,0.042808097,0.0031408356,0.04447087,0.028129904,0.03584006
NM_003345_40,0.019210724,0.024715053,0.015915362,0.025805803,0.027016656,0.003734484
NM_016406_32,0.029834729,0.003835279,0.025297297,0.01718536,0.008831898,0.0033071232
NM_00635743,0.0027906816,0.026128529,0.0077075423,0.021917641,0.01645996,0.009398404
mrna-BD135193_28,0.017699432,0.027096601,0.018891055,0.022054143,0.017498625,0.0017341614
mrna-NM_004359_42,0.00044370524,0.010743239,0.0009408969,0.008900434,0.00015626142,0.0017732881
NM_016406_22,0.003214452,0.055383775,0.009307877,0.00058099034,0.011855352,0.018527316
U4729864,0.0064912164,0.046545703,0.054718267,0.018519638,0.01733826,0.031898428
NM_0054504,0.018844923,0.013601919,0.014882251,0.0062418217,0.00509985,0.013373184
NM_01417622,0.041170094,0.0020466407,0.017421097,0.035018224,0.03082916,0.002582062
mrna-NM_004359_53,0.00013820289,0.0004110352,1.8876806e-05,0.0002105949,3.2025587e-11,-1.9087757e-11
U4729871,0.011042298,0.057962153,0.015988292,0.0059235287,0.005868802,0.026303845
NM_00334824,0.041489102,0.00062454893,0.036491867,0.0184012,0.040192585,0.001982004
NM_003345_43,0.06607465,0.006759145,0.00022188059,0.0074511077,0.03874498,0.010951486
J30312_26,0.036741674,0.015384262,0.03924237,0.0063377633,0.019390397,0.017547108
NM_00701965,0.018245168,0.032335106,0.038441207,0.019921659,0.030260583,0.0126253
NM_016406_69,0.0044024047,0.014254822,0.00870261,0.010891947,0.009822255,0.0031542818
NM_00100148110,0.015064149,0.026743779,0.0027057067,0.029967519,0.021744125,0.011878999
NM_003347_23,0.021930344,0.006759784,0.0010721206,0.0012387141,0.0007442358,0.0055757165
NM_003347_17,0.036119636,0.03377896,0.03877851,0.030511724,0.03675955,0.0053640213
mrna-NM_003344_50,0.00093539275,0.0032322232,0.0019676974,0.00090640015,0.00062497525,0.0019894638
XM_371822_65,0.050046433,0.023311058,0.04515017,-0.00055404205,0.030337702,0.0090418495
J30312_18,0.013961067,0.015781486,-0.0014454768,0.0008281611,0.005440642,0.0011302895
NM_004223_10,0.049814355,0.012169032,0.03487821,0.004240624,0.0026280538,0.00095219095
NM_016406_53,0.050844803,0.021268606,0.007046314,0.046454612,0.033392,0.035965282
J30312_5,0.002145957,0.04090165,-0.00088796706,0.040250875,0.025875071,0.0062215966
NM_0054508,0.042096987,0.0025932663,0.024494171,0.032313447,0.027079461,0.025330475
mrna-NM_003337_22,0.02870773,0.020184945,0.0106830215,0.0058990186,0.0076079546,0.019168688
mrna-NM_003340_61,0.00813805,0.05164311,0.0022448183,0.0008403269,0.0017987449,0.02645899
mrna-NM_003337_73,0.033058893,0.033492427,0.005404602,0.046867717,0.044826873,0.0131177055
NM_00635734,0.0054283305,0.0057403953,0.004847979,0.001036683,0.0020926895,0.0012616746
mrna-NM_003344_39,0.0058074044,0.0037258542,0.0060173078,0.0017280232,0.005882075,0.001201916
mrna-NM_003344_10,0.0008027431,9.767389e-05,0.00073403405,0.00052028894,5.215242e-05,0.00040651739
XM_371822_87,0.055228475,0.036921903,0.004950856,0.018223962,0.017260086,0.03071666
U4729840,0.0055585634,0.05175238,0.03574444,0.032542653,0.033968396,0.016889079
NM_00334878,0.054432657,0.08209687,-0.004837146,-0.0020403687,0.010607553,0.0004312545
J30312_33,0.018564712,0.012179779,0.0042873095,0.005431919,0.0042917724,0.006300509
NM_015213_50,0.014174575,0.003386442,0.007546022,0.003049505,0.0009820574,0.0065059536
NM_015213_85,0.00809264,0.0355031,0.00054288,0.0036729174,0.0060097086,0.0051905597
mrna-BD135193_4,0.0030573695,0.028199054,0.016007531,0.011942907,0.0019106352,0.021464188
AH0014985,0.0068080598,0.03190242,0.026753752,0.005242652,0.010531144,0.015354352
mrna-NM_003340_87,0.0016067858,0.015536161,0.01225271,0.0010722497,0.0058858716,0.008307591
NM_015213_56,0.01455594,0.008481444,0.00085105456,0.001355654,0.0019480572,0.0047070524
NM_00255974,0.038089503,0.040295973,0.0020804552,0.0028735248,0.011628678,0.008035164
NM_00635722,0.022230426,0.017018199,0.029038565,0.0021812918,0.015214205,0.010618486
NM_015213_35,-0.00016994131,0.019651538,0.008668897,0.0036455689,-8.938358e-05,-7.257059e-05
NM_00545053,0.02903277,0.010309812,0.0010488606,0.030081721,0.017626708,0.00013834055
NM_00701922,0.05050028,0.0169824,0.027285377,0.017949373,-0.0025742066,-0.0038725985
J30312_2,0.0152952885,0.057839416,0.043800674,0.016209098,0.021067327,0.018377712
mrna-NM_003340_41,0.017366033,0.016890647,0.010669951,0.006704872,0.00027933103,0.0018305436
NM_003345_55,0.028352447,0.06566699,0.0059036193,0.0046257987,0.018009458,0.00033515407
NM_003347_42,0.03504753,0.018136187,0.0042352504,0.031589415,0.025307292,0.023599753
NM_00334229,0.04159645,0.043916725,0.00362917,0.040503394,0.024611888,0.015639132
NM_004223_1,0.007050365,0.0453728,0.034460545,0.017547838,0.034925498,0.012237757
NM_004223_20,0.040457036,0.019345168,0.01664596,0.033170722,0.030786093,0.02807971
mrna-NM_003340_68,0.0047255415,0.035361663,0.029385976,0.006737152,0.0021044635,0.0077283992
NM_00545020,0.011666035,0.04500561,0.04741261,0.004108053,0.0064316336,0.03414406
NM_01602144,0.07203758,0.024736144,0.035053663,0.022559537,0.019097935,0.006965533
mrna-NM_004359_50,0.01974184,0.024863776,0.0124437995,0.008148395,0.0125064915,0.008932071
mrna-NM_004359_32,0.0430015,0.024323395,0.01643193,0.043763306,0.043659393,0.020559229
XM_371822_43,0.030367935,0.016265348,0.01695331,0.030218652,0.00338898,0.03184429
NM_00100148111,0.004883172,0.0025908847,0.0026663558,0.0006459264,0.0017311956,0.0021071995
NM_003347_11,0.0051318007,0.041697145,0.005278534,0.026001183,0.006733289,0.029958414
AH0014986,0.015359714,0.03553515,0.024371553,0.0055248747,-7.3026946e-05,0.0023409727
mrna-NM_003344_24,0.0034748726,0.007111944,0.0039257123,0.004822712,0.0015170185,0.0065863826
AH00149819,0.01601913,0.022662291,0.0039615496,0.025142768,0.021480653,0.006437977
NM_00100148123,0.008502737,0.035326373,0.030062417,0.015530175,0.0008356006,0.00024287854
NM_00701914,0.041100573,0.02186853,0.02091249,0.042204753,0.014584491,0.06128208
NM_016406_66,0.042793076,0.023466596,0.020615071,0.042125974,0.04685857,0.005694285
NM_016406_28,0.0030347495,0.001769939,0.002213291,0.0010887639,0.0003957087,0.0003876838
NM_004223_25,0.040648427,-0.0023083864,0.026156133,0.026210159,0.019425223,0.030417522
mrna-BD135193_3,0.00095608126,0.008123198,0.0012539843,0.008646158,-0.00032944354,0.00012868384
J30312_25,0.0011798305,0.03343833,0.0032925832,0.009247908,0.00886483,0.014752193
mrna-NM_003344_26,0.010681536,0.011264027,0.004177913,0.006421515,0.001068893,0.00020877025
NM_0205485,0.03849537,0.010511443,0.02454748,0.032461848,-0.001650988,0.034682952
NM_015213_116,0.029756213,0.0034963146,0.004263521,0.001522301,0.0112666,0.0099617215
NM_004223_48,0.013467889,0.009181739,0.013720189,0.0015547031,0.00019243253,0.009489561
U4729899,0.016889162,0.025189739,0.008374707,0.029589593,0.01904873,0.020346276
NM_00635760,0.00886842,0.047911942,0.020742234,0.038660582,0.040850505,0.032425556
NM_015213_87,0.011120201,0.083889954,0.0010878139,0.0014211168,0.014026289,0.013523151
NM_00334217,0.024361799,0.043812156,3.478272e-05,-8.934696e-05,0.00038326328,0.00061702856
XM_371822_115,0.030065918,0.022719808,0.0061281575,0.03792404,0.025884282,0.00402411
NM_00701953,0.02737596,0.06855098,-0.007683306,-0.009076056,0.023006957,0.008687077
U4729842,0.062137384,0.0012152873,-0.0013449466,0.0006336539,3.7602615e-05,5.260571e-05
NM_016406_5,-0.0007156378,0.061235644,0.00053020456,0.0032913338,0.027820367,0.019482963
NM_00334865,0.04010596,0.022096034,0.012488086,0.040465273,0.0351578,0.023295257
NM_004223_54,0.033501517,0.033147637,0.044836573,0.016865732,0.068317845,0.007134131
AH0014987,0.054253638,0.028189737,0.02314753,0.04812826,0.0021624537,0.00018448761
U4729886,0.046450604,0.004941269,0.03364579,0.031917375,0.0017796592,0.04981961
NM_014501_19,0.021988282,0.04182953,0.04397578,0.016411263,0.04370112,0.017027652
NM_004223_11,0.04529581,0.0064649275,0.032369904,0.032227073,0.038320936,0.020132363
NM_00255926,0.008393822,0.053158578,0.029318335,0.008301381,0.008048218,0.0012124493
mrna-NM_003344_37,0.019712655,0.012918868,0.012644405,0.00014423391,0.014854758,0.016181903
mrna-NM_003340_35,0.0069836397,0.0024295226,0.0045166663,0.001986222,0.00071868085,-8.190808e-05
XM_371822_69,0.018447764,0.035189573,0.035980426,0.0094275875,0.023265388,0.028294194
NM_00255925,0.0447041,0.0182276,0.03921332,0.02559108,0.04316475,0.014767665
mrna-BD135193_38,0.010914077,0.050968215,0.034898207,0.010298949,0.032884296,0.020097477
AH00149814,0.08927829,0.01725814,0.004619869,0.017257353,0.0006378327,0.0011512865
U47298120,0.03640041,0.00576104,0.014423088,0.033866994,0.016421681,0.02814239
NM_0160217,0.018525595,0.044299252,0.029318755,0.038143817,0.037981346,0.025052069
NM_00334861,0.031167123,0.0019127603,0.013496759,0.009281764,0.0026384902,0.011963263
NM_016406_16,0.05308393,0.025499107,0.031177783,0.05224955,0.025479872,0.0055636233
NM_0020462,0.03772643,0.05063467,0.03443893,0.040724218,0.047536694,0.0067720413
NM_00334221,0.016159276,0.05824318,0.032557502,0.007461973,0.035421908,0.015647091
AH00149828,0.020579327,0.012615725,0.000992957,0.024874475,0.021427942,0.013695638
XM_371822_45,0.031471487,0.05445363,0.0403577,0.036432568,0.0030239609,-0.00095726567
NM_00334230,0.04207825,0.0059755067,0.0073467693,0.031205226,0.033507567,0.0027703908
U47298105,0.04563207,-0.00032508725,0.045500472,0.0051721325,0.008370361,0.0426337
XM_371822_107,0.050996892,0.011375526,0.010552285,0.027066728,0.044189792,0.01723156
XM_371822_1,0.0070518213,0.012642232,0.006448713,0.009311839,0.004965,0.008721012
AH0014981,0.008660677,0.00338908,0.007935895,0.00102427,0.007314488,0.0006682181
NM_00701952,0.045831382,0.04492889,0.023907354,0.03183847,0.0020757476,0.0067505455
NM_01417660,0.0073590484,0.042580742,0.01894069,0.019532079,0.026725672,0.0019386861
NM_014501_57,0.037061524,0.022427035,0.024939872,0.014550372,0.0014625379,0.031584088
J30312_12,0.0038031912,0.002732793,0.0019864463,0.0015512962,0.0024668497,0.00015383997
NM_0141763,0.039224114,0.022962349,0.008051543,0.041168988,0.014241338,0.03706114
NM_00635717,0.0010735374,0.020855682,0.019553911,0.014837465,0.007938864,0.013565513
mrna-NM_004359_2,0.038609903,0.0014846532,0.0032564565,0.021562064,-0.00086503575,-0.0015064558
NM_00635779,0.034273434,0.022212787,0.01943131,0.013253629,0.039266665,0.027014447
NM_00334820,0.06648827,0.00039877702,0.04148966,0.038244937,0.0061038,0.008884725
mrna-NM_003337_61,0.0005520618,0.0014463088,0.00046643548,0.0005606257,0.00013823732,0.00018763145
XM_371822_80,0.053752128,0.04022504,0.03453033,0.029987168,0.012963185,0.044475675
mrna-BD135193_58,8.99677e-05,0.018263929,0.014472122,0.006897922,0.012234171,0.0054107294
NM_015213_61,0.053307433,0.044318862,0.040504474,0.030571258,-0.0017282411,0.0043499735
NM_00255980,0.044123925,0.017762432,0.045066204,0.012142209,0.038108964,0.026852192
X759326,0.045157917,0.024237711,0.04674847,0.03616326,0.03940699,0.013155839
NM_004223_28,0.05294226,0.052261855,0.016152065,0.041165195,-0.0038870985,-0.0026452667
XM_371822_2,0.015863016,0.059418183,0.023386633,0.028692348,0.03636365,0.011860594
NM_015213_45,0.012087424,0.04490022,0.038044326,0.026806485,0.044323374,0.013773228
XM_371822_70,0.02835772,0.056219343,0.004821672,0.001256146,0.038356595,0.004489355
mrna-NM_003337_31,0.006687574,0.043011922,0.034823295,0.00378641,0.0070453035,0.035701025
mrna-BD135193_23,0.05912233,0.0036802092,0.004293016,0.003017754,0.007992139,0.030902905
U4729820,0.0255016,0.015688658,0.029602177,0.006180336,0.016801799,0.021047562
XM_371822_42,0.03236752,0.0028772869,0.010269955,0.0215914,0.003378853,0.017818334
mrna-NM_003337_50,0.025545716,0.052651294,0.0077134,0.025430327,0.020883836,0.037052497
NM_00701916,-0.00018171215,0.017653054,0.011893711,0.008453476,0.0064567477,0.00076512346
mrna-NM_004359_12,0.03542036,0.044521417,0.0028034465,0.03939085,0.0036206497,0.0016768851
mrna-NM_004359_56,0.021192454,0.04347216,0.03863059,0.009174787,0.010903911,0.03880019
U4729845,0.04531648,0.00023043713,0.062170066,0.006948952,0.00083578774,0.021210665
J30312_11,0.04949347,0.0115611395,7.765213e-05,0.032974046,-0.0012016058,0.0020041505
NM_016406_33,0.020557456,0.012690453,0.014026795,0.014665958,0.020590773,0.0016870595
mrna-NM_003337_19,0.0010385207,0.00048118123,0.0005473023,0.00076812826,0.00013092466,5.951477e-05
NM_003347_49,-0.0007703137,0.041000716,0.034305904,0.019596716,0.0344105,0.015422593
mrna-NM_003337_58,0.014265095,0.015223944,0.0025410566,0.01855893,0.013627205,0.010707017
NM_00635714,0.037889786,0.01927017,0.0031697834,0.031939473,0.011722896,0.002493848
NM_003345_9,0.012094435,0.029489955,0.029321378,0.00245363,0.026649617,0.006623301
NM_00635733,0.0052978643,0.0065101893,0.004205989,0.00046113413,0.00089422,0.0033994964
XM_371822_82,0.052532934,0.0512801,0.041319072,0.037940085,0.0059871697,0.0032543154
NM_015213_126,0.0066400087,0.022299362,0.019163717,0.0005562173,0.017304,0.009928176
mrna-NM_003337_30,-0.001641797,0.047884412,-9.659674e-05,0.009611154,0.00078809366,0.016049623
NM_015213_46,0.0027159895,0.02688267,0.0013508309,0.014146833,0.013746348,0.00407364
mrna-NM_003337_40,0.03956221,0.00679843,0.0023602308,0.0018470888,0.0025703893,0.0055999295
mrna-NM_004359_6,0.027533453,0.021991497,0.0045098765,0.024708496,0.019289348,0.018705495
NM_0033488,0.017238783,0.026893072,0.031438332,0.011232134,0.0022799238,0.016929356
NM_00545055,0.01268147,0.045589313,0.041355833,0.03133896,0.04133104,0.0049856696
NM_0054506,0.040260687,0.008972122,0.037361346,0.021360427,0.03626071,0.002745884
NM_00255957,0.07033416,0.016962465,0.011201775,0.01508284,0.00078249886,0.0052028666
mrna-NM_003340_53,0.03207088,0.07281074,0.0083473595,-0.0058666696,-0.008593981,-0.0152938
NM_00255936,0.034437723,0.0064906874,0.025092132,0.02347186,0.024373781,0.017222729
mrna-BD135193_27,0.0001870059,0.04163464,0.041090604,0.0020900795,0.045875363,0.025009733
mrna-NM_003344_69,0.020420955,0.0027789022,0.014684605,0.004906203,0.001933451,0.01541305
mrna-NM_004359_45,0.002616241,0.049584948,0.04240318,0.0072359624,0.034542285,0.0066664675
NM_015213_123,0.012149443,0.05221076,0.03831806,0.019804256,0.029155195,0.03216149
NM_00701975,0.02532866,0.06618511,0.03238743,0.010986585,0.012025635,0.0016991352
NM_00635721,0.03957344,0.025237482,0.026032208,0.04012274,0.043911923,0.014818696
NM_01417667,0.0047988137,0.010456696,0.010475339,0.0027082297,0.0076128924,0.0014422715
NM_00545049,0.046819005,0.05292452,0.04220421,0.012365731,0.0026892275,0.005807851
NM_00255973,0.0045049507,0.0030288673,0.00050164835,0.0026908042,-0.00037595895,2.2046237e-05
U4729847,0.013370582,0.019348403,-0.0005064277,-0.0018802822,0.003720699,0.00048027505
NM_00545035,0.024702726,0.039628096,0.021372708,0.041136403,0.033500824,0.031941753
NM_00701929,0.040165566,0.01724839,0.03333336,0.021079032,0.018590342,0.020788562
NM_014501_53,0.012781843,0.04863013,0.00020071724,0.0040654736,-0.0007419893,-0.0008517206
NM_003347_24,0.0011737298,0.0014669584,0.0013583853,0.0007509595,0.0006856391,0.0010757056
mrna-NM_003340_72,0.0062031974,0.03858404,0.023910576,0.021251963,0.03187155,0.0013446788
NM_014501_16,0.01840502,0.067055225,-0.0027595707,-0.005867696,0.011641578,0.017451394
NM_00635759,0.033392217,0.032728743,0.03044375,0.036465902,0.00045819173,0.047127683
J30312_17,0.011160951,0.042072605,0.038209714,0.0147525715,0.05570797,0.028343357
NM_00334261,0.021005174,0.043484602,0.03740802,0.006463117,0.033998504,0.017225277
NM_003345_39,0.00346606,-0.00021938018,0.0018359676,0.002541007,0.0021717618,0.0010729749
NM_0033482,0.0145307295,0.0053871837,-0.0006176479,0.00052860996,0.0020292404,-0.006125823
NM_00701948,0.020386122,0.06341725,0.0010691715,0.04806626,0.00013274243,0.001339494
NM_00635724,0.027315432,0.06094885,0.00984113,0.0066220495,0.03323498,0.014803871
NM_014501_23,0.0100945085,0.03913747,0.028848162,0.018310674,0.018054496,0.032719888
NM_00334238,0.028731875,0.0011315404,0.0039872285,0.027785204,0.00087423064,0.00092758366
mrna-NM_003340_23,0.0013930474,0.005432613,0.0058522215,0.001102017,0.0028525644,0.0007801933
NM_00100148170,0.016316514,0.0065505076,0.0027396844,0.009782162,0.0007653946,0.007986614
NM_00334829,0.026410026,0.04033396,0.022591937,-0.00048347254,0.0018939935,0.037257206
NM_003345_35,0.013209616,-0.0007062605,0.0023367004,0.0064813523,0.004077154,0.0022559739
NM_00334231,0.0020785383,0.036176566,0.0030217282,0.02331541,0.0016535746,-0.0019391351
NM_00701915,0.0076986775,0.054928824,0.0015812636,0.0028480908,0.006132955,0.0031813204
mrna-NM_003344_64,0.0024621426,0.00033839262,0.0018037314,0.00037147087,0.00013550004,0.0018610028
NM_00255967,0.00027898687,0.00033823206,-2.4344923e-05,-3.0221188e-05,0.00010222328,-2.9561604e-06
NM_015213_86,0.025372863,0.029345604,0.01626469,0.005473219,0.012398285,0.019287659
NM_014501_50,0.02408019,0.040698312,0.04115535,0.022721846,0.04694085,0.00017196525
NM_00100148116,0.016407307,0.008997194,0.005317749,0.013214005,0.004032099,0.009787465
NM_0025593,0.00943,0.0479161,0.040670153,0.0038547227,0.04595036,0.006786393
NM_016406_55,0.0010639187,0.0041019623,0.0012018064,0.0030207387,0.00018652668,0.00019496931
mrna-NM_003340_4,0.0030128981,0.0072210403,-0.00029866566,0.0051715034,0.0048102937,0.0028892846
NM_00255914,0.021222759,0.06806803,0.011962024,0.054528877,-0.0018350092,-0.0013328843
NM_00701913,0.0071221655,0.034456346,0.0052043814,0.02011466,-0.0030027619,0.0012894578
mrna-BD135193_15,0.029792942,0.005276476,0.01808251,0.021725332,0.0018612674,0.0092119165
NM_015213_40,0.033077084,0.024739927,0.03499706,0.0059248637,0.021689627,0.023855913
mrna-NM_003340_69,0.017224766,0.04195314,0.020819148,0.035429917,0.0352128,0.02147794
NM_01417674,0.012132021,0.032300256,0.031608667,0.004582809,0.0060701873,0.024744468
NM_01602147,0.059348222,0.016271042,0.026967889,0.043248076,0.028937813,0.034119237
NM_015213_17,0.010744677,0.03481231,0.034981016,0.0018503106,0.021216242,0.020977635
mrna-NM_003337_10,0.010025542,0.033870205,0.016449202,0.012972108,0.025957039,0.004535544
mrna-NM_003337_26,0.034526434,0.051176734,0.005518468,0.02774268,0.008333967,0.005380343
mrna-NM_003344_54,0.0022435363,0.031660516,0.0006316421,0.012448656,0.019327303,0.014273465
NM_015213_60,0.047112595,0.03647716,0.01874915,0.055435766,0.028828675,0.005786821
NM_014501_2,0.034386348,0.0013231697,0.008085598,0.007289971,0.0004910201,0.011003014
NM_00334840,0.041006424,0.023465527,0.016899455,0.0442182,0.04531837,0.01097031
mrna-NM_003337_11,0.003978956,0.046618056,0.032905772,0.033290546,0.03908938,0.0013187822
mrna-NM_003340_66,0.008121721,0.058359127,-0.00017949815,-0.0020565158,0.028123857,0.006530366
mrna-NM_003337_44,0.036974866,0.024531547,0.008987592,0.03242976,0.035883848,0.00229085
NM_00545047,0.032789536,0.0017370372,0.037118834,0.0010481615,0.0045586354,0.0038516636
NM_003345_21,0.0074580405,0.008937348,0.003747509,0.0020354337,0.0010129458,0.0030416057
NM_003345_30,0.022680245,0.03946356,0.045462254,0.033441026,0.023061423,0.025650686
NM_00255984,0.02599276,0.038697038,0.001552954,0.04776647,0.03052481,0.033495586
NM_015213_69,0.02694558,0.03728716,0.028442305,0.018208068,0.0049445247,0.01849837
U4729848,0.0059834165,0.009573777,0.006530181,0.0012873054,0.0021179346,0.0033786034
NM_00635728,0.0035124314,0.019966539,0.011416972,0.0024163476,0.0019104088,6.7847264e-05
mrna-NM_003344_12,0.0007457948,0.0007956286,0.0005731776,8.445301e-05,0.0002407317,0.000107264575
mrna-NM_003337_67,0.03595597,0.027024422,0.014047409,0.039956376,0.026633644,0.032022186
NM_003347_3,0.0075113866,0.04207218,5.1353105e-05,0.00351313,0.016646657,0.0028482687
NM_003345_36,0.04787147,0.0061957045,0.030919308,0.03463938,0.031014014,0.033399355
NM_01417665,0.007525504,0.00107141,0.00028995334,0.0011223796,0.0025066594,0.0020134356
XM_371822_123,0.008386597,0.0045410115,0.006721577,0.0009974875,0.0002828864,0.0011654572
NM_00545012,0.020793667,0.051479623,0.005216487,-4.3453547e-05,0.01763195,0.009391492
NM_00334256,0.006309305,0.0062291548,0.0024033089,0.0084188115,0.0033313634,0.0066755754
NM_00545013,0.0051773028,0.04724544,0.032993015,0.033711668,0.045758568,0.0014543566
NM_014501_32,0.0525286,0.026665825,0.0066462774,0.02930016,0.00312564,0.03818282
mrna-NM_003337_5,0.0014554705,0.039505962,0.00916226,0.012604809,0.020663036,0.00323856
XM_371822_93,0.036867652,0.030400459,0.029338425,0.01332544,0.010126585,0.004177342
NM_0020469,0.021492245,0.054132883,0.017480787,0.0040411553,0.037417088,0.020367404
U4729836,0.04814521,0.022490975,0.038910516,0.011276856,0.029431896,0.015838165
NM_014501_1,0.03684719,0.023107212,-0.0020397494,0.0021522196,0.012355174,0.008693897
NM_00635757,0.013315781,0.008155418,0.0067774155,0.01465671,0.0014048418,0.0047770357
mrna-NM_003344_22,0.034164526,0.025458124,0.005791059,0.0054105963,0.0019049906,0.007376918
J30312_34,0.016602002,0.06349384,0.017176757,0.015769623,0.004009046,0.03568884
mrna-NM_003340_3,0.0024681943,0.0004226969,0.0011372492,0.0016898329,0.00042984288,0.0011602129
XM_371822_108,0.033188764,0.03221417,0.01803682,0.04175831,0.004760738,0.04493364
XM_371822_73,0.01779022,0.05776958,0.012229342,0.03806368,0.02062708,0.020235958
mrna-NM_004359_16,0.04723168,0.031243332,0.030486207,0.0332007,0.0065824306,0.025555592
NM_00334864,0.060469165,0.013866686,0.0040079867,0.006271966,0.016564947,0.011451715
NM_00255965,0.047909293,0.0064992113,0.02165947,0.0034440672,0.0055140704,0.03149429
NM_0070195,0.05571005,0.015128391,0.001265793,0.0003195237,0.0064752935,-0.00022637847
NM_00635736,0.054755606,0.019925011,0.010154519,0.015592902,0.046765983,0.012315378
NM_003345_50,0.001545488,0.059346575,0.036412347,0.04810626,0.009069565,0.028916365
NM_003347_27,0.035817105,0.022918828,0.028246677,0.029339505,0.003243716,0.038746648
NM_015213_101,0.011627782,0.002071041,0.011577908,0.0007744603,0.0004943411,0.00082276453
NM_016406_14,0.018323582,0.010625147,0.019949108,0.002131656,0.0056375987,0.012119444
NM_014501_58,0.024246784,0.021976167,-0.00051149685,0.0066605364,0.012362596,0.0015075332
mrna-NM_004359_13,0.036772482,0.05389577,0.0007092433,0.0005047524,0.008973539,0.041661087
NM_00701944,0.020150263,0.039167218,0.027552301,0.032863785,0.030341988,0.025630388
mrna-NM_003337_36,0.04116255,0.011573148,0.020906316,0.017252805,0.00030011876,0.0003376225
NM_015213_112,0.03232073,0.015961226,0.010413154,0.014856114,0.025381064,0.0031443269
NM_01602121,0.030651497,0.014129261,0.008950543,0.02286778,0.017558802,0.00818807
NM_00635769,0.031752303,0.011466889,0.0054757493,0.0009908729,0.00031604766,0.002483689
XM_371822_12,0.06651061,0.021390537,0.002246231,0.037571657,0.001058853,0.00022940463
NM_01602133,0.051997386,0.007458191,0.040111918,0.0037456753,0.034406517,0.030657653
AH00149838,0.0441696,0.010342197,0.033920042,0.030182809,0.025623977,0.036590453
mrna-NM_003337_6,0.0009990925,0.0015751795,6.953998e-05,0.0017149945,0.0006558411,0.00025688362
NM_01417637,0.02541126,0.028666968,0.002218322,0.03723778,0.028250776,0.009464617
NM_00100148162,0.023818586,-0.00044787774,-0.0073513007,-0.0014811923,0.0012580511,0.00563587
mrna-NM_004359_36,9.070669e-05,0.00039915286,0.00017260677,0.00012522498,-5.6395322e-11,-4.5525517e-11
mrna-NM_003340_86,0.0008624973,0.04743371,0.007659821,0.046552345,0.043849535,0.015631106
NM_00701963,0.047200073,0.0083997855,0.000895826,0.036750946,0.029014468,0.014609446
NM_0020467,0.0077015264,0.022602376,0.016496599,0.007063075,0.0036749984,0.006816409
NM_003345_46,0.021913966,0.024289997,0.0077054324,0.03118195,0.007546992,0.027054884
NM_015213_4,0.0077192564,0.014521305,0.0010737877,0.017125757,0.0031580506,0.0057435264
NM_01417671,0.004865992,0.001023828,-6.5150416e-05,0.0013968425,0.001121818,0.0010828645
NM_004223_26,0.022022108,0.039412286,0.022574438,0.03817128,0.0001444453,0.041347582
NM_00635712,0.033034556,0.0334871,0.010583374,0.046452615,0.04253828,0.020138804
U4729844,0.018100923,0.009408803,0.008145143,0.0065111993,0.001666494,0.0014462451
NM_016406_18,0.01384884,0.04883432,0.0414434,0.018420788,0.0015056765,-0.0013992245
NM_004223_47,0.026052749,0.03403247,0.009371235,0.009138952,0.023783682,0.004155209
mrna-NM_003337_42,0.0014478925,0.00040063416,0.00029680468,0.0012674435,8.448069e-05,0.0006612643
NM_00255913,0.06980033,0.0052767247,0.03761428,0.005811977,0.034601796,0.0275105
mrna-NM_003344_5,0.004872305,0.02255823,0.0066242167,0.010719636,0.02078071,0.0060688993
J30312_35,0.004603606,0.038681347,0.03289791,0.017401574,0.0032889347,0.00198943
mrna-NM_003340_44,0.0055523445,0.019689161,0.015350028,0.018821782,0.016487556,0.000463689
NM_00635770,0.038386412,0.023567213,0.022778438,0.041875023,0.0026962438,0.04272493
XM_371822_34,0.005340697,0.04603723,0.0154118845,0.051758874,0.016583195,0.01679312
XM_371822_57,0.046933096,0.0045005484,0.047639955,0.00569999,0.03933401,0.024229849
U4729826,0.039046004,0.041990194,0.015487892,0.024616238,0.006129397,0.009799075
U4729827,0.03723492,0.014943811,0.038451035,0.01877943,0.0032459858,0.015262992
mrna-NM_003337_7,0.0073302938,0.051876653,0.015509796,0.026144452,0.02904258,0.004762058
NM_01602126,0.016029675,0.047101386,0.014972864,0.039839495,0.03373539,0.030637626
NM_00701926,0.022594681,0.04455443,0.002310379,-0.0003384453,0.009159562,0.025407685
mrna-NM_003340_12,0.0011549667,0.007925534,-0.00032412776,0.0008728794,0.0049001183,0.0024287782
NM_00701934,0.023762818,0.050920404,0.038755145,0.011084193,0.015433968,0.025775533
NM_003345_2,0.01752174,0.038784597,0.03470469,0.0092825545,0.03568822,0.00051877054
NM_014501_48,0.038000766,0.014769202,0.023363871,0.00033147298,-0.0010495293,-0.00016823405
NM_00334830,0.011415046,0.011211029,0.014009032,0.00013135867,0.008412465,0.007316746
NM_00545031,0.033671133,0.032895084,0.008872929,0.008251898,0.0038196284,0.015584958
mrna-NM_003340_58,0.021167936,0.039554168,0.0020993126,0.044712033,0.031840503,0.030032763
mrna-NM_004359_44,0.016786577,0.04381531,0.042434625,0.025432818,0.043045975,0.018367695
NM_0070196,0.02180771,0.059916433,0.012917825,0.015676564,0.006055155,0.03175881
mrna-NM_003340_46,0.031494275,0.016626982,0.016570903,0.021895355,0.020711953,0.020937566
NM_00545011,0.03136274,0.04883664,0.045933343,0.028114434,-0.0005701017,0.024417898
NM_00334213,0.063677564,0.0023350022,0.0013073568,0.011065971,0.0045632967,0.019292267
NM_00334249,0.009746015,0.0034091158,0.0029295178,0.009525394,0.0061755385,0.0064491075
mrna-NM_003340_79,0.026457863,0.053130448,0.01738192,0.03804271,0.00043273938,0.004532321
NM_01417614,0.020065675,0.05590812,0.0044841096,0.0068667205,0.04047766,0.008702115
NM_00334827,0.0031894678,0.0034426642,0.0038179553,0.0010800023,0.00014702264,0.0015842055
mrna-NM_003340_38,0.031229379,0.03139071,0.005968647,0.042546228,0.037056252,0.020451391
U4729861,0.026687413,0.011108092,0.013032603,0.0056588696,0.0066213487,0.01486105
NM_003347_22,0.011188961,0.034865577,0.02181975,0.0028046295,0.0076046106,0.0036834632
NM_015213_105,0.020579563,0.035819206,0.00062914315,0.00042850993,0.029536834,0.010200743
NM_003347_14,0.050047383,0.01914304,0.012566075,0.031915497,-0.0011893344,-0.0028182687
mrna-NM_004359_7,0.035989877,0.02850137,-0.005586828,0.0017948799,0.025884964,0.02302289
NM_004223_50,0.04275288,0.016912403,0.034879185,0.041233122,0.022172015,0.026017351
U4729816,0.004891354,0.048488405,0.043446343,0.014428203,0.0017672966,0.046841104
mrna-NM_003340_9,0.021544693,0.04804272,0.033777542,0.03230493,0.023299316,0.041729894
NM_004223_4,0.022326542,0.011491784,0.0072926483,0.020881621,0.010635929,0.011200325
NM_00635740,0.026006699,-0.00026605016,0.017160662,0.00289494,0.0005013549,0.008489174
NM_00255976,0.02371474,0.013283788,0.0075988784,0.024411885,0.01858962,0.0062247445
AH00149827,0.0037697505,0.06180399,0.007848992,0.0055903704,0.017799668,0.037118755
NM_00334240,0.0020341803,0.00016238967,0.0009702491,0.00080181204,0.000117164695,0.00017533737
NM_01602122,0.008065111,0.0012863324,0.0019317158,0.0010323921,0.0046024793,0.001730622
XM_371822_141,4.220483e-05,4.2009866e-05,1.4406908e-05,-6.912702e-07,-3.2700216e-12,-3.8504187e-12
NM_00334224,0.050480325,0.014321956,0.0022292235,0.0043756603,0.009629811,0.0063737365
NM_00334845,0.060648132,0.015603153,0.036601968,0.004124857,0.026367651,0.003304779
mrna-NM_003337_27,0.022379484,0.040614855,0.00020591923,0.046334926,0.033310637,0.01978836
mrna-BD135193_13,0.0018501785,0.010980869,0.0058961986,0.00033627718,0.0015391548,0.0009203803
NM_014501_62,0.013983865,0.050099704,0.0367591,0.02834571,0.012826079,0.041685514
mrna-NM_003344_31,0.015933225,0.018849446,0.013943101,0.01446347,0.011582466,0.004461167
mrna-NM_003344_19,0.037152793,0.0037547937,0.031572554,0.006262684,0.030977067,0.013050588
NM_0054502,0.030507538,0.07589819,-0.0031941526,0.0032087506,0.0075598853,0.019150792
NM_016406_44,0.0048763365,0.005178728,0.005519731,0.0028297727,0.0016090826,0.0042064064
XM_371822_116,0.019615602,0.036111984,0.034129128,0.019906646,0.036953192,0.00014022643
mrna-NM_003337_3,0.056409195,0.0030860018,0.031575367,0.0101895165,0.017641388,0.006621763
NM_00255970,0.042372342,0.01167946,0.009601805,0.052988674,0.037161127,0.009139945
NM_014501_37,0.033686083,0.0046115885,0.0099335555,0.023434121,0.011630715,0.03065634
NM_0020466,0.0023941726,0.0014988452,0.00023356143,0.0004144673,-3.6334638e-10,-4.217508e-11
NM_00334815,0.022042241,0.04005925,0.010620454,0.044609305,0.04137232,0.018050985
NM_016406_29,0.04350448,0.07743796,0.001530055,0.00011021366,0.026757859,-0.016614052
mrna-NM_003337_75,0.014021864,0.017242406,0.016025936,0.016296621,0.00052871124,0.012314673
NM_00204617,0.03737634,0.04739819,0.014928835,0.013056321,0.03398986,0.027134974
XM_371822_19,0.042887114,0.028840793,0.0068604546,0.029415833,0.009998159,0.0014920838
XM_371822_25,0.04115053,0.018170796,0.015088972,0.042705026,0.0390039,0.034573562
NM_014501_7,0.047350265,0.002655924,0.014076037,0.0029472052,0.020725643,0.022212768
XM_371822_103,0.020985162,0.035821732,0.034106575,0.004432373,0.028233653,0.02168142
mrna-NM_003340_1,0.015774015,0.016441224,0.001954321,0.004184002,0.0042807763,0.011481496
mrna-NM_003337_25,0.04510107,0.011128619,0.0347061,0.04721808,0.02918423,0.018913805
mrna-NM_004359_5,0.0029271678,0.09314171,-0.0004084294,0.017040873,0.034794092,0.008725216
NM_00545017,0.08572863,0.02901006,0.0010235773,0.00359173,0.032870732,0.024602061
mrna-NM_003340_39,0.021084271,0.052427813,0.0015716947,0.0015983866,0.009080691,0.033955645
mrna-BD135193_9,0.00627968,0.015834367,0.010092645,0.0007241799,0.004750958,0.0013715102
NM_003347_48,0.0066649583,0.0032396587,0.0010426067,0.00086575747,0.0023022005,0.00020944417
NM_00334216,0.020265996,0.023660285,0.0058320924,0.025834654,0.020759743,0.011501955
U47298119,0.0073291063,0.011350254,0.011301129,0.005633044,0.00061623263,0.00034452492
AH00149812,0.06607681,0.0073611084,0.04416646,0.03999188,-0.00043572523,0.008706976
NM_0025595,0.058326405,0.016759494,9.37576e-05,0.044472523,-0.001359643,-0.003366683
NM_0205481,0.020612776,0.042119447,0.0041120416,0.0011091846,0.00013616969,0.00069453905
NM_00204610,0.0002221737,0.0032463267,0.0016751515,0.0010988481,5.838515e-06,3.895518e-06
NM_00100148131,0.01058749,0.008112774,0.0020027,0.0010263146,0.003788177,0.0028951438
NM_01417643,5.925456e-05,0.00069807586,0.00010002148,0.0004641382,0.00018145371,2.7366921e-05
NM_016406_8,0.027706893,0.044727184,0.046153136,-0.00057058135,0.0011267378,-0.0009163382
NM_00545036,0.03152396,0.009213124,0.0154464785,0.008560096,0.0027904026,0.021981232
NM_00545027,0.03472399,0.03181792,0.038911138,0.026718007,0.044621952,0.014939468
U47298121,0.025574585,0.023448417,0.031409916,0.012421149,0.0054968833,0.0037075498
mrna-NM_003337_52,0.011574747,0.009643527,0.0019365657,0.014860795,0.010148335,0.007690304
J30312_13,0.046489153,0.008500927,0.0051048794,0.046786916,0.029096449,0.036378004
NM_00334879,0.07515714,0.063674845,-0.00071359624,-0.0053625284,0.0006538338,0.010546105
mrna-NM_003340_25,0.004153255,0.039454345,0.013669757,0.03289172,0.034927882,-0.0012619669
U4729834,0.023912512,0.014593639,0.029634051,0.019941373,0.0023742956,0.0066028405
XM_371822_39,0.011661371,0.00447231,0.0063648173,0.0047211377,0.0010569935,-1.8432425e-05
NM_003347_19,0.03182178,0.025725497,0.025847007,0.02545716,0.015574282,0.029414369
mrna-NM_003340_74,0.034413673,0.031092871,0.04415899,0.010804057,0.029490821,0.033767488
NM_00255945,0.01032011,0.0653062,0.018383076,0.022335134,0.009590248,0.012843422
NM_003347_43,0.022191683,0.048889767,0.00024401679,0.03724351,0.016824733,0.034568537
XM_371822_113,0.03952365,0.010842176,0.030284194,0.0068368926,0.0114024775,0.010870699
NM_00334877,0.040949125,0.011583598,0.002870218,-0.0025194327,-0.007029503,4.1327485e-06
NM_015213_27,-0.0006003061,0.02463883,0.0022025802,0.02764005,0.022145864,0.0035481574
NM_015213_13,0.011311439,0.008772128,0.00024217836,0.0012615453,0.0005843329,0.0004057936
NM_00545058,0.04228761,0.04995429,0.03473228,0.05246559,0.01742595,0.009198234
J30312_28,0.047668498,0.0032293235,0.007643731,0.031188387,-0.00014364146,0.013904352
mrna-NM_003344_46,0.011073062,0.040462717,0.036862437,0.017142208,0.009932428,0.038900062
U4729867,0.061220407,0.0105229905,0.009902953,0.03399913,0.0030459268,0.030985923
NM_00334859,0.005538474,0.013676452,0.0077196425,0.01269616,0.010215506,0.008783031
mrna-NM_004359_8,0.023192478,0.0013598077,0.003884585,0.009199646,0.0071220035,0.013041061
NM_003345_8,0.04684275,0.0040888893,0.03523778,0.03593343,0.050923128,0.014520734
NM_015213_102,0.025313655,0.0066574416,0.0016719543,0.021175213,0.007166056,0.011464513
NM_01602119,0.028869675,0.030802721,0.026065262,0.008577978,0.020958235,0.019698273
NM_00100148160,0.015657034,0.0052529173,0.0028713767,0.0012875015,0.0035225865,0.0018526817
NM_00635756,0.009152253,0.0009130311,0.0020825202,0.0010247496,0.000600074,0.002157858
NM_00545029,0.020668628,0.010605951,0.008602245,0.023023115,0.0058876453,0.0061302125
NM_016406_70,0.02809114,0.044673875,0.013338008,0.0027535995,0.00044430545,-0.0018968838
NM_00701921,0.018259231,0.03857565,0.037102,0.014609871,0.03194582,0.016769113
mrna-BD135193_36,0.0016180094,0.00034476825,0.0010805157,0.0008161579,0.0002279564,0.00026372852
NM_00334272,0.029915802,0.009172467,0.015650703,0.020559927,0.026746742,0.0032015704
U47298118,0.004337535,0.046168845,0.008411412,0.041259453,0.04150369,0.019778613
NM_00701971,0.008235222,0.065046385,0.0005055703,0.0013579001,0.008090316,0.016353035
NM_0160215,0.042263392,0.008129385,0.011720265,0.041323297,0.012404046,0.040871073
NM_00255933,0.04423244,-0.00045009181,0.013654132,0.043942954,0.026955051,0.022058934
NM_00334278,0.08061683,0.011781768,0.020156674,0.006017053,0.035478864,0.010986816
NM_015213_19,0.02353991,-0.0017134204,-0.002265896,-0.0004751257,0.009230212,0.006828397
mrna-NM_003340_22,0.021324813,0.059572574,0.0016050717,-0.0006091644,0.012288413,0.025373366
NM_003347_51,0.04104296,0.023181943,0.0064826575,0.04665285,0.025432358,0.045723967
U4729890,0.016404761,0.047231507,0.03365273,0.042399384,0.008780835,0.041773066
NM_00545052,0.010300565,0.051015776,0.033188503,-0.0018642705,0.012564183,0.035388235
mrna-NM_003337_62,0.036877397,0.031239858,-0.00044058508,-0.00012538394,0.008606868,0.022389835
U4729872,0.0032649317,0.015980193,0.016709762,0.0033207661,0.012459538,0.0028724107
NM_016406_4,0.04859222,0.013555213,0.042336836,0.016486095,-0.0017005304,0.001095844
NM_00255989,0.027380567,0.037471537,0.015191406,0.010938078,0.0040376666,0.007095112
mrna-NM_003344_62,0.00803616,0.02289957,0.0062865117,0.0084862625,0.013387318,0.0053488594
mrna-NM_003337_66,0.0010238844,0.030890973,0.008236279,0.024808707,0.02864787,0.0052096457
NM_003345_53,0.008677741,0.009877561,0.006710111,0.005319938,0.0018563234,0.0010065133
NM_004223_29,0.046034403,0.016255723,0.002491236,0.048340257,0.009824781,0.04275886
XM_371822_137,0.01455966,0.048384797,0.039959516,0.0052774074,0.029511278,0.028371578
NM_015213_74,0.0037497918,0.06834727,0.009088764,0.005976146,-0.0005830257,-0.0028324688
X759324,0.022642294,0.025454944,0.025139129,0.0073316027,0.0031236971,-0.0022111745
NM_00545070,0.008924144,0.07578071,0.0031295132,0.004685169,0.0148819,0.04336487
NM_00255916,0.07361008,0.024019143,0.019630814,0.03447019,-0.01260234,-0.032414623
U4729865,0.007854075,0.017579352,-0.00033317177,-0.0011742358,0.0028753108,0.011912121
NM_014501_64,0.034934767,0.056801535,0.024814073,0.035992727,0.04122832,0.020938689
AH0014983,0.03992319,0.010352638,0.0018767338,0.02017147,0.029441306,0.0008256614
mrna-NM_004359_49,0.023942174,0.02741694,0.0036529058,0.0073539526,0.015939215,0.0043786406
XM_371822_117,0.02910692,0.02442173,0.011680638,0.032724924,0.0045780255,0.00043337507
NM_00334254,0.017039852,0.00058604206,0.0014737002,0.0019044788,0.0016345414,0.0014530304
NM_014501_31,0.033274088,0.049841948,0.007730672,0.039235905,0.003846416,0.00927356
U4729818,0.03258213,0.018967386,0.030336667,0.02416035,0.010747905,0.050051875
NM_01602125,0.04079228,0.021167004,0.020904507,0.00012732769,0.0014219105,0.00019869038
NM_016406_54,0.010231518,0.018206533,0.00017072707,0.017297937,0.017382147,0.008226378
NM_00334215,0.00040205274,0.0011442018,0.00016654833,0.00049864606,0.00015289447,5.786882e-05
NM_01417610,0.03289267,0.035128575,0.01608675,0.040745035,0.010260069,0.042001143
NM_00334833,0.03287356,0.007621224,0.012332653,0.020263197,0.023957307,0.008740533
NM_00100148174,0.006969112,0.01956853,-0.00035945713,0.0015212769,0.0040627983,0.004119636
mrna-BD135193_2,0.0015391915,0.007885746,0.004850882,0.00730396,0.0013764614,-0.00026132577
NM_00334251,0.00016827694,0.00409295,0.0025577985,0.0025531396,0.0027027784,0.0015448701
NM_01417661,0.00038430156,0.0010568183,0.00010772753,0.00081839145,0.0003068558,0.00014438064
NM_00255927,0.00699533,0.02396896,0.022587037,0.008358197,0.003193809,0.0041797655
XM_371822_120,0.00085435633,0.006925053,0.0003040105,0.0004543258,0.0010748248,0.0020288876
NM_00701910,0.008136555,0.046175864,0.010393632,0.03690924,0.016069189,0.0028821519
NM_00255928,0.002562299,0.048623968,0.030136371,0.024779199,0.019499272,0.016187605
NM_00635764,0.004856183,0.024851346,0.0140242,0.008917794,0.0025172632,0.0078613
NM_003345_29,0.007840605,0.00921804,0.003929249,0.0043905023,0.0047056717,0.0023845525
NM_00635745,0.011438374,0.030946353,0.0076406705,0.013480452,0.014321879,0.0073846322
NM_00635715,0.027787548,0.056766868,0.014303294,0.003603288,0.0020670863,0.038425513
U47298109,0.006284358,0.046478666,0.011821137,0.06258122,0.0153370015,0.009968856
NM_014501_20,0.012238633,0.037540913,0.01752018,0.01302828,0.003358763,0.0004027145
XM_371822_97,0.013658898,0.035345558,0.030722558,0.02238498,0.010998453,0.033221096
NM_003347_25,0.008019484,0.016682873,0.0053791697,0.016515741,0.0047866018,0.014438586
NM_00701920,0.047518082,0.008586318,0.0045467517,0.037823703,0.00035040575,0.03405959
NM_004223_8,0.031858154,0.034671962,0.046700165,0.006456403,0.035129648,0.034523096
U4729821,0.044942904,0.006063373,0.05551362,0.026017427,0.0136365285,0.0060644983
NM_00255938,0.026328329,0.03217961,1.4284641e-05,0.03164913,0.01631934,0.02399377
AH0014988,0.03926928,0.016541032,-0.00058891217,0.050780036,0.015248371,0.03615147
NM_00334255,0.028439812,0.0054407474,-5.751131e-05,0.007256202,0.006650644,0.013420256
NM_01417651,0.0013681282,0.044129193,0.026738496,0.0083003035,0.02900199,0.009485027
NM_003347_15,0.029523276,0.028882468,0.0029061027,0.04187077,0.042334594,0.018288044
XM_371822_125,0.049609542,0.005440225,0.02484526,0.02906578,0.0014105344,0.0008644312
NM_003345_23,0.04928263,0.025830327,0.028952416,-0.00094923313,0.0026695314,0.022693247
XM_371822_5,0.012824548,0.023598291,0.0023076402,0.023337621,0.010410981,0.022175878
NM_016406_49,0.03219941,0.033811588,0.03572887,0.029898342,0.040069237,0.02334665
NM_004223_40,0.020053575,0.041144002,0.012488026,0.04398767,0.036379036,0.024028681
NM_00545019,0.0049761008,0.0028840755,0.0039701015,0.0023172193,0.0005259902,0.00015872292
NM_00334825,0.052046873,0.026499672,0.04875398,0.038828004,0.022998886,0.03840034
mrna-NM_003344_6,0.01569921,0.038036633,0.012524676,0.001201124,0.007975706,0.000881389
NM_00701967,0.024655849,0.05537323,0.002434801,0.0008169466,0.0061393077,0.0013366506
NM_00545060,0.041706767,0.030988341,0.0064305277,0.002622242,0.0021678917,0.017089205
NM_00100148143,0.0019238464,0.053743087,0.050922982,0.013441245,0.0013851391,0.0042058355
NM_00635750,0.0015798695,0.021277074,0.0127963,0.002062767,0.0022663956,0.002149114
NM_014501_12,0.03833819,0.025365528,0.002156333,0.00614496,0.0035947354,0.016953116
NM_00100148155,0.001043957,0.0031098458,0.0018139407,0.00302814,0.0003485445,0.0019335389
mrna-NM_003337_77,0.032560684,0.03361249,0.04552161,0.010577675,0.025056925,0.03015715
J30312_21,0.03859008,0.013395169,6.587679e-05,0.0537446,0.018346006,0.051861025
NM_00334812,0.016400445,0.004505602,0.011614889,0.0095872,0.004043567,0.011088195
NM_003345_60,0.0111107845,0.01956712,0.00077151495,0.020472698,0.017118467,0.0055797384
NM_015213_29,0.017312964,0.027473425,0.009875534,0.011482672,4.5191446e-05,0.023314971
NM_004223_36,0.057840344,0.014197916,0.013338851,0.033250757,-0.0012959496,0.0032653685
NM_015213_16,0.00048846024,0.028537868,0.004430301,0.010878766,0.016910242,0.011508382
XM_371822_29,0.027468078,0.06257086,0.018439654,0.030659128,0.00151157,0.0024807719
NM_015213_58,0.013711113,0.04709445,0.0018732571,0.03709202,0.012017082,0.04050338
NM_00255949,0.043298338,0.023703247,0.04118071,0.022115242,0.013203491,0.051821757
U4729880,0.046809282,0.03556921,-0.00540747,-0.0012461086,0.0232592,0.008164707
NM_004223_63,0.009237095,0.0339957,0.011690487,0.02822122,0.03020353,0.0135098435
NM_00701938,0.03187604,0.006732126,0.029698005,0.012306317,0.01867921,0.012927305
mrna-NM_003340_26,0.033490825,0.055572584,0.006707588,0.04520022,0.0015080516,0.0050374074
NM_00334218,0.015307531,0.004292908,0.004116067,0.007308335,0.0077795386,0.0059315185
U4729883,0.044308703,0.012546679,0.03541442,0.05177637,0.01334976,0.008985852
mrna-NM_003340_37,0.06007852,0.027353575,0.0022722173,0.0034655482,0.0031634304,0.052297156
NM_003345_20,0.012843357,0.024851184,0.01607638,0.012968489,0.0139267845,0.008595978
NM_0054505,0.073182814,0.016353061,0.0008411189,0.0019269426,0.02403199,0.020523915
NM_00635773,0.028880995,0.022899233,0.024738876,0.016086262,0.008507994,0.0045015635
NM_01602129,0.039872237,0.0048098247,0.027963638,0.024613598,0.017238865,0.022381125
NM_00100148172,0.0055573303,0.011126136,0.002120395,0.00552774,0.0017145278,0.00051150005
XM_371822_101,0.044653874,0.04989521,0.025564833,0.024736822,0.004499221,0.01131935
XM_371822_133,0.04708124,0.0349542,0.03634503,0.0077264826,0.021254826,0.019620042
XM_371822_86,0.036918547,0.012764727,0.02769164,0.027595254,0.00012988473,0.00024034575
NM_016406_58,0.009279381,0.04596726,0.005772221,0.03229297,0.0034226836,0.02004752
NM_00635737,0.043266885,0.03346512,0.053191524,0.014060116,0.02904433,0.011279372
mrna-BD135193_6,0.002783652,0.008914078,0.008011524,0.0037590575,0.00019013904,0.004330658
U4729814,0.0056893574,0.037894685,0.0019611137,0.038037214,0.0068660933,0.03574806
XM_371822_9,0.028955556,0.039728656,0.01661467,0.04165392,0.0064365785,0.046361797
NM_01417619,0.0016982356,0.000746226,0.00025454196,0.0004802882,1.7818233e-05,1.460681e-05
NM_003347_21,0.014684982,0.0120167015,0.017559228,0.0020795255,0.0065089483,0.014358164
mrna-NM_004359_37,0.049000215,0.0020999913,0.047222983,0.0064231944,0.035755396,0.024018193
AH00149830,0.03998865,0.045468148,0.036443725,0.030108774,-7.246323e-05,-8.357694e-05
NM_00635763,0.016719757,0.04440828,0.025041932,0.040907275,0.02040311,0.03998674
NM_016406_7,0.0075663356,0.06007349,0.0039814953,0.0051065953,0.023634719,0.024827905
NM_015213_75,0.033160016,0.022713937,0.039609592,0.002793418,0.02854112,0.026006926
NM_00334844,0.047169615,0.0010718767,0.046753112,0.006079097,5.3971475e-05,0.04646033
XM_371822_136,0.015106087,0.03861778,0.03543552,0.021846687,0.01805561,0.03737576
NM_015213_8,0.014985657,0.003164748,0.003431631,0.01224549,0.0017506323,0.010584277
mrna-BD135193_31,0.0059743817,0.03452523,0.01666836,0.0128178615,-0.0012000932,-0.00036715495
NM_003345_61,0.045381315,0.018290726,0.027903862,0.029176315,0.0177249,0.041596767
NM_015213_51,0.0064646895,0.01688412,0.018553814,0.0013630268,0.0067530065,0.00238105
NM_015213_9,0.020392602,0.027613094,-0.009470223,-0.0098387,-0.00011695619,0.0019018546
NM_01602130,0.0049547274,0.0020303396,0.00031789212,0.002984657,0.0006555416,0.0015465706
mrna-NM_003337_78,0.046364095,0.0064417105,0.04068211,0.022931749,0.036617633,0.013967345
NM_01602138,0.04269129,0.02348295,0.0001282704,0.00011074664,0.022052776,0.0080782855
NM_015213_110,0.007828733,0.0031525756,0.0079785045,0.00036816899,0.0059867594,0.00331171
mrna-NM_003340_62,0.00203035,0.008218238,0.009929321,0.0025471789,-0.0002953239,0.0013763943
NM_01417664,0.028458906,0.018688196,0.02101737,0.013074542,0.009430389,0.023018705
U47298116,0.016912155,0.028383259,0.023461606,0.0038426106,0.012384607,0.0008889006
NM_00701946,0.007826895,0.048608135,0.026185812,0.027286122,0.032818515,0.0033084848
NM_00255915,0.008442582,0.077173635,0.0003368862,-0.00091986114,0.005848871,-0.009455222
U472969,0.044186097,0.0060377945,0.04247717,0.03775298,0.00087456516,0.014183161
XM_371822_99,0.04411726,0.03738729,0.00021605991,0.0010249567,0.0037527375,0.03077739
NM_00100148171,0.046303008,0.025062624,-0.0013463104,-0.0028494748,0.010884578,0.0030764092
mrna-NM_003344_33,0.0074549415,0.014744568,0.0007612425,0.021186315,0.007421759,0.0014305569
XM_371822_118,0.033221427,0.048414603,0.02988466,0.007773168,0.020037482,0.042344194
U4729893,0.043043695,0.017991027,0.033719633,0.035681013,0.033895925,0.03180241
mrna-NM_003340_27,0.0513489,0.013782227,0.00038038284,-0.0030518835,0.013243262,0.008513527
NM_014501_9,0.014327728,0.03994259,0.049333975,0.022278901,0.062068477,0.009718627
NM_00100148150,0.011329766,0.014121818,0.008064321,0.011051789,0.0062399814,0.0014502994
mrna-BD135193_41,0.020464748,0.018821122,0.02612308,0.0088831745,0.016145527,0.0147392815
U47298115,0.0048179175,-0.0006023643,0.00052728126,0.00082861166,-7.040657e-11,-7.4804406e-11
NM_003345_48,0.043110665,0.01648115,0.035585333,0.027590115,0.04155039,0.015261511
NM_00334225,0.013157587,0.006799365,0.00085144467,0.0021619748,0.006983142,0.0051645213
mrna-NM_003344_60,0.025677232,0.047571633,0.004183823,0.0046814433,0.016272144,0.013894849
NM_015213_91,0.009727466,0.027716512,0.02150663,-0.00039384176,0.0019819618,0.02096679
NM_00255912,0.06413004,0.043553617,-0.0034459499,-0.0045181494,0.0320358,0.011883726
mrna-NM_003337_20,0.066214055,0.03914273,0.010349726,0.030155968,0.006642899,0.034466077
NM_01417672,0.0004303314,0.030705025,0.008770612,0.030355731,0.007554665,0.02749126
NM_0054509,0.044252533,0.016269403,0.040473294,0.024062077,0.025485191,0.043593414
NM_014501_73,0.025815232,0.040826242,0.022189217,0.04004285,0.060205143,0.0042542038
XM_371822_143,0.04764343,0.027934467,0.0026518076,0.013677959,0.023171367,0.014316576
mrna-NM_003340_49,0.015110365,0.008124465,0.017159356,0.008979278,0.0064645684,0.015274034
mrna-NM_003344_30,0.016338862,0.0011726753,0.021237943,0.0011189658,0.00042683425,0.007177322
NM_01417641,0.04308243,0.013396323,0.003992803,0.014000903,0.014489115,0.0020668597
NM_01602124,0.02689141,0.018561512,0.0046080193,0.016724007,0.0076013906,0.005368331
NM_0070192,0.0041797063,0.024347331,0.010014548,0.016177751,0.013747596,0.017158715
mrna-NM_003337_56,0.02408404,0.023711042,0.01270434,0.03181979,0.022541577,0.018992698
NM_0010014818,0.006572248,0.0008452544,-0.00037354877,0.004920442,0.00067593565,0.0014662101
NM_01417627,0.03484585,0.030258302,0.031232111,0.016204514,0.041968595,0.0077603986
NM_003345_62,0.033214018,0.0031230978,0.019953556,0.016688239,0.0018374971,0.026345765
NM_003345_44,0.03573074,0.02570905,0.013069038,0.011660851,0.011096744,0.0077862656
AH00149821,0.038443174,0.04085116,0.028134076,0.0717263,0.017478023,0.038837798
mrna-NM_003344_36,0.00054896536,0.0009890303,0.00022141013,0.00036802015,9.9618075e-05,0.00017867367
NM_014501_79,0.057657085,0.0059312168,-0.0010613179,0.02822994,0.013184147,0.03745122
NM_00545059,0.009745899,0.021383246,0.010334072,0.02037211,0.013525894,0.013709772
NM_00635754,0.03734132,0.045590542,0.00046217596,0.0028641995,0.0051814187,0.049347594
mrna-NM_003344_57,0.0019295589,0.009966908,0.0017261225,0.007287323,0.007526742,0.0038458
NM_0010014819,0.008364587,0.031681344,0.025633402,0.0051375297,0.019508736,0.0045931363
NM_00100148135,0.013706359,0.018528273,0.0005873112,0.0043819146,0.006266654,0.0045157345
