A493_XM_371822_1,6.174357e-05,-1.00726775e-05,0.00018393007,8.974613e-05,4.4458768e-05,8.541152e-05,1.9821551e-05,8.8742796e-05,0.00011970437,0.00014881647,-8.714252e-05,4.147594e-05,9.494708e-05,0.00023716377,9.516968e-05,-0.0001576874,0.00015266988,-3.7805967e-05,6.926983e-05,0.0001105455,4.6857436e-05,0.00017586858,-2.415226e-06,8.0214326e-05,0.000113012495,0.00014586447,4.8435428e-05,8.0701684e-05,-2.6672154e-05,7.911747e-05,1.9741556e-05,1.9243367e-05,-0.00022205053,-2.5102294e-05,6.0219878e-05,-3.713454e-05,1.8736922e-05,2.8884077e-05,0.00012777044,0.00013127638,1.8031653e-05,-7.206798e-05,0.00019886106,-7.639749e-06,-0.000113198264,-8.414722e-05,-2.6763659e-05,-0.00010564246,0.00010801755,-5.0210576e-05
A458_XM_371822_1,-3.561583e-05,5.1313713e-05,3.5944955e-05,-4.87954e-05,7.17699e-05,5.092571e-05,0.00015362506,0.000103430066,-0.0001826471,8.6872366e-05,0.00014672184,5.1415165e-05,7.079618e-05,0.00018745472,8.271798e-06,2.6463022e-05,9.480731e-05,-9.3933675e-05,7.551864e-05,-1.3358454e-05,-0.00022734635,-0.00018708254,5.4571483e-05,2.239082e-05,7.082182e-05,9.188364e-05,6.77297e-05,-6.658884e-05,-0.00013176902,-5.242653e-05,-7.8560966e-05,6.70164e-05,7.123092e-05,0.000115010735,-7.0598995e-05,-6.047966e-06,1.4879052e-05,0.00010694523,-0.00010717728,1.3628669e-05,7.344535e-05,1.4416871e-05,-3.5576602e-05,-3.9422142e-05,-9.8814926e-05,3.6019774e-05,1.5816777e-05,2.5752075e-05,3.8587114e-05,-3.6309037e-05
A426_XM_371822_1,-2.155486e-06,-0.00015912077,-4.9490478e-05,8.969307e-05,1.6710115e-05,6.8135945e-05,0.00023035976,-2.485974e-05,0.00022514604,-0.000109377324,0.000111589914,-0.00014225875,8.187155e-05,8.159998e-05,-0.00011634093,-5.950416e-05,-0.00013201717,8.952575e-05,0.00013993226,4.426352e-05,3.0086427e-05,-7.503209e-05,-2.3226772e-05,-0.00011210035,4.747174e-05,-8.011276e-05,1.7061395e-05,-5.630891e-05,-4.2970263e-05,-1.007947e-05,1.5947113e-05,8.697906e-08,-0.00011856984,-4.0252777e-05,-0.0001545763,-2.0173306e-06,-7.6914446e-05,-0.00011932121,0.00011924663,7.8976474e-05,-4.310377e-05,-9.2046845e-05,-2.0057958e-05,-6.3411055e-05,-1.1748308e-05,4.8032474e-05,9.554875e-05,4.2185082e-05,-8.743284e-05,8.4062034e-05
B147_U47298,0.000108237575,-4.372468e-05,5.0383176e-07,0.00012041608,-0.00010129976,-7.1227914e-05,5.7769223e-05,-8.9265974e-05,3.558813e-05,5.188585e-05,-8.024184e-05,-7.9831305e-05,1.7177164e-05,-5.362e-05,-0.00014172542,6.571308e-05,-1.976996e-05,7.188669e-05,6.103443e-05,-2.6313804e-05,-7.224925e-05,0.0001226702,-4.920776e-06,0.00015254588,7.3503936e-05,0.00030394873,-7.539508e-05,-7.247435e-05,-0.00010350367,3.5846995e-05,0.00021710663,3.1119172e-05,3.961124e-05,2.265708e-05,0.00024811944,5.74463e-05,-0.00012266285,-6.350847e-05,-4.452684e-05,7.01348e-06,-3.810153e-05,2.2554294e-05,0.00024363148,3.258631e-05,-0.00012484456,-8.0531216e-05,2.9920004e-05,2.3793778e-05,-0.0001889528,0.00010427814
A484_XM_371822_1,0.0002238114,0.00011546129,7.6633376e-05,0.00011299147,0.00022458019,-4.5602985e-05,7.280713e-05,-6.346725e-05,4.5117074e-05,0.0001924096,9.2135364e-05,0.000113018155,-9.232572e-05,0.00010327351,-2.2386197e-05,-8.011405e-05,-1.1728101e-05,6.428918e-05,7.8955454e-05,-2.9517072e-05,0.00022991114,-4.145877e-05,5.131729e-05,9.143057e-05,0.00010751858,3.463433e-05,-2.062226e-05,-0.000107534805,8.881734e-05,1.4341642e-05,9.149231e-05,9.180209e-05,-0.00017660284,-0.00014493377,7.720931e-05,-0.000101783684,-6.857713e-05,0.00014963099,3.3151195e-05,3.8114085e-05,0.00015653118,2.9196726e-05,8.1139515e-05,-0.0001607906,0.000109352186,-2.4658642e-05,-6.292064e-05,5.9304522e-05,8.2507446e-05,7.9298254e-05
B51_U47298,-0.00017460356,0.00018595063,-9.797798e-06,-0.00014959046,-4.578851e-05,-0.0002000151,-7.3993247e-06,-0.00018193822,-0.00017412035,0.00015386022,0.00013030904,6.061745e-05,9.712096e-05,-6.37672e-06,6.79874e-05,-0.0001394677,-4.4468607e-06,0.00014059371,-0.00021089884,1.1851773e-05,0.00016136578,-3.373084e-05,7.004674e-05,2.3568253e-05,2.834365e-05,-5.3555483e-05,-8.166224e-05,0.000105687,0.00014373557,-6.0182305e-05,-9.021482e-06,-9.472425e-05,4.5990208e-05,0.00016237125,9.966133e-05,-1.2459976e-05,0.00011780093,1.0817698e-05,8.259606e-05,5.176704e-05,5.095496e-05,-7.713118e-05,-3.671998e-05,0.0002154552,-4.2490912e-05,0.00012137148,5.9689086e-05,2.1917604e-05,1.1664249e-05,-0.00013504604
B307_X75932,-6.875813e-05,4.3532218e-05,0.00019387892,2.594495e-05,-9.015268e-05,8.36272e-06,-7.460923e-05,2.8536788e-05,8.191776e-05,-5.451448e-05,-9.9756806e-05,0.00017954664,0.0001477719,7.1502785e-05,8.910382e-05,-1.7076858e-05,1.8559553e-05,8.02349e-05,0.00015994768,4.175334e-06,0.0001151461,0.00010943693,7.8013e-05,2.8268812e-05,0.00011502879,2.8309509e-05,-1.4643253e-05,6.808464e-05,-6.890861e-05,9.032161e-05,0.00010105458,-5.2994452e-05,9.8158824e-05,6.11224e-05,-1.6133185e-05,-1.1761172e-05,1.2571556e-05,-1.2028633e-05,-7.643682e-06,0.00012518335,0.00019976341,0.0002465951,1.5691672e-05,4.349543e-05,1.9177189e-05,0.00014597704,0.00013217512,0.0001720056,5.8857295e-05,3.8219416e-05
A508_NM_015213_3,4.5088174e-05,8.957504e-05,-3.47518e-05,-7.2399096e-05,2.3784673e-05,4.107799e-05,0.00010160156,1.730665e-05,7.080103e-05,-5.0475846e-05,-0.00010913929,0.00011905758,-6.0518312e-05,1.7569995e-05,0.00012050239,0.00013526875,-0.000113758615,7.916372e-05,5.7001354e-05,4.509139e-05,-3.9616596e-05,-5.053511e-06,-9.468981e-07,0.000101671736,-7.863309e-05,0.00023479461,3.386072e-05,0.00020194691,-2.9946283e-05,-0.00012442081,0.0003072026,0.00013731985,0.00011894088,5.1610074e-05,-3.1686654e-05,-0.00022546476,9.4745636e-05,-3.15779e-05,6.0808314e-05,1.655343e-05,2.8784732e-05,7.418925e-05,-2.2572696e-05,0.00033228207,-0.00017434225,-0.00016905591,4.475733e-05,-0.00011801505,8.324749e-05,0.000209752
A587_NM_015213_2,-9.359213e-05,-0.00012275187,8.900024e-05,-4.9516075e-05,2.015123e-05,7.889465e-06,-4.2432213e-05,0.00017758824,0.00019336559,-0.00015735016,7.532149e-05,0.0001103412,-1.9660243e-05,3.4397275e-05,-7.9507234e-05,0.00018515503,0.00011698978,0.00020542955,0.00015915478,0.00016227002,2.6694895e-05,1.2460419e-05,0.00014953253,0.00017522476,2.1512637e-06,-0.0002088283,-1.407944e-05,-8.680659e-05,-3.0186109e-06,4.0222123e-05,3.9738803e-05,5.620296e-05,-1.1602835e-05,4.5994868e-05,-0.00011675075,-0.00012760653,-7.28474e-05,-0.000103738545,8.755684e-05,0.00010680597,0.00020343556,7.973506e-05,7.7472876e-05,0.00010881567,5.435946e-05,6.8781264e-05,5.4790547e-05,1.1852292e-05,0.00010054676,0.00021644577
B46_U47298,-9.8118464e-05,-8.3375235e-05,3.9849485e-05,0.0001097055,0.0002429091,0.00017156899,2.03417e-05,9.096215e-06,3.8701874e-06,0.00023683302,-3.296862e-05,8.332723e-05,-9.610632e-05,0.0001859622,-0.000102951395,9.164947e-05,-2.8160666e-05,2.5583697e-05,0.000101048034,7.045067e-05,1.2693598e-05,-8.988172e-05,-6.3172316e-05,0.0001840024,7.4197706e-05,-1.3675382e-05,-0.0001306654,0.00014034168,4.9357757e-05,0.000118952754,-0.00012068513,-4.94848e-05,9.2907656e-05,-0.00010609652,2.2083274e-05,0.00020916373,-1.4179658e-05,4.760759e-06,1.9751067e-05,0.0001066985,5.9199792e-05,-1.9914523e-05,2.574636e-06,-6.3657884e-05,4.426877e-05,5.8553233e-05,-9.6745345e-05,-1.0905604e-05,3.6918333e-05,-0.0001515307
A568_NM_015213_3,-0.00015795756,9.709931e-06,-0.00014722157,5.5048902e-05,1.5396454e-05,-8.9711226e-05,-7.0476776e-06,-0.000111693334,-1.0290236e-06,-2.9314971e-05,0.0001588919,-0.000103028455,4.3607934e-06,-1.933212e-05,6.959715e-05,-1.2738557e-05,-1.1576828e-05,2.1139394e-05,-3.0376807e-05,-0.0001918326,0.00015963803,0.00020495165,9.1714195e-05,-0.00015305767,1.1138969e-06,-0.00014274092,-8.9358946e-05,-0.0001691138,3.8451486e-05,-3.4240016e-05,-5.0258714e-05,-5.0029757e-05,-6.607933e-06,5.698176e-05,8.305369e-05,-0.00015894425,0.00012632103,0.0002020611,-2.531629e-05,0.00023956945,-0.00012889615,0.00016814406,0.000116683994,3.9119088e-05,0.00013772504,-0.00011812343,-8.1487065e-05,-6.425697e-05,8.223843e-05,-1.9592137e-06
A440_XM_371822_2,3.0838117e-05,0.000115302486,0.00020066893,0.00013458524,-7.774131e-05,4.7635345e-05,9.186508e-06,0.00017058292,7.836164e-05,0.00015884354,3.5910758e-05,6.896047e-05,6.357671e-05,-2.7767393e-05,0.0001233433,-0.00013261272,0.0002552267,9.6402355e-06,0.00028814105,-0.00011355216,-2.4951825e-05,-5.122607e-05,8.0704966e-05,-0.000108275846,-3.7554004e-05,-2.9155415e-05,0.000115081966,-9.0456415e-05,-2.1607598e-06,0.0001893622,8.725129e-05,8.220965e-05,0.00013692536,0.0001258395,0.00018497722,-0.0001357985,1.5195224e-06,0.00026010023,3.9640774e-05,0.000104226645,6.292148e-05,8.5428175e-05,-1.8649023e-05,0.00012349835,-3.619712e-05,0.00013757385,0.00011044824,6.7154186e-05,-0.00013116599,-6.59598e-05
A548_NM_015213_1,9.763565e-06,-2.8708539e-05,0.0001579647,-8.6544744e-05,-6.0136794e-05,-0.00010352967,-4.57868e-05,-1.6006788e-06,-2.4434352e-05,0.00013592614,5.343937e-06,1.9911091e-05,7.232432e-05,1.2394139e-05,0.00037122244,3.9914634e-05,-0.00012654725,-1.709513e-05,-0.000121439305,0.00015428575,6.09885e-06,-4.338417e-05,-8.4384345e-05,0.000102843784,0.0002680018,0.000108362954,0.00013581973,0.00010366413,-0.0002187043,2.3796187e-05,-3.3617448e-06,0.00020807037,4.5227735e-05,2.36476e-06,-1.143333e-05,9.340072e-05,2.4921778e-06,0.00012405026,-2.0872847e-05,3.1879415e-05,-8.955696e-05,-8.349498e-05,-8.425481e-06,2.2468043e-05,0.00017028426,0.000120452765,-0.00015317208,2.6800535e-05,-8.509659e-06,0.000114325434
B391_J03132_1,-3.0040645e-05,5.4219568e-06,0.00021963422,4.0574487e-05,-0.0002220611,-0.00019795315,0.00022474102,-0.00020138484,-1.852436e-05,7.439128e-07,7.639149e-05,-0.00010823403,0.00012358537,2.639136e-05,0.00013849832,-5.6339468e-05,5.2629726e-05,0.00018986157,9.159528e-05,1.7016382e-05,-8.9260895e-05,-3.9062612e-05,6.291147e-05,-7.909294e-05,-4.7313053e-05,-6.875435e-05,-7.684307e-05,4.3929747e-05,0.00013300288,0.00016187497,2.646222e-05,4.8847764e-05,1.6312142e-05,-4.440672e-05,-4.227035e-06,-6.33855e-05,2.3964225e-05,-1.9903258e-05,-1.545568e-05,-5.8031355e-07,5.8739584e-05,-3.728204e-05,6.354798e-05,-7.811573e-05,-2.5179606e-05,5.5732133e-05,4.7657697e-05,8.825869e-05,3.0923657e-06,6.303441e-06
B341_U92436_1,2.2792803e-05,0.00024361361,1.557242e-05,-3.2105254e-05,-0.00017162532,4.884105e-05,-2.1682996e-05,-0.00022892452,-0.00015638147,0.000109410976,-0.0001402609,6.668865e-05,-7.3585055e-05,-7.521876e-05,-0.0001473295,-4.5531444e-05,5.4326676e-05,-2.7817876e-05,7.847975e-06,7.705424e-05,3.589019e-05,-2.2159633e-05,-0.00011800568,0.00010859324,-0.00021611934,-5.855995e-06,0.00018065945,-3.1469477e-05,-3.824724e-05,-0.00017330403,-8.09477e-05,6.434947e-05,8.644418e-05,0.00023010871,4.2992604e-05,2.9709438e-05,-5.2956217e-05,-0.000204993,0.00023795612,7.606788e-05,-0.00017543026,-0.00014111654,1.1724441e-05,-2.1952834e-05,-7.09663e-05,7.92315e-05,8.487543e-05,-0.00015460823,0.00016031617,-3.7742026e-05
A535_NM_015213_2,-1.1840695e-05,0.00011563898,3.073903e-05,-2.7896389e-05,-7.489117e-05,6.5778826e-05,-0.00019995114,-7.3003175e-05,-0.00013876372,-4.6968703e-06,0.00014056853,0.00024610912,7.592901e-06,-8.2396815e-05,8.12989e-05,-2.614785e-05,3.063878e-05,3.3956625e-05,3.9983504e-05,-0.00020471623,-4.8999562e-05,5.3192747e-07,-9.26137e-06,-2.8551844e-05,7.8326455e-05,8.707039e-05,0.00030208705,0.0001738173,-9.0272086e-05,0.00010833101,3.1994405e-05,-3.2360873e-05,0.000111967856,-6.0467546e-06,-5.3126616e-05,0.00016696156,9.463127e-05,-0.00011371537,-0.00010282729,3.414269e-05,-0.00014431839,0.00019304283,-8.510497e-05,-9.661019e-05,1.0469431e-05,-0.000120985045,3.5081604e-05,-2.2276176e-05,-2.066037e-05,7.974285e-05
B389_J03132_1,0.000108986234,-6.670477e-05,-0.00015164661,0.00013623071,0.0001421347,0.0003251576,-0.00020417848,1.720313e-05,0.00014308046,5.1795738e-05,0.000114293805,0.00016091166,-4.9387772e-06,-8.941936e-05,-3.157411e-05,0.00014682894,-8.0383594e-05,3.553406e-05,-2.8345195e-05,-0.00010084991,0.00012241083,6.824749e-05,-9.976469e-05,7.99942e-05,6.354214e-05,7.678159e-05,0.0001694142,-4.70476e-05,0.00012654088,3.8653856e-05,-0.00012996979,1.8282673e-05,-2.3319652e-05,-2.8976925e-05,-0.0001153277,0.00011424386,7.598149e-05,5.961715e-05,3.703312e-06,4.218769e-05,-5.049705e-05,1.6636568e-05,-0.00020422411,0.00012567255,3.3637243e-05,-4.8989456e-05,1.4490758e-05,6.594151e-05,-2.628215e-05,5.979109e-05
A600_NM_015213_2,1.0891509e-05,-1.1018076e-05,-0.00014498178,-6.370925e-05,-0.0001144853,4.980948e-05,-4.762309e-05,0.00013902757,7.406535e-05,-0.00012361554,-2.371291e-05,-9.192089e-06,-4.354175e-05,-3.4032478e-06,-0.00015750247,8.519768e-05,0.00011014604,2.000142e-05,0.00026117888,-4.8667545e-05,0.00013580173,-1.5871015e-05,4.667078e-07,-0.00011576206,2.6286558e-05,0.00022152248,5.960596e-05,-5.6047127e-05,6.0113747e-05,5.058456e-05,-1.785276e-05,-3.424775e-05,8.309555e-05,-2.491781e-05,0.00012471012,0.00029758317,0.00010747034,5.1676547e-05,-4.6044843e-05,-0.00010215448,0.00020107691,-6.529703e-06,5.556037e-05,0.0001503794,0.00024325457,-2.2883663e-05,-0.00022222234,0.000120800076,0.0001425867,5.5916797e-05
A475_XM_371822_1,8.0697944e-05,0.00030193542,9.366098e-07,-7.6300495e-07,-7.702763e-05,-0.000109147804,4.342475e-05,-3.411448e-05,0.00014647115,-1.5260679e-05,-2.4565798e-05,0.00024189086,-4.6176632e-05,-0.00010301029,-0.00014737475,3.2703803e-05,-7.1388054e-06,0.00025895497,-2.5738174e-05,0.0001235732,0.00014527388,-4.073856e-06,-6.630903e-05,0.00021766638,5.4857854e-05,-0.00014305135,-3.0422741e-05,0.00013650612,-8.586272e-05,-0.00011555507,-0.00016997561,-0.00010520724,0.0001309096,5.750904e-05,3.877181e-05,-8.3707244e-05,-4.9215305e-05,-2.671625e-05,6.624603e-05,0.0001854882,6.489746e-05,-0.00013016727,7.645073e-05,-2.1719303e-05,7.182533e-05,1.4820837e-06,9.4634546e-05,2.6059275e-05,2.3159813e-05,0.00016086585
B164_U47298,0.00014310419,9.286961e-05,1.6165617e-05,-4.959823e-05,0.00012722168,0.00015063402,-0.00021538262,-0.000110531604,3.501444e-05,0.00012976411,6.1413884e-05,-6.5177606e-05,6.4546055e-07,0.00012123208,0.00018981445,0.00011286384,7.553817e-05,1.5310254e-05,8.952514e-05,-7.3597057e-06,0.00012867601,8.297706e-06,-1.8379715e-05,7.735695e-05,-0.00024317447,7.6579134e-05,7.0228474e-05,-1.7774788e-05,4.243021e-05,-0.00015924507,8.461495e-05,-8.728902e-05,-4.434221e-05,6.020029e-05,-5.8049223e-05,-0.0001847531,9.544263e-05,-1.0243358e-05,-3.374414e-05,9.524879e-05,3.1147106e-06,2.6715912e-05,-6.99006e-05,0.00018419784,-2.5464451e-05,-3.9304756e-05,-3.6364632e-05,3.0247144e-05,-6.4089486e-06,0.00013017235
A412_XM_371822_1,-3.4171393e-05,1.9322037e-05,5.649812e-05,7.146603e-05,-4.2073723e-05,-9.045783e-05,0.00010252228,-1.0224485e-05,0.00026482806,4.721302e-05,-0.00012646228,-0.00010099112,5.77931e-05,3.9220686e-05,0.0002532913,-0.000102288206,-0.00010686463,0.00014497797,-4.5624798e-05,3.0027264e-05,2.2374878e-05,5.1002244e-05,2.998922e-05,3.2318825e-05,0.00013246866,-0.00013365269,6.0683033e-05,0.00015848046,0.00016891482,-0.00014967269,-1.9286917e-05,0.00011079352,9.675364e-05,1.1372458e-06,4.8408063e-05,-3.125018e-05,4.3577442e-05,5.7940342e-05,5.5646055e-05,-7.966895e-07,0.00016776491,0.00019454442,-2.0675383e-05,3.420436e-05,0.00014668613,-7.5668424e-05,-2.0620611e-05,-0.00012266573,6.192819e-05,0.000108573884
A425_XM_371822_1,-5.588446e-05,-0.00013542123,-1.9984525e-05,-0.00014836933,9.835387e-05,-0.00017366643,-2.905858e-05,4.1549923e-05,2.3898629e-05,0.00012494483,1.0174566e-05,0.00026413394,0.00014803054,0.00014470954,9.512095e-05,0.00012682307,-3.8751427e-06,-7.97158e-05,-2.3929248e-05,0.00014630595,9.978374e-05,5.9772763e-05,7.941503e-05,5.0415598e-05,0.00012760606,3.0236739e-05,8.7167755e-05,-3.6472124e-05,-0.0001418809,6.285656e-05,0.00014828517,-7.277731e-05,-1.2982163e-05,2.2664355e-05,9.093957e-05,4.7333448e-05,6.730647e-05,8.766379e-06,-3.7602786e-06,0.00013126453,0.00012068837,-7.355815e-06,0.00011482792,5.3480075e-05,-2.5428122e-05,6.516988e-05,0.00011659587,0.00016849514,-7.6792385e-05,0.00011309834
A380_XM_371822_1,-5.9452494e-05,-3.332567e-05,0.000112481044,9.133652e-05,-0.00023902357,2.4019114e-06,-7.362957e-06,6.01254e-05,-2.0505222e-05,-4.3020886e-05,-0.0001240626,0.0001240401,-0.00023977067,7.8172685e-05,-5.7888763e-05,-8.918004e-05,-0.00012185085,9.765881e-05,1.0858979e-05,0.00014100765,7.527824e-05,-8.424486e-05,6.0232537e-06,-4.6575376e-05,5.7598703e-05,8.2678685e-05,1.5606003e-05,6.337328e-05,4.0054016e-05,2.7597363e-05,-0.00014233228,-2.950962e-05,-3.6247642e-05,-0.00015346955,-0.0001190873,5.1365823e-05,-8.0157806e-05,0.00014634624,-7.704986e-05,-7.475686e-05,0.00022930621,-0.00011165752,0.0001378329,-4.662813e-05,-4.476552e-05,0.00013607634,2.2680902e-05,-4.6671084e-05,-7.8846475e-05,-4.4394947e-05
B151_U47298,-1.3980552e-05,-8.173869e-05,-2.6859739e-06,0.000113836046,-0.00014117172,-0.00013634768,-3.3261495e-05,-1.0214928e-05,-8.1159094e-05,-3.858247e-05,-1.7346554e-05,0.00016438091,6.1029325e-05,0.00010986775,-7.0729235e-05,-7.748249e-05,-1.33385265e-05,-0.00011691585,0.00011538459,-1.4713871e-05,0.0001572928,-6.239355e-05,-2.2640248e-05,0.00010143578,0.00021333668,4.63368e-06,0.0001484713,-8.729098e-05,0.0001421383,0.0001557785,-2.8490324e-05,5.3867803e-05,-1.0959365e-05,6.3729516e-05,-7.191716e-07,0.00014543475,7.19064e-05,4.0785453e-05,9.8934775e-05,0.00014695918,2.7655764e-05,-2.582812e-05,-0.000106467465,4.056005e-05,7.426345e-05,4.5722478e-05,-9.202501e-05,-3.9360326e-05,0.00012478686,2.8091936e-06
A448_XM_371822_2,-6.924782e-05,-3.218406e-05,-1.2821288e-05,0.00019722586,-4.689318e-05,0.00017234635,9.873708e-05,3.676105e-05,-4.9847215e-05,-3.3118802e-06,6.440699e-05,1.3571165e-05,-2.5123147e-05,1.4076181e-05,4.6673318e-05,0.00020926567,-5.3823296e-05,-3.0347612e-05,4.967816e-06,5.77049e-05,3.4079676e-05,9.375833e-05,0.00010683795,-6.355835e-05,0.00013377359,-0.00011189435,3.7698253e-05,-4.7794332e-05,0.0002385777,0.00011448853,0.00013267105,8.7705135e-05,-3.381425e-05,8.5483145e-05,0.0001078214,-5.6868335e-05,-0.00013953932,-2.3431478e-05,-0.00013614327,0.00017475353,-2.0376534e-05,-5.8787824e-05,-4.3771488e-05,0.00016566449,-1.238416e-05,-0.00010857143,9.804695e-05,0.00013008011,-0.00011614766,0.00022510959
A399_XM_371822_1,0.00014054721,-4.3523607e-05,1.3038382e-05,2.3484905e-05,2.362783e-05,0.00015047585,0.00020878119,4.086236e-05,4.1434912e-05,0.00010982159,-9.585564e-05,-1.8194107e-05,2.0599158e-05,-1.0207314e-05,5.5192166e-05,-6.946182e-05,-0.00020782785,8.523364e-05,5.6276873e-05,0.00011566748,3.527555e-05,4.4060747e-05,0.00013630348,9.96846e-05,0.00017840536,-1.118595e-05,-0.00012321575,-0.000118630065,0.00022691196,5.7696907e-05,3.7035265e-05,2.8190314e-05,-8.01932e-05,0.00016681336,1.5823549e-05,8.157097e-05,-0.00010562727,-9.669616e-06,8.896869e-06,8.79125e-05,0.00013354958,0.00014036972,-1.12507e-05,-8.745216e-05,0.00011102346,0.00010163514,0.00012050093,-4.7559988e-05,8.77143e-05,-0.0001538992
A541_NM_015213_2,-1.6192094e-05,-8.108903e-05,1.5334548e-05,4.6100846e-05,-5.494755e-05,-0.00022636945,-3.310951e-05,1.894694e-05,-7.5728276e-05,-1.1923112e-05,7.9673235e-05,1.8175017e-05,-3.582629e-07,-6.940228e-05,0.00010155234,6.0455226e-05,0.00019746757,-7.124182e-06,-0.00031905164,-8.8781904e-05,2.8525685e-05,9.451297e-05,4.194192e-05,-0.00010997108,0.00035685272,-2.2839256e-05,-9.64609e-05,-0.00013410728,-5.446986e-05,-7.460529e-08,0.00024344819,1.3226007e-05,-5.2704887e-05,5.6628334e-05,0.00012868647,0.0002083598,-0.00015022812,-5.553617e-06,9.0016074e-05,-3.1687065e-05,-8.2221166e-05,5.3255113e-05,-2.6255082e-06,2.8003848e-05,6.797092e-05,3.893862e-06,1.5902518e-05,4.9689577e-05,6.075456e-05,0.00022192685
B12_AH001498_1,9.882973e-05,-0.0001238013,0.0003053543,0.00016492416,-4.4706732e-05,-0.00017006829,-9.8186516e-05,8.961582e-05,0.00012996986,-8.1908336e-05,0.000102957085,1.6435319e-05,-1.9822834e-05,4.0643514e-05,-0.00028679796,7.0182075e-05,3.4733264e-05,6.0907827e-05,-3.726828e-05,-7.063038e-05,-9.084704e-05,5.1363342e-05,7.909537e-05,-7.842911e-05,-1.8882143e-05,4.7644862e-05,-2.5105908e-05,-8.667751e-05,6.761364e-05,-1.6096401e-05,8.917051e-06,0.00013321343,-2.7708493e-05,6.336113e-05,-3.5963916e-05,-0.00014809443,0.00022737989,-7.988087e-05,3.7745307e-05,7.443385e-05,0.00016705206,-3.7863894e-05,-2.4247513e-05,0.000107119005,3.0965242e-05,-4.3397406e-05,-4.1636e-06,-7.214806e-05,3.9977313e-05,-6.130751e-05
A585_NM_015213_3,-7.0920425e-05,2.5760792e-06,3.7076004e-06,-4.106806e-05,-1.5228652e-05,-0.00015872311,-0.00010408517,3.2664255e-05,0.00021660925,3.4292567e-05,-7.320502e-05,-4.0076295e-05,4.854597e-05,0.00015250941,0.00022808152,0.000117997675,9.50072e-05,-2.536682e-05,0.000112526744,-9.6246615e-05,0.00010244861,4.835827e-05,0.00024958714,2.5912343e-05,-0.00010283013,9.064054e-05,0.00013470376,3.28361e-05,-4.3144402e-05,0.00022633784,2.1148928e-05,2.753515e-06,-5.8964855e-05,0.0002269779,-4.5431025e-05,-2.9170049e-05,-2.156557e-05,-7.943348e-05,8.941792e-05,-0.00016034163,-7.333763e-06,-3.2323074e-05,0.00019260995,5.500824e-05,4.3282656e-05,9.717472e-05,0.00011844431,-8.203588e-05,0.00013084912,5.3967477e-05
B35_AH001498_2,5.657924e-05,0.00014175945,-1.609704e-05,-5.68738e-05,9.633324e-05,-2.8976683e-05,-1.581323e-05,3.422042e-05,4.34925e-05,5.3652734e-06,-4.7393973e-05,8.314952e-05,-1.555094e-05,0.00013691043,-7.214658e-06,-0.00010568488,6.6413275e-05,-0.00012563642,0.000100291065,0.00018800939,5.511887e-06,-0.00024897937,-5.156696e-05,1.9000155e-06,7.8212994e-05,0.00016921216,-3.41574e-05,1.27598905e-05,0.00016207958,-3.4770863e-05,-4.681524e-05,-1.4307716e-05,0.00020244981,-1.963757e-05,0.00013873357,0.00023510054,7.243258e-05,2.0856482e-05,0.00015945428,0.0002294438,1.9573443e-05,-6.870705e-05,-1.8238883e-05,0.00016080569,-0.00016841036,-8.873272e-05,-0.000102649,0.00014364578,0.00013707596,-2.5494237e-06
B127_U47298,0.00014306713,0.00014254921,0.00010694988,-7.2095034e-05,-0.00010626761,-6.0317825e-07,-5.9767954e-05,-0.00014898246,3.920112e-05,5.3630112e-05,8.998509e-05,-2.6067928e-05,0.00015223572,-2.1260703e-05,0.00025161664,0.00017398882,-2.0858335e-05,0.00011540439,0.000113926355,3.247405e-05,2.5110883e-05,7.4957214e-05,0.00013181855,8.83223e-06,-0.00012333035,-0.00011463965,-6.782038e-05,-5.2579227e-05,2.2140646e-05,0.0001193934,0.00015688933,-0.00012829795,7.065709e-05,-5.814755e-05,-0.0001359159,-2.2490962e-05,-1.8854487e-05,-9.640211e-05,-5.3765492e-05,-0.00010212755,3.2851778e-05,1.6603453e-05,1.1922035e-05,-7.404405e-05,-2.4835152e-05,0.00020524635,8.904033e-05,-0.00013679576,-4.6210043e-05,-0.00021511999
A370_XM_371822_2,-3.652276e-05,-7.056787e-05,4.212888e-06,9.057884e-05,-3.0835527e-05,7.709507e-05,0.000118494,0.00012061126,0.00013649461,5.661376e-05,-2.462177e-06,-0.000119101904,2.06457e-05,0.00017775524,-1.6751681e-05,-0.00011657012,-0.0001956516,0.000118670825,0.00020731965,-9.064337e-05,5.7710484e-05,-7.725105e-05,-4.6912237e-06,-0.00013995495,5.6933486e-06,-8.5483465e-05,2.9299066e-05,0.0001138367,0.00014368424,-2.8315682e-07,-6.248045e-06,1.6321814e-05,4.4940134e-05,-2.5335528e-05,-3.9151524e-05,-0.00013902667,-4.183391e-06,-6.206607e-05,4.770792e-05,-3.5235935e-05,0.00016570745,5.027529e-05,8.613978e-06,-4.1656418e-05,0.00029633267,0.000101098456,0.00013493143,-9.576556e-05,2.5897285e-05,0.00033961263
A366_XM_371822_2,0.00010807361,0.00013032094,0.00014937855,7.760061e-07,6.0124938e-05,0.0002163088,-2.066355e-05,-9.44009e-06,6.549568e-05,4.025705e-05,7.165725e-05,3.741495e-05,4.9833478e-05,0.0002867239,8.354077e-05,-8.993904e-05,-8.196349e-05,0.00017279545,8.945194e-05,2.5249821e-05,-4.1387793e-05,6.208361e-05,0.0002475422,0.00017664739,0.00012736209,9.428825e-05,0.00015277602,0.0002318656,1.3387404e-05,4.2781186e-05,5.067349e-05,1.6041515e-05,-0.00013916045,-9.897512e-06,0.00017788667,6.229862e-05,7.902333e-05,0.00010453921,0.00010863339,-2.0616473e-05,-4.9495415e-05,5.1585383e-05,3.8519578e-05,0.00011900286,-6.76149e-05,0.00012171836,-6.7697685e-05,-0.00014209069,7.527213e-05,0.00020878817
B24_AH001498_1,0.00024735002,-1.779535e-05,0.00025291264,-0.0003285605,8.352945e-05,-1.1578717e-05,-0.000100855796,0.00016718036,5.7686135e-05,9.050301e-05,8.405789e-05,-4.5506466e-05,-0.00010612793,0.00016784706,-7.488108e-05,-0.0001818028,0.00010256384,-3.658296e-06,4.8854986e-06,4.3577526e-05,3.015714e-05,5.9316753e-05,-4.647527e-05,-1.8325847e-05,2.8902145e-05,-1.37983225e-05,0.00011081771,-3.3247277e-06,-4.307386e-05,2.3819766e-05,-0.00013793976,-0.00015913007,-3.5193676e-05,6.1951476e-05,0.00016044368,-5.8782876e-05,5.156656e-05,8.0067395e-05,-0.000120257944,4.875532e-05,8.8258064e-05,1.4700816e-05,6.059239e-05,4.289719e-05,-6.569875e-05,3.0301971e-05,-5.4679287e-05,-7.488845e-05,9.918749e-05,-5.918281e-05
A531_NM_015213_2,0.0001275192,0.00015094623,-7.705255e-06,1.2812458e-05,0.00021032938,1.2123431e-06,0.00016980177,1.6446389e-05,-8.8717774e-05,-0.0002050368,-0.00015623713,0.00015536683,9.744946e-05,0.00013913735,-0.000114960785,-6.510532e-05,-0.00013018212,4.709547e-05,-4.6624613e-05,0.00012217952,-0.00013099129,-0.00012859466,1.1551165e-06,2.4071553e-06,-1.4758844e-07,1.3389081e-06,4.1577394e-05,3.1300453e-05,3.4393855e-05,2.9749808e-05,7.96377e-05,7.547835e-06,-9.744413e-05,1.3877489e-05,-2.6906314e-06,4.6516594e-05,-6.3465464e-05,-5.4931053e-05,1.8959574e-05,6.132926e-05,9.797243e-05,0.00020071675,-7.068511e-05,-3.6449015e-05,-1.662917e-05,-1.583465e-05,-3.0431022e-05,8.9931265e-05,0.00019774774,4.749839e-05
A581_NM_015213_3,-0.00020165507,3.2979472e-06,-8.083993e-05,4.211362e-05,-1.5584736e-05,8.649761e-05,8.663943e-06,-0.00014167753,5.3098793e-06,8.224757e-06,-6.440765e-05,-7.097416e-05,7.6959295e-05,7.3809715e-05,0.00011020126,7.887541e-05,-2.2040242e-05,4.9639744e-05,0.00010148433,9.576962e-05,7.234408e-05,2.763388e-05,0.00035796678,0.00027754836,1.4008717e-05,0.00014533786,0.00014298502,0.00012193191,7.834856e-05,-1.6817967e-05,-0.00010143532,0.00020383387,3.521677e-05,-4.7897596e-05,4.1656524e-05,-7.534874e-06,-6.305871e-06,0.00017929358,0.00016739088,9.890597e-05,9.312583e-05,-4.984327e-05,1.6045395e-05,-0.00017461895,0.00012510779,-0.00015578397,6.209757e-05,1.1669928e-05,-4.8995644e-05,0.00015499679
A372_XM_371822_2,0.00013742576,2.5103465e-05,-4.697934e-05,5.0863684e-05,-0.00010082116,6.386701e-05,-0.000102837745,-2.4325564e-05,-1.8645695e-05,0.00011306614,3.2532495e-05,8.756104e-06,0.0001199134,0.00017953865,-8.952972e-05,8.377972e-05,-4.988668e-06,7.021798e-05,-0.00017611402,-0.00017962775,-2.4581199e-05,8.1422855e-05,8.1617065e-05,-5.067784e-05,1.4071771e-05,4.3751443e-05,1.6467424e-05,0.000106437146,0.00014945389,4.772038e-05,0.00018809344,1.5897034e-06,9.738073e-05,-0.00012826809,0.0001515286,6.020552e-05,0.00022421779,-1.0763055e-05,-4.3648317e-05,9.338105e-05,-6.5401e-05,7.657463e-05,0.00032788079,-4.6233767e-05,5.3911874e-05,-5.547121e-05,7.155001e-05,6.1927225e-05,0.00010367941,4.8981936e-05
B65_U47298,-5.092874e-05,-3.883088e-05,-8.144603e-05,5.7917172e-05,3.453215e-05,4.399665e-05,0.00017514601,5.291017e-05,0.00011291835,-4.7308145e-06,2.4653922e-05,-9.298505e-05,-4.0393024e-05,-4.4939534e-05,-6.4717295e-07,-0.00014953499,4.725318e-05,3.329703e-06,2.8982953e-05,0.00021896917,-9.955281e-05,8.951621e-05,-2.3954883e-05,0.00019415675,-8.542468e-05,0.00013416406,7.668074e-05,4.816392e-05,-7.413342e-05,4.1276617e-06,2.6950216e-05,6.730003e-05,-0.00015193212,-4.6409787e-05,-0.00011684666,-0.00012190767,-2.1761276e-05,5.652813e-05,-0.00023695004,9.8580465e-05,0.00016851371,-0.0002480984,0.000154406,-9.333212e-05,-4.0251027e-05,9.356403e-05,6.2207146e-05,-1.7683642e-07,6.578131e-05,-0.00014695895
A570_NM_015213_3,-4.2025815e-05,-3.478249e-05,0.00021266467,1.8452347e-05,0.00010152616,8.895249e-05,3.651124e-05,-5.796214e-05,0.00011036213,-1.5240157e-05,-4.624643e-05,-3.6035042e-05,0.00016348132,0.00016284786,4.668711e-05,8.159305e-05,5.3429714e-05,-2.2045371e-05,1.0331894e-05,2.8022167e-05,2.6401869e-05,-0.00021611327,5.01405e-05,-5.264575e-06,0.00029328413,4.7638765e-05,0.00024380784,0.00011859697,6.594858e-05,4.9371243e-05,0.00015495605,4.264609e-05,0.00017886976,3.5541943e-05,3.057708e-05,-8.155584e-05,4.44824e-06,-0.00020691127,-3.5405752e-05,4.2298663e-05,-0.00011971595,0.00019204547,3.2798856e-05,0.00015143631,4.2920685e-05,-6.3355095e-05,-1.4289251e-05,0.00027993426,9.28642e-05,-0.00012828279
B146_U47298,-4.332477e-05,2.2854615e-06,-1.2330132e-06,-0.00014351419,-0.00019465781,0.00010857651,5.4633467e-05,-7.9137455e-05,-1.02375225e-05,5.934913e-05,-8.008011e-05,-7.063537e-05,-2.7917788e-05,-0.00016985658,0.00012807893,-1.6481297e-05,6.583189e-06,0.0001500974,-0.00014143046,-5.091018e-05,9.751021e-05,0.00025025834,-6.5479758e-06,3.696444e-06,1.7197812e-05,2.283952e-05,-8.103777e-05,-3.8136895e-06,7.291597e-05,3.69562e-05,8.6383414e-05,0.000102046004,-0.00019213522,0.00013581675,-2.5183326e-05,-0.00017246518,-1.7689976e-05,1.5878839e-05,-9.4746334e-05,-0.00010174217,8.24255e-05,-5.954478e-05,-1.2613232e-05,-5.8983806e-06,0.00011253329,-2.5716343e-05,9.630747e-06,0.00016819643,-3.2357755e-05,0.0001598068
A445_XM_371822_2,0.00011743889,-0.00020822207,1.5352483e-05,2.0168043e-05,0.00013860181,-2.2049282e-07,1.0517433e-05,9.179312e-06,-2.864497e-05,-3.4104072e-05,-3.726365e-05,-0.000103861064,6.677003e-05,0.00024769353,-8.0069694e-05,2.203692e-05,7.788577e-05,9.6288015e-05,-1.2653194e-05,-1.3535357e-05,-7.3010947e-06,-9.355261e-05,-4.7513968e-05,0.000109350854,-9.017537e-06,-0.00010660915,0.0001473962,-5.375039e-05,-0.00010894371,0.00018975866,0.00010812889,-8.935393e-05,6.237427e-05,-0.00017000982,4.3344175e-05,-0.00011415102,3.987917e-05,-6.248506e-05,-8.197368e-05,5.8794398e-05,-8.1951235e-05,-5.329813e-05,5.349584e-05,0.00015402284,0.00018112546,-0.00012848969,-1.9325444e-05,-0.00012754044,-1.2850842e-05,9.3777264e-05
B393_J03132_1,7.960266e-05,1.1787991e-05,5.2650517e-05,0.000186452,-0.00012607661,0.00026458185,-0.00018422928,-0.00020768587,8.949286e-05,-0.00019657878,0.00012178768,1.7285738e-05,-8.814885e-06,-0.00023152522,-8.92675e-05,-6.880925e-05,-7.301873e-05,0.00014138201,2.450763e-05,7.867296e-05,9.312788e-05,9.14961e-05,-0.00012220781,8.103082e-05,2.264111e-05,0.000104059654,0.00014899964,3.8001184e-05,-2.0915359e-05,2.062107e-05,0.00019189192,-8.65544e-05,2.6309806e-05,-5.379946e-06,6.453559e-05,0.0001357493,-6.341878e-05,4.5972778e-05,0.00013300897,5.5035987e-05,0.00013829453,2.4096438e-05,-5.0751118e-05,0.00016346024,-0.0001013306,-2.8497878e-05,9.521694e-06,4.2671904e-06,7.770338e-05,0.00012214076
A491_XM_371822_1,0.00014684605,4.1654876e-05,3.4738907e-05,6.9578506e-05,0.00011464636,9.8115204e-05,-8.739818e-05,1.7282822e-05,3.382517e-06,0.00018198219,8.787438e-05,7.507608e-05,5.4157677e-05,8.7339744e-05,-9.586751e-05,-6.7436044e-06,-1.2566082e-05,-5.498954e-05,-0.00016439203,-1.6256328e-05,-0.00022029881,-1.8010136e-05,4.9120787e-05,0.0001205488,2.1647234e-05,-8.586553e-05,-5.6309677e-06,-7.564585e-05,0.00017999456,-2.1081682e-05,9.995533e-06,-7.1725044e-05,8.631577e-05,0.00010558318,3.180579e-05,-7.221412e-05,0.00012330475,2.73972e-05,0.00024893967,0.00014962895,-6.4799046e-06,8.859315e-05,9.528636e-05,8.771716e-05,-0.00011817667,-0.00018413094,-0.00021090367,-0.00014195673,-8.5654334e-05,-3.4488203e-05
A471_XM_371822_1,5.6624126e-06,7.710769e-06,9.234364e-05,9.760843e-05,0.00014710058,5.0731937e-06,3.224662e-05,0.000103427046,-6.822977e-05,-0.00014618367,0.00012121582,-3.3536242e-05,-7.8496465e-05,1.5459691e-05,-0.00010780074,3.4462042e-05,0.00014697264,-0.00011788413,-6.855337e-05,2.8663691e-05,-6.4272363e-06,4.8401856e-05,6.7579845e-06,0.00010657114,0.00016696044,-3.070295e-06,-3.772914e-05,2.6327309e-05,0.00022559093,6.6943394e-05,-1.881974e-05,-7.2611336e-05,-1.2293884e-05,-4.0038773e-05,0.00017432724,8.849949e-05,7.9782774e-05,-2.3532155e-05,4.638606e-06,9.6167976e-05,6.9331065e-05,6.311158e-05,9.698755e-05,5.3847747e-05,-5.9369853e-05,0.00014028858,-0.00016335155,7.7070654e-05,1.2295466e-05,7.297918e-05
A401_XM_371822_1,1.9377001e-05,-0.00012028401,0.00020474177,-5.4765038e-05,-2.8184835e-05,6.529614e-05,0.00010324639,0.00010348696,-2.771469e-05,2.3246e-05,-0.00024137834,4.2725474e-05,3.5767644e-05,-6.764088e-05,-4.9893275e-05,-5.6474593e-05,-2.47253e-05,1.3120086e-05,7.7371216e-05,-6.690141e-05,-0.0001474214,8.081572e-05,2.4479914e-05,4.1277185e-06,0.0001247702,-0.00027966266,9.602529e-05,-3.594417e-05,5.087351e-06,1.5855638e-05,0.00014924012,0.00023915787,-8.823785e-05,3.1983724e-05,6.669708e-05,-2.5347517e-05,-7.964539e-05,-9.910903e-05,0.00010083994,0.00013993071,0.0001564286,-5.9893602e-05,-3.1434345e-05,1.3497587e-06,5.6879202e-05,4.854119e-05,-3.387241e-05,-2.567665e-05,-0.0001330139,-0.000100750854
B43_AH001498_3,1.4443406e-06,3.0191184e-05,-3.6891935e-05,5.740561e-05,-1.43924235e-05,-3.0385887e-05,2.3003593e-05,4.9015984e-05,7.6309705e-05,0.000113716436,8.666832e-05,0.00012137763,1.7470904e-05,-6.5530508e-06,-7.568617e-05,-0.00011436846,4.247198e-05,3.3355715e-05,-0.00032154092,-0.00012469434,0.00015534722,-4.0476502e-06,-8.529788e-05,5.9694554e-05,0.00011966272,-6.6682765e-06,0.00013216684,-2.1713668e-05,0.00017835213,4.3073782e-05,-6.2190134e-05,2.077513e-05,3.89118e-05,-4.680581e-05,9.510625e-05,6.955067e-05,-0.00013146899,0.00018539371,-8.977621e-05,0.000108841516,0.0002359488,1.0933863e-05,6.60111e-05,-0.00017249919,-1.6145093e-05,-2.0568215e-05,2.1906068e-05,6.0524224e-05,1.3533467e-05,-0.00017923262
B399_J03132_2,-3.037725e-05,-3.3020075e-05,4.2945194e-05,0.00013231591,3.8000321e-06,-0.00012537032,2.59739e-05,8.57753e-05,-2.2351529e-05,0.00034484212,-1.3154254e-05,6.159705e-05,9.888909e-05,-9.24418e-05,0.00021468295,6.601522e-05,-0.000100834564,9.1816204e-05,-9.898455e-05,8.41981e-05,4.883694e-06,-9.4568195e-06,-7.593846e-05,-6.278895e-05,0.000115198294,-7.621851e-05,-6.4788575e-05,-7.997347e-06,4.93553e-05,4.199287e-05,-6.110317e-05,4.9037866e-05,3.4060027e-05,-0.00019665874,-1.1985458e-05,0.00023051958,-3.9935167e-06,2.020641e-06,0.00017767065,1.6403072e-05,-0.00016972187,0.0001811234,-3.6819984e-05,1.2374225e-05,-2.191289e-05,3.615528e-05,-1.4483322e-06,1.7753757e-05,-7.971558e-05,3.580366e-05
A563_NM_015213_3,0.00012963123,0.00013690897,2.996844e-06,-8.1883845e-05,4.2307536e-05,-6.903723e-05,2.243766e-05,9.699077e-05,6.127141e-05,0.0002283496,-8.907905e-05,-0.00014680697,9.274649e-05,0.0001298838,0.00017339639,5.4239474e-05,3.4940207e-05,-7.729424e-06,8.485474e-05,-2.2272125e-05,8.2147955e-05,6.322433e-05,6.822379e-05,3.834752e-05,-5.6005767e-05,-4.5974248e-05,-1.2751401e-05,-9.26672e-05,-6.69442e-05,1.6421041e-05,1.6735577e-05,-3.3992645e-05,-2.1324824e-05,-0.00017970757,-0.00015573936,-0.00036437812,-0.00013185128,6.186053e-05,-6.9208836e-05,0.00011992902,4.4503336e-06,0.00011749651,-6.538864e-05,-0.00011941312,-0.00011973091,-5.384897e-06,7.491856e-05,0.00013523818,0.00019669492,0.00012427548
B358_U92436_2,-0.00019794586,0.00027844412,0.00010242319,-2.3756189e-05,-4.200718e-06,1.2302204e-05,9.121859e-05,-4.7354497e-05,0.00010209095,7.4422824e-05,-0.00030178585,3.201458e-05,-6.2708345e-06,-7.673895e-05,1.9892252e-05,0.00019821306,-1.1279285e-05,9.453935e-05,7.630562e-06,-8.130721e-05,-2.2081113e-05,0.00012931786,-0.0001117172,4.8087386e-05,0.00010009209,0.00015399042,-5.022813e-05,-0.00016437717,0.00022125764,-0.00012014304,-0.0001226346,-9.46408e-05,0.00016618727,0.000101542115,-9.361792e-05,8.0184676e-05,-6.1445558e-06,0.00012915017,-1.4460624e-05,6.522669e-05,0.00010577039,6.050579e-05,-1.2990752e-05,-0.00015075732,2.8177828e-06,-0.00015723536,6.140544e-05,2.3683919e-05,-0.00013789005,5.4870816e-07
A534_NM_015213_2,0.0002343145,3.974613e-05,0.00010084536,1.9129066e-05,-5.2704245e-06,0.000107890155,5.0304927e-05,5.984059e-05,0.00018727704,-0.0001409583,5.150153e-05,2.762724e-05,3.2177875e-05,-8.529987e-06,-2.0280193e-05,-0.00010459193,9.8713164e-05,-0.00012329567,0.00012137077,9.365299e-05,0.0002631727,-2.1512602e-05,5.1820836e-05,0.00016541683,-0.00021874184,6.015482e-05,5.3951888e-05,0.00011432246,0.00022167969,6.9041154e-05,0.00015602059,8.067738e-05,0.00023131036,0.00024041899,9.952426e-05,1.8492054e-05,-0.00013473735,-4.9572005e-05,-7.801391e-05,3.9458522e-05,2.5417508e-05,5.367211e-05,0.0001794562,0.00021009882,3.7279653e-05,-1.8444644e-05,6.753485e-06,-6.323807e-05,0.00016230636,0.0001970881
B167_U47298,-0.00015651935,0.00019961505,6.221464e-05,-6.687235e-06,3.8855214e-05,-5.521371e-05,-1.73299e-05,-4.192178e-05,4.3342065e-05,-0.00022041227,0.00010198635,0.00017518211,7.96582e-05,5.382545e-05,5.7154568e-05,0.00016146593,5.964839e-05,8.028539e-05,-6.606852e-05,4.1932886e-05,0.00016070183,4.9608476e-05,0.000100315905,6.776429e-05,1.5472018e-05,-0.00019942687,2.8848508e-05,-4.3558863e-05,-9.071072e-05,-0.000116033836,6.373085e-05,5.2334497e-05,-1.7684444e-05,-1.9595804e-05,8.83001e-05,5.3466032e-05,0.00015057076,-9.868588e-05,0.00010961543,-3.4066044e-05,2.8266357e-05,7.7964825e-05,-0.000114620365,4.007785e-05,6.705175e-05,0.00015624559,5.7796355e-05,-0.00016420866,4.4526845e-05,-9.546533e-05
B144_U47298,-0.00017230625,-3.4985464e-05,0.00017707612,-2.9818488e-05,1.5827532e-05,0.00022402445,8.4106636e-05,6.9836206e-05,-0.0001410472,7.358649e-05,9.1103604e-05,1.8905102e-05,-0.00016098483,7.853018e-05,5.6845278e-05,8.453885e-05,-2.8741293e-05,1.625375e-05,0.00016047808,0.00011660007,-0.00016784205,-1.4674682e-05,5.720445e-06,6.0817056e-06,3.9211836e-06,-3.290051e-05,-8.533717e-05,8.580649e-05,-4.4107564e-05,0.00014285794,4.4865348e-05,-0.00017127291,-1.8007391e-05,1.843701e-05,0.00013642239,0.00015973444,-8.668449e-05,5.761465e-05,0.00020000766,4.961971e-05,9.633284e-05,-7.049139e-06,-0.00010442641,0.00012848926,0.00020859751,-1.0279203e-05,8.593787e-05,3.126726e-06,-0.000117961994,-0.0002491494
A466_XM_371822_1,8.726995e-05,-4.923951e-05,0.00017891046,0.00014788307,6.4200045e-05,-0.00023782054,-5.5920455e-06,-4.1512205e-05,2.1349475e-05,-3.351837e-05,5.077821e-05,0.00011948765,9.671005e-05,6.606849e-05,0.00010711784,-3.3291035e-05,-6.0497605e-06,2.1077678e-06,5.7316367e-05,-2.8175486e-05,1.890561e-05,-4.3462875e-05,-8.753558e-05,2.853699e-08,3.0198593e-05,0.00018454803,0.00014357231,5.032139e-05,0.00023715287,1.9004356e-05,-0.00010229403,2.810097e-05,-2.7948648e-05,0.0001922486,7.2772746e-05,-2.7825965e-05,3.128471e-05,0.0002612502,0.00026549335,8.195196e-05,0.000106639694,-6.187475e-05,0.00013525582,0.00016111365,6.305561e-05,4.283586e-05,0.00014197503,-1.4865935e-05,-8.0540685e-06,3.1944863e-05
B48_U47298,-7.124739e-05,5.2864452e-05,0.00016545109,3.0922208e-06,-4.8560596e-05,0.00014494978,-1.6263721e-06,0.000155326,5.0159237e-05,-2.3262723e-05,4.326278e-05,6.9175505e-05,-2.410002e-05,6.6714674e-05,2.604531e-06,-4.537663e-05,0.0002976057,-0.00025166606,-1.4579615e-05,-5.4931857e-05,4.557284e-05,9.541992e-05,0.00016221026,-4.9210055e-05,-6.8582585e-06,-0.00011890381,-3.870182e-05,-3.3159937e-05,-7.945124e-05,0.00018842939,6.033175e-05,-1.4490818e-05,-6.123083e-05,6.2448715e-05,0.00017157488,6.236791e-05,-7.242127e-06,-8.586433e-05,0.0001898898,8.205927e-05,0.0001249596,-2.0377529e-05,6.2083156e-05,-0.00010421855,2.404491e-05,0.00021847522,-5.08317e-05,-2.7642587e-05,8.182218e-06,5.102996e-05
B383_J03132_1,1.8838435e-05,-1.0343084e-05,0.00016293992,9.8567594e-05,2.8348624e-05,0.00014072434,0.00017099942,-0.00021817832,0.00023344063,-3.15505e-05,-0.00016724426,8.713142e-05,2.6640715e-05,8.234315e-05,6.0054455e-05,-0.00013672726,3.6744852e-05,0.000117694835,-2.9951407e-05,6.3769236e-05,4.7618272e-05,0.00012806096,0.00012563658,7.39927e-05,0.000111403686,-1.151059e-06,-5.021593e-05,-7.555415e-05,-0.00020173762,2.3260076e-05,-8.621023e-05,4.5419278e-05,9.5876385e-05,-0.0002702925,0.00011631049,0.00012849092,8.60274e-05,8.05681e-05,6.7076566e-05,8.76669e-05,4.9012066e-05,2.1212321e-05,-3.8358274e-05,7.126811e-05,1.9604393e-05,-0.00014070544,-6.0725757e-05,0.00013798049,0.000105310166,-9.789812e-05
B160_U47298,3.86292e-05,-0.0001237818,0.00014153535,-0.00014975491,-7.4687916e-05,5.7361467e-05,-8.41281e-05,0.00014928979,2.3946295e-05,6.274801e-05,-6.554202e-05,0.0001041293,-4.0540177e-05,-3.981005e-06,-3.561619e-05,-3.3638073e-05,-1.0106484e-05,-0.00013686714,0.00030335734,8.581076e-05,-5.1680676e-05,-3.348731e-05,2.3232762e-05,-3.4687257e-06,0.00017975208,1.7579257e-05,4.848995e-05,-9.883448e-06,-8.638079e-05,9.90423e-06,-0.00010120535,-9.692025e-05,7.814988e-05,-3.9620212e-05,-3.511681e-05,3.1371135e-05,-0.00014075333,-3.3465632e-05,-6.286947e-05,-0.000101846315,2.0503396e-05,7.779479e-05,0.00011289874,-5.773262e-06,7.659102e-05,-5.318848e-05,6.4821885e-05,-6.278863e-05,0.00020940369,1.9906187e-05
B49_U47298,0.00014816225,4.9391918e-05,-9.378581e-05,-4.1133197e-05,0.00018873636,0.0001940497,-5.24341e-05,-4.9768707e-05,7.369141e-05,-9.211312e-05,8.975392e-05,8.561265e-05,1.23978825e-05,-4.035428e-05,-2.0579346e-05,0.0001977145,-9.701109e-05,0.00010292051,-4.195866e-05,0.00021350119,1.259163e-05,0.00017074177,6.6264856e-06,5.081064e-05,-1.286939e-06,1.5514725e-05,-3.2907396e-05,-6.6649634e-05,-5.26785e-05,-8.526512e-05,-0.00017029083,6.187829e-05,9.0483074e-05,4.8385107e-05,2.7109922e-06,-8.106867e-05,3.2142183e-05,0.0001870506,0.00019508143,-0.00013089055,-0.00013804476,8.3047256e-05,3.420004e-05,-1.7479495e-06,2.6422354e-05,3.8679045e-06,0.0001453723,-3.4080258e-05,-6.00294e-05,-5.2219646e-05
B403_J03132_2,1.1276652e-05,-3.7995633e-05,-0.00011863318,-6.73842e-05,0.00014083256,6.886139e-05,0.00020391434,0.00012592229,4.610231e-05,7.1967865e-05,0.00027638336,1.169072e-05,5.9395512e-05,1.1754553e-05,0.00024521592,9.781818e-05,-5.230284e-05,4.931514e-05,0.00018166006,-9.397809e-05,0.0001984455,4.7826114e-05,4.812332e-05,2.4358906e-05,0.00019123676,-5.133061e-05,0.00014496766,-3.612304e-05,-7.507448e-05,0.00015614276,-5.310704e-05,-3.7360158e-05,0.00010804867,1.5890993e-05,0.0001601885,-2.109157e-05,9.4506824e-05,1.4679592e-05,-7.054735e-05,0.00022888485,2.2570306e-05,2.590627e-05,6.4853964e-05,0.00013003542,2.9199697e-05,4.6823678e-07,1.8735678e-05,0.00013102058,0.00017153127,-8.482557e-06
B397_J03132_2,-0.000102926,7.673206e-05,-8.8167646e-05,5.355953e-05,9.1604255e-05,-8.534838e-05,-3.7062782e-05,4.231517e-05,1.3248158e-05,0.00011812373,0.0002860079,6.5027714e-05,7.209286e-05,7.25609e-05,2.3389013e-05,-2.770772e-05,-0.0001028213,0.00014142759,-1.6452717e-05,0.0001537568,-8.38883e-05,4.1529536e-05,-5.2815372e-05,-3.826887e-05,0.000108499844,-4.7501733e-05,-3.5390658e-05,0.00010651423,4.312632e-06,4.702529e-05,-1.2238799e-05,-1.8522507e-05,-2.5781901e-05,-0.00011821614,0.00012047405,-6.8496054e-05,3.1731815e-06,7.856494e-05,-7.129777e-05,9.272393e-05,-0.00013388979,-2.7674728e-06,0.0003114559,-4.6662655e-05,-9.635336e-05,8.591305e-05,6.8035195e-05,0.0001356261,1.4802753e-05,0.000119204065
B287_NM_031313,-5.523631e-05,-5.5058963e-06,-5.1056664e-05,9.181959e-06,-5.832225e-06,-4.2511416e-05,-3.221694e-05,8.712641e-05,-3.6184316e-05,0.00014401098,-5.8309495e-05,0.000113869646,5.853609e-05,0.00012624625,-7.0208794e-06,7.163127e-05,-1.2563706e-05,-1.3555592e-05,4.3310406e-06,4.3237626e-05,4.315989e-06,8.687004e-05,3.742261e-05,0.00019411813,2.298977e-05,-5.7297922e-05,-6.369292e-05,-4.78907e-05,0.00018319867,-4.6913807e-05,2.303223e-05,-0.00010412439,-3.7070765e-06,1.9351657e-05,5.7503068e-05,-2.2283777e-05,4.649456e-07,9.7777214e-05,1.0094975e-05,8.8598914e-05,1.8129633e-05,-0.000108631764,-5.460647e-05,2.4556717e-05,3.7268488e-05,-0.00020579333,-0.00010105538,0.00018861926,-0.00018413457,-3.213121e-05
A546_NM_015213_1,0.000101155274,-1.5124233e-05,3.2258664e-05,4.1395746e-05,3.294616e-05,-0.00012095719,-9.13493e-05,8.505095e-06,1.0975846e-05,3.565133e-05,0.00012227504,4.854985e-05,-0.00010111892,6.891648e-05,0.00010617154,-0.00015681914,-0.000158051,6.00828e-05,-0.00015187931,4.684014e-06,8.3591785e-06,0.00028993562,1.9364958e-05,6.0492886e-05,8.567856e-05,0.00012493567,6.7733694e-05,5.7693096e-06,0.00017304785,-8.1751525e-05,-8.279803e-05,0.00018922884,-2.010865e-06,4.2185762e-05,0.00019939824,-0.00012742636,2.5326852e-05,-1.1912092e-05,0.0001754938,0.00016901805,0.00011127131,2.7686367e-05,0.00012699791,6.312072e-05,0.00013300485,-8.089177e-05,0.0001878626,4.3795258e-06,-0.00020370973,7.364015e-05
A423_XM_371822_1,0.00010684918,-6.375138e-05,-8.822846e-05,0.00010138602,0.0003139093,-5.080052e-05,5.3492295e-05,-5.3432854e-05,0.00012739489,8.5261956e-05,-1.2613553e-05,6.5295375e-05,-9.829152e-05,7.3665455e-05,-7.6808465e-05,2.1206873e-05,7.438602e-05,3.2272073e-06,-0.0001068274,7.399125e-05,8.183274e-05,-7.3251445e-05,7.66386e-05,0.0001729939,-0.0001555548,-4.115898e-05,-0.00024045457,0.00011061685,0.00021178662,0.00022635669,-5.386871e-05,7.7517754e-05,2.2840082e-05,-1.5156716e-05,0.000121583704,-2.4856778e-05,0.0001344193,-5.3683593e-06,-5.0431445e-05,-1.6765778e-05,0.00012693927,1.5761838e-05,-9.4934025e-05,-0.00021713691,-0.00012074651,7.0209467e-06,0.00019625499,-1.720813e-05,-5.076276e-05,5.0192757e-05
A552_NM_015213_1,-2.987159e-05,-0.00015639274,3.8747217e-05,0.00013676616,8.6559325e-05,-7.559712e-05,-2.0688025e-05,-5.9222588e-05,-0.0001238648,-4.253299e-05,0.000102018654,9.998743e-05,0.00016802289,0.00021255256,4.3114505e-06,-6.455389e-05,6.3066356e-05,-0.00016242605,6.2492734e-07,3.522949e-05,-0.00023907302,0.00010280004,0.00012522568,7.063957e-05,-1.2576313e-05,-5.6870318e-05,8.9770416e-05,0.00012678101,-5.1547486e-05,-3.7968148e-05,3.695407e-05,-0.00012903337,0.00017314657,-0.00016393085,-1.5150589e-05,-4.1839536e-05,5.9013557e-05,0.00010217344,-4.349204e-05,2.0607538e-05,8.5236206e-05,-7.3242154e-05,0.0001343415,-0.00010492787,3.2606302e-05,-0.00015299847,-2.7619604e-05,1.6567667e-05,2.5932553e-05,0.00020171687
B23_AH001498_1,-0.0001453536,-0.0002523276,0.00033762446,-5.1627463e-05,-0.00010999765,8.840011e-05,6.743655e-05,4.496661e-05,8.0980244e-05,6.0354316e-05,-7.065758e-05,0.00012775489,6.577039e-05,-0.00010122491,0.00021253867,-7.2323775e-05,0.0001411897,-0.00010824144,-2.2636406e-05,-2.4336318e-06,-3.4359684e-05,-1.01848345e-05,-4.2857115e-05,5.5276887e-05,7.197143e-05,2.1130189e-05,5.9029204e-05,3.1831553e-06,2.1380833e-05,0.00010561726,9.044462e-05,-0.00012478844,-0.000119505334,3.7077174e-05,0.00017784127,-9.760663e-05,1.4555662e-05,6.7142064e-05,0.00016974013,2.5981772e-05,2.5805524e-05,-5.8455877e-05,-4.2389165e-05,-2.2770468e-05,5.3177067e-05,4.3431082e-05,-4.8813803e-05,0.00014150592,-1.6269703e-05,6.556984e-05
A465_XM_371822_1,1.0609078e-05,0.00010964806,-0.00013250663,0.00014302156,6.880742e-05,1.104704e-05,0.00016077893,0.00010493101,7.571307e-05,0.00019361911,7.498829e-06,8.432179e-05,7.2117264e-06,9.720472e-06,9.633925e-05,-5.8665584e-05,-0.000100870144,4.8124934e-05,-4.2880856e-05,8.0168655e-05,0.00013888694,0.00010331684,-2.354646e-05,0.00023747211,0.00019685451,3.558278e-05,6.804651e-05,0.00021630393,-0.00010410329,0.00012591075,-0.00012882853,-2.1042664e-05,-2.0541406e-06,5.8879185e-05,-0.00025112735,-1.8617266e-05,-1.6230671e-05,-0.00013860253,5.873974e-06,5.0733237e-05,0.00016541085,4.5423803e-05,0.00012866022,0.00013925326,-5.055671e-05,3.3357886e-05,-7.932405e-06,0.00017917155,1.0788311e-05,-0.00020628428
A413_XM_371822_1,-0.00019974833,-3.803956e-05,-9.13322e-05,9.215663e-05,9.647399e-05,0.00017941279,8.5760047e-07,-4.090251e-05,-3.6692516e-05,-4.923067e-05,5.3458964e-05,-0.00011196101,-4.1835674e-06,-8.2190396e-05,-0.00015886602,-8.583825e-05,-4.1164658e-05,4.1383802e-05,-7.447397e-05,-2.9666726e-05,0.00012418511,6.4534885e-05,0.0002449116,2.6784104e-05,0.00022295349,-5.5493725e-05,-1.7078099e-05,-9.075984e-05,0.00013984516,0.00012345683,-1.8321014e-05,0.00010145275,-7.4869495e-05,0.00010350073,-0.00010909767,-2.5916666e-05,-0.00015618729,1.077643e-05,-2.830392e-05,-6.183205e-05,-7.749733e-05,-1.796334e-05,-6.913471e-05,6.465748e-05,-7.3094496e-05,-8.999877e-05,-2.5819998e-05,6.4247135e-05,3.5465466e-05,0.00013149336
A435_XM_371822_2,-4.9069356e-05,1.6372886e-05,9.3409595e-05,-0.0002376123,-3.615915e-05,0.00026728224,3.5019006e-05,-5.7154426e-05,2.6653306e-05,0.0001147715,8.4662366e-05,3.3547833e-05,-7.8642275e-05,-2.2760403e-05,-8.230547e-05,-1.2550806e-05,-0.00013218264,2.5757505e-05,-9.549949e-05,5.286074e-05,-6.318043e-05,-0.00010832334,-0.00016837456,-7.3302585e-06,0.00012832346,-2.1544067e-06,-5.2896808e-06,-0.00023547705,-3.001391e-06,7.8850804e-05,0.00011295984,-1.6304886e-06,0.00013017643,6.0772647e-05,-0.00010111888,0.00012603168,4.340258e-05,5.720694e-06,0.00014217802,2.8103435e-05,-3.67973e-06,6.6169785e-05,-8.295157e-06,-0.00013234842,-0.00010384543,2.0759568e-05,0.00021394713,-5.06082e-05,2.1506461e-05,0.00018071302
A540_NM_015213_2,-5.2051695e-05,9.6279095e-05,0.00016530418,1.6521662e-05,0.0002563759,-1.2692753e-05,-8.353487e-05,2.8131328e-05,-1.08685535e-05,5.981446e-05,-2.790219e-06,-2.2423563e-05,-0.00015158912,0.00017817432,3.317247e-05,-7.52459e-05,-1.2351454e-05,-0.00012759105,0.00015344404,-9.35721e-07,9.542393e-05,0.00022946682,-0.00016243712,-7.4790005e-05,0.00030145177,1.3832957e-06,-5.3704616e-07,-2.2490649e-05,0.00014632553,0.0001637646,-0.00016216682,0.00011554042,-0.00017051309,-9.3839524e-05,0.00012648781,0.0001724181,7.280083e-05,3.4797515e-05,0.00012381618,4.9071503e-05,1.7630999e-05,9.222987e-05,-7.088395e-05,-1.0657711e-05,-4.4395227e-05,0.00018150815,8.7518856e-05,4.795269e-07,-0.00012749522,7.449762e-06
B376_J03132_1,2.34285e-05,5.1083927e-05,0.00018537742,0.00012699947,-0.00011850615,0.00012302841,-1.3869713e-05,-0.00020243578,-0.0001801194,-0.0001547922,-4.9998278e-05,1.176935e-05,9.935824e-06,-1.6778049e-05,2.9637527e-05,7.7985664e-05,2.5267584e-05,0.0001787929,-0.00017139481,3.999246e-05,-3.0164634e-05,-3.0632596e-05,6.4847474e-05,8.501797e-05,-0.00020268433,8.00356e-06,-4.0364106e-05,1.488933e-05,-0.00013478557,-8.732775e-05,4.2843545e-05,9.885876e-05,9.6875505e-05,3.86633e-05,-0.0001463604,8.1637234e-05,-0.000100372854,9.469588e-05,6.616892e-05,0.00013550738,3.431773e-05,-3.586938e-05,-6.3326893e-06,-0.00018543832,8.054088e-05,1.5142361e-05,8.240196e-06,-5.8751873e-05,5.790523e-05,0.00011042469
A462_XM_371822_1,0.00013661046,7.776602e-05,-3.594284e-05,-5.583989e-06,4.894808e-05,0.00015410208,-2.3848188e-05,-6.4971886e-05,0.00018794579,-6.641788e-05,-4.5323035e-05,0.00012089024,0.00020664715,-5.4272514e-05,3.7081832e-06,-6.850289e-05,0.00013957395,-1.4752984e-05,1.4446758e-05,-8.150424e-05,-0.000100177705,6.597136e-05,0.00012793296,9.285708e-05,4.308727e-05,1.861728e-05,-0.00010672906,0.00013550476,-3.3499717e-05,-0.00015490207,6.753247e-05,-7.7117606e-05,-1.752963e-05,1.7823382e-06,4.3472897e-05,0.00018627227,0.00014425835,-0.00012718154,1.1398779e-05,0.00022738586,-0.00011532616,-0.0001253099,5.8911217e-05,-8.615522e-05,-0.00013262343,-1.1472432e-05,0.00020570178,-5.472924e-05,-5.7657e-06,0.00014837425
B63_U47298,4.791806e-06,7.219396e-05,0.00020417536,-2.5139132e-05,9.2761955e-05,3.1570293e-05,-5.342363e-05,-8.192434e-05,0.00018562797,0.000106553,0.00018595331,9.501754e-05,8.1442304e-05,2.4419889e-05,-3.2962023e-05,9.1507995e-05,-2.487564e-05,-2.2801558e-05,-2.153925e-05,-5.20263e-05,2.1787075e-05,0.00012479057,-7.4836666e-05,1.5072795e-05,8.71361e-05,-6.720604e-05,-0.00023879239,-4.8947866e-05,3.835505e-05,0.000101614,-8.609353e-05,-7.488795e-05,-9.943261e-05,-0.00018694827,-0.00011003729,9.388944e-05,2.3099963e-05,0.0002320265,4.1587937e-06,-0.00010103026,7.643446e-05,6.4732426e-06,8.532184e-05,-0.00013553926,0.00020987903,-7.469077e-05,-3.185233e-05,4.0031315e-05,0.00012951736,1.385544e-05
A573_NM_015213_3,6.919299e-06,-7.394195e-05,0.0001870899,2.7400549e-05,9.7075645e-05,2.4090512e-05,3.6887686e-05,1.3484228e-05,0.000113927774,4.9328457e-05,0.00011518331,3.7730402e-05,0.00016726555,7.801267e-05,-8.5149995e-06,0.00026026551,0.00016602542,-3.4821405e-06,0.00019057687,-8.818797e-05,0.00020928099,0.00014459238,-1.3730174e-05,-4.232329e-05,-0.00016427453,0.00012812024,0.000106628686,4.5982837e-05,0.00019892026,7.305333e-05,2.5632871e-06,0.00019603437,0.00022012855,-8.809409e-05,0.00014925255,0.00010740934,-7.1936324e-07,-0.00011280221,7.7065124e-05,2.2200282e-05,7.0189584e-05,-0.00013665804,2.0109094e-06,-3.5141435e-05,0.000111703324,0.00012254559,-0.0002163406,-0.0001295702,0.00021945532,5.352309e-05
B344_U92436_1,0.00015452942,0.00012782127,-0.00011449025,-0.00011185665,0.0001311856,0.000107993576,7.587896e-05,0.00013810238,0.00028841133,-0.0002704171,0.00013421725,1.7750062e-05,8.685571e-05,0.00010123982,-8.4248466e-05,-6.511143e-05,-0.00025939988,0.000110404115,-0.000118705895,9.531206e-06,7.2242416e-05,7.802373e-05,-0.00010753833,-0.00020850163,-7.64955e-05,-0.00011108477,-0.00019045938,0.00013515484,-1.369052e-05,-2.22782e-07,-2.919268e-05,-9.271666e-05,4.429745e-05,-0.00014297382,-0.00013698859,9.3632145e-05,-0.0001291813,-2.4644884e-05,8.309963e-06,6.2300605e-05,-0.00017959675,-7.834779e-05,-2.3637136e-05,-2.6397833e-05,6.78505e-05,-9.922497e-05,9.933785e-05,-4.9953658e-05,-5.5619563e-05,-6.530084e-05
B354_U92436_1,0.0002822172,0.00016891734,0.00014236395,-0.00012557297,0.00013541093,-4.846608e-05,0.00021555234,0.00018504637,-5.7526642e-05,-7.993792e-05,-1.9530515e-05,3.6964648e-05,-3.836339e-05,0.00010823374,-7.0079775e-05,-2.787427e-05,2.7987828e-05,6.312182e-05,8.901457e-05,5.3918196e-05,5.162248e-05,-1.2838196e-05,-0.000100131896,-3.150954e-05,4.732486e-05,-0.00024622746,5.164143e-05,0.00011811776,-9.588163e-05,-0.00012337993,0.00013853102,6.824297e-05,-8.365176e-05,4.2894328e-05,-0.00013242831,-7.389005e-05,-3.6062807e-05,-3.4619385e-05,-3.981403e-05,-3.293256e-05,8.671776e-05,0.00017715554,9.0433656e-05,4.0415063e-05,-1.7758652e-05,3.852908e-06,0.00019953135,-0.0001903252,4.9610393e-05,-7.22637e-05
A514_NM_015213_3,6.111326e-05,-5.7477348e-05,0.00015623316,5.6309447e-05,3.5683774e-05,2.4574505e-05,7.0414266e-05,2.1299507e-05,-0.00013247077,8.593996e-05,5.8292306e-05,0.00013025681,3.7475722e-05,5.495359e-05,0.00017985897,-7.180932e-05,0.00027845916,-3.5088604e-05,8.775738e-05,8.042235e-06,9.04838e-05,5.6016506e-05,2.3140761e-05,-0.0002539158,0.00022275113,-2.918697e-05,-6.626833e-06,0.00021028813,-2.45834e-05,8.733385e-05,9.889048e-05,2.151506e-05,0.00023948448,2.3560677e-05,8.863777e-05,-0.00010198129,-0.000107472646,5.5057884e-05,-2.4184668e-05,-6.662626e-05,3.9422917e-05,2.9352617e-05,0.00014632911,0.0001629333,7.591835e-05,-7.615772e-05,-1.00730595e-05,2.9159493e-05,-8.3686406e-05,0.0001598551
A589_NM_015213_2,0.0002000528,2.635577e-05,0.0001705316,0.00011093078,7.25381e-05,0.00023197771,0.000105322244,0.00019649159,-5.2654657e-05,-3.6887806e-05,-8.188073e-05,3.2880205e-05,-0.000110247216,0.00014624758,4.658668e-05,-1.9832936e-05,0.00012648932,-5.2738287e-05,-0.00013629982,0.00023233032,-0.0001499315,4.311416e-05,-5.3367738e-05,-4.9217448e-05,1.7895216e-07,2.0774301e-05,-2.551629e-05,7.549902e-05,0.00012340296,0.0001596502,6.138321e-05,1.4810074e-05,-3.0535964e-05,1.0157002e-05,8.863289e-05,7.801455e-05,-0.00010227133,-6.814571e-06,0.00016154561,-5.0371323e-06,-2.1802749e-05,-0.00012510149,-5.3340435e-05,-1.3479854e-05,-0.00014991102,0.00012137319,-0.00019325664,4.4737768e-05,0.00013579789,4.7385733e-05
B375_J03132_1,2.5789475e-05,0.00019561934,0.00014835833,0.00016093206,-7.4477495e-05,0.00030607625,4.102569e-05,-9.9207544e-05,-0.00020765266,8.522947e-05,2.5619567e-05,-0.0001334119,6.4936205e-05,-0.0001151354,-2.376302e-05,-9.176269e-06,-0.00015180524,-7.0164974e-06,4.8926333e-05,-8.5336915e-06,2.5641488e-05,-0.00022770127,-0.00010155945,4.4438184e-05,-2.3893288e-05,3.998629e-05,2.8668115e-05,1.2123875e-05,4.2415755e-05,-4.5706884e-06,-4.6581736e-05,-0.000112082875,6.256434e-05,4.5409677e-05,0.00013636811,-8.4687366e-05,1.4536789e-05,4.9895232e-05,-0.00012325581,-0.00012803829,3.7270594e-05,-7.440497e-05,0.00010701247,-5.8118956e-05,9.252041e-05,6.849343e-05,-0.00010329832,0.00011398567,0.000121801524,-8.230412e-05
A519_NM_015213_3,-4.2058928e-05,-7.006457e-05,-2.8746019e-05,7.808425e-05,0.00019935159,0.00012761209,0.00014349133,4.897705e-05,-7.381703e-05,-0.00011705706,0.00012419884,-2.2511282e-05,-1.6329954e-05,-8.947456e-05,0.0001584964,0.00016752421,6.258263e-05,-1.6017879e-05,-7.8990175e-05,-0.00010662524,-0.00012570883,-6.139651e-05,6.10465e-05,5.218584e-05,0.0001765506,0.00014186159,0.00025175442,6.72407e-05,9.9773206e-05,0.00015910857,-5.472377e-05,-3.9886905e-05,0.000105066494,0.00013706626,0.000103495506,9.041521e-05,-8.9314824e-05,7.32681e-05,0.00010822821,1.0962848e-05,0.00022219765,-0.00014557148,0.00018382294,4.6504763e-05,1.4576357e-05,0.00020650806,9.92921e-05,0.00013841975,-6.966735e-05,0.0001352579
B285_NM_031313,-8.049521e-05,6.71333e-05,1.030166e-05,7.095782e-05,-6.6286295e-05,-9.549824e-05,0.00011071149,9.749624e-05,7.6530436e-05,1.1397876e-05,0.00012977776,6.911402e-05,-2.7670856e-05,0.00012497713,0.00015131476,5.3629075e-05,-9.656661e-06,5.8492125e-05,0.00013884254,-3.6565696e-05,1.4674486e-05,3.1906733e-05,-4.958438e-05,3.5351386e-05,-6.3854335e-05,-4.547506e-05,0.00016611507,-3.484476e-05,2.941697e-05,-9.8427314e-05,8.419686e-06,0.00010037562,-6.0202412e-05,4.293415e-05,-2.1330332e-05,-0.00010338081,-3.129994e-05,0.00018427259,9.499305e-05,-5.414648e-05,0.0001230621,0.00010831344,2.2154452e-06,-0.00021134444,2.2193533e-05,4.6866055e-05,9.330395e-05,-2.3832925e-05,-4.4827793e-05,0.000158119
A451_XM_371822_2,0.00018845052,-2.2075345e-05,-0.00016621286,5.154782e-05,-5.0246057e-05,4.8385762e-05,-5.649463e-06,3.5073543e-05,4.9022274e-05,-5.4005144e-05,0.00015062017,-0.00014199868,0.0001502662,-1.213389e-05,6.4686465e-05,-3.4223336e-05,8.449109e-05,1.6468397e-05,-8.552074e-05,-7.948092e-05,-1.0763309e-05,0.00014499841,-4.242352e-05,-1.930521e-05,-1.3507596e-05,-5.5719465e-06,-0.00010508665,-2.5602963e-05,-4.0839073e-05,8.2157065e-05,-5.4504617e-05,4.9050977e-05,6.657713e-05,7.4917534e-06,-0.00012269442,-7.5118974e-06,0.0001034327,-0.00014351567,0.00015780813,2.4464027e-05,2.618419e-05,-4.2462657e-06,-2.259286e-05,8.243973e-05,-9.871695e-05,-7.17942e-05,5.4110213e-05,-0.0001013252,-4.677896e-05,7.416384e-05
A575_NM_015213_3,0.00015030522,0.00013695341,0.00010080794,9.0745845e-05,-2.9200806e-05,3.682249e-05,-0.00010551825,5.891749e-05,-0.00014426839,2.7806504e-06,-4.033248e-05,8.788839e-05,5.8410974e-06,8.3427236e-05,-0.00023437176,0.00021027314,-6.8625304e-05,-0.00015567316,0.00013224868,-0.00016772706,4.1814128e-05,2.9418889e-05,4.882518e-05,0.00016107819,-4.5101508e-05,0.00020065469,-3.0225518e-05,0.00020352057,4.8498594e-05,-8.265322e-05,3.9104892e-05,7.71878e-05,7.615842e-05,-7.102754e-05,2.123263e-05,-7.130893e-05,3.164608e-05,-7.8574165e-05,-0.00011050928,0.00013884963,-6.4333995e-05,-5.5781144e-05,1.4050869e-05,-0.00012897568,7.95132e-05,-2.3954408e-05,-4.9431655e-05,-1.7451229e-06,0.00014346327,-6.182961e-05
B133_U47298,-7.927275e-05,-8.2663064e-05,-0.00013143955,0.00017644382,0.00012500706,4.269577e-05,-7.965635e-05,1.5176625e-05,1.31525e-06,-8.554627e-05,-0.000113653485,7.091019e-05,-2.928696e-05,-0.00015607399,3.575962e-06,-2.2027878e-05,0.00010312846,1.8597157e-05,0.0001322024,-0.00011956883,-5.910941e-05,0.0001649177,0.00022035508,-6.3004794e-05,3.745964e-05,6.673563e-06,-0.00020774847,0.00014186383,-2.921873e-07,-6.527242e-05,-2.839303e-05,7.234048e-05,2.5403939e-05,7.667208e-05,1.783769e-05,-4.979757e-05,3.2401702e-05,-6.44842e-05,8.827365e-06,3.394651e-05,0.00013745652,-2.9426774e-05,-9.98725e-06,5.2327487e-05,-7.4092764e-05,7.5933276e-05,0.00012111167,-8.431965e-05,-0.00010246535,-0.00024117356
B111_U47298,0.000200514,-0.00011299211,-6.189243e-05,-6.9269634e-05,-7.816655e-08,-0.00016915263,5.1669535e-06,-4.53832e-05,6.78106e-05,-7.333594e-05,9.8372904e-05,0.00013284106,0.000102329155,-0.0001065733,0.00012827937,3.095121e-05,-4.8488415e-05,-6.1079314e-05,0.000273142,1.2401174e-05,1.8889446e-05,-0.00010472963,3.0387218e-05,-0.0001009866,0.00011609706,1.6046408e-05,0.00016179356,-0.00012639591,-2.2891514e-05,-9.937451e-05,-3.8970906e-05,0.00017660805,-8.952769e-05,5.44864e-05,8.639588e-06,-3.306068e-05,-2.3367122e-05,0.00021505341,-7.3350884e-06,-7.1784714e-05,-7.75811e-05,-0.00016743972,-3.6001513e-06,-0.00024479764,-5.6792338e-05,0.00013693291,-2.5084903e-05,-6.579048e-05,-8.054669e-05,1.43897705e-05
A421_XM_371822_1,0.00010339571,6.444354e-05,-0.0001564072,-3.0205718e-05,-5.2426924e-05,-6.316753e-05,-8.940397e-05,4.60796e-05,0.00017014779,-6.181154e-05,0.00013850015,0.00016960478,7.42811e-05,0.00010652012,-4.5469467e-05,-0.00011721136,8.714039e-05,3.5718167e-05,0.00019944563,6.0729995e-05,0.00015391843,5.2163407e-05,0.00016967882,-4.655373e-05,-2.149633e-05,8.4936524e-05,-6.712016e-05,-9.638786e-05,1.3813399e-05,-0.0002608091,-5.7361696e-05,-1.733144e-05,7.1611976e-05,-2.180121e-06,0.00011575125,3.9357863e-05,-0.00019911108,6.0191443e-05,-2.1017666e-05,-8.783833e-05,-4.6844667e-05,1.11149775e-05,0.00013793677,0.0001649138,0.00015978362,-8.7816545e-05,0.00015668107,-7.736164e-05,3.5206856e-05,7.527754e-05
B4_AH001498_1,0.00013135657,4.7405243e-05,0.00013641102,0.0002084658,7.675228e-05,4.6544832e-05,0.00010282593,-7.7411336e-05,0.00021954648,0.00011759413,9.489571e-05,1.1895536e-05,-0.000120694436,6.97035e-05,4.5082106e-05,-2.2008813e-05,5.163013e-05,0.00010358938,6.9138085e-05,-0.00011332131,-3.9427654e-05,5.180303e-05,6.977278e-05,-3.0723936e-06,2.4183197e-05,-2.6896383e-05,-7.224806e-05,-1.29360815e-05,0.00012674791,0.00017293975,-3.4827117e-05,7.1341965e-05,0.00010349091,-2.5746924e-05,2.7136239e-05,4.0884046e-05,-8.8122724e-05,-9.6882126e-05,0.00014495586,-5.2843876e-05,9.265834e-05,0.00019952263,1.748307e-05,0.00010163049,0.00023211121,6.8886104e-05,-1.6657649e-06,-7.024001e-05,4.022503e-05,0.0001402208
B14_AH001498_1,-6.039551e-05,0.00037036324,-0.0001244426,0.000107440945,6.164279e-05,-0.00012890768,8.978989e-05,0.00011787343,8.9415866e-05,-0.000109171844,0.000118021744,-7.048296e-05,4.5667775e-06,7.958039e-05,0.00020463968,0.00014387956,1.8067029e-05,-5.8711043e-06,-2.45689e-05,-7.0554575e-05,-8.854432e-05,4.397645e-06,-4.7840032e-05,-6.515182e-05,-2.200662e-05,-3.1157306e-06,0.0001224897,-9.53016e-05,-1.5961637e-05,-3.6096e-05,4.556859e-05,-2.029209e-05,2.2078378e-07,1.8668468e-05,2.2131477e-05,-7.538075e-05,0.00026344424,-9.213156e-05,-6.825368e-05,-0.00015543321,-0.000119384305,-2.3395074e-05,-4.9892013e-05,-5.614312e-05,-0.00013862229,1.47460405e-05,8.083295e-06,7.472234e-05,8.906707e-05,-8.347229e-05
B117_U47298,0.00019432248,-5.1058737e-07,-8.471952e-07,2.6020742e-05,0.00014517935,-6.898166e-05,6.425889e-05,-3.8315047e-05,0.000151621,6.450476e-05,-8.123134e-05,0.00017080002,-2.25371e-05,2.4715855e-05,-1.7849048e-05,4.317697e-06,-1.7206288e-05,-3.956443e-05,9.613729e-05,-0.0001189481,5.646188e-05,0.00014499863,0.0001410097,0.00018697427,-0.000113991235,0.00011568426,-2.9564773e-05,-8.971198e-06,-1.9943898e-05,0.00020375695,0.00013840273,-8.842245e-05,6.055831e-05,-0.00011190904,-5.716531e-05,0.00015488177,-5.314763e-05,-0.00026268666,-0.00018496363,-0.00016938444,0.00013740893,-4.12315e-05,-3.1526273e-05,-0.00012010691,1.7983755e-05,2.8961296e-05,-8.857819e-05,-0.00010384131,5.426278e-05,-4.4368153e-06
A402_XM_371822_1,0.00011209145,6.249351e-05,-0.00019961657,0.0001136224,0.0002478573,0.00028514868,-3.7378653e-05,6.417814e-05,2.6919553e-05,5.0678693e-05,0.00013534997,6.2453904e-07,9.398367e-06,-0.0001441864,-2.9906334e-05,0.00017508728,-0.00017297949,7.2064e-05,-7.794169e-06,-6.03638e-05,0.00027223,1.9631919e-07,-0.00017599207,-2.4927473e-05,5.442582e-05,-7.562427e-05,1.7486649e-05,-4.064901e-05,3.4097443e-06,0.00012035757,0.000113292874,-4.8446014e-05,-9.144244e-05,-2.7899281e-05,6.7356545e-05,-0.00012759631,0.00024086391,-2.4448464e-05,0.00013326285,-0.00023643953,-8.5900974e-05,4.130248e-05,-1.7813085e-05,-0.00010549126,0.00023880797,5.5388405e-06,0.00023484656,5.775953e-05,0.00013643607,-0.00013677389
B171_U47298,0.00014408804,-4.8676047e-05,-0.000103265906,0.00017897053,0.00012099083,-2.3724455e-05,-0.00016648108,3.8921884e-05,-7.773786e-05,-2.6059943e-05,6.98733e-05,0.00012385545,1.4390961e-05,-3.5228502e-06,0.00010176403,4.8150578e-05,0.00018385147,0.0001878167,0.00016440998,-8.282264e-05,0.00012277547,-5.2320243e-05,3.689255e-05,-0.00016760489,-1.59017e-05,-4.684621e-05,0.00010634476,-1.8008961e-05,4.1704796e-05,-9.2623086e-05,4.790781e-05,2.6111282e-05,-0.00015622315,0.00016888771,2.0979944e-05,-0.00010979463,-1.5902053e-05,2.8793336e-05,2.8242624e-05,-3.0692205e-05,3.0340398e-05,2.9365672e-05,6.386402e-05,0.00019499507,0.00015097867,0.00014891017,-4.630687e-05,-0.00012625862,0.00015288916,1.9710114e-05
A502_XM_371822_1,5.211159e-06,-0.00013239564,-5.2432988e-05,-0.00015814345,0.0001742715,2.8983977e-05,0.00011923768,0.00014792818,3.780244e-05,-5.5881785e-05,-0.00020710556,8.557655e-05,0.0001868718,-3.3611643e-05,-0.00014416904,2.0696572e-05,2.1306141e-06,-0.00015631397,2.240786e-05,0.00010065628,1.0640389e-05,7.071654e-05,-7.049391e-05,0.0002638226,-1.9515895e-05,-4.1213054e-05,-2.6681791e-05,-0.00012293739,4.4697525e-05,0.00010009155,4.780115e-05,-0.000104616396,0.00023779571,2.0584579e-05,6.0115395e-05,-6.5229638e-06,3.3266304e-05,-1.9454471e-06,-4.735538e-05,-0.00020246337,2.1445367e-05,-0.00010203844,0.0002776033,-1.6098401e-06,-4.323415e-05,5.692469e-05,0.000120137425,0.00011438735,4.49132e-05,-4.31699e-07
B26_AH001498_1,9.643091e-05,-6.4485164e-07,0.0002054913,8.1667975e-05,-1.3023518e-05,-0.00015384397,9.612986e-05,2.4531528e-05,-7.4908516e-05,-4.9400034e-05,0.00019281195,0.00018265724,0.00015907573,0.00013216803,0.00011532113,9.6340074e-05,3.9302977e-05,6.6903915e-05,0.00013905537,0.00015934794,-1.9832685e-05,-8.808027e-05,0.00026607522,4.788411e-06,-0.00023671397,-0.000107941414,0.00021327008,8.279446e-05,-0.000109661465,-0.000107664106,4.976764e-05,-0.0003042954,5.148602e-05,1.1357503e-05,-3.932897e-05,2.6209109e-05,4.514575e-05,9.242088e-05,-0.00030329268,2.4858142e-05,-3.2308028e-05,0.000111755035,4.6363148e-05,9.492777e-05,2.137699e-05,-3.8308764e-05,-9.555453e-05,9.712418e-05,-5.9633767e-06,-6.39366e-05
A415_XM_371822_1,4.363509e-05,0.00014782498,-2.2823971e-05,0.00011864509,-2.6590242e-05,-0.00015235356,-1.1944449e-05,8.0830076e-05,6.182278e-05,2.4980985e-05,3.1821266e-05,6.594331e-05,7.8848156e-05,-1.1861112e-05,7.982228e-05,-9.659531e-05,0.00020860007,0.0001231176,-5.3580865e-05,-2.5632826e-05,-1.3678218e-05,0.00020114865,3.8854346e-06,0.00025520546,7.685967e-05,4.732077e-05,0.00010635159,-0.00011655993,-1.1647652e-05,-0.0001685384,-3.8542345e-05,7.3592423e-06,3.1168126e-06,-3.0936266e-05,-0.00012087486,6.604977e-06,6.157407e-05,-6.1281724e-05,-0.00016345781,0.00010341673,1.162077e-05,0.00015062014,-0.00019812572,0.00013485995,-0.0002017585,-4.6249163e-05,1.9404957e-05,-2.5866939e-05,-6.977643e-05,0.000117989235
A533_NM_015213_2,-3.0963463e-05,0.00011975182,-1.1652386e-05,3.9562095e-05,-0.00019661894,-5.18352e-05,-6.752574e-05,-7.8397854e-05,0.00022110918,-5.1748382e-05,0.00013502875,3.868718e-05,5.5252407e-05,7.3105715e-05,-6.567913e-05,-6.88138e-05,-2.8481572e-05,4.1096013e-05,-2.0440877e-05,7.536223e-05,1.7176133e-05,0.00013145615,-8.7008266e-05,3.5096527e-05,0.00018485419,0.00012577261,4.826982e-05,-3.0077274e-05,5.9023077e-05,1.288879e-06,4.71628e-05,0.00013645335,-1.5298117e-05,0.00015742023,1.1018542e-05,0.00019510603,0.00015554181,0.00012628044,3.4505258e-05,5.1457253e-05,0.00020244843,-0.000100845,0.00012935541,-5.123382e-05,0.00021497211,0.00010254502,-6.446018e-05,-5.635351e-05,4.2669355e-05,4.5772617e-06
B60_U47298,0.00010856117,0.00020893714,-4.7422625e-05,-9.232317e-05,8.904685e-05,0.00016685227,-0.00018432928,-5.9279628e-05,3.6930083e-05,-8.522221e-05,-9.1302965e-05,8.579724e-05,4.722404e-05,0.00010836779,-4.2666215e-05,8.7376255e-05,4.62796e-05,1.1883671e-05,4.63636e-05,1.0449982e-05,-9.5618096e-05,-6.7757726e-05,0.00013335349,-6.6019e-05,-2.4719144e-05,-9.25234e-05,-1.1867872e-05,-8.213456e-05,0.00014276386,2.9959147e-05,7.668088e-05,-4.6488323e-05,8.480644e-05,9.97071e-05,3.440485e-05,-0.00014407291,0.00020510578,-7.2760754e-06,-9.798465e-05,-4.632112e-05,0.000119037715,-3.4138928e-05,7.687132e-05,-0.00010245484,-6.001773e-06,0.00014561608,2.5729525e-05,2.1049007e-05,-1.8837938e-05,-0.00011452528
B102_U47298,5.2525025e-05,0.00016112675,1.6989958e-05,5.7893798e-05,3.1697964e-05,0.0001615801,-0.00010040682,-0.00013388161,-3.674913e-05,-7.953939e-05,-6.87982e-05,0.00012534649,0.00015267728,2.5825573e-05,9.171988e-05,0.00010999976,9.703815e-06,0.00011279205,-0.00012073323,0.00010751694,6.095068e-05,3.7447895e-05,0.00015018554,0.00010570022,0.00011337942,9.122792e-05,0.00016641918,0.00011243528,0.00010840513,-3.8222777e-05,8.53678e-05,-0.0001851003,-6.109244e-05,9.315517e-06,-1.0566625e-05,3.6524318e-05,0.00011119478,0.00023013602,1.0470521e-05,0.00020146665,-5.4415574e-05,-0.00013991178,4.4662356e-05,3.8576254e-05,4.9351864e-05,-0.000105768035,9.901876e-05,0.00021186343,6.8453206e-05,-5.3340344e-05
A478_XM_371822_1,-4.2402753e-05,9.983117e-05,-1.2090601e-05,0.00010203932,0.000120446195,-6.5884946e-05,0.0002247035,-0.00016949636,-6.5412496e-05,0.00013094279,8.672344e-05,-4.21809e-05,-1.672835e-05,0.00014179038,-2.6083826e-05,-0.00011285755,-6.9283014e-05,0.00012271579,2.45921e-05,-2.3991413e-05,2.6281396e-05,-2.0899213e-05,-0.00014611904,-9.988615e-06,6.627585e-05,0.00013050495,-0.00013454373,0.00017940387,0.00017762152,-1.1476223e-05,-0.00010400045,-3.1114792e-05,6.5336535e-05,0.00015629268,0.00010977857,-7.85348e-05,-0.0001709533,4.6185032e-05,0.00018307568,6.8138375e-05,9.9520665e-05,6.3796346e-05,6.742779e-05,0.00021508372,0.00022086076,0.00012144967,-4.3464115e-05,8.1565675e-05,3.9342372e-05,-0.0001366238
A495_XM_371822_1,-6.907347e-05,-9.0520625e-06,0.00010611631,2.7159156e-05,8.5997664e-05,6.576526e-05,0.00012074829,-2.4912779e-05,0.00010786047,-6.258802e-05,0.00010993221,-8.46106e-05,-3.8757236e-05,0.00013883058,3.8445007e-05,0.00011591441,-2.417341e-05,8.069179e-05,4.89683e-05,-0.00010479873,0.00014686535,0.00020938084,8.002207e-05,2.5886779e-05,-5.4777323e-05,0.00012222493,-8.833377e-05,0.00010336677,9.956782e-05,-0.0001325384,-4.5138346e-05,5.579569e-05,2.8965875e-05,9.863555e-05,1.0479517e-05,-0.0001851586,-0.0001396404,2.935681e-05,-4.6902055e-06,5.843816e-05,-0.00015963743,5.3541247e-05,-2.8899036e-05,9.103278e-05,9.417147e-05,-5.0509854e-05,1.7419452e-05,1.5080264e-05,-4.5734974e-05,9.130773e-05
A608_NM_015213_2,-9.407058e-06,-2.675139e-05,1.5573445e-06,0.00018194223,3.3876437e-05,-3.3713037e-05,-3.372701e-05,6.829543e-06,5.2125215e-05,3.1180884e-05,-4.9357404e-05,-1.6052874e-05,0.00012224015,1.0361366e-06,-2.8393839e-05,-6.1877414e-05,0.00022927334,5.5637996e-05,0.00013829759,-5.8782156e-05,0.00017344583,-0.00016777474,0.00015611592,0.00022935969,-4.5794197e-05,5.7763405e-05,0.00015624509,-6.92867e-05,-2.6737164e-06,-1.9860026e-05,7.660032e-06,-5.7779565e-05,8.101902e-05,-8.565547e-05,0.0001950579,7.169071e-05,-6.342753e-05,-6.2526684e-05,6.6723034e-05,0.00012830501,0.00021796762,6.25443e-05,1.5883645e-05,2.6587028e-05,0.000118487864,-0.0001452913,-6.818799e-05,-0.00024559753,0.00019755794,-5.6339627e-06
B313_X75932,-0.00015507318,-5.3177137e-05,-0.00012850694,-0.00012887918,7.392135e-05,4.2587828e-05,4.9495007e-05,0.000117763186,2.3687566e-05,1.9243545e-05,5.1715015e-05,-2.625873e-05,-1.8206358e-05,0.00019377725,6.333238e-06,-3.9725048e-05,-9.87159e-05,-2.0194591e-05,2.7230451e-05,-1.6949465e-05,-9.243326e-05,-6.363786e-05,-3.489638e-05,8.928892e-05,0.00016083392,0.0001137634,5.984622e-05,0.00018288266,1.5075685e-05,-5.862549e-05,-0.00011928001,2.6655358e-05,0.0001171083,-1.605202e-05,-0.00013850791,0.00012117128,1.2529518e-05,1.8867211e-05,2.725205e-05,2.7987351e-05,-2.3272103e-06,6.608554e-05,2.0772208e-05,-4.936089e-05,0.00015194734,-0.0001835551,5.383611e-05,0.0001594248,8.795608e-05,-9.1591144e-05
B282_NM_031313,0.0001351574,-0.00013124735,-6.509854e-05,7.8045276e-05,2.1992391e-05,6.0318762e-05,1.8031462e-05,0.00013344381,0.0001415372,-4.273978e-05,-5.152534e-05,9.568605e-05,1.4305368e-05,6.326294e-05,-6.8624955e-05,-2.4705128e-05,-1.8684415e-05,1.2999658e-05,8.473609e-08,-0.00011168768,-2.4572391e-06,1.2994245e-05,3.281992e-05,7.735827e-06,0.00012676993,-8.113142e-05,-8.753671e-05,-9.2502705e-05,-2.3073602e-05,0.00011679576,3.0678782e-06,2.5639432e-05,1.3262043e-05,0.00013493691,0.00014324451,0.00016408961,0.00013220015,5.1470477e-05,-0.0001427045,2.1578173e-05,0.00013021311,6.361964e-05,-8.390891e-05,-9.684056e-05,8.459757e-05,-0.000145678,9.501809e-06,4.8298367e-05,-5.9809958e-05,9.911072e-05
B162_U47298,3.5713478e-05,0.00014263076,-0.00019489537,3.987217e-06,5.87177e-05,1.7842407e-05,0.0001756785,0.00022707401,1.0353566e-05,-0.00016852785,-9.4607996e-05,0.00010169755,6.023849e-05,-1.5242589e-05,9.8750614e-05,-0.00014276638,0.0001684225,0.0002255781,-2.1142992e-05,0.0001784294,3.6470687e-05,-0.00011028753,-3.5659963e-05,5.2787977e-06,3.0223993e-05,0.00011852952,8.188792e-05,0.00010530205,-4.7765636e-05,5.386222e-05,-6.197937e-05,-0.00013927731,5.3608037e-05,-1.853363e-05,-9.3926916e-05,-4.419607e-05,-6.037857e-05,-6.452754e-05,0.00020744247,0.00017553092,-3.3525383e-05,5.613084e-05,-0.00013353271,5.387554e-05,-0.00011214551,-4.8624534e-05,-1.4818257e-05,6.988513e-05,-7.993946e-06,1.7981685e-05
A504_NM_015213_3,-2.5680263e-05,-3.1214022e-05,0.000114899405,9.737559e-05,0.00016879753,-6.937232e-05,1.2117106e-05,-0.00014712126,-4.248119e-05,-5.551433e-05,0.00016159182,8.765506e-05,-7.676043e-05,-9.924617e-05,9.049333e-05,-4.796794e-05,0.00014259708,0.00015472138,-5.4900298e-05,5.8505222e-05,1.3175662e-06,9.752182e-05,4.2058957e-05,2.453415e-05,0.00011030169,-8.6516964e-05,0.00013918293,-0.00011736426,5.806217e-05,-3.97393e-05,7.401454e-05,-6.259798e-05,-7.61647e-05,9.239827e-05,-0.00015369552,-6.97923e-05,0.0002082037,-0.0001922843,5.8446447e-05,-0.00013436377,1.064658e-05,-8.0279615e-06,0.00012584544,5.3206757e-05,2.0861995e-05,0.000116106065,7.912959e-05,-0.00019811008,1.6046253e-05,-4.0873216e-05
B114_U47298,3.2811862e-05,0.000110886176,8.812483e-05,0.00016073193,-0.00020355174,-3.635495e-06,-3.2904205e-05,4.2265954e-05,0.00011417751,1.6366199e-05,5.3237516e-05,5.206068e-05,-4.734355e-05,0.00016340344,7.0907605e-05,0.00011707396,5.2474457e-05,1.1776043e-05,-0.00018350109,0.00018975444,0.00016067084,-2.722108e-05,1.992794e-05,3.161705e-05,1.9904464e-05,1.5108898e-05,7.4922523e-06,0.00020343061,7.061011e-05,-3.023285e-05,-0.00010177863,4.334302e-05,6.9891306e-05,8.258626e-05,-6.322305e-05,1.19193755e-05,-0.00011906921,3.4896024e-05,0.00016289114,-6.450691e-05,-1.00853285e-05,-8.9449524e-05,-3.355951e-05,-1.7461252e-05,7.750782e-05,0.00029225857,-3.150496e-05,0.00021346495,8.360014e-05,-0.00012840133
A381_XM_371822_1,-2.3871036e-05,-2.5499461e-05,7.274115e-07,9.558836e-05,-3.6892223e-05,-6.47482e-05,9.992995e-05,0.00020933956,-3.598847e-05,-2.8154018e-05,0.00016370318,8.463064e-05,0.00017102362,-4.0900042e-05,0.0001957741,3.383924e-05,7.4053874e-05,-2.1191987e-05,0.00012975653,8.2955754e-05,5.5158307e-05,-7.169853e-05,-5.8445345e-05,-0.00025409018,-2.138761e-05,9.705305e-05,-0.00019919974,0.00014782263,8.760557e-05,6.8660775e-05,0.00019521925,0.00013163833,2.7163567e-05,-5.1289095e-05,6.875104e-05,-3.4726238e-06,-1.2137007e-06,-4.107345e-05,-2.00956e-05,6.4569234e-05,2.8520386e-05,-5.584598e-05,-0.0001651483,6.684055e-05,-3.361483e-05,-2.0085432e-05,-0.00023997489,6.9687805e-05,-7.704314e-05,2.2077003e-05
B143_U47298,-3.8162212e-05,2.0710673e-05,-2.3835093e-05,-0.00012950027,0.00011803945,0.00017329812,3.104275e-05,0.000178383,0.000110407214,1.8883637e-05,-7.396025e-05,1.6317346e-05,0.00018296334,4.7645426e-05,0.00014254283,-0.00017503339,4.2270265e-05,-8.9218454e-05,-8.61593e-05,0.00014503502,8.1754515e-05,-0.00012397545,0.00015368134,0.00010516628,0.0002523377,-1.829686e-05,-4.8004775e-05,-0.00014495276,-5.05358e-05,-2.9563007e-05,9.198363e-05,1.8307519e-05,-1.764504e-05,-2.8666338e-05,-2.450593e-05,-6.7347624e-05,9.938127e-05,0.0001363211,9.0919115e-05,-0.0001976477,7.2568546e-05,-8.460612e-05,-3.9563776e-05,6.8391078e-06,6.0696053e-05,0.00010895778,0.00012182777,6.7463974e-05,-5.1187464e-05,1.607213e-05
B100_U47298,-8.6794615e-05,4.291088e-05,-5.7049667e-05,-4.3088297e-05,-0.00020680232,7.822993e-05,-3.4200584e-05,6.104575e-06,-2.9532295e-05,1.5798234e-05,-0.00011013598,2.7004837e-05,-0.00023544543,-8.1133294e-05,-1.1709694e-05,1.3587149e-05,-0.00012632762,5.9554015e-05,-1.9031608e-05,8.610653e-05,0.00014685853,0.00016962952,-7.615577e-05,9.550251e-06,-2.4646128e-05,-5.973002e-05,-1.4583096e-05,7.187054e-05,0.0001860826,-3.4551274e-05,0.00019094683,-4.651911e-05,-1.210321e-05,-0.00018043703,4.8558748e-05,4.799315e-05,-4.033748e-05,-1.31498455e-05,0.000119790835,6.2441472e-06,-5.045685e-05,2.4768537e-05,-3.6457135e-05,-1.0475112e-05,-1.1755645e-05,-4.372906e-05,-5.0695136e-05,9.670223e-06,3.4824705e-05,0.00012259981
B38_AH001498_2,3.4132383e-05,-2.0842037e-05,0.00016408163,1.1271344e-05,4.9026465e-05,-6.848812e-05,-5.573159e-05,2.8815848e-05,8.762707e-05,7.283238e-05,0.00017618721,-0.00019163349,3.4844822e-07,-5.5508113e-05,-1.0302092e-05,4.545274e-05,0.000112321104,-5.1930907e-05,5.859605e-05,-0.00010797819,4.6035664e-05,7.794969e-06,0.00017171385,-8.096806e-05,0.0002183801,0.00019476014,-7.10046e-05,-0.00024696512,2.2518669e-05,8.999472e-05,0.00012127015,-5.072551e-05,-1.6295287e-05,2.215449e-05,1.1280324e-05,7.612592e-05,-6.6709006e-05,-0.00011008554,-7.621384e-05,4.5061156e-06,-5.4908127e-05,-0.00018541748,0.00012859529,-7.85951e-06,7.469799e-05,0.00010255437,9.424677e-06,2.4808496e-05,-7.2191644e-05,7.009242e-05
B109_U47298,0.00013101143,0.00016028712,6.294384e-06,0.00011483045,-6.777272e-05,0.00010774448,0.00013045648,-5.9789963e-05,-8.099469e-06,6.459651e-05,-6.571686e-05,-0.00012732002,2.0429181e-06,-0.00018501919,2.5633277e-05,0.00029991812,-0.00016853774,8.966556e-05,-2.1077905e-05,4.0822673e-05,5.650755e-05,0.00014724766,4.681596e-05,5.259736e-05,6.0930917e-05,9.058498e-05,-4.218005e-05,7.146451e-05,0.00010244216,0.00011705467,6.825141e-06,1.5225429e-05,-1.2910697e-05,4.149439e-05,-0.00013855248,0.00016348684,3.5725978e-05,6.241801e-05,-0.00016650569,-0.00013635268,3.9127494e-06,-7.184941e-05,8.420857e-05,-0.00013878728,-4.513722e-05,0.0001549177,-3.89935e-06,2.5919522e-05,5.0210198e-05,7.922792e-05
A441_XM_371822_2,0.00014732663,2.3410521e-05,0.00015120595,-5.2647014e-05,0.000118880635,-0.000100633835,5.2870328e-06,9.377355e-05,0.00021934531,4.4046057e-05,8.183901e-05,-9.899966e-05,-4.5068016e-05,0.00023567448,2.7637974e-05,8.6036634e-05,0.00011785288,-7.073906e-05,0.00013171995,2.1042724e-05,0.00010139525,0.00020561332,5.322995e-05,0.00019258834,4.5596254e-05,0.00015308677,5.8553123e-05,0.00059536623,0.00036907376,0.00036561963,-4.5307974e-05,-5.7150002e-05,0.00042170755,0.00045250458,0.00026071328,0.00011676465,0.0001737382,7.5991724e-05,-5.0654857e-05,-0.00020874674,0.00017150248,0.00038246321,6.611016e-05,-5.0225754e-05,0.00036796197,6.842116e-05,0.00014940828,2.5737283e-05,9.8104625e-05,1.6952654e-05
B59_U47298,-0.00013218429,2.2504943e-07,0.00016652214,-4.545569e-05,1.5007247e-05,0.00021016409,-9.3270086e-05,-9.781356e-05,1.060557e-05,-1.660253e-05,9.246107e-05,-2.8156577e-05,-5.7204965e-05,-3.156347e-05,0.00014606547,5.848945e-05,7.02204e-05,-1.1539343e-05,0.00011390489,2.543265e-06,8.69199e-05,9.4219315e-05,5.33365e-05,5.186065e-05,0.00014552358,-2.8835198e-05,9.120321e-05,9.075311e-05,4.065114e-06,-7.416981e-05,9.386004e-06,-3.6650254e-05,0.00014770647,1.0494928e-05,-0.00017365367,0.00011415637,0.00016412743,-7.845384e-05,-4.36285e-05,-5.380635e-05,0.00024628255,0.00014678258,0.00016329632,4.4430843e-05,-1.7609338e-05,-1.4664069e-05,-0.00013782473,5.080833e-05,-2.0845486e-05,-1.6503767e-06
B367_U92436_2,-0.00011201299,-5.1475068e-05,6.764175e-05,9.693757e-05,-3.8195634e-05,0.00022631252,-1.3889894e-05,0.00017176884,3.5570556e-05,0.00012844647,0.00010435073,0.00010716824,-2.5336763e-05,6.45581e-05,7.336617e-05,5.350894e-05,1.5427038e-05,-0.00014411229,-7.5038224e-06,4.9525497e-05,6.921033e-05,0.00011230705,-4.2238567e-05,9.102641e-05,-2.2806149e-05,8.813805e-05,7.800108e-05,5.9163485e-05,-6.9571164e-05,4.8640042e-05,3.4957277e-05,9.621598e-05,2.3864348e-05,0.0002496386,-5.1721645e-06,-3.4893434e-05,0.0001240526,-1.263631e-05,-0.0001227995,7.159703e-05,0.00016448568,5.45975e-05,-7.8903e-07,-6.139361e-05,6.164576e-05,2.9577031e-05,-0.00011427238,4.7590114e-05,-0.0001393247,-2.2869892e-05
B364_U92436_2,0.00019425359,-2.2140855e-05,-0.00016835905,-3.4494078e-05,9.471351e-05,-8.940649e-05,5.1546383e-05,0.00018019517,-0.00020705762,5.911656e-05,-0.000107942105,0.00015133365,-0.00011039437,0.00017558427,8.092288e-05,5.8366906e-05,-8.243148e-05,-7.115417e-05,9.3624614e-05,0.00014059196,1.8439267e-05,5.8159394e-06,9.087656e-06,-5.352396e-06,-3.045694e-05,9.2522445e-05,-8.362815e-05,6.2781437e-06,-0.00014526781,-0.00015060672,3.5792873e-05,-2.871676e-05,4.149512e-05,0.00018757775,7.0834003e-06,1.967509e-05,8.4058294e-05,0.00024656288,9.3644325e-05,0.0002577329,-5.033536e-05,0.000105775325,6.858346e-05,-4.7264777e-07,-0.00014726077,-8.256464e-05,8.5468746e-05,-0.000105938205,-1.6135502e-05,-1.2653108e-05
B359_U92436_2,-6.7436384e-05,0.00022362196,0.00015395624,-3.5386078e-05,9.924583e-05,1.1231617e-05,0.00013969152,4.4997912e-05,-0.00016514736,-4.6780287e-06,0.00024650682,-0.00015947632,0.00024708488,0.00018629745,4.7099093e-05,-5.1554052e-05,-9.727177e-05,0.00011052604,1.7868373e-05,7.290438e-05,-3.4083023e-05,-2.9418958e-05,4.931424e-05,-2.0378116e-05,-9.543961e-05,7.843204e-05,3.22773e-05,2.8434748e-05,-8.9066976e-05,0.00013205167,-0.00015835211,2.5847652e-05,0.00014617879,0.00021089072,4.5792317e-06,5.7335776e-05,0.00013521564,-4.905552e-05,3.487886e-05,2.7648288e-05,0.00010408406,1.3197314e-06,4.7956757e-05,-7.795198e-05,-0.00025523413,2.0380671e-06,4.9339673e-05,-1.1102614e-05,-7.9096375e-05,0.0002019943
A385_XM_371822_1,-7.2001545e-05,9.698931e-05,-4.967171e-05,0.0001888781,4.2337124e-05,0.00010634975,-4.853264e-05,7.8608655e-06,5.3810825e-05,0.00013954502,0.00016547293,5.2130512e-05,4.5493947e-05,-0.00012992592,8.5936736e-05,-1.2609599e-05,0.000115851806,3.744744e-05,-5.6228713e-05,-0.0001408946,-9.454637e-05,-0.00017677223,-4.4765013e-05,0.00015206807,6.7172456e-05,5.1601437e-05,2.8874103e-05,1.6146181e-05,-3.6586258e-05,4.490927e-06,-4.280431e-05,0.00010143181,7.444395e-05,-0.00012477319,1.6963402e-05,3.934696e-05,-6.69577e-05,0.00012927954,-9.6861506e-05,-4.7374022e-05,-1.8181041e-05,-0.00018482617,0.00017136305,-1.0161595e-05,-0.00011972076,-3.8379778e-05,2.3043705e-05,8.677202e-05,2.4241846e-05,0.0001395714
B392_J03132_1,0.00013542082,1.0546815e-05,-4.699704e-05,0.00010312962,9.176157e-05,-0.000103429826,-0.00018900595,3.6931997e-05,0.0002743989,-9.804235e-05,-0.0001254956,-0.00014179714,-3.483879e-05,0.00019188566,8.8530345e-05,0.00014323153,0.0001277571,4.423487e-05,0.00014200908,1.3671809e-05,0.00011755757,-3.3400604e-05,0.00013522056,8.574873e-05,-2.830659e-05,3.5915346e-06,2.3463897e-05,6.1022594e-05,2.4891466e-05,-0.00018738145,0.00010506,-0.00011357612,-0.00010859637,0.00011973185,-4.7385158e-05,-0.00015009867,6.1852115e-05,0.00014072661,-8.74887e-06,2.4476492e-05,-1.5873158e-05,5.5631066e-05,-5.9762344e-05,8.572097e-05,1.4021576e-05,0.000110745634,-2.8319135e-07,-8.3356725e-05,9.858555e-05,-3.7970563e-05
A543_NM_015213_2,2.934051e-05,3.1554187e-05,-1.6100264e-05,-9.759203e-06,0.00012386819,0.00023064298,-3.1234842e-05,2.0357422e-05,5.42974e-05,3.3523116e-05,-0.00014918076,-3.5350742e-05,-0.00012803807,-4.8644582e-05,0.00015038447,-0.00010023815,3.287291e-05,-5.5458564e-05,0.00011172862,4.0951236e-06,-8.384077e-05,0.00016173703,-7.336751e-05,-3.7724265e-05,8.299537e-05,6.6040506e-05,-1.6341752e-05,-0.00015098337,1.9993982e-05,1.17422205e-05,0.00016653114,0.00012555951,0.0001946391,0.0002056679,3.2512395e-05,-7.0497e-06,3.5907175e-05,8.287485e-05,-2.874383e-05,0.00014635189,2.3455688e-05,-6.006226e-05,9.038546e-05,1.7390308e-05,0.00013125541,3.7250255e-05,0.00014811518,-2.4027546e-05,0.00020901737,4.114535e-05
B95_U47298,0.00013361611,8.932974e-05,2.4508478e-05,-0.00016014882,-3.070021e-06,3.9918043e-05,0.00021533726,-0.00010547288,-4.8976573e-05,-1.4674053e-05,-4.9323102e-05,8.396829e-05,0.00015094464,6.307516e-05,6.0968312e-05,-8.603703e-05,0.00014290375,-0.00013158817,-0.00011243821,-0.000101762205,-5.5936693e-05,-3.675476e-05,-8.550403e-05,-0.000104554536,-4.9087e-05,-6.27176e-05,-6.7094625e-06,0.00015617195,0.00014361645,-4.647064e-06,1.8848192e-06,-3.548395e-05,-3.934013e-05,-8.78295e-05,-3.602385e-05,2.1841693e-06,0.00016718303,-2.3787894e-05,-8.5278925e-06,-0.00012915539,8.5506006e-05,-8.4369545e-05,4.7947204e-05,1.3709437e-05,0.0002386066,3.0806455e-05,8.31116e-05,-2.640765e-05,0.00024944343,2.315882e-05
B25_AH001498_1,0.00011933124,-0.00019275388,-0.00021271707,6.951419e-05,0.00018982853,-1.36259405e-05,3.857007e-06,-0.00022130254,9.691818e-06,0.00011985981,-4.2566677e-05,7.4896176e-05,0.00013335631,0.0002141374,0.00017457658,6.2996005e-05,1.0572612e-05,-6.2991116e-05,5.3263764e-05,0.00013178583,-2.1285641e-05,8.617778e-05,-8.034351e-05,0.00026730073,0.00013503672,0.00015147864,0.00011249221,9.1781556e-05,0.00012565903,0.000108954686,7.962606e-05,0.00013939136,3.9972543e-05,6.78043e-05,7.716138e-05,-4.280538e-05,0.00014100122,0.0002648519,-2.4228731e-05,-8.0979466e-05,-7.278731e-05,-0.00010662247,0.000118776996,-2.7193852e-05,-2.9600464e-05,-5.7178117e-05,4.080084e-05,0.00010611258,3.5395406e-05,-0.00022841744
A450_XM_371822_2,9.506079e-05,0.00013298287,-5.3799024e-05,0.000105842715,3.868701e-05,-4.4611264e-05,-3.9202034e-05,8.6176275e-05,0.000113433605,-0.000103156344,0.00014276718,0.00010913505,9.009192e-06,-5.7563102e-05,-6.81738e-05,9.520654e-05,-3.828204e-05,-6.8190326e-05,2.633414e-05,9.7286334e-05,0.00024182977,8.732484e-07,4.9604314e-05,-5.4680095e-05,3.515975e-05,0.00011687625,-0.00014918743,0.00011529019,-5.0740295e-05,3.4970366e-05,-0.00012943131,-0.00010883363,0.00014096689,3.6793608e-05,0.000110274545,9.72961e-06,7.544207e-05,-5.4710308e-05,7.46311e-05,-5.6563928e-05,0.00014822565,-0.00013534463,4.2825832e-07,2.0305338e-06,2.4607716e-05,5.5248933e-05,-9.4380724e-05,-0.00010512024,-0.0001411514,9.820946e-05
B113_U47298,3.2369175e-05,7.929426e-05,0.0001968836,7.484943e-05,-0.00019998691,-4.233556e-05,2.121434e-06,-8.277723e-05,-4.743313e-05,0.0001470966,-6.4165804e-05,-0.00013517238,-4.9744736e-05,7.280394e-05,-3.5919868e-05,-0.00013205918,7.5364944e-05,-0.000153009,-2.8037404e-05,-0.0001853349,0.00013618139,8.2382874e-05,-0.00015882985,5.965117e-05,1.52145085e-05,-7.444564e-05,1.6738356e-07,0.00016694762,4.716186e-05,-7.463463e-05,0.00010002429,-3.3835963e-06,6.6159024e-05,0.00012384378,0.000113859984,4.682993e-06,8.667265e-06,0.0001401018,-8.1255384e-05,-0.00010159434,-0.000107241875,-3.369695e-05,1.8750061e-06,2.2604016e-07,0.00017808228,0.0001328666,-0.00013054856,0.00015614132,0.00022745761,1.267267e-05
A490_XM_371822_1,0.00017680861,9.411608e-05,0.0002529897,0.00012230594,5.913933e-05,0.00022299013,-3.7470203e-05,5.8119836e-06,-6.9137614e-06,0.000103884515,6.195657e-05,0.00015055308,5.233198e-05,0.0001452374,1.5618549e-05,9.861406e-05,-9.1885246e-05,2.8154427e-05,4.632596e-05,-0.00013893878,1.5680189e-05,0.00012468542,-0.00017249006,5.5188997e-05,1.30585195e-05,-9.242268e-07,2.1785225e-05,0.00010753408,5.241501e-05,0.00029624987,-4.5215616e-05,0.000119158394,-1.0966538e-05,0.00016658289,-7.1097297e-09,3.0127538e-05,5.8321024e-05,7.4573065e-05,9.996517e-05,-0.00011161987,4.243068e-06,-7.8582474e-05,0.00022239372,0.00015837388,-2.879773e-05,4.035843e-05,-1.6825314e-05,-2.584221e-05,2.310619e-05,1.7554707e-05
B103_U47298,9.3533214e-05,-7.775496e-05,-0.00017726379,-7.007553e-06,-9.9480436e-05,-7.128553e-05,7.228629e-05,9.2782975e-05,4.565721e-05,-6.384304e-06,6.973292e-05,0.00015226245,-1.2704978e-05,0.00016056806,6.20995e-05,8.774172e-05,-3.1732274e-05,4.5590466e-05,0.00018826463,0.00010262914,-4.8323134e-05,6.6382663e-06,0.00014347649,-0.00024543458,1.6404976e-05,-7.047003e-05,8.623429e-05,0.00015194167,1.6176211e-05,3.5172692e-07,-0.00015637469,8.5721265e-05,4.6229061e-07,-6.064013e-05,-3.38886e-05,5.1993546e-05,-0.00012490594,0.000103897684,-2.631993e-05,-4.6724226e-06,-0.0001616187,0.00013255642,2.6779238e-05,-2.926253e-05,-0.00010573817,0.00021548627,4.7001657e-05,8.531207e-05,1.3309688e-05,5.2718183e-06
B93_U47298,7.3607815e-05,0.00018968662,7.164448e-05,0.00015048811,-1.885608e-06,0.00014446482,8.7299755e-05,-1.2109629e-05,4.4328463e-05,3.0733e-05,-7.074586e-05,-1.6853925e-05,0.0001258966,0.00015918876,0.00018675132,5.4719236e-05,0.00018797457,-4.699063e-05,-9.7143835e-05,8.195366e-06,-8.108217e-06,0.00028579065,7.082539e-08,0.000106514315,-8.0399775e-05,7.097889e-05,8.727025e-06,-5.1021038e-05,-6.393293e-05,0.000206692,-1.7164777e-05,-5.0408053e-05,4.0477003e-05,0.00011161988,-0.000113979164,-3.9082366e-05,0.00012589963,-7.5356926e-05,-0.00015275094,-3.6239617e-05,5.260721e-06,0.00011481555,5.7401667e-05,9.229133e-05,-7.589511e-05,0.00021225365,0.0001698382,2.0208392e-05,-4.6952493e-05,4.033599e-05
A400_XM_371822_1,0.00013351007,-2.0995243e-05,9.7830234e-05,7.037353e-05,5.3038075e-05,0.00022020616,7.8452555e-05,3.112431e-05,-0.00015362287,5.6328492e-05,-6.222456e-05,2.4113322e-05,4.8994072e-05,0.00016084049,-4.6674293e-05,-6.448779e-05,9.336255e-05,0.00019244474,4.1369385e-05,-0.00016140046,-1.8636028e-05,-1.5182103e-05,-0.00017618426,-0.00014922692,0.00016641435,1.6351694e-05,2.5201736e-05,0.0001139986,-8.7142376e-05,8.48586e-05,0.00015939891,-0.00024862698,8.336228e-06,5.3761643e-05,-2.6317592e-05,9.86734e-05,8.056148e-05,-5.648125e-05,-5.2710806e-05,8.429522e-05,5.3535477e-05,1.933511e-05,2.1443067e-05,-4.9880768e-05,5.591568e-05,3.6131198e-05,1.9047602e-06,7.273248e-05,-2.2882346e-05,1.0390592e-05
B122_U47298,3.178782e-05,0.00017036962,5.7125042e-05,-0.0002928646,0.0001392242,2.011404e-05,-4.6481313e-05,-0.00013251907,0.00012218946,0.00016621532,-0.00012478375,-0.00014666181,-7.544245e-05,0.00013113797,0.00011068243,5.661648e-05,4.257131e-05,-1.1111842e-05,3.81849e-05,-9.270097e-06,3.830285e-05,-0.00018156378,3.8966446e-05,9.203072e-05,3.8294507e-05,6.915518e-05,-8.1357175e-06,7.156151e-05,-4.9128e-06,-1.5618532e-05,-9.695527e-05,1.0829437e-05,9.779283e-05,6.0785867e-05,-0.00025918687,-0.00013745665,-0.00016823744,4.438729e-05,0.0002014047,-3.5026194e-06,-1.7201974e-05,0.00010616197,0.00015565014,-8.08876e-05,4.5804463e-05,6.830235e-05,-4.3703258e-05,-4.390496e-05,3.9584433e-05,0.00010815267
B413_U47298,8.693575e-05,-0.00011062485,0.00018321778,8.975529e-05,-0.00011525609,-3.8850994e-05,7.614837e-05,3.7253722e-06,-0.0001434171,5.2844327e-05,-4.6993562e-05,4.7663232e-07,-0.00011516858,8.39043e-05,8.7902394e-05,0.00015578195,0.00032824144,0.00019522889,-1.9306724e-05,5.5830544e-05,-8.1323655e-05,-2.2944145e-05,2.068293e-05,0.00017414225,0.00010255862,1.0055351e-06,8.530067e-05,-3.1336986e-05,-9.910456e-05,6.1824656e-05,8.810993e-05,2.588399e-05,3.5962596e-05,0.00013617009,-5.4561842e-05,9.2609574e-05,-8.817393e-05,-6.0270308e-05,3.8347753e-06,1.9448495e-05,-4.6437068e-05,0.00013564409,-8.11962e-05,0.0001481439,1.6510277e-06,-0.00014868032,1.24220915e-05,0.00022032813,-5.6852998e-05,0.00013132123
B129_U47298,4.9036913e-05,0.00018160694,0.000108516484,-8.873974e-05,-6.442359e-05,6.7695946e-05,0.0001336229,1.4438354e-05,3.3399676e-05,-8.398813e-05,0.0001087415,-9.56286e-05,3.719524e-05,9.41744e-05,-9.977812e-05,-8.260846e-05,-4.0233015e-05,-0.00018394529,0.00014945821,4.4122335e-05,5.1839597e-05,-4.364619e-05,7.3669784e-05,0.0002192313,-5.8279365e-05,4.4596334e-05,1.2371801e-05,1.0823197e-05,-9.800404e-05,2.2972012e-05,0.00018386463,3.3810524e-05,6.6425004e-05,5.1923093e-05,7.2580595e-05,-1.6314376e-05,5.118431e-05,5.998639e-05,3.629584e-05,0.00011584869,-0.000116435556,-0.00018376517,4.861728e-05,4.6779525e-05,-5.4270728e-05,6.989723e-05,0.00012699259,2.8929484e-05,-1.675171e-05,0.00014206838
A619_NM_015213_1,-6.862268e-06,8.586919e-05,0.00012707092,-0.00016324384,4.6144363e-05,4.806894e-05,-0.00011310131,1.3141193e-05,-4.519135e-05,-0.00012909106,-0.00022982877,-9.2532255e-06,6.249775e-05,9.571609e-05,8.0347156e-05,8.452023e-06,-8.852336e-05,0.00010865985,-2.6248497e-05,0.00010088474,-0.00011119303,-5.661056e-05,2.184497e-05,-4.574101e-05,0.00022565656,9.692549e-05,-9.03998e-06,4.2485877e-05,3.663969e-05,-8.7011045e-05,1.5030661e-05,-0.0001921879,5.2577263e-05,0.00016794066,5.9327245e-05,4.818303e-06,-7.782484e-05,3.088264e-05,-3.2433905e-05,2.3667832e-05,-7.321744e-06,6.8106965e-05,-1.327901e-05,-4.716686e-05,0.00024535667,4.3221036e-05,8.538643e-05,0.0002931864,-9.010017e-05,1.3433626e-05
B62_U47298,-1.335092e-05,0.00028784698,3.7360784e-05,-1.1967028e-05,-9.691241e-06,-0.00022436502,1.4972286e-06,9.0689915e-05,-0.00019525534,0.00017556424,-6.077361e-05,1.6323229e-06,2.7163112e-06,9.130783e-05,5.0076684e-05,0.00012809162,3.3208016e-05,-0.00015315205,-0.00012314497,9.5999305e-05,9.4753734e-05,3.6154393e-05,9.7644835e-05,7.4251197e-06,-2.5027217e-05,9.591528e-05,0.00015068855,-0.00010883835,9.397626e-06,7.5821314e-05,0.00011471684,6.5012704e-05,1.2923127e-05,-1.6813106e-05,8.67811e-05,7.208786e-05,0.0003221556,-3.6823636e-05,2.483144e-05,6.61269e-05,0.00011237893,4.9823524e-05,0.00020419394,-1.9549463e-05,6.317365e-05,-3.280952e-05,4.5665773e-05,2.504308e-05,9.249363e-05,-8.647857e-05
B84_NM_001632,0.00010952538,-0.00011536229,-0.00012510752,-4.7970407e-05,-2.6728403e-05,-0.00013294889,4.5362885e-05,4.4314533e-05,2.6204536e-05,4.8321246e-05,0.00029737983,-6.594972e-05,-9.9585035e-05,4.263389e-05,0.00012656028,-1.1695699e-07,0.00012179932,-2.7255657e-05,0.00018852291,0.00011082595,-5.9401922e-05,0.00010188649,0.00015386354,0.00013485838,-7.361039e-05,9.996021e-05,7.15148e-05,2.2474356e-05,2.9712196e-06,0.000103692415,0.000102554615,1.6769678e-05,6.0969993e-05,1.6528678e-05,5.5771807e-06,7.4800504e-05,0.000121002995,-0.00014011671,4.471885e-05,7.794291e-05,9.430104e-05,-7.310465e-05,0.00014794852,-8.000958e-05,5.0858514e-05,-8.454927e-06,-3.1792213e-05,-0.00021769457,-6.809202e-05,0.00016398887
A387_XM_371822_1,3.060262e-05,0.000102155216,9.635304e-05,7.7840356e-05,0.00013455495,1.8331675e-05,0.00025315495,-1.20953155e-05,0.00015853664,-4.0222367e-05,-7.916846e-06,-0.00013622016,6.659656e-05,7.6049255e-05,0.00010526737,-7.495668e-05,0.00011197359,9.6049305e-05,5.352638e-05,6.496778e-05,6.207334e-05,-0.00020232475,-0.00010245688,0.000118846074,0.00022112868,-5.1719426e-06,-2.3952742e-05,-0.00013559082,8.842812e-05,7.202303e-05,5.5003926e-05,-2.0991893e-05,-0.000114900926,0.00013108051,3.941816e-05,0.00014118312,-6.821121e-05,-4.1416257e-05,0.00014394395,-4.0359053e-05,4.5651355e-05,-5.5383484e-06,0.00028759614,-0.00026375966,-7.0629925e-05,3.0177911e-05,-9.817496e-06,4.1444062e-05,0.00020886381,-5.1024515e-05
B52_U47298,-0.000110518435,-0.00027424132,-6.616678e-05,-0.00013208097,2.0452802e-05,-2.7315315e-05,0.00015149257,3.3390646e-05,-0.00015735418,2.4753765e-05,2.7772681e-05,1.5692247e-05,0.00028035618,6.664233e-05,-4.1226853e-05,1.3063666e-05,6.254353e-05,7.77435e-07,0.00011523195,3.66849e-05,4.94879e-05,2.2383996e-05,8.6597305e-05,1.1039724e-05,-0.00017972905,-5.331589e-05,-6.6752655e-05,-6.410906e-05,2.7488171e-05,-4.523167e-05,-0.00010154642,-0.00010443567,6.4491775e-05,4.766946e-05,-8.7388915e-05,-1.2079076e-05,8.069251e-07,-7.765345e-06,-6.2175095e-05,5.15212e-05,0.000102836006,2.0490412e-05,-8.253044e-05,0.00015738088,3.2573265e-05,5.1084844e-05,8.426209e-05,0.0001284298,2.6920323e-05,-1.1316052e-05
A613_NM_015213_1,1.0663875e-05,-2.9630954e-05,9.636823e-05,3.4206427e-05,-0.00013275283,5.1704712e-05,-8.745509e-05,4.9036487e-05,-0.00012917069,-0.000104044426,7.162947e-05,3.8239617e-05,0.00010236153,7.836899e-06,4.0866355e-05,-0.00026846002,0.00020961577,8.1597114e-05,-7.136746e-05,0.00013030706,6.1195526e-05,0.00015668686,-1.2330009e-05,0.00026664755,-0.0001351853,0.0001408599,0.0002099198,7.879361e-05,-8.695229e-05,-9.373404e-05,0.00010817506,-9.788147e-05,0.00010190153,9.9604e-05,4.0966104e-05,-1.4108935e-05,-5.0203773e-05,-0.00011034391,2.372679e-06,1.932915e-05,0.00020177197,5.1510036e-05,4.2948108e-05,-7.981493e-05,-7.501949e-05,-8.174639e-05,-0.00019152653,-0.000113803384,1.6957452e-05,0.0001534691
B132_U47298,-0.00013791911,-5.4119046e-05,7.1268216e-05,1.4687236e-06,0.000107261585,-1.0752759e-05,7.851656e-05,0.00014320202,9.257087e-05,0.0001534017,9.627703e-05,-2.4097437e-06,-8.867637e-06,0.00023114412,0.00021989552,0.000108621396,0.0001592301,9.519967e-05,-9.802197e-05,-0.00018519355,2.162963e-06,2.6213529e-05,9.4527866e-05,-7.9316094e-05,7.166664e-05,-2.0025629e-05,9.002472e-05,8.700224e-05,-0.00010331728,6.6098883e-06,6.6946115e-05,-0.00017015917,-9.342016e-06,-9.642014e-05,-1.6284008e-05,-9.396142e-06,5.768871e-05,-6.656224e-05,5.0040476e-06,-4.291794e-05,6.192087e-05,-0.00018164923,-1.7270953e-05,0.00023448605,0.00015787382,-5.233918e-05,-5.1539396e-06,0.00010489106,3.324228e-05,9.738542e-05
B57_U47298,7.2388655e-05,6.2479514e-05,9.8764e-05,7.107058e-05,0.00011536311,-0.00016474111,-4.343594e-05,7.0057155e-05,4.3544016e-05,5.1332994e-05,-2.2389677e-05,4.122246e-05,-0.00020754631,-3.1722746e-05,-4.299059e-05,6.2168147e-06,-3.5574958e-05,1.539496e-05,-0.00012298665,-7.46842e-05,4.7298556e-05,-0.00020142503,-4.2273725e-05,0.00025770382,-7.687747e-05,-5.110115e-05,0.0001211983,-8.216736e-05,0.00016443839,0.00021621934,2.2518852e-05,-0.00021067551,3.156495e-06,0.00022020296,2.66814e-05,8.5761385e-05,5.812987e-05,7.2948824e-05,5.991243e-05,-4.5622197e-05,0.0001211357,-9.137335e-05,6.162585e-06,-4.235988e-06,-0.00020932496,-5.6796187e-05,-6.5356624e-05,-2.9335024e-05,-8.97666e-05,0.00014106852
A609_NM_015213_2,8.267443e-05,0.0001294986,-6.4219246e-05,0.00010799745,-1.6038254e-06,7.6592274e-05,8.089569e-05,6.9043504e-05,5.8824262e-05,8.434837e-05,-3.4708562e-05,2.4358911e-05,2.3331546e-05,0.00011262405,0.00026057783,0.00013715812,-1.27690355e-05,1.6028302e-05,9.433037e-05,-2.648885e-05,-9.3623676e-05,0.00010243795,-0.00013737775,0.00011894835,0.00015061804,0.000120009,0.0002795101,-7.592484e-05,-0.00010125448,4.2111924e-06,7.0433205e-05,-4.409025e-05,-1.18611615e-05,0.00015963441,1.6161996e-05,0.00015526463,7.4709635e-05,-1.4354579e-05,8.155471e-06,-6.0496575e-05,-0.00014851785,0.00024045008,-5.5127202e-05,0.0001857592,0.00011769462,-2.449764e-05,0.0001341788,-3.790157e-05,1.855149e-05,-3.9652532e-05
A455_XM_371822_1,-2.484162e-05,5.2743664e-05,9.3386404e-07,-3.6854773e-05,-7.6117285e-05,-2.352771e-05,3.2451524e-05,1.3771495e-05,6.523339e-05,0.00011576306,8.08456e-05,-0.00016524414,9.473081e-05,0.00012635048,-7.85287e-05,-7.941178e-06,1.5936195e-06,0.00015174356,6.660053e-05,4.8035912e-05,-2.2946146e-05,-0.000116582116,0.000138455,-2.0204729e-05,0.00018744788,-7.40405e-06,-2.73932e-05,0.00020108419,0.00011217558,-1.9764886e-05,1.3132134e-05,0.00020989703,4.6693964e-05,6.8558656e-06,0.00016454181,7.782218e-05,-2.6115014e-05,-8.2470295e-05,0.00013262423,8.238303e-05,-1.2954506e-05,-7.963078e-06,-3.0120491e-05,-2.1438691e-05,-0.00014200462,-9.767689e-05,9.463848e-07,0.00012362342,1.9503177e-05,-1.807174e-05
B17_AH001498_1,-8.418482e-05,0.00035326142,0.00020989947,-2.5833484e-05,3.4140644e-06,-0.00013099302,0.00011374937,4.8189872e-06,-0.00011000688,-5.2453554e-05,0.00012219159,9.0128204e-05,-3.0046489e-05,-6.219458e-05,-0.00022389615,0.00015192252,-3.6496538e-05,-8.340568e-05,2.957853e-06,5.781437e-05,8.202037e-05,0.00010086818,-6.050582e-05,-2.0308946e-05,2.378295e-05,6.562189e-05,-1.2306524e-05,8.424747e-05,-6.630744e-05,6.4183034e-05,6.0971342e-05,-1.2693939e-05,-8.383133e-06,1.0421523e-05,-0.00016933595,0.00017682918,-0.00011575386,-3.7814712e-05,-3.328702e-05,-0.00019129078,0.00013017636,6.261053e-06,-3.763894e-05,-5.60759e-05,-0.00011539796,9.497973e-06,5.9251946e-05,-1.7799392e-05,-0.00010194259,-4.0338982e-05
B86_NM_001632,-0.0001573122,-1.3003364e-05,0.00014392442,-3.8827984e-05,0.00013314669,1.3793001e-05,7.67028e-05,1.2059376e-05,4.3844517e-05,7.602123e-05,0.00012071316,-3.608962e-05,-2.4488558e-05,5.7220488e-05,7.969521e-05,0.00013209824,4.6947564e-05,-8.416477e-05,9.4104075e-07,6.696828e-05,-5.829697e-05,4.654031e-05,1.9066578e-05,9.544013e-06,-5.3813117e-05,0.00013977011,-8.0259515e-06,-0.000116979725,2.2685666e-05,0.00010660121,0.00017269024,0.00018043982,0.00025976126,0.0002381787,-1.1984316e-05,1.6569848e-05,6.0492657e-06,-8.560205e-05,0.00012427213,-0.00016494216,-3.2184382e-06,2.8648228e-06,-1.0711013e-05,-9.899946e-05,6.0167153e-05,0.00025292658,-4.954062e-05,8.534637e-05,-4.972089e-05,0.00010790706
B71_U47298,0.000105485065,1.2645277e-05,2.8620023e-05,-2.1085536e-05,5.553569e-05,0.00022121311,-9.302231e-06,-0.00015288118,0.00013327616,-7.8532874e-05,6.683915e-05,3.8286114e-05,8.1267996e-07,-3.316326e-05,-0.00010740119,7.6522265e-05,7.7276236e-05,8.5254986e-05,0.00025094635,0.0001490634,-6.228013e-05,-0.0001033627,3.9849878e-05,7.259255e-05,0.00011531132,-4.6647096e-06,6.107147e-05,-6.4271e-05,5.9080365e-05,-4.035204e-05,0.00013010405,1.0564175e-05,0.00023408562,1.7859667e-05,8.342453e-05,-8.90692e-05,3.5246958e-05,0.00014796773,5.2517367e-05,0.00023341354,-0.00019107,0.00022964196,-8.070024e-05,0.00017165656,3.4671764e-05,0.00011549925,5.0166906e-05,2.251845e-05,9.436015e-06,4.8782735e-05
B73_U47298,-0.00019374595,0.00016579039,-9.4036135e-05,-4.6080506e-05,0.00014732446,-0.00010813618,8.92099e-06,0.00016830492,2.5641291e-05,-0.000111801855,7.6245014e-05,-0.00019868801,8.498831e-05,-9.03296e-05,-1.0107156e-05,-0.00015357598,1.6853593e-05,6.9458554e-05,0.00024305315,7.4832285e-05,3.68832e-05,5.742332e-05,5.7646896e-05,-0.00012084712,-8.886605e-07,-0.00017064234,8.908045e-06,-1.4398641e-05,0.0001904374,-8.354978e-05,0.00011818013,-2.4075835e-05,0.0001952418,-7.772694e-05,0.00020632839,7.394143e-05,5.7934016e-05,-3.180054e-05,6.0462753e-05,-9.990868e-05,-2.667784e-05,-6.689433e-05,-1.092562e-05,-1.936281e-05,-1.178854e-05,-7.173275e-05,6.408988e-05,-0.00010030579,4.800014e-05,-6.82557e-06
A457_XM_371822_1,0.000101352154,-6.569468e-05,-1.2942318e-05,-1.5888472e-06,8.31376e-05,0.00012700228,-6.78106e-05,-8.5997744e-05,0.000112410526,4.4643944e-05,-0.00017157414,-3.3329873e-06,8.949674e-05,0.000111904184,4.565237e-05,-4.155656e-05,-1.412463e-05,3.3636483e-05,6.7731504e-05,6.725098e-05,-0.0001776765,0.00022572611,-7.689326e-05,0.00012911593,-0.00015078744,5.134368e-05,0.00013063174,0.00010668491,-0.0001243669,-8.925009e-05,-0.00011239055,-2.0358199e-05,2.8544584e-06,-2.3457576e-05,-1.4673757e-05,0.00020242935,-0.00013415742,-0.00010935078,3.216011e-05,-6.254184e-05,0.00022704099,-5.3787982e-05,0.0001638481,8.609809e-05,6.693448e-05,-1.0049971e-05,-2.0500169e-05,-0.00017096996,0.000107971406,0.00013905659
B387_J03132_1,-0.000118225405,8.647935e-05,-3.4465967e-05,-3.7935708e-05,-8.5853484e-05,0.00030586496,-6.778053e-05,-0.00011229284,6.863212e-05,0.00023787125,-0.0001491495,-5.3316635e-05,-0.0001316986,2.3804289e-05,-1.7028093e-05,0.00022089455,9.261894e-05,-5.2128937e-05,6.6905477e-06,6.404786e-05,-0.00012636543,8.858706e-05,0.00012814983,9.3236085e-05,0.000119309654,-5.7107143e-05,-2.007321e-05,9.2204944e-05,4.9421647e-05,3.8649032e-05,-4.437844e-06,8.249194e-05,5.857404e-05,1.5339903e-05,4.6100977e-05,0.00011027587,-7.016103e-05,-9.008046e-06,-8.457761e-05,-9.279975e-05,-5.025444e-05,8.513991e-05,4.4440952e-05,-6.7170506e-05,6.02666e-05,0.00021251432,-5.310324e-05,-3.514629e-05,7.979905e-05,9.596027e-05
B53_U47298,-0.00016880002,0.00019575092,-0.00017787104,-0.00018566367,-5.0537983e-05,-0.0001770682,-2.4507384e-05,-8.685153e-05,6.469106e-05,0.00025481547,-1.1378701e-05,0.00015946565,9.722677e-05,8.115695e-05,-0.00013202449,2.2520971e-05,-1.6929776e-05,-0.00010556468,1.9476944e-05,4.4290977e-05,-4.1303894e-05,4.373954e-05,-2.609695e-06,-0.00010885713,-3.9840065e-06,0.00013324895,0.000120501514,-0.00012523109,5.815816e-06,-1.437531e-05,5.5445084e-06,2.3256842e-05,1.623383e-05,4.7393147e-05,1.7687473e-05,-9.127785e-06,5.6814006e-05,-2.2211563e-05,1.461185e-05,9.6298056e-05,7.410093e-05,0.00016068535,-8.950616e-06,-5.0510796e-05,-0.00015091871,3.4898785e-05,4.1847015e-05,3.4758516e-05,-3.998686e-05,-7.56115e-05
B157_U47298,4.1710147e-05,0.00019420257,3.6498022e-05,0.00013477282,-2.7673084e-05,-0.00014375377,-6.057082e-06,1.5078008e-05,3.36964e-05,-1.42070085e-05,-0.00016400008,-8.4975356e-05,0.00015373476,-7.8510107e-07,-0.000109211476,1.4832758e-05,-1.0708204e-06,0.00015964117,4.127504e-05,-6.090808e-05,-6.413994e-05,-0.00012077372,0.00021491831,0.00017390671,-2.3480381e-05,-9.227833e-06,7.331184e-05,-4.370568e-05,-5.9840413e-06,-6.70868e-05,7.901713e-05,8.437166e-05,-2.8957452e-06,5.0660627e-05,6.896694e-05,0.000109805966,7.140706e-05,-6.8796844e-06,5.7539437e-06,-9.65619e-05,-2.5332363e-06,-0.00016279612,-7.914152e-05,0.00013757356,-5.2165185e-05,2.0639232e-05,0.00016808238,5.003761e-05,-7.038729e-05,-9.9065684e-05
B417_NM_001632,-4.4380085e-05,0.000111772475,-7.8904995e-05,7.954362e-05,2.3311084e-05,-1.4139997e-05,0.00010317264,0.00013157092,-9.338839e-05,-0.00015660675,2.2063494e-05,0.00012128758,3.216683e-05,0.00016645696,-0.00014017409,0.00014589861,-2.3792953e-05,5.7194233e-05,-6.556827e-05,-6.270411e-05,-2.2926554e-06,0.00014785312,3.354108e-05,7.863491e-05,6.149048e-05,0.0002462897,-9.5429474e-05,-1.5545009e-05,-0.0001090809,5.8245227e-05,0.00021571414,3.0310686e-05,9.5042786e-05,-1.6926244e-05,-1.9343073e-05,-5.72758e-05,9.645857e-05,6.4400374e-05,3.268079e-05,0.00010761379,-0.00018947198,8.630876e-06,6.0281614e-05,0.00019732167,-3.917496e-05,1.2535461e-05,5.914123e-05,-0.00012131089,-6.0896047e-05,-0.00012759202
A449_XM_371822_2,-0.00014162522,2.2395605e-05,-1.1070064e-05,-1.4106596e-05,7.3286574e-05,-6.4177416e-06,0.00016703962,7.702265e-05,9.250711e-05,6.4955675e-05,1.0033035e-05,2.2330434e-05,5.0951432e-05,1.981969e-06,4.1733394e-05,2.3237932e-05,-0.00014415596,-1.5028728e-05,-0.00012418804,9.2720904e-05,-8.530486e-05,0.00015043645,-8.943362e-06,0.00021976893,-4.9589813e-05,-0.00010867826,-7.7927485e-05,5.1774564e-06,6.0763723e-05,6.337612e-05,2.9563944e-05,-4.265538e-05,3.9771956e-05,0.0001595664,8.461824e-05,2.7179967e-05,4.42662e-05,0.00021689445,-4.9986185e-05,0.00015458144,0.00011984126,-8.505228e-05,-0.00013230284,3.9189174e-05,-9.6825665e-05,0.000100124904,-6.551279e-05,0.00025007507,3.0704585e-05,0.00011085797
B77_U47298,4.4208424e-05,0.00021419644,0.00014497484,-5.8995738e-05,8.579428e-05,5.8761805e-05,-1.0770343e-05,2.7880067e-05,-4.0576588e-06,5.03214e-05,2.8371765e-05,5.3558866e-05,-0.00017060945,0.00014825717,5.8064863e-05,3.380642e-05,-7.3834e-05,7.6672135e-05,-0.00017934706,4.7571517e-05,-9.261366e-05,0.0001240721,0.00012848875,0.0002021985,8.107575e-05,-7.6873934e-05,0.00010285275,1.6162089e-07,1.59168e-05,-1.7850654e-05,7.6291864e-05,-6.503445e-05,5.2522708e-05,-3.0353833e-06,-4.2587228e-05,-4.7486108e-05,6.297986e-05,-0.000114332644,5.520249e-06,8.229119e-06,3.7969305e-05,0.00018620162,1.0584363e-05,-9.676658e-05,-1.4854434e-06,0.00013301766,0.00020358681,0.00035144162,2.5443944e-05,7.685609e-05
A363_XM_371822_2,7.386564e-05,-5.417942e-05,6.719978e-05,-0.00023043015,-1.3305777e-05,8.861507e-05,0.00012429872,-1.2704703e-05,3.5313693e-05,-1.7847131e-05,2.0950642e-05,6.3204475e-06,5.4013424e-05,-4.4108612e-05,-3.0272116e-05,-1.490553e-05,9.613296e-05,0.00012671688,4.3305577e-06,9.6362826e-05,5.3214153e-05,-6.1370797e-06,1.5423137e-05,0.000117645286,0.00021165314,-7.015828e-06,0.00020775454,4.462432e-05,3.713936e-05,-8.6841e-05,-3.956361e-05,6.0801638e-05,5.409026e-05,-6.9238854e-06,3.6548023e-05,-0.000107594096,0.00025635096,1.5359854e-05,-8.226082e-05,-0.00015737937,8.2531245e-05,4.3165397e-05,-0.00018234899,0.00011117838,-2.0766115e-06,7.789295e-05,4.779221e-05,-6.647408e-05,0.00010374655,0.00016915896
A397_XM_371822_1,7.586439e-05,0.000108538254,8.689429e-05,0.00025319797,0.00010493351,1.5374037e-05,-0.000121251185,-7.443771e-05,9.0186295e-05,0.00012486163,9.727534e-05,-3.528947e-05,4.72472e-05,0.0001011971,2.3136656e-05,-7.9261656e-05,-6.355088e-05,2.8531016e-07,8.555342e-06,-2.8923876e-05,0.0001340647,-7.4742966e-05,-0.00010819751,0.00020899404,0.00017783792,2.5923869e-06,5.167345e-05,0.00013465618,-4.5400426e-05,0.00016471322,0.00015055481,5.5876288e-05,-5.2986547e-05,0.00017822349,0.00019958722,-3.983966e-05,-4.6317095e-05,4.9125956e-05,4.2030602e-05,0.00023286798,-2.310067e-05,-2.389184e-05,-0.00011932726,-9.4816714e-05,9.81142e-05,7.9256415e-06,4.8946287e-05,-5.1922794e-05,8.041704e-05,4.3864606e-05
A588_NM_015213_2,0.00013188612,0.00012909465,-6.3403655e-05,-3.0229767e-05,4.563337e-05,-2.5648767e-05,0.00018979097,0.00011518142,-0.00014978771,-4.91817e-05,4.3402415e-05,0.0002772844,1.6924425e-05,0.00013124949,0.00012935669,5.8618203e-05,-9.7644e-05,3.4074168e-05,0.00012127963,-1.1083953e-06,0.0001808636,-6.258536e-05,0.00010884127,7.3437375e-05,-2.2935885e-05,-6.395608e-05,-2.060121e-05,0.00013046892,4.297067e-05,-3.522278e-06,0.00022454158,-6.6585206e-05,3.2771753e-05,-4.9817507e-05,-1.5426443e-05,0.0001295285,0.00012297423,6.827583e-05,3.1149266e-05,-3.4023316e-05,0.0001441238,-8.5400665e-05,1.3026382e-05,-4.574428e-05,8.2814095e-06,0.00012061177,-6.505801e-05,7.94859e-06,9.001951e-05,-0.00021883729
B284_NM_031313,0.000108716486,1.810357e-05,8.787169e-05,4.6480152e-05,1.3630597e-05,7.935266e-05,0.0001222978,7.760435e-05,6.596868e-05,-6.807628e-05,0.00013353683,9.048867e-05,-0.00010467222,7.4740026e-05,-0.00011142116,-3.3370587e-05,5.991634e-06,2.9560415e-05,-7.028172e-05,0.00011977807,5.782069e-05,6.155752e-05,8.351681e-05,9.9880956e-05,0.00014481742,7.935042e-05,0.0001581823,2.1554575e-05,4.0467785e-05,6.735784e-05,-0.00010106266,4.8007085e-05,-1.6295031e-05,6.284317e-05,-7.88488e-05,0.000100841855,0.00018515071,-6.203761e-05,3.3813485e-05,7.63221e-05,0.00019270906,6.2661275e-05,0.00016123542,9.892488e-05,-2.9944667e-05,7.63226e-05,0.00016933582,1.8004788e-05,8.552173e-05,0.00020873903
B64_U47298,1.818981e-05,0.000118256175,2.339489e-05,0.00019422857,-8.20277e-05,0.00017460009,-0.00010406938,0.00012587821,0.00026958846,1.8107523e-05,4.5377765e-05,9.412953e-05,0.00023654001,-6.863229e-05,3.333172e-05,-5.4653923e-05,7.32829e-05,0.00012976768,-0.00011828642,2.1167161e-05,0.00010048686,-1.573849e-05,-0.00016815402,-0.00012443966,-2.2482041e-05,4.646273e-05,-8.004208e-05,1.7346374e-05,2.311328e-05,-4.0589657e-05,8.532054e-05,2.218717e-05,-9.150688e-05,-7.869709e-05,0.0002137691,-0.00015479985,-5.3873202e-05,7.536795e-05,-0.00022639001,2.8326901e-06,-0.00018531404,0.00015158726,0.00014074093,0.000120251876,2.7906437e-05,0.00011130495,-8.4724044e-05,-4.8388487e-05,3.4224584e-05,0.00025665373
B115_U47298,0.00017268976,-4.4854012e-05,-2.0979945e-05,-7.311674e-06,8.878316e-05,2.0254398e-05,-0.00022911717,4.7325768e-05,9.610389e-05,-0.00011205222,-8.351796e-05,-4.563614e-05,0.00012437918,-4.7580845e-05,-3.3770226e-05,6.347558e-05,6.6571345e-05,-2.3487291e-05,-1.644877e-05,-8.649813e-05,2.9527362e-05,8.897184e-05,2.6850032e-05,0.00018176326,-0.00017358006,0.00013241143,0.00010288906,-2.3881441e-06,0.00023100778,0.00011373685,0.00015926782,-4.245726e-05,-6.434193e-05,-6.392474e-05,-8.656984e-05,-4.3937252e-05,7.2492854e-05,2.3630892e-05,0.00011474569,0.0002070785,-0.00015304756,-9.5381234e-05,-7.6071265e-05,-0.00014250359,-3.1576726e-06,4.517427e-05,1.7644245e-05,0.00013126526,2.3565877e-05,-1.4380204e-05
B136_U47298,3.7184105e-05,0.0002712321,0.00013527366,-5.5144927e-05,2.259749e-06,2.3194784e-06,6.7243695e-05,-0.00020166431,7.30425e-05,-0.00011137427,-0.00011438353,-0.00018130732,-8.091588e-05,-9.051972e-05,2.9290457e-05,6.3608e-05,-3.336655e-05,-1.2444587e-05,0.00012186813,-5.7037854e-05,-4.324527e-05,-5.2934633e-06,3.4802535e-05,8.0903905e-05,-2.7587856e-05,-0.00019571805,-0.00011948272,0.00014481544,-2.9943898e-05,-1.4394108e-05,0.00016630704,5.492891e-05,-0.00023736662,0.00021176964,-0.000103209,4.7911595e-05,4.711287e-05,3.6322035e-05,-0.00020888177,-0.00016462315,-5.6601915e-05,-4.760657e-05,0.00020123407,1.2209521e-05,-0.00014842929,-3.391156e-05,-3.112838e-06,0.00012522138,1.2483409e-06,-1.8547573e-05
A369_XM_371822_2,3.80839e-05,-6.441972e-05,7.448996e-05,-9.1783724e-05,0.0001740005,5.303625e-05,5.091735e-07,0.00011225057,5.839498e-05,-4.640219e-06,6.36257e-05,7.4142454e-06,-2.9515535e-05,-6.986207e-05,1.0600216e-05,-4.241674e-05,4.9659087e-05,-3.5718327e-05,0.00017570492,-7.4666656e-05,-0.00016109347,9.0499045e-05,6.186509e-05,4.440618e-05,6.558539e-05,8.851434e-05,6.894478e-06,7.8780686e-05,-2.4763502e-05,6.507159e-05,2.1049776e-05,-0.000112000824,0.00028661377,-3.6628655e-05,9.0039895e-05,4.7240497e-05,-5.345719e-05,0.00015591254,3.8994865e-05,6.4524706e-05,0.00011739179,-1.3389928e-05,6.2668296e-05,0.0001222147,-0.00016182158,9.447486e-05,0.00019079729,9.051646e-05,0.00016501755,0.00010130437
A398_XM_371822_1,0.00010763411,-2.9783238e-05,-5.649478e-06,5.9565784e-05,-8.412487e-05,-1.2075354e-05,0.00012595498,9.852566e-05,-0.0002460432,0.00016548837,3.481446e-06,-5.8893762e-05,0.00014926631,2.7913904e-05,-1.2763095e-05,-1.8677654e-05,4.58166e-05,0.00020857461,0.0001142367,-8.466878e-05,0.00024773774,-8.7018285e-05,-4.761674e-05,8.7796925e-06,0.0001930366,0.00010558232,-2.6644868e-05,2.7677172e-05,0.00011851129,6.98364e-06,-3.6158992e-05,6.496279e-05,8.349623e-05,3.2796515e-06,4.4293978e-05,-1.91472e-05,5.5138724e-05,0.00022555048,0.0001105268,-0.00023854186,7.948296e-05,-0.00015679999,-0.00010938749,-8.628568e-05,-0.00022956265,-0.00011542281,-9.309776e-07,-3.56837e-05,0.00027604107,-3.77048e-06
B16_AH001498_1,-0.0001350165,0.00033054064,0.00021059024,3.8858525e-05,3.020875e-05,-0.00011777941,0.0001321514,2.3808401e-05,9.5390154e-05,-9.3758536e-05,0.0001053504,2.2126427e-05,-1.9653706e-05,0.00022928935,0.000101205784,-0.00014937115,1.904458e-05,2.9331757e-05,1.1041387e-05,6.745222e-05,0.00010140575,2.2057511e-05,-5.886687e-05,3.3489167e-05,-1.8359326e-06,1.98727e-05,8.847072e-05,8.720938e-05,6.443685e-05,-1.8550656e-05,-6.494875e-05,-2.2481496e-05,-4.4744622e-05,-1.675067e-05,-0.00020769365,-0.00012558141,-0.00015557729,-1.5002257e-07,1.3343121e-05,0.00018474097,-0.00014506467,4.9440263e-05,9.472502e-06,-1.1815638e-05,-0.00012008366,5.216486e-05,-1.704768e-05,-3.6560068e-05,-0.00010230545,-2.9616624e-05
B339_U92436_1,9.007861e-05,-3.0782085e-05,3.8538437e-05,0.00032020692,-5.3335098e-05,-1.2296413e-05,-1.0532539e-05,0.0001079461,-3.8850947e-05,-0.00022756202,3.93628e-05,-0.00018722391,-1.4640998e-05,-0.00021277138,0.0001454086,-3.775006e-05,4.3681102e-06,-0.000109901746,-4.8186826e-06,8.6089225e-05,-0.00011709988,8.105692e-05,1.9557385e-05,-5.2258442e-06,2.5628442e-05,-8.316304e-05,-5.6884564e-05,-0.00019421024,6.1594794e-05,-1.3170695e-06,0.00011651373,0.00017026224,7.091645e-05,6.376595e-06,3.1555464e-05,6.330446e-05,8.579578e-05,9.342747e-05,1.5039828e-05,2.6135249e-05,-1.9249468e-05,4.9886316e-05,8.479166e-06,-0.00018553136,9.362053e-06,-9.336545e-05,-4.7496764e-05,-8.497674e-05,0.000119925615,3.6659905e-05
B6_AH001498_1,9.118524e-05,-8.616832e-05,5.372269e-05,5.051349e-05,0.00022297936,0.00030045272,1.3297274e-05,-3.6520923e-06,-3.6276715e-06,-6.052725e-05,-0.00015348928,0.00014160553,0.00023307875,-0.00024985633,0.00010215725,8.620475e-06,9.480409e-05,-7.0357884e-05,3.8026716e-05,-6.801808e-05,-9.378821e-05,4.902105e-06,-5.1684357e-05,9.897985e-05,5.130452e-05,6.398116e-05,0.00015696698,-2.2180182e-05,7.181425e-05,-1.729945e-05,-0.00011836681,-9.7791846e-05,-1.5485055e-05,-3.073691e-05,-2.9656409e-05,8.637936e-05,0.00012206516,2.5526459e-05,2.7419688e-05,-0.00023106743,-7.680279e-05,-0.0001265751,-2.9992467e-05,8.0555976e-05,-0.0001411471,-1.718882e-05,-1.5105248e-05,-1.6717555e-05,-0.000115846095,8.266848e-05
A566_NM_015213_3,9.5149226e-05,-0.00011369361,8.5753294e-05,-4.7535534e-05,3.4797846e-05,2.6414978e-07,-9.627181e-05,0.00013357333,4.2525253e-06,0.00029406746,-6.583096e-06,-0.00012586183,8.663837e-05,9.153456e-05,-4.049735e-05,0.0002106255,0.00014532912,5.3246193e-05,0.00010262889,2.4430796e-05,-0.00014713523,-6.613393e-06,-0.00012280665,6.081571e-05,-0.00017037426,0.00014856075,8.381013e-05,-3.3603617e-05,2.365694e-05,-0.00015716991,-1.6804328e-05,8.4335414e-05,3.341722e-05,-2.0254605e-05,-0.0002005022,0.00020544072,-0.00016829757,0.00026007363,5.5304037e-07,-7.534422e-05,-3.6481063e-06,1.6575006e-05,2.3809076e-05,-2.2498614e-05,-7.070423e-05,8.0272934e-05,-7.398385e-05,-7.3842864e-05,-3.4208777e-05,-0.00015948343
A612_NM_015213_1,-0.00011277934,0.00024720826,8.324728e-05,8.932809e-05,-4.8970902e-05,-0.00015883266,0.00019023287,0.00015913187,-3.9416453e-05,-0.0001315226,8.407408e-05,7.0004994e-06,-9.360995e-05,-4.1809177e-05,7.997213e-05,0.00019082699,7.851273e-05,0.00012300044,-2.7548558e-05,0.00022719505,4.657506e-05,2.6545602e-05,9.6216e-05,7.7201315e-05,-0.0001321455,-9.183249e-05,6.748975e-05,-7.744657e-05,9.2629154e-05,8.527941e-06,0.00012218172,0.00014757771,-9.590642e-06,0.00016458533,-3.9526025e-05,-2.3069953e-05,-0.00018351548,0.000105753286,1.8431647e-05,0.00014095551,-0.00010380363,0.00020605212,-5.5091117e-05,0.00020938525,-3.5672714e-05,-0.00016669865,7.1832746e-06,-8.608958e-06,0.00014084324,-1.929357e-05
B398_J03132_2,-0.00010716189,1.8564077e-05,0.000101482365,-0.00016295646,1.9385285e-05,-0.00013818222,7.5116186e-05,6.766681e-05,2.8764896e-06,0.00015168455,-3.743197e-05,1.9431971e-05,4.374289e-05,9.032733e-05,-0.00010134285,1.3838482e-05,0.000109888206,0.0001383497,1.0489317e-05,5.1959534e-05,4.0037015e-05,0.00028072487,-0.0001845497,-3.4269786e-05,-3.775111e-05,-0.000104119616,2.1261523e-05,7.090126e-05,-0.00015968304,-6.264645e-05,-4.6863086e-05,0.000141296,-0.0001155898,-1.9417483e-05,0.00014874496,0.00012508595,8.032921e-05,-9.4838324e-05,-1.1297384e-06,-1.6485692e-05,6.821606e-05,3.045252e-05,6.780671e-05,-0.00020321636,-3.2570468e-05,-0.00016158255,-6.514083e-05,0.00023475656,6.449154e-06,7.363283e-05
A439_XM_371822_2,-9.302219e-06,5.4418433e-05,6.333778e-05,5.671583e-05,-4.0130974e-05,0.00012726136,-0.00012085883,-7.0893448e-06,4.1480875e-05,-2.1737978e-05,0.00010801607,-0.00010338078,5.1238352e-05,3.3132066e-05,0.00014762502,0.00014597373,-7.242605e-05,6.470405e-05,1.181998e-05,0.00012463126,0.00011958378,5.972622e-05,0.00013528914,-6.601632e-05,0.00022306561,0.000108092834,7.425052e-05,0.00011771499,0.0001889981,-8.9398745e-05,4.388263e-05,-3.4747102e-06,0.0002932575,0.00018264184,5.1152572e-05,0.00010098364,0.000104196486,0.00013991419,-0.00014363925,-1.2819364e-05,-7.2939442e-06,4.716349e-05,8.323099e-05,0.00010807046,1.1520907e-05,8.038737e-05,0.00014012949,0.00015519108,-6.6947905e-05,8.365009e-06
A479_XM_371822_1,0.00016852471,-5.003025e-05,-0.00013735054,4.4384447e-05,-0.00012483352,9.8336284e-05,-9.428045e-05,2.859661e-05,4.129975e-05,-2.5593887e-05,6.966596e-05,7.895958e-05,7.086414e-05,9.2720475e-05,9.896342e-06,0.00017345157,4.740964e-05,-0.00011345123,5.645532e-06,2.573853e-05,-1.5027616e-05,7.253654e-05,-0.00010944544,-5.0209153e-05,-0.00010872871,5.090957e-05,7.429681e-05,9.070956e-05,0.00015850495,0.000260176,3.4179873e-05,-2.5661178e-05,7.937434e-05,4.9536735e-05,-2.9986808e-05,8.4714244e-05,-5.1889947e-05,1.3702406e-05,9.158923e-05,6.7445006e-05,7.083276e-05,-3.1627358e-05,0.0001393794,9.580457e-05,-2.9004485e-05,8.974678e-05,8.021636e-05,5.571423e-05,0.00014390226,-2.3242203e-05
B99_U47298,4.182876e-05,0.0002422846,0.00012456633,9.2637296e-05,-5.8635193e-05,1.5083124e-05,0.0001559739,-4.7423837e-05,2.306008e-06,-9.5379146e-05,2.055284e-06,-1.9085795e-05,0.00018739514,-6.863407e-05,-0.00024211033,8.8498484e-05,8.175869e-05,0.00015597366,-1.5241689e-05,0.00013925854,-0.00011709337,0.00015771903,-9.491335e-06,4.4695207e-05,0.00011556013,0.00010199957,3.399479e-05,7.394461e-05,7.4544085e-05,-0.00019276116,-3.2834785e-07,2.2016402e-06,-3.1882118e-06,0.00012577945,4.565877e-05,-2.9572907e-06,9.9152305e-05,-6.356769e-05,-3.435877e-05,-0.00013198983,0.00019390769,-2.8793464e-05,-6.775387e-05,-0.000100825564,-0.00013013335,-0.00014250097,2.6354357e-05,3.3806293e-05,6.401502e-05,6.0086484e-05
A463_XM_371822_1,0.0001486277,0.00011135443,-3.5684156e-05,1.8134062e-05,4.368613e-05,0.00015490853,0.00020177424,-0.00010794208,-7.3174306e-05,0.00023329517,5.1697953e-05,-4.130673e-06,-8.520118e-05,0.00012093555,0.00013150365,0.00012927239,-7.999023e-06,-0.00013504202,0.00016624035,3.4441447e-05,6.773902e-05,9.414098e-05,-2.1696142e-05,3.3858614e-05,0.00026694837,6.1560845e-06,-5.676975e-05,5.0309598e-05,0.00014237755,-0.00016774469,1.9967107e-05,7.732395e-06,-0.00014396184,-0.0001406479,0.00013744697,-6.0616323e-05,9.312547e-05,-0.00016224224,3.057633e-05,0.00010397849,4.6939713e-05,-0.00019832984,3.6864414e-05,-7.880931e-05,6.524407e-05,-7.80926e-05,0.000100501355,1.9640722e-05,-3.8766207e-06,0.0001016567
B343_U92436_1,0.000101331636,-8.105253e-05,0.00023057143,5.091729e-05,-1.1219687e-05,0.00021941664,-1.8881805e-05,0.00029618797,-4.7269004e-06,7.0754635e-05,-1.7470786e-05,-8.490718e-05,0.00012700168,0.00014858498,-8.96007e-05,-1.11552245e-05,9.937939e-05,0.00017113598,0.000106995845,-9.925403e-05,0.00022395024,1.1009115e-05,-7.444936e-05,0.00014472056,6.554432e-05,8.4965126e-05,3.4066958e-05,-0.00012158004,-0.000196426,0.00017314563,4.1583793e-05,7.392684e-05,1.6451588e-05,9.56379e-05,7.682829e-05,-5.2043342e-05,-0.00016408402,6.735171e-05,8.8246896e-05,0.00028953617,0.0002008174,5.7479767e-05,0.00012421861,0.0001892556,-7.200106e-05,-3.4023302e-05,0.00022604878,-3.8138096e-05,1.503001e-05,-0.0001532549
B96_U47298,0.00019483009,-3.1316347e-06,-7.632687e-05,-5.1856005e-05,0.00015239396,1.3324242e-05,7.5220334e-05,-4.9682883e-05,6.292937e-05,-0.00011189438,0.00016956791,8.6059394e-05,8.294126e-05,2.9929872e-05,4.40652e-05,1.3910323e-05,1.6363556e-05,5.104351e-05,5.5347595e-05,0.00013435497,-0.00014143268,0.00010105605,0.00012630703,0.00021345979,-0.00013157155,1.882724e-05,1.877707e-05,3.4134693e-05,-7.229914e-06,0.00019965696,1.3693237e-05,-0.00018319102,-3.4896377e-05,-0.00013046135,1.2627344e-05,-0.00011056733,-1.6894646e-06,0.00011684808,-0.000111392714,-0.00011155654,0.00013181398,-0.0001012404,0.00015564464,-0.00016647548,1.9104076e-05,-1.2469894e-05,-0.00011790222,-9.581332e-05,-5.302781e-06,7.434943e-05
B58_U47298,-2.9935518e-05,0.00017205317,2.2012873e-05,2.0575388e-05,-0.0001782914,-3.7618312e-05,0.00012382967,-0.000108899614,-0.00013762192,-5.756791e-05,2.1304246e-05,0.000120673416,-0.00013406493,-6.316958e-05,5.3351996e-05,4.6112033e-05,-0.00018234759,-7.1727874e-05,6.3084866e-05,0.00017693045,-5.400578e-05,-7.154364e-05,-5.7342304e-06,0.00014840219,-8.828887e-05,9.799734e-05,-0.00015113685,0.00020984717,0.00010395819,-3.5873625e-05,5.9175352e-05,0.00013301526,1.0905789e-05,-1.9468896e-05,-0.00010595249,6.2244246e-05,-1.7065364e-05,0.00012049269,-0.00011103871,3.925149e-05,0.00019524361,8.528382e-05,-4.1797528e-05,1.3647977e-05,7.9342906e-05,3.2757456e-05,-6.326476e-05,0.00010213771,-2.7751497e-05,-0.0001188814
B139_U47298,0.0001460821,0.00021750755,7.43364e-05,7.2408466e-06,-2.2390532e-05,5.089418e-05,-4.9047667e-05,0.0001876209,0.00011167347,-0.00010794936,-3.1889253e-05,-8.265506e-05,0.00022275028,3.167567e-05,-6.687468e-05,-6.844999e-05,-7.334541e-05,2.8450355e-05,-6.9895873e-06,9.908891e-05,1.9020837e-05,-4.8837275e-05,-0.00011098527,4.907048e-05,9.976264e-05,4.0813276e-05,0.000112084344,-0.00010722208,6.4693304e-05,7.371935e-05,-6.2367355e-05,7.2937386e-05,-1.0867479e-05,-7.362337e-05,-0.000116126124,4.362288e-05,5.0956182e-06,-9.6795135e-05,-0.00010762891,9.5081705e-05,1.22676565e-05,1.037853e-05,-5.2517476e-05,6.9207046e-05,-0.00016794432,-0.00011035434,5.088386e-06,0.00024990435,-0.000121384124,0.00013532824
A561_NM_015213_3,0.00023305503,-0.00013096989,-1.9766907e-05,0.00013975076,0.00011498512,7.6481876e-05,5.85675e-05,6.038295e-05,7.3848096e-05,0.00017435978,0.00017344343,0.0001210823,4.7512376e-06,-1.4044517e-06,2.714474e-05,-1.3236282e-05,-8.2788574e-05,6.349417e-05,-8.290803e-05,0.00012555071,1.1728692e-05,4.3430773e-06,7.456561e-06,-6.960404e-05,0.00016086923,9.961935e-05,-2.7034508e-05,-6.489843e-05,5.6745976e-05,3.3218857e-05,-3.3483443e-06,0.00010962759,4.529166e-05,0.00031669758,5.34633e-07,5.6996847e-05,1.1461988e-05,-0.00013876852,5.5418102e-05,7.405344e-05,2.7342952e-05,-4.8699208e-06,-0.00016229355,0.00013838045,-0.00012777232,-0.00015624137,3.265889e-05,-0.00017969108,-0.0001556731,-0.00018420492
B336_U92436_1,4.5409495e-05,0.00012834303,-0.00019012691,6.8987996e-05,4.390718e-05,-0.00027249957,2.0660573e-06,-0.000114036724,-8.2258644e-05,6.311839e-05,-5.4820022e-05,5.5095465e-05,0.0002818055,0.00012471798,0.00010177349,0.00015806404,5.9945476e-05,0.00010190437,4.512571e-05,-3.0651714e-05,0.00011519138,2.9651323e-05,-0.00016890894,5.2001807e-05,0.00022869711,0.000105360145,-1.1650332e-06,0.00017896714,8.684019e-05,-2.2922119e-05,9.408019e-06,7.909338e-05,3.3289416e-05,8.745781e-05,0.00021473649,1.9383706e-05,-0.00016967549,1.7208908e-05,-0.00017501674,0.00012294007,-5.464928e-05,-0.000121709134,-6.037474e-05,-0.00010656185,6.74486e-05,0.00014496458,-4.6186237e-06,0.00021042554,-0.00012007993,7.646972e-05
A447_XM_371822_2,-1.9852563e-05,-0.000108998975,8.744327e-05,-0.00020193457,5.456625e-07,1.9519224e-05,-3.485878e-05,0.00018502734,-2.9894707e-05,6.791342e-05,0.00011817587,6.677115e-05,-0.00011379475,-3.0175952e-05,0.00010359001,9.153603e-06,7.089621e-05,0.00012865318,2.1099491e-05,-9.425844e-06,-6.7149726e-05,-6.136482e-05,3.371826e-05,0.00012218268,4.9307342e-05,0.00013957881,0.00015768087,0.000109088396,0.00022436552,6.278032e-05,-8.141913e-05,9.644016e-06,0.00012522895,8.900157e-05,8.9712266e-05,-0.00013033104,-6.73858e-05,4.2288142e-05,2.5057725e-05,-6.168512e-05,0.00015198882,5.2018077e-05,-5.9906724e-05,1.5701231e-05,-0.00018349207,-5.912024e-05,0.00012946746,6.8604e-05,-0.0001638235,-5.1220777e-05
A377_XM_371822_2,0.00012288564,0.00014980222,4.3081098e-05,0.00011422027,5.1703773e-05,0.00012899468,5.6118435e-05,0.00017017906,-1.431009e-05,0.0001088655,1.724284e-05,4.7356207e-05,-1.7805973e-05,8.9651214e-05,-4.7544603e-05,-3.7240712e-05,0.00018458285,3.649471e-05,-8.451555e-05,0.0001302759,-2.5546387e-05,0.00011580689,-1.6118578e-05,8.942988e-06,-1.709337e-05,0.00016917393,-7.991994e-05,4.4317938e-05,-9.2333656e-05,-5.5086377e-05,6.66939e-05,9.705683e-05,3.1800464e-05,7.1742566e-06,0.000105713225,-6.482984e-05,0.00020100262,-0.00017939224,-1.4049358e-05,-0.0001394979,9.019698e-05,-9.7060045e-05,2.2063938e-05,0.00015445,2.0281896e-05,-7.6035153e-06,9.838466e-06,-2.045375e-06,0.0001329789,0.00012316415
A469_XM_371822_1,0.00014578336,0.00011779738,-0.000146689,2.0704704e-06,0.00012605084,0.00012840265,5.8351758e-05,-8.4763815e-05,0.00013310887,-0.00017911651,-0.000121928875,8.145699e-05,7.850958e-06,-0.00014079204,-5.6270305e-06,-7.316796e-05,-6.242027e-05,-1.8500494e-05,4.3438962e-05,0.00016174966,0.00020270284,0.000113365146,-0.00015021655,-2.774457e-05,8.249685e-05,3.2743654e-05,9.3627634e-05,-0.00013655117,6.930216e-05,-5.648443e-05,-2.971153e-05,-9.23755e-05,0.00011844154,5.7115263e-05,0.00021276256,-8.92605e-05,-0.00015968837,0.00011881929,-6.189258e-06,-0.00017998375,-9.5955074e-05,-1.911937e-05,-5.753876e-06,-0.00020816013,9.959566e-06,5.1573275e-05,5.9800626e-05,0.0001094139,4.8096804e-06,4.204628e-05
B75_U47298,4.5552275e-05,5.2226154e-05,0.00011560107,3.7600817e-05,0.00010567341,0.0001337966,-1.4307804e-05,0.0001348696,0.00010723824,0.00028101582,0.00013225977,0.00012431513,-4.7635156e-05,0.00014897904,0.00012579885,0.000103314036,0.00010382611,1.5401783e-05,9.888544e-05,-2.2512977e-05,-3.5693396e-05,-2.6340174e-05,-2.2758015e-05,6.135562e-05,-5.9176655e-05,-0.00011383329,-0.00013639392,-9.766294e-05,8.390921e-07,-0.0001746081,4.1754985e-05,-0.000106682564,-9.708758e-05,0.00017942481,-6.78968e-05,5.9865524e-05,-1.8478364e-05,-2.2565724e-05,-2.841291e-05,0.00011582239,-0.00018513884,-8.44365e-05,-0.00020456976,7.510411e-05,0.00020273535,-9.87394e-06,-3.1657964e-06,-0.000116780866,-3.2453714e-05,-0.00019615373
B135_U47298,-9.753885e-05,8.7052555e-05,-0.00013999859,-6.0097816e-05,-3.714333e-05,2.1954656e-05,0.00014261495,4.4132685e-05,0.00018781258,6.810761e-05,-0.0001453792,5.886306e-05,-0.00018813544,5.7725305e-05,-3.948625e-06,0.000118197975,-3.5246805e-05,0.00021263598,3.8405047e-05,7.301133e-05,7.710047e-05,0.000120525576,-8.577533e-05,-4.309448e-05,-0.00013312178,-0.0001610611,-0.00010155302,0.00029439462,-4.5541474e-05,-1.5275942e-05,-4.2813066e-05,-1.848881e-05,2.8851246e-05,0.00010537381,-5.7194356e-06,-1.0474064e-05,1.3616872e-05,-1.7152624e-05,-1.6295086e-05,-0.00012285936,6.4940024e-05,-7.585744e-05,0.00015849469,-2.2040378e-05,6.7045505e-05,5.319055e-05,2.6665997e-05,8.304315e-05,-0.00019787613,5.3465374e-05
B363_U92436_2,-5.8791276e-05,5.141079e-05,7.9849255e-05,0.000103823564,-0.000157221,0.00016057928,-6.790839e-06,-7.073484e-05,7.9729194e-05,0.00013547235,7.7239994e-05,2.120903e-06,0.00014532064,4.6239194e-05,0.00025955192,-5.0019524e-05,-4.7609385e-05,-8.957938e-05,0.00011683083,-6.536039e-05,-8.13358e-05,2.6842885e-05,0.00013541238,9.869595e-05,-8.537085e-05,0.00018453959,6.421956e-05,-7.503195e-05,-0.00014861516,1.19630595e-05,0.000108252025,0.00013039105,-4.9008562e-05,-2.5214757e-05,6.356715e-05,4.3748427e-05,6.369987e-05,-7.0807975e-05,0.00016102874,-4.5388202e-05,-4.560599e-05,-0.00010977251,-9.035789e-05,4.456459e-06,-4.4990487e-05,0.00011014748,0.00012441681,7.9373465e-05,0.00013444426,-6.993783e-05
A406_XM_371822_1,-0.00021209751,-7.4543954e-05,0.0001255112,0.00013399337,-0.00015217246,0.00015427324,3.2810563e-05,0.00015932503,0.00016371047,6.4276705e-05,3.8105954e-05,4.7664977e-05,-4.5061053e-05,8.256667e-05,-9.949559e-06,1.2170208e-06,-1.8826704e-05,7.028045e-05,-8.637913e-05,-0.00020223095,3.9229755e-05,-6.82704e-05,-4.7008052e-05,6.60261e-05,-3.824962e-05,0.00012245681,6.798392e-05,0.00015681155,8.274691e-05,-5.5612716e-05,5.7020363e-05,0.0001068539,-0.00018845774,8.8922396e-05,9.5975694e-05,3.722915e-05,3.5210476e-05,-5.135031e-05,2.6197283e-06,-1.3598216e-05,-0.00011116814,-2.3452938e-05,-1.1953416e-05,0.00021321402,0.00013619744,0.00012867001,1.7208447e-05,6.297877e-05,8.841801e-05,-2.4512112e-05
B141_U47298,6.581612e-05,-1.969665e-05,-4.084009e-05,7.1676106e-05,6.560101e-05,5.3912892e-05,7.164962e-05,0.000114282455,-1.880026e-05,2.261185e-05,0.00017337727,-0.00011405205,0.00013565036,1.2296289e-05,3.5925925e-05,4.6214467e-05,-6.6551045e-05,-6.4983244e-05,-3.3265478e-05,-3.379368e-05,9.751543e-06,-4.542828e-05,5.3316384e-05,0.00020648348,0.00029945228,9.668596e-05,-6.7478068e-06,7.297175e-05,4.8141254e-05,0.00020473309,3.4698027e-05,-2.9416202e-07,7.1876566e-05,0.00020708756,-0.00010682211,-0.00016192556,-4.4780212e-05,6.238094e-05,-9.433907e-05,-0.000117907504,-0.00013722737,-0.00015691758,0.00016823862,-7.9606565e-05,8.5981716e-05,3.0972064e-05,4.5163666e-05,-9.347734e-05,4.6347304e-05,8.892512e-05
B337_U92436_1,5.4702097e-05,0.00014071925,3.4202945e-05,6.050602e-06,1.3794555e-05,8.641568e-05,3.6085756e-05,0.0002531449,-3.9317583e-05,0.00026090347,4.7012138e-05,0.0001265886,-1.5089645e-05,-3.8960214e-05,6.1008337e-05,0.00023066826,6.0983974e-05,2.9944153e-05,-7.316915e-05,0.00019535441,0.00017344259,2.5728057e-05,2.4382813e-05,9.412028e-05,2.3215413e-05,5.7786085e-05,9.152647e-05,8.088354e-05,3.746374e-05,3.4352248e-05,3.0034551e-05,2.8401495e-05,0.00019555837,-0.00010125261,-0.00010391452,-0.00010176272,-0.00012148124,0.00011463226,-6.1713076e-06,0.00025599176,0.00012687471,-0.000102630176,6.696074e-05,4.8418064e-05,-2.5096053e-05,-2.1413243e-05,3.990698e-05,0.00016395519,0.000111155336,2.414546e-05
B125_U47298,0.00015971807,-0.00012917139,-7.6524506e-05,-1.4131934e-05,-1.17500795e-05,6.831955e-05,6.9229536e-05,4.45628e-05,0.00010487749,-0.00016198713,2.442028e-05,-1.2329022e-05,-5.5969078e-05,0.00027833597,5.724204e-05,0.00010465506,-4.203743e-05,-1.61458e-05,-6.3425505e-05,-5.1184365e-05,-0.00014425919,4.4992907e-05,-4.0703424e-05,3.9916962e-05,-6.719287e-05,0.00018353092,-2.7254846e-05,0.0002007364,-9.014955e-05,5.2801766e-05,0.00013760154,-0.00019958141,-1.7370954e-05,-6.482302e-05,6.267376e-05,-2.179621e-05,-6.980543e-05,-9.122683e-05,7.334705e-05,4.430251e-05,9.391383e-05,-5.1134655e-05,3.4474455e-05,9.960041e-05,7.731615e-05,-4.6591682e-05,-3.825745e-05,1.0460152e-05,-5.179257e-05,-7.398604e-05
B357_U92436_2,-5.3616615e-05,8.705068e-05,-4.667093e-06,0.00012771181,0.0003608248,0.00018072358,-2.29234e-05,5.7960235e-05,4.033404e-05,-0.00014032703,0.00011695885,3.223648e-05,-4.3590964e-05,0.00015413403,1.7978156e-05,0.000106690095,9.66665e-06,-5.6010947e-07,4.0680254e-05,5.502714e-05,5.8640446e-05,0.0001228538,0.00010760336,9.49715e-05,-6.3936735e-05,-2.8348335e-05,3.793559e-05,-8.668707e-06,4.3779422e-05,-0.000144801,-3.659622e-05,9.87229e-05,0.0001012727,6.6202076e-05,-0.00010287893,-4.9872524e-06,1.108645e-06,0.00025493186,-8.9377805e-05,0.0001565198,9.540405e-05,-0.00016878685,0.00013602596,5.559691e-05,8.956631e-05,-5.4278844e-05,-1.7569515e-06,-0.00019471062,0.00010473375,6.5248205e-05
B112_U47298,9.773626e-05,0.00013350637,-9.361014e-05,0.00012909544,-8.118766e-05,-3.0954932e-05,-6.693807e-05,5.0622846e-05,0.0001879378,-8.5304404e-05,1.5871497e-05,7.87252e-05,-3.300495e-05,-0.00010770466,0.00018374057,5.318782e-05,-6.129307e-05,-0.00011913048,8.149575e-05,-1.7187665e-05,7.8520825e-05,5.7464982e-05,-0.000119203556,-0.00019201645,-8.381484e-05,1.8584211e-05,0.00014615546,-1.33528065e-05,-2.84808e-05,4.6161764e-05,0.00016162983,0.00017713793,-2.5024874e-05,-2.4149997e-06,0.00014395658,0.0002016119,-0.000104574414,-0.00010592485,-5.7974623e-05,9.885795e-05,-3.8309125e-05,0.00011318797,2.5430783e-05,-8.830635e-05,-0.00013952247,2.9769619e-05,1.0288818e-05,0.00015564411,-3.139632e-05,8.362369e-05
A536_NM_015213_2,-7.103724e-05,4.5576784e-05,-9.128759e-06,-1.8787117e-05,5.5847788e-05,-0.00015606974,1.5906518e-05,4.4531756e-05,0.00016963703,2.7891394e-05,6.58849e-06,0.000115924944,0.00016324774,-1.6074991e-05,-0.0003055211,1.8121e-05,9.86415e-06,-5.5748977e-05,0.00024222735,5.746328e-05,-5.0472514e-05,4.5408164e-05,-4.927207e-05,6.133812e-05,-2.3324428e-05,6.0317816e-05,0.00023910658,8.230017e-05,2.5545434e-05,0.00013403781,0.00021130455,0.00018902187,0.00011423655,-7.2119416e-05,-0.00013996482,8.055502e-06,-7.11953e-05,-6.701938e-05,-2.843689e-05,0.00010698417,0.00023569776,0.0001297267,0.00018819657,-6.390303e-05,-2.1930977e-05,0.0001880966,8.8059336e-05,-8.363301e-05,-1.3152532e-05,-0.00012936672
A473_XM_371822_1,0.00010447776,2.9443498e-05,7.95138e-06,0.00018191838,0.00014630855,6.699786e-05,-5.4386728e-05,9.872776e-06,-6.3937754e-05,0.00026540825,-3.5509933e-05,-6.0100945e-05,-0.00016459508,1.6993396e-05,5.084972e-05,5.543819e-06,6.047726e-05,3.202884e-06,0.00013583036,-3.3253265e-05,2.1136577e-05,0.00019116006,-1.2316059e-05,0.00013337347,-4.3305983e-05,-6.998711e-05,7.291181e-05,5.597043e-06,8.116763e-05,-6.9935806e-05,-6.329099e-05,5.9024638e-05,5.683697e-05,-0.00023715926,9.371732e-05,-0.0001588803,1.9475167e-06,7.18361e-05,-1.6975362e-07,9.4585e-05,3.7251757e-05,4.179497e-05,-0.0002306543,-3.3990605e-07,4.7654e-05,0.00022105433,-7.092496e-05,0.00012615902,8.453635e-05,6.075382e-05
B110_U47298,9.8986304e-05,9.479512e-05,-7.9951285e-05,5.4561242e-05,0.00010963997,0.00020022536,-0.00016563384,4.703608e-05,0.00014672571,4.0207728e-05,-9.959918e-05,-1.34873535e-05,0.00011839681,-0.00023121157,-0.00010657487,-7.99662e-05,-4.1219577e-05,2.850545e-06,0.000100235484,9.917403e-06,8.810502e-05,7.097201e-05,4.840926e-06,-0.00018081955,0.00017202385,-6.3421394e-05,-9.3916606e-05,7.757308e-05,-3.6539735e-05,0.00013112892,-0.00013372213,4.0012797e-05,3.1387933e-06,-4.215102e-05,0.00017941717,8.500077e-05,-5.7617293e-05,9.2863156e-05,2.0270709e-05,-6.7393084e-05,-4.4185076e-06,-9.728495e-05,-0.0001405157,-6.5212174e-05,-7.769501e-05,-1.258055e-05,6.648481e-05,3.9114893e-05,-0.0001356613,2.7382323e-05
B351_U92436_1,-0.00027725947,2.8149834e-05,5.8589045e-05,8.165834e-05,-6.6097164e-05,0.00030848882,6.153774e-06,1.4923408e-05,5.709944e-05,2.6517167e-05,-0.000100045654,0.00012489347,-0.00016392213,5.8745645e-06,0.00022700136,6.412343e-05,0.00020939836,-3.7516642e-05,-7.424762e-05,1.0027568e-05,5.3722964e-05,2.7724836e-05,0.000118303775,-0.00017013986,0.00014026302,0.00021761951,0.00013089439,-4.7988706e-05,0.000118196534,-4.6441786e-05,7.755574e-05,7.515176e-05,9.491081e-05,-9.169422e-05,1.4121726e-05,-0.00015228814,6.871852e-05,3.1894233e-05,-4.636757e-05,0.00024458807,6.867013e-06,7.43259e-05,-0.00011012037,0.000104902225,7.044543e-05,-6.1686806e-05,0.00014534498,-3.980208e-05,7.321431e-05,0.00012613393
A459_XM_371822_1,-6.199426e-05,0.000121165016,-0.00015501771,-9.055825e-05,-5.615948e-07,3.398006e-05,6.606008e-05,-5.044839e-05,-4.2586635e-05,-2.9419309e-05,-0.000100371,0.0002196651,5.0246097e-05,6.140806e-05,-8.9303234e-05,-3.31266e-06,-9.9881916e-05,3.158604e-05,6.539709e-05,-9.242807e-05,-9.275018e-05,6.543125e-05,0.000116924144,-0.000110919515,-1.6048816e-05,-0.00019483591,0.000110286506,3.035429e-05,6.363311e-05,-1.3472551e-05,7.312512e-06,0.00010138913,0.0001452082,0.00011293079,0.00014664915,0.00011455964,2.5453499e-05,5.7919337e-05,7.974989e-05,2.4876947e-05,5.8970356e-05,-3.229938e-06,0.00017761883,7.959336e-05,9.170035e-05,2.9987117e-05,-5.3353644e-05,0.00016793243,0.00012646208,-5.214957e-05
A384_XM_371822_1,-3.2007316e-05,-0.00014981754,-0.00014680052,-1.1575399e-05,-0.0001298248,-6.3031366e-05,8.0151e-05,-1.7006168e-05,-1.187166e-05,6.285636e-05,0.00012146654,0.00015532777,7.6872515e-05,-2.6107062e-05,2.9659792e-05,4.5991983e-05,7.504288e-05,9.340002e-05,-1.7117514e-05,6.30816e-06,5.5104887e-05,-0.0001373229,-4.1530115e-05,-1.8939485e-05,-0.00014031891,-3.397307e-05,0.00011850171,-2.797189e-05,-0.00013520014,-6.514538e-05,2.3028557e-05,6.0911516e-05,0.00020671003,-0.00021387175,5.7174042e-05,0.00014846963,0.00020344775,-5.064498e-05,7.458953e-06,-3.9670256e-05,-9.3122384e-05,-2.0136156e-05,3.3230328e-05,-7.678872e-05,-0.00014752141,-9.613144e-05,-1.2495231e-05,-8.2501414e-05,-3.684958e-05,-5.210116e-05
A487_XM_371822_1,0.00011787376,-0.00014487871,-3.7663885e-05,0.000112637936,0.00016450281,0.00013449272,-9.136705e-05,0.00014398653,-2.094267e-05,7.8343466e-05,-0.00019176859,4.0086976e-05,-4.1536863e-05,4.554997e-05,-1.4992223e-05,-6.561378e-05,0.000212379,-4.961249e-05,9.256494e-05,0.00016179703,-1.1137393e-05,-2.554391e-06,4.5712077e-05,6.8714064e-05,0.00014201616,-0.00013093841,5.6918198e-05,-3.8054795e-06,-0.00015253919,-5.187505e-05,5.4285578e-05,2.8888027e-05,0.00018028465,3.0907064e-05,8.379843e-05,-6.6680346e-05,-5.556539e-06,2.565481e-05,5.0377188e-05,1.3861427e-05,-0.00014951869,-0.000114294446,-4.2515872e-05,0.00010122219,7.326452e-05,-0.00018064896,-5.9870774e-05,0.000120895646,4.909113e-05,3.717286e-05
A545_NM_015213_2,5.4558277e-05,9.221875e-05,0.00012562945,1.0902005e-05,0.00010220543,1.417366e-05,-4.0246512e-05,-2.5878418e-05,-1.455866e-05,-1.873983e-05,-6.13719e-05,9.177243e-05,-8.2093386e-05,-1.4108838e-05,6.1195446e-05,-0.00017074367,1.772723e-05,6.836592e-05,0.0001444657,8.730201e-05,9.206463e-05,-0.00013285222,-0.000108466906,5.4259363e-05,-2.0212541e-05,0.00011026392,-0.00022281303,3.3462635e-05,-4.5550434e-05,-0.00021838788,-7.197689e-05,-4.6803954e-05,-0.000158397,-0.000103951264,0.00012713832,1.4054117e-05,0.00019448838,0.0001894537,-1.2230998e-05,2.2708342e-05,8.972952e-05,-2.6839898e-05,-0.00016353188,3.6710157e-05,0.0002363548,0.00013950188,-8.143346e-05,-7.0132235e-05,8.585622e-06,2.5954307e-05
B311_X75932,4.3128002e-06,6.910282e-05,4.9937604e-05,1.3256472e-05,7.487082e-05,-2.1322574e-05,-7.355425e-06,0.00010246273,0.00011201675,7.427552e-05,0.00010397478,8.25459e-06,3.835026e-05,-0.00014331238,0.00010706298,3.468879e-05,-0.000116133844,-0.000119651246,-2.0074489e-05,-0.00018045423,5.1668707e-05,4.8746686e-05,3.384988e-05,0.000115778064,-3.2893713e-05,0.0002629801,1.4018666e-05,-3.887805e-05,1.9288214e-05,0.00011572572,-5.554686e-05,5.4709013e-05,-0.000112134294,1.9031007e-05,3.631053e-05,9.503853e-05,0.0001335709,1.6733231e-05,2.929395e-05,0.00012773048,-2.9550698e-05,1.4310587e-05,0.00010224325,0.00010730227,0.00020824403,-9.98507e-05,3.363132e-05,-2.5448067e-05,0.00016807308,-1.735966e-05
B396_J03132_1,4.215104e-05,-0.000112913,0.00015107494,0.0001514472,-4.1395764e-05,-1.7779132e-05,0.00018957577,-3.1652642e-05,-0.00029300357,0.00011873487,3.831307e-05,0.00024530405,-9.4254756e-05,-3.6762944e-05,0.00014174865,8.527578e-05,9.254344e-05,-0.00024959462,4.405565e-05,4.931361e-05,0.00016307711,-1.8032639e-05,9.979126e-07,0.00010845892,5.3492047e-05,-1.1890314e-05,-1.6455211e-05,3.8781764e-05,-0.0002493242,-9.698278e-05,0.00012096356,-0.00018399881,-6.304325e-05,-7.977908e-06,7.2361385e-05,6.637067e-05,3.6340403e-05,-8.405244e-05,-7.2571456e-05,8.752573e-05,3.1322397e-05,6.214526e-05,-9.504211e-06,0.00016869145,-2.5261033e-05,-3.88386e-05,6.1105886e-05,0.00013353526,8.628075e-05,0.00012915507
B166_U47298,-7.5394884e-05,7.260088e-05,9.409387e-05,-6.3852436e-05,0.00012913383,6.930451e-05,6.811793e-05,2.6747743e-05,4.8158443e-05,0.0002751926,-2.1818423e-05,0.00023244778,-0.00010336839,-2.3500643e-05,-8.982053e-05,0.00015817533,3.4893907e-05,-4.3791777e-05,2.2907436e-05,7.719184e-05,3.1347983e-05,-2.1819416e-05,-0.00027924846,-0.00012000268,2.0959635e-05,-0.0002362061,0.000103978346,5.7442292e-05,2.0529598e-05,-7.3873736e-05,-3.7223715e-05,5.0443603e-05,-6.5007e-05,6.990525e-05,-1.955516e-05,3.266015e-05,2.7103026e-05,5.8095713e-05,3.215035e-05,6.0438226e-05,8.268444e-05,9.429802e-05,-1.0184858e-05,0.00013780975,-4.1084404e-05,-3.0338213e-05,0.00014457441,0.00021785485,0.00012030013,9.555347e-05
A601_NM_015213_2,0.00010741458,4.8065107e-05,0.00010083542,-4.8500122e-05,0.00013962053,4.9745745e-06,9.922446e-05,6.118787e-05,-0.00019332266,-7.1998775e-06,0.00012488448,-9.888829e-06,4.3406922e-05,-3.9369506e-06,-0.00014265665,-3.4086064e-05,0.00019977981,8.84818e-05,2.4696961e-05,-8.682231e-05,0.00017375569,-2.8098236e-06,-2.5763567e-05,-0.00012441122,0.00019850061,-8.855318e-05,3.3741402e-05,0.000130146,0.00011317367,-0.00011204011,0.0001632433,3.5591238e-05,-2.2859671e-05,1.6094824e-05,-1.0058851e-05,1.2388699e-05,-0.00020445943,0.00016078266,-8.438893e-05,0.00015807568,-0.00020999984,0.00014974223,0.00024469555,-7.5313415e-05,-5.5305005e-05,1.4605337e-05,0.00021473483,-9.851346e-05,6.158699e-05,7.3646486e-05
A488_XM_371822_1,0.00010467731,0.0001448378,-9.499505e-05,0.00016830888,-1.3402246e-05,-0.00025820965,6.574138e-05,1.4220487e-05,-0.00013450807,-0.00011904447,9.316438e-05,6.398979e-05,1.599851e-05,-2.6524025e-05,3.006591e-05,0.00011601709,9.553503e-05,6.6752626e-05,7.763795e-05,-0.00018567382,7.805057e-05,-8.509082e-05,-3.5639205e-05,0.000114656475,9.0040776e-05,3.2855667e-06,-0.000105036954,-4.7645026e-05,4.845386e-05,0.00015271988,0.00013540049,8.949117e-05,-2.964571e-05,-5.5450535e-05,1.5455282e-05,-0.00012187855,-3.345879e-05,-0.00014325521,-9.766646e-05,0.00014870946,5.5698067e-05,4.681827e-05,4.8812664e-05,0.00014973938,-2.7351483e-05,-8.4943465e-05,4.0186074e-05,-5.9258393e-05,-8.869328e-06,6.410552e-05
A623_NM_015213_1,2.801517e-05,-0.00011510765,-9.5908224e-05,-6.9573514e-05,0.00010473038,2.8155293e-05,0.00013818202,0.00019803927,8.7554545e-05,0.0001559855,-2.8405282e-05,0.00016587561,-0.0001307078,-0.00014847462,3.0353601e-06,-0.00012211685,-5.0895153e-05,2.2656657e-05,9.688192e-05,0.00013093851,-5.7099423e-05,-9.2445356e-05,0.00027388116,-5.0590043e-06,4.5413493e-05,0.00011517274,-0.0001700122,1.604809e-05,-3.724423e-05,7.648602e-05,1.3535306e-05,0.00020702223,0.00011385318,5.0664345e-05,-1.48187455e-05,0.00018331976,-2.9751494e-05,-3.6097972e-05,-6.589187e-05,-5.6858054e-05,8.394502e-05,-1.8821022e-05,9.0788904e-05,-5.643591e-05,-1.5463056e-05,4.148827e-05,4.5108325e-05,-0.0001859,0.00020389812,1.8595589e-05
B378_J03132_1,-5.2918294e-05,-1.8079669e-05,9.6595e-05,0.0001337566,-9.866985e-06,4.904936e-05,0.00012902867,0.000106884734,3.140136e-05,-5.6571047e-05,-1.4963317e-07,-7.112574e-06,0.00010040847,0.00022013168,0.00012415781,7.3030205e-05,0.00013777445,-7.072453e-05,0.00014479902,-3.836702e-05,-0.00015036057,-7.4249147e-07,1.2273218e-05,-7.7408935e-05,-4.1303887e-05,-4.9412563e-05,0.00012397012,3.6595018e-05,-4.1679206e-05,-3.797126e-05,-6.22471e-05,3.3666536e-05,9.807459e-05,0.00010454475,3.5482033e-05,-7.640711e-05,-4.3042008e-05,3.3847595e-05,-0.00011283421,0.00018538008,5.6124805e-05,0.00013759191,-9.871691e-05,-2.7862274e-05,8.607354e-05,0.0001755394,-5.5802437e-05,-0.00015993531,4.086364e-05,-0.000120460536
B70_U47298,1.05394365e-05,1.8943449e-05,4.2554806e-05,0.00018082053,-1.24290455e-05,0.00024307847,4.68694e-05,5.7447756e-05,2.9212748e-05,-6.501684e-05,6.598479e-05,-8.483099e-06,-8.901521e-05,0.0001724656,-0.00022241652,-6.0791317e-05,3.7456095e-05,-0.00019337,-2.0150143e-05,0.00024658712,-0.00019491349,3.447058e-05,1.69537e-05,2.5564521e-05,-4.2823856e-05,3.1355004e-05,0.00013804002,0.00014711238,-8.073218e-05,4.9953276e-05,8.334405e-05,-8.963279e-05,0.0001780579,6.18523e-05,1.3276301e-05,-1.1752549e-06,-9.454999e-05,0.00014076233,0.00022597545,-9.109749e-05,-9.9729565e-05,-0.00023763123,8.850195e-05,0.00019735513,0.000111551155,0.0001915468,9.21051e-05,-5.5536308e-05,0.00013853476,-8.743113e-05
B371_U92436_2,0.00011723239,0.00013165869,-5.5926226e-05,0.00014407438,0.00014128468,8.1823484e-05,-5.9657385e-05,-1.9418824e-06,-2.8649936e-05,6.7656874e-05,0.0001087672,0.00014192829,-3.8324655e-05,-3.13267e-05,-0.00013938455,0.00016016577,0.00022032086,0.0001398422,-2.4524059e-05,6.123047e-05,7.041985e-05,0.00023990762,-2.1771299e-05,6.9286296e-05,1.7727144e-06,3.852185e-05,-0.000125894,0.00014309352,-7.477974e-05,1.6144017e-05,1.7684255e-05,-7.378725e-05,-0.00016824742,-4.842832e-05,-7.2311064e-05,-7.709437e-05,5.3583055e-05,0.00016038127,-5.1949522e-05,2.0269472e-05,-0.00015027252,4.298497e-05,-6.970488e-05,6.165544e-05,-4.1856176e-05,0.00019575281,0.00018160883,0.00014751402,-5.276941e-06,2.3534489e-05
A567_NM_015213_3,7.9802376e-05,0.00010077977,7.4446536e-05,-0.00011307497,-0.00013214113,6.374142e-05,-5.7559697e-05,-7.701786e-05,1.9897268e-05,0.00010329109,0.00011875246,3.4366443e-05,0.00014776914,1.4350734e-05,-0.00013020028,0.00013757194,0.00012491617,8.181418e-05,-5.982762e-05,-8.315169e-06,6.174468e-05,0.00023958123,5.040395e-05,-0.000112616384,8.985662e-05,-3.939284e-05,2.3756807e-05,-1.3079675e-05,0.00019276606,-0.0001567649,0.00018514288,6.159922e-05,-0.00014008456,-4.3766064e-05,-5.399658e-05,7.685438e-05,-6.585169e-05,0.000108572436,7.0022514e-05,-3.5988614e-05,0.00020770721,0.00022292047,-7.251935e-05,0.00011663072,0.00021082554,-0.0001578431,-3.498497e-05,-0.00016246802,-1.08952645e-05,0.00011428417
A367_XM_371822_2,0.00015513341,0.00012304506,0.00010020446,0.0001199019,0.00013378772,3.7167585e-05,0.00010882138,4.1766525e-06,7.9343345e-06,-2.0670379e-05,7.176666e-06,0.00016281471,-0.000114021925,4.3633805e-05,-0.00020377403,2.19262e-05,7.719597e-05,-3.0454094e-05,6.232588e-05,8.637632e-05,0.00013705487,-0.00010412034,3.889983e-05,-2.0120806e-06,-0.00011619399,-1.721542e-05,0.00037366478,-1.72515e-05,2.9075067e-05,3.8011092e-06,7.516116e-05,-4.483468e-06,6.5607084e-05,1.6699334e-05,0.0001270584,0.00022873473,-3.838567e-06,-1.8137156e-05,0.00014335402,-0.00014941745,-2.4574127e-05,0.00020099505,-4.7146103e-05,0.00019354411,3.7691245e-06,9.767184e-05,0.00023100538,8.320731e-05,-2.5990148e-05,6.36362e-05
B42_AH001498_3,1.35634555e-05,-3.179616e-05,-8.018499e-06,3.7076337e-05,6.0625607e-05,-2.344117e-05,-9.601794e-05,2.3739894e-05,3.855259e-05,0.0002099351,0.00010586287,-4.3476688e-05,-8.1705366e-05,-4.373716e-05,-4.6428853e-05,-0.00012066106,0.000110346315,0.00015459339,9.036904e-05,-7.887726e-05,0.000105003324,9.145455e-05,-7.425922e-05,-3.7062924e-05,0.00015319146,-4.513242e-05,1.043084e-05,4.64085e-05,0.00017342395,-1.30446315e-05,-0.00014947045,-0.00010023521,8.10041e-05,0.00013127275,1.7392307e-05,4.340253e-06,0.00015364465,0.00011939611,-0.00025586542,0.00010935215,0.00022497358,5.57813e-05,1.4440306e-05,-0.00011657908,4.988554e-05,1.805345e-05,-2.451841e-05,-8.699537e-05,8.1841354e-05,-0.00020357042
A376_XM_371822_2,0.000106790845,0.00018056986,-2.4402594e-05,-0.0001515568,-8.5323634e-05,0.000109649794,7.566375e-06,-7.019691e-05,-3.631354e-05,-8.383277e-06,1.984165e-05,-1.7522325e-05,5.97251e-05,2.2487893e-05,0.00019936555,-0.00013507734,9.4951465e-05,7.432536e-05,-7.435863e-05,-4.4905562e-05,3.555102e-05,-1.3249536e-05,3.3203e-05,-1.4483053e-05,2.046432e-05,8.544723e-05,-0.00012358117,-0.00019373765,0.00012119802,-1.4877657e-05,3.617487e-05,-6.566998e-05,4.82628e-05,-2.985275e-05,0.00013920716,-3.2988006e-05,2.893047e-05,0.00023535868,3.5228935e-05,8.921113e-05,0.00019687961,0.0001350111,-0.00014577445,9.650037e-05,2.7545868e-05,7.359394e-05,2.7563083e-05,-7.357023e-05,0.000113049326,2.638945e-05
A593_NM_015213_2,1.51701415e-05,4.1847605e-05,-2.6687225e-05,0.00011799559,-4.2045434e-05,-3.0890937e-05,0.00010877291,5.143249e-05,7.7990284e-05,3.0817937e-06,0.0002940252,-1.6708467e-05,5.6580757e-05,-3.081261e-05,-0.0001481448,-9.4645424e-05,-0.00018273407,1.9700163e-05,1.2315228e-06,-0.00020227028,9.440698e-05,0.00012670468,-0.00010417319,2.6534579e-05,6.409649e-05,-4.7866924e-05,5.7917165e-05,1.2572966e-05,0.00019601038,0.00024946107,-0.000117669115,0.00011688798,2.3804567e-05,-8.6991306e-05,-0.00017893835,-1.5661848e-05,0.00010130074,-3.3831373e-06,0.00014396592,-8.480487e-05,0.00016070649,-9.569908e-05,-0.0001616816,3.1078853e-05,-0.00015974956,0.00023882464,3.6896256e-06,-0.00012506776,4.7301102e-05,9.3982226e-07
B372_J03132_1,-1.7397408e-05,-7.3354568e-06,-3.125583e-05,0.0001894746,2.3178476e-05,0.000115269904,-0.000101132035,5.545701e-05,0.00011185276,-3.944049e-05,0.00012402676,0.00011933033,8.785138e-05,-0.00016045442,0.00020986238,-1.9028226e-05,0.0001805669,9.028411e-05,-3.5252575e-05,-0.00011285126,-3.6838945e-05,0.00024313162,-6.12284e-05,-0.00019176377,-6.666272e-05,-3.542451e-06,6.21682e-05,6.4202926e-05,2.8905284e-05,-0.00011764423,-2.877602e-05,-6.312371e-06,3.021619e-05,-4.928272e-05,0.00012234438,2.7834696e-05,2.0622476e-05,4.7107258e-07,4.145559e-06,-9.182536e-05,9.548068e-06,-1.5512811e-05,-5.588868e-05,0.00020005989,3.4410685e-05,0.00012738991,0.00015190174,7.4322095e-05,9.4440555e-05,0.00013392563
A513_NM_015213_3,5.2413616e-05,-4.038553e-05,-4.758453e-05,0.00015357028,-4.440336e-05,-3.5819205e-05,9.6017975e-05,7.2486924e-05,6.844884e-05,5.197446e-05,-1.42747695e-05,-7.6399425e-05,0.00025407408,-1.7464918e-05,0.000113368325,-0.00015219944,2.5279944e-05,0.00011664467,-6.632377e-05,-0.00017950457,-0.00020852931,5.648144e-05,-0.00019891137,-0.00010227111,1.3262141e-05,-8.536567e-05,5.5765136e-05,8.899314e-05,-7.3504394e-05,-0.00028248396,9.856062e-05,-4.8775095e-05,-0.00012609315,8.046119e-05,9.566686e-05,-0.00015802958,0.00031073042,0.00020965606,0.00019531132,-0.00021470146,-9.151533e-05,3.7484395e-05,-0.00010270227,0.00017201691,-2.835816e-05,-0.0001013566,0.0001467149,-7.647029e-06,-9.877332e-05,-7.748576e-05
A483_XM_371822_1,0.00027110026,4.7638656e-05,-4.222204e-05,3.976151e-05,7.7423894e-05,-0.00018907353,0.00013572772,5.6066434e-05,0.00020407015,1.4070348e-05,0.0001223202,-2.5557296e-05,-5.9397895e-05,0.0001315587,0.00010044211,-0.00011977224,-4.776613e-05,7.546594e-05,-0.00016582555,2.8622233e-05,-0.00010688126,3.1713407e-06,-2.1859398e-06,4.9980106e-05,-0.00015632746,9.394156e-05,-3.047469e-06,1.9324198e-05,7.669436e-05,-2.7219161e-05,0.00017927524,-7.167193e-05,-7.4101394e-05,-8.270195e-05,4.1764113e-05,6.716636e-06,0.00010628709,-0.00012325186,7.8183744e-05,0.00013042752,7.907579e-06,-0.0001343908,-4.744025e-05,2.459921e-05,-0.00014693204,-0.00014775335,3.2956512e-05,8.638545e-06,0.00025952476,2.1559505e-05
A472_XM_371822_1,9.7519325e-05,-8.7620665e-06,5.277652e-06,0.0001377522,0.000136432,0.000108353954,-6.3920465e-06,0.00014951912,2.9386732e-05,6.988475e-05,0.00020641704,8.5677944e-05,-2.9028636e-06,5.7716887e-05,-3.903495e-05,2.6084588e-05,3.502338e-05,4.995165e-05,0.00010872902,-0.0001253039,-7.794237e-05,6.921281e-05,1.6709106e-05,1.5440507e-06,9.287564e-05,1.2137337e-05,-3.321572e-05,1.6342854e-05,-0.00011159486,-7.861803e-05,-0.00013167916,-3.4184154e-06,-0.00011910234,8.658616e-05,-7.4093434e-05,-0.00012190258,-5.0982304e-05,-0.00021252262,5.800366e-05,-3.457697e-05,0.00018301788,0.00015198348,5.476686e-06,4.670607e-05,-2.1699486e-06,0.00017313135,-0.00012531142,-0.00015133142,2.0758369e-05,1.898271e-05
B74_U47298,-6.1059174e-05,6.3109455e-06,0.00014097361,0.00011294707,4.847032e-05,8.640851e-05,1.6830645e-05,-3.380441e-05,0.00010420238,0.000110945984,0.00022916566,0.00024606264,1.3102423e-05,0.00013650436,4.29091e-06,-0.00015172557,-4.7996236e-05,-3.5944482e-05,4.4326396e-05,-0.00015633852,3.76307e-05,8.473481e-05,3.0708452e-05,9.794035e-05,3.715782e-05,8.2753264e-05,-0.00020554436,-1.055025e-05,-1.2614485e-05,-1.0828585e-05,0.000109573906,-1.2497091e-05,5.8454658e-05,-8.0699334e-05,4.394042e-06,0.0001508693,2.9793093e-05,0.000102035425,0.00020708781,8.02092e-05,0.00014110802,0.00010737337,-7.072039e-05,-0.0002560734,6.643994e-05,4.167724e-05,0.0001796897,-0.00011576706,6.9697584e-05,9.553202e-05
A610_NM_015213_1,3.641453e-05,-2.379904e-07,5.797764e-05,2.8523333e-05,4.720504e-05,0.00012979633,0.00010012442,0.00020808903,0.00014890467,-3.7498908e-06,8.778587e-05,9.6337426e-05,1.2303862e-05,0.00023412738,3.8581136e-05,0.00010663619,-0.00011781157,5.9904058e-05,2.4924646e-05,1.9676423e-05,0.0001280095,1.1151986e-05,6.332712e-05,6.063929e-06,1.4153525e-05,-5.708489e-05,-5.6336405e-05,8.808777e-05,1.9844963e-05,4.9188402e-05,1.1038087e-05,-4.8315578e-05,0.00015734237,-0.00025560212,-0.0002725735,0.00019752709,3.5210423e-06,-3.0748906e-06,4.8246406e-05,0.00029495347,0.00020879386,0.00015373302,5.1666477e-05,4.1571093e-06,7.594106e-05,-4.208236e-05,0.00017894153,0.000112857844,7.9555735e-05,-1.5533327e-05
A598_NM_015213_2,0.00016634031,-4.691023e-05,-7.4704076e-05,-5.5249584e-05,-9.639411e-06,1.3248913e-06,-4.1940362e-05,-4.0434283e-05,-2.4947765e-05,3.4433342e-05,0.00014787057,0.00016829277,7.772453e-05,1.7039538e-05,7.759252e-05,4.609209e-05,-8.391603e-05,8.894058e-05,-3.356334e-05,-8.139948e-05,-9.413314e-05,5.436645e-05,7.635269e-05,0.00018657278,0.00013604457,6.556516e-05,0.00014851791,-3.7543858e-05,8.1475104e-05,9.554607e-05,0.000109771805,0.00010745895,-6.067903e-05,0.00017271857,0.0001486423,-0.00016487522,6.592877e-05,7.2983385e-06,7.904962e-05,8.446139e-05,6.0458864e-05,5.5174514e-05,6.6372886e-05,0.0002142203,-6.0465627e-05,0.00016768288,-6.119124e-05,-0.00012046348,-4.1814665e-06,-7.924276e-05
B168_U47298,0.00018886011,-0.00015398074,7.398816e-05,-2.9833644e-05,-3.5309333e-06,-1.4714112e-05,6.0616752e-05,7.148751e-05,5.4533622e-05,-0.00018490164,-0.00013755794,0.00014936825,-6.716994e-05,4.4252418e-05,2.0938387e-06,-0.00018926538,-6.502088e-05,-3.0664087e-05,3.490309e-05,9.602282e-05,0.0001809232,4.768413e-05,-7.79361e-05,8.259921e-05,-0.00013846905,0.00017079027,6.0333998e-05,0.00013575685,-7.068148e-05,0.00011088028,-3.916558e-06,-1.0015952e-05,-2.1726137e-06,5.587758e-05,-4.81302e-06,-6.6702225e-05,-3.6108737e-05,-0.000117069474,0.00014963963,-0.00012523064,0.00011726294,1.318995e-05,-0.00013055535,8.0523256e-05,0.00013717925,-1.3966187e-05,-9.1410155e-05,-7.081705e-05,1.1245728e-05,-3.5205387e-05
A438_XM_371822_2,-5.5779827e-05,9.2830014e-05,0.00015353652,-0.0002076747,0.00013220591,-3.0925796e-05,-1.3005142e-05,2.9595867e-05,5.5849516e-05,2.751546e-05,-6.352892e-05,-4.0321367e-05,0.00014906937,0.00012792114,-0.00011514026,-0.00016368552,2.9898656e-05,-3.5495705e-05,8.228891e-06,9.260465e-05,3.3485692e-05,-3.92496e-05,-1.6088601e-05,-7.576341e-05,-6.342756e-05,-2.8712731e-05,0.00013512031,-0.00010496387,1.4101416e-05,9.931838e-05,-0.00013706445,0.0001716,0.00010101155,9.587719e-05,-0.0001719038,-7.137325e-05,-6.555895e-05,1.4137603e-05,0.00012387274,-0.000105141284,-5.9787606e-05,5.3185584e-05,-4.2941824e-07,1.1535672e-06,-2.69659e-05,-9.5681025e-06,8.5760745e-05,-6.571607e-05,-9.212019e-05,-5.8802827e-05
B381_J03132_1,7.6843335e-06,8.004328e-06,-0.00011902657,0.00018078345,6.6790475e-05,0.00010875103,-3.4549583e-05,0.00022820802,9.950748e-05,8.237988e-06,-4.0403716e-05,0.00016407073,0.0001062612,0.00012916002,7.32472e-05,6.2987136e-05,4.708974e-05,1.9544115e-05,-1.3372556e-06,-0.00013189981,-0.0001172365,-8.338854e-05,-1.0496459e-05,-7.041343e-05,6.2770334e-05,0.00020333398,0.00019087402,0.00015590772,4.786542e-06,-9.772939e-05,0.00012960292,0.0001533695,9.9519624e-05,-0.00015357793,0.00018498478,1.3987779e-05,-0.0002011319,8.342624e-05,-0.00012353974,-0.000101516176,-4.5421773e-05,-2.8701465e-05,1.6994656e-07,1.7763172e-05,-5.406994e-06,2.7710554e-05,-5.266186e-05,-2.916109e-05,-3.2931377e-05,5.7630587e-05
B406_J03132_2,-0.0001491653,4.8737897e-05,3.2078697e-05,-2.8849521e-05,-0.0001720807,-8.488927e-05,4.855203e-05,-3.6549573e-05,0.00010186348,-0.00010187798,-5.0260773e-05,2.270884e-06,9.179237e-05,-2.9759301e-05,1.102778e-05,-0.00013612416,5.364932e-05,-9.110127e-06,-0.000104524755,-4.5174533e-05,0.00019803515,-0.00011499224,8.48309e-06,0.00024642906,6.687938e-05,0.00014681928,7.2855255e-06,7.741895e-05,0.000112703434,9.596291e-05,-4.3580567e-05,0.00017156746,5.1789695e-05,-5.471827e-05,0.00017746403,4.5496075e-05,-0.00015120923,4.8068023e-06,-0.00013069756,-1.25921915e-05,9.000815e-06,-3.416617e-05,-0.0001317339,-0.00010193796,-8.718507e-06,0.0003270227,4.4079938e-05,1.7778875e-05,0.00010819211,0.00017484667
A574_NM_015213_3,4.5326684e-05,0.00023407026,-0.0001604112,-5.0129318e-05,-4.1275347e-05,-9.795277e-05,1.1217867e-05,7.868279e-06,7.814261e-05,9.013985e-05,-0.00014353855,0.00020464958,0.00010082408,9.4300936e-05,-4.6456853e-06,7.833767e-05,3.351106e-06,-8.635492e-05,-0.00016279034,4.0709503e-05,4.899612e-05,0.00014466916,-0.00014272022,0.00022954903,-0.00012520642,-8.9676156e-05,-7.9714955e-06,-9.592752e-05,4.316395e-05,-4.428931e-05,0.00018013609,-0.00017221824,-0.00011763506,-5.533652e-05,6.7279725e-05,0.000117376156,4.8495564e-05,-8.3636565e-05,7.1732626e-05,0.00014536717,0.00010974861,-0.00013183779,8.975719e-05,3.8963713e-05,0.00019417725,0.00015815978,-2.5860067e-05,-9.4002324e-05,9.019984e-05,-3.0618878e-05
B79_U47298,7.973271e-05,3.6555903e-05,0.00013431332,-6.5850516e-05,-1.9633584e-05,2.896959e-05,-0.00017202145,9.164182e-06,0.00015559007,0.000112470545,3.99666e-05,-2.0229032e-05,0.000120356824,3.1720778e-05,-8.794272e-05,-0.00014051444,0.00012296281,-0.00021459661,1.4646374e-05,-7.385303e-05,0.00016522982,7.615642e-05,7.682281e-05,4.8429185e-05,6.0473612e-05,-5.7288074e-05,-2.7543318e-05,6.264064e-05,5.0950814e-05,0.00012427657,-6.715686e-05,6.428784e-05,-6.654244e-05,0.00010196571,0.00012432483,-4.41358e-06,-8.899231e-05,-0.00012912953,7.67385e-05,0.000111916044,3.0692195e-06,0.00014977274,6.92117e-05,8.6718705e-05,9.170844e-06,5.9747924e-07,0.000101951955,-0.00023503925,-0.00019089783,5.8772907e-06
A492_XM_371822_1,-1.8927822e-05,0.00011169822,0.00013132844,-0.00015436704,2.4267561e-05,0.00017068196,-6.050598e-05,7.4174066e-05,-2.461132e-05,8.753786e-05,6.4411724e-05,0.00019781246,-5.817438e-06,0.00016368144,5.714754e-05,0.00016751495,0.00014092252,0.00021532952,1.4291046e-06,0.00017034073,-7.080369e-05,0.00023422483,-0.00010211047,1.2219688e-05,2.5466976e-05,0.0002303911,-1.0948189e-05,6.7241584e-05,-5.4266002e-05,-9.255451e-05,7.3219e-05,-4.2446798e-05,8.1907834e-05,2.1885839e-05,1.729235e-05,-0.000101426216,-6.909732e-05,-5.7027995e-05,2.5574791e-05,0.00012219607,-2.6573289e-06,-9.021778e-06,-0.00018722347,0.00012190616,2.188568e-05,-0.00015565733,8.971843e-05,5.5207907e-05,-6.3967986e-05,2.878462e-05
A599_NM_015213_2,-5.1913266e-06,-0.00013734876,0.00012542488,6.1325954e-05,-0.00013845223,0.000121427554,-5.5131397e-05,7.90812e-05,8.143618e-06,-6.013591e-05,-4.742168e-05,4.467031e-05,6.655199e-05,9.279746e-06,0.00016509379,5.9291087e-05,0.00016100478,-8.033141e-05,-3.2204818e-05,0.0001773732,-3.1732186e-05,-3.5645826e-05,5.6180947e-06,0.0002445075,-9.5810086e-05,0.00015051354,6.4115884e-05,-6.295135e-05,-0.00013424971,7.55434e-05,7.584882e-06,-3.1406737e-05,0.0001104859,0.00014787857,-0.00017397024,1.556427e-05,-0.00011541659,8.545041e-05,9.738545e-05,0.00014118795,-0.00018831619,-0.00010883019,8.778654e-05,-0.00024620057,-0.00010612444,4.918755e-05,0.00021513096,6.763196e-05,-4.603941e-05,-0.00015166296
B348_U92436_1,2.4679839e-05,0.00034863985,0.00023892557,0.00013018602,-9.557264e-05,-7.838771e-05,3.4095422e-06,-6.3866837e-06,-7.593539e-05,8.899051e-05,-3.361257e-05,8.466969e-05,-0.00024256256,-0.00012159631,0.0001434174,-9.129214e-05,1.8315472e-05,8.912148e-05,-3.0442045e-05,0.00021604146,2.0899424e-05,-6.7678907e-06,0.00010650239,-9.1655864e-05,4.9665552e-05,0.00011737903,-0.000120961995,0.00013511247,-0.00012497907,-1.0995681e-05,0.000115446266,7.779454e-05,9.582125e-05,4.360128e-05,-7.344524e-05,6.8465626e-05,0.00013221562,-4.2112842e-05,6.5404725e-05,-8.783186e-05,0.00012829635,-3.019842e-05,6.0454535e-05,1.3181064e-05,-0.0001260739,0.0002533954,-8.195531e-05,0.0001643702,3.896607e-05,0.00011590678
A532_NM_015213_2,-5.329832e-05,0.0001382192,0.00019109964,-2.3911165e-05,-7.315623e-06,7.067136e-05,8.816884e-05,-9.780409e-05,0.00011218065,2.9389046e-05,-0.00020270399,-8.487692e-05,0.00012692783,1.0986182e-05,5.1688185e-05,-2.2930151e-05,-0.000112674665,-8.739804e-05,5.5745277e-05,0.00011360938,8.861264e-06,0.0001478232,-0.0001810807,7.293436e-05,9.4187984e-05,-6.491893e-05,6.7813235e-05,-6.672894e-05,-0.00011758736,9.64565e-05,0.0001867273,2.2369395e-05,7.342599e-05,-0.0001669036,4.928559e-05,-4.0725467e-05,3.5284847e-05,-6.739613e-06,7.715074e-06,-6.247429e-05,-0.00021807905,-6.5463646e-05,0.00017490858,-6.483739e-05,-8.238723e-05,3.885341e-05,-7.146637e-06,0.000111397465,8.482009e-05,1.498839e-05
B360_U92436_2,0.00014850213,0.00019343686,9.925386e-05,2.383255e-05,0.0001468055,-0.00020825176,9.171527e-05,-6.616351e-05,1.1141009e-05,4.442187e-05,5.078915e-05,0.00026009683,-1.0298201e-05,-6.8899615e-05,4.9293012e-05,1.7664192e-05,0.00011203151,6.047093e-05,0.00015397248,-8.672035e-05,-4.6474124e-05,-7.4961936e-05,3.633177e-05,5.27203e-05,0.00024378758,0.00020019933,-0.0001082639,-3.2599946e-05,0.00011826505,-0.00011122072,-9.320052e-05,0.000209489,4.0461484e-05,0.00012679957,0.0002584591,-1.6052249e-05,-5.266113e-05,0.00011880141,4.4922162e-05,-0.00010903255,9.176632e-05,-6.53298e-05,-3.2945663e-05,-0.00010167945,9.498605e-05,8.170621e-05,-0.00011122935,-0.00016834278,-1.5475125e-05,-3.7277947e-05
A616_NM_015213_1,2.620896e-05,2.3378037e-05,-3.0474372e-05,7.935166e-05,7.737893e-05,-2.4624616e-05,5.38162e-05,-9.2182316e-05,5.6417335e-05,5.8065612e-05,0.00022591445,-0.00014212148,-7.040696e-05,-0.0002055306,6.9703514e-05,-0.00019379082,0.00011954258,-1.8987095e-05,4.7708196e-05,4.6447192e-05,-8.551009e-05,0.00030559636,0.0002562864,-0.0001475744,5.1711602e-05,0.00015885524,6.375849e-05,-5.1356907e-05,7.09443e-05,-0.000106598716,1.2746766e-06,-4.1532687e-05,-6.523225e-05,-0.00019565718,0.000105572304,2.3198176e-05,-1.8558198e-05,-1.9596597e-05,6.1739192e-06,0.00016447692,-0.00010546932,6.1074454e-05,-0.0001365874,1.8101735e-05,-4.399013e-05,4.222785e-05,-9.3834235e-05,5.3612333e-05,0.00015169087,1.7177084e-06
A461_XM_371822_1,3.272483e-06,8.676655e-05,7.962389e-05,2.3191178e-06,-2.6437525e-05,-0.00016180362,4.2511478e-05,-2.0512138e-05,-2.985633e-05,0.00010684946,2.2721322e-05,0.00014939644,2.4539255e-05,0.00012795338,9.6177435e-05,-4.4735756e-05,0.00014020414,5.5135217e-05,3.7604994e-05,-1.3881288e-05,-0.00014808287,0.00010230611,-3.7571317e-05,0.00031585508,4.0355524e-05,5.506151e-06,7.211208e-05,4.676037e-05,-4.6342062e-05,0.00016914375,0.00013062435,0.00014976416,8.889326e-05,-9.201997e-05,-9.9131394e-05,1.2569126e-05,0.00011581846,3.899766e-05,7.127328e-05,-0.00013360502,5.330404e-05,-9.579918e-05,0.00011720429,9.6922384e-05,0.00018320423,7.9608326e-05,3.9942446e-05,6.1014594e-05,-6.1252555e-05,0.00013879027
B411_J03132_2,-4.171907e-06,-6.206419e-05,6.745268e-05,5.686016e-06,6.637376e-05,7.1993876e-05,-5.4260196e-05,-1.593926e-05,0.0002502626,0.00012704963,7.1501025e-05,0.00014818422,9.068346e-05,4.126508e-05,5.286094e-05,0.00010524132,3.51967e-05,9.716966e-05,-0.00012087897,-4.5153607e-05,-2.0917923e-05,1.8069491e-05,-2.4705552e-05,-6.505243e-05,-5.3962554e-05,2.9440429e-05,1.3570539e-06,4.485555e-05,-5.0545932e-05,-0.00011506921,4.5008917e-05,-5.1420568e-05,-7.5865195e-05,-6.24716e-05,-8.648291e-05,1.2281226e-05,-9.974876e-06,0.000113497124,-0.00019037706,0.00012589316,0.00024421484,0.00014957107,0.00015755573,3.9784907e-05,0.00013455791,0.000118656346,2.3654891e-05,6.654055e-05,-0.000114640774,7.9414036e-05
A436_XM_371822_2,0.00011348317,5.6638346e-05,0.0001570459,-6.215518e-05,7.0562346e-05,1.7354334e-05,-4.004058e-05,-4.1506864e-05,-0.00012573026,5.0259627e-05,-0.00011955937,-2.0254221e-05,1.134119e-05,-9.025171e-05,1.831313e-05,-0.00013652846,3.173015e-05,4.1141106e-05,-0.00017326536,0.00018598996,-0.00010257421,3.245227e-05,-3.9054303e-05,-7.45448e-05,-4.439151e-05,0.00019782674,6.5586886e-05,-2.130731e-05,8.357034e-05,8.5602405e-05,-3.292957e-05,-0.00011450593,-0.00013131418,5.6010576e-05,4.637727e-05,-3.2427164e-05,0.00025095898,0.0001727287,5.5101882e-05,0.0001470532,-9.734463e-05,-0.00018765977,6.9811984e-05,2.1917715e-06,2.0287785e-06,-0.0001661564,-8.8128894e-05,3.097156e-05,-6.971483e-05,-8.612154e-05
B296_U47296,0.00012712051,-0.00011218129,-6.0313025e-05,5.6442535e-05,-0.00017004655,0.00011671874,4.2384643e-05,-0.00013360014,0.0001046773,1.6814385e-08,0.00017836201,-4.2230164e-05,0.00018485589,-7.047328e-05,8.102001e-05,9.671513e-05,-4.1046722e-05,-6.451127e-05,-8.3624625e-05,-7.2160794e-05,1.6369711e-05,8.6768974e-05,-0.0001849711,7.5841635e-05,4.0768737e-06,0.000111750756,-7.7796234e-05,-4.138456e-05,-5.672126e-05,-0.00024756868,5.2958145e-05,0.000150484,3.506856e-05,-1.4027968e-05,-5.939882e-05,-4.564637e-05,-7.877572e-05,0.00011827748,9.509191e-05,-0.00020402494,8.23583e-05,8.390583e-05,2.8245593e-05,-0.00018279818,-3.719349e-05,1.0195165e-06,3.5301193e-05,0.00019151531,0.00010821003,9.44106e-05
B148_U47298,0.00013760991,0.00014929404,-2.025581e-05,5.5344313e-05,8.198352e-06,8.435701e-05,-4.5550965e-05,2.600099e-05,0.0001304324,1.2879725e-06,7.737891e-05,0.00021340488,7.750009e-05,-6.717793e-05,-0.00011433299,0.00026258742,3.5832225e-05,-0.00014176572,5.2505373e-05,3.286737e-05,4.691153e-05,-8.747926e-05,4.3837153e-05,-0.00010019194,0.00015078661,1.2132791e-05,-8.359176e-05,2.2795506e-05,-7.898007e-05,-7.5324606e-05,0.00018502538,0.00015227446,5.5685025e-05,-7.7858684e-05,-9.215273e-05,-5.8442736e-05,-0.00013690737,-5.4285818e-05,0.00011251864,-6.8562564e-05,-1.7204202e-05,-1.1902519e-05,6.648191e-05,0.0001336915,2.096844e-05,-3.6815592e-05,0.00017015301,-1.7612375e-06,0.00015845806,-0.00011902775
B291_U47296,-4.250809e-05,2.5474392e-05,0.0001282311,6.7864307e-06,-0.0001227929,3.3533543e-05,-5.867237e-05,0.0001398203,0.00013447637,-9.3917966e-05,3.780602e-05,1.3303765e-05,0.00013170352,2.5692849e-05,-6.848215e-05,-0.00017058369,8.859545e-05,0.00014055525,7.152592e-05,-4.118085e-05,0.000114140326,-4.1657524e-05,-0.00010962468,-0.00015508552,-2.7065624e-05,6.583098e-05,-8.9512774e-05,7.810112e-05,9.699847e-07,8.7963075e-05,-7.010708e-05,-7.152845e-05,1.25278675e-05,0.00016849671,-6.041802e-05,-6.118993e-05,-0.0001378614,-1.0072575e-05,-0.00013923652,1.8543833e-05,-0.00010936361,7.3550866e-05,-4.2845728e-05,0.00012374461,-8.60494e-05,4.92719e-05,9.724219e-05,-0.00021870223,6.179896e-05,-5.662888e-06
A539_NM_015213_2,-2.4098194e-05,0.00011609127,-0.00010603095,0.00011917513,-8.101487e-05,-0.00013134895,-0.00012061346,-0.0001870019,-0.00015096259,7.519896e-05,8.6054395e-05,0.00014750163,5.572904e-05,-3.273926e-05,-5.7359295e-05,9.6685675e-05,9.3315626e-05,-6.0765783e-06,0.00012142754,3.9814142e-05,0.000207938,0.00016475705,3.225755e-06,2.6050562e-05,0.00012479098,-0.0001464527,-1.8784529e-05,0.0001755349,1.2452116e-05,-8.090108e-07,3.173478e-05,0.00016646422,3.7599933e-05,1.6192082e-05,3.386428e-05,0.00010363892,-1.2122907e-06,-9.267319e-05,0.00022697539,0.00015980755,-0.00014413979,7.119664e-05,6.0691516e-05,0.00014982474,6.79575e-05,0.00018010111,-0.0001808179,1.7836375e-05,-0.00016240141,0.00010231526
A586_NM_015213_3,-6.445362e-05,3.7867518e-05,-1.327242e-05,-8.273168e-06,2.6955158e-05,-5.778052e-05,0.00019895412,-0.00013257684,-0.0002721201,-0.00010075271,-0.00014535389,9.1337264e-05,-8.345326e-05,9.2388225e-05,-6.231958e-05,-0.00017418168,1.5097391e-05,2.6023603e-05,-9.8123564e-05,0.00019604123,-4.8630725e-05,4.7988156e-05,-0.00014361824,-0.00013001087,-0.00015306128,3.5530364e-05,7.606225e-05,-1.5664722e-05,3.4421242e-05,-0.00020238018,-0.00014489004,8.789003e-05,6.7586596e-05,-0.00020725744,7.426994e-05,-5.7144094e-05,0.00011157907,7.301064e-05,0.0001672883,6.390394e-05,5.3146356e-05,-0.000118379685,6.0691462e-05,0.00014653544,-6.506596e-06,-3.1737288e-06,-4.2991152e-05,0.00012497223,-0.00010484714,-0.000108804015
A576_NM_015213_3,0.00012495939,-0.00014629871,-7.460476e-05,0.00018909594,3.0563566e-05,0.00020812072,0.00014112687,0.00012115462,6.863936e-05,-3.9668877e-05,8.471572e-05,0.00011349971,-0.0001900054,5.7495163e-05,-0.000113032904,9.572065e-05,0.00014213036,6.5503846e-05,-8.363882e-05,-0.00016619671,1.7759141e-06,3.320919e-05,0.0001404571,0.00019292421,4.6581048e-05,0.00021300245,0.00015101903,-2.1114753e-05,0.00027780404,3.965459e-05,2.3443754e-05,5.8054167e-05,0.00011445018,6.7413384e-05,0.000104389066,8.38617e-05,0.000134044,8.8857974e-05,4.767572e-05,-9.401409e-06,0.00014744078,6.441722e-05,-1.8027655e-05,1.6128964e-05,9.069981e-06,0.00019070217,-6.717931e-05,-2.1139069e-05,-7.0391376e-05,-6.650601e-05
B153_U47298,3.5415108e-06,-3.3810255e-05,-8.329085e-05,0.00012593424,3.974539e-05,0.0002275082,-0.00016920605,3.965127e-05,1.2327288e-05,-5.925483e-05,0.00010073015,8.8126966e-05,2.6583566e-05,8.950599e-05,-5.833638e-05,-0.00016443236,0.000116417716,6.074309e-05,-7.3347455e-06,-2.404402e-05,0.00018494773,-2.7816199e-05,0.0001061135,8.970742e-05,-0.00015548881,-4.6670328e-05,0.00010378744,6.9043155e-05,-4.195463e-05,0.00013183922,1.8276836e-05,4.365952e-05,-0.00018792761,0.00017127313,4.3350952e-05,5.7153007e-05,0.0002596156,-7.038539e-05,-5.308403e-05,0.00017107071,0.00014855404,1.46628e-05,5.122816e-07,4.6682613e-05,6.0247054e-05,-8.848745e-06,-8.814108e-05,0.00017648065,-5.6093293e-05,-2.2651562e-05
B101_U47298,0.0001414599,0.00014104169,3.9360293e-05,-0.00011669766,-6.569876e-05,0.000120017576,9.584153e-05,-6.829595e-05,3.744535e-05,0.00011472257,4.165564e-05,-0.00012367284,2.8732708e-05,0.00026470123,0.00013314167,0.00011063832,0.00020858936,-0.00016486639,-1.4928297e-05,8.2696366e-05,-2.240549e-05,1.6296635e-05,0.000103341845,1.2904385e-05,-0.00014877974,2.938824e-05,-9.395477e-06,9.99434e-05,9.570742e-05,2.42645e-05,6.356803e-05,-6.4489774e-05,6.542821e-05,-7.177367e-06,3.509686e-05,-0.00016225924,-0.00015677558,-0.00015157407,-1.5288852e-05,1.31478855e-05,-8.1359845e-05,-8.550883e-05,0.00021166091,-0.00016867727,0.00016988632,5.7294197e-05,4.0353584e-06,2.222065e-05,-4.117931e-05,-1.6439217e-05
A361_XM_371822_2,0.000116213196,-9.514977e-05,0.00013050783,-0.00013403271,-9.438011e-05,2.6263595e-05,-2.1051535e-05,4.805209e-05,-0.0001982552,5.831082e-05,7.935367e-05,0.00017706507,-5.7072168e-05,4.366187e-06,-2.5344983e-05,4.4683937e-05,-3.105215e-05,4.951114e-05,0.00011241878,-2.0502937e-05,-6.7625944e-05,4.2447762e-05,0.00012009141,-9.365857e-05,6.2843064e-05,-5.860507e-05,-0.0001287566,0.00018177535,-0.000120463876,0.00012529816,-0.00010730835,0.00015282862,7.702195e-06,-9.30528e-05,2.3042545e-05,4.659005e-06,-5.1056155e-05,1.3885051e-05,0.00013327577,3.222872e-05,-8.612548e-05,-0.0001292207,-4.129833e-05,-0.00011124983,0.00021409002,-0.00015978096,6.856074e-05,0.00015908682,0.00022918987,4.1458552e-05
B338_U92436_1,-4.9959153e-06,-0.0002229217,-7.120954e-05,-6.552528e-05,1.8245879e-05,-0.00012184681,-1.7765644e-05,4.532305e-05,7.887636e-05,0.00018503088,0.00011226012,-5.7913086e-05,-7.496421e-05,-6.142046e-05,7.9781625e-05,0.00024085959,-0.00014182928,0.00027719626,-0.00028773796,-2.4668432e-05,0.00013803615,-2.435953e-06,2.4169134e-05,-8.167628e-07,0.000102915954,8.987122e-05,-4.1648723e-06,2.2026712e-05,-4.9584112e-05,6.5897715e-05,0.00013414564,0.00010272225,0.00014363587,-6.102565e-05,-2.8767454e-05,-9.660923e-06,-4.4153385e-05,2.439606e-07,2.9403838e-05,0.00021176743,-9.57809e-06,-5.6958605e-05,-0.00020483886,8.849552e-06,0.00011287159,2.1422078e-05,5.5049884e-05,7.363613e-05,0.0002937365,2.7198243e-05
B353_U92436_1,0.0001650491,-6.764599e-05,-0.00010142693,0.000102930215,2.5491889e-05,0.00022724424,6.069709e-06,9.550268e-05,7.04085e-05,-4.963943e-05,0.000114000526,-8.6851316e-05,-9.346129e-05,0.000110740024,-5.3183467e-05,-6.2254236e-05,6.0461974e-05,0.00014209314,-2.2724218e-05,-1.9781972e-05,0.00019022753,0.00012929252,0.00011900285,0.00022237898,-1.6306276e-06,-2.0306075e-05,-4.9769983e-06,-0.00014497469,-0.00014401914,1.4858568e-05,4.6778052e-05,-0.00011777274,-4.3496882e-05,1.991913e-05,-4.8865648e-05,6.8464295e-05,2.073608e-05,0.00020943489,4.5899626e-05,-2.1796632e-05,0.00018426296,-0.00013944587,-8.105255e-05,-6.463046e-07,-0.0001925638,-1.9684054e-05,-9.2704926e-05,-5.3710896e-06,-0.00012236439,-0.000114096554
B172_U47298,0.0001244658,-2.4972895e-05,-5.3370783e-05,2.740872e-05,-4.531311e-05,-0.00012275363,9.947091e-05,-0.00013580236,0.00015542722,3.0469877e-05,-4.9492406e-05,-3.0431787e-05,0.00012975861,2.6118047e-05,0.0002739845,-8.355607e-05,-3.5697827e-05,0.00016205695,0.00011750444,1.655159e-05,4.650155e-06,-2.3172375e-05,0.0001733078,0.00028596714,0.00019782681,2.2867005e-05,1.738235e-05,6.986107e-05,-4.429655e-05,3.734111e-05,-3.1585478e-05,0.00016912531,3.132275e-05,-0.00012196676,0.00017977486,-6.274244e-05,-8.213044e-05,-3.2909433e-05,-3.9594006e-06,8.7180626e-05,-6.537667e-05,-4.1870233e-05,-7.1031275e-07,-0.00013539448,2.9786843e-05,-0.00018016763,-5.0414423e-05,1.7178902e-05,4.698195e-05,7.120575e-05
B379_J03132_1,0.00014417853,8.071235e-05,0.00011083334,8.532413e-05,3.2543144e-06,8.836561e-05,1.9317483e-06,4.7576195e-05,-6.4488486e-05,4.6177087e-05,0.0003516866,7.699495e-06,-1.4955262e-05,0.00015227823,-0.000119686185,-6.618584e-05,5.206105e-05,0.00014347554,-3.1485808e-05,-7.985521e-05,0.00011771808,5.8198734e-06,-9.071403e-05,-5.4801487e-05,-7.840959e-06,9.7183256e-05,0.00015019412,-4.3457745e-05,8.820863e-05,2.3622968e-05,-9.491938e-05,0.00014565347,-0.00013757127,3.8081227e-05,5.5248467e-05,0.00011509375,5.6568057e-05,-2.409737e-06,6.747877e-05,6.7529276e-05,-7.879028e-05,-3.076152e-05,0.00011849451,0.000121386016,-0.00019457836,-4.8699014e-05,8.781742e-05,-1.1563927e-05,4.1555708e-05,-9.306231e-05
A550_NM_015213_1,0.00014290246,-0.00012801646,1.1568914e-05,-8.5288266e-05,1.6834496e-05,0.000104382416,-6.371334e-05,-0.00014780773,1.8956956e-05,7.801142e-05,-0.00019859671,2.5428619e-05,2.31848e-05,-7.0255504e-05,-5.0204576e-06,9.024385e-05,-5.5058706e-05,-5.7983358e-05,0.00014522673,-0.00018544264,4.6864792e-05,0.00012400589,7.930013e-05,0.00021249244,5.9799393e-05,-6.247943e-05,5.5925964e-05,1.993678e-05,-2.5412744e-05,4.1452663e-06,0.0002742494,0.00018810335,-1.3950702e-05,-8.525912e-05,0.0001722106,4.2310974e-05,-0.000116006304,0.00025762658,8.8508525e-05,-3.3802426e-05,4.669961e-05,0.00012794041,0.00024277865,3.4432316e-05,-7.7141185e-06,0.0002495602,5.402349e-05,-7.5435215e-05,0.000105602114,3.4464785e-05
B2_AH001498_1,-7.321417e-05,4.5878376e-05,-5.709509e-05,0.00013143124,-0.00020055343,0.00026560156,-0.000113835704,0.00019444287,-4.9478815e-05,-0.00020116694,-6.436949e-05,9.703212e-05,1.5929847e-05,-9.785945e-05,-0.00026575912,-7.8921716e-05,3.4676545e-05,-0.00010173816,-0.0001880327,0.00015874366,-2.937091e-05,3.8339716e-05,2.7934384e-05,-0.00011422089,0.0001148362,1.1422741e-05,2.809294e-05,0.00010415621,-0.00016500632,0.00011034675,5.4524644e-05,-4.1459432e-05,0.00017106596,6.978703e-05,7.751111e-05,2.5102456e-05,-7.7140285e-06,0.00015298692,1.02460735e-05,-6.9258504e-06,-0.00014237202,-0.00015181277,0.00018769462,0.00011078339,-0.0001663465,-1.1195507e-05,1.4295902e-05,-1.8112363e-05,0.00024353854,-2.358668e-05
A364_XM_371822_2,-0.00011309397,-0.00017342296,-0.000105842955,-3.9180773e-05,-2.8967697e-05,0.00012858912,0.00022254349,-4.1583542e-05,1.8753024e-05,-3.590737e-05,0.00020906753,8.6776665e-05,-4.7126556e-05,8.550863e-05,-0.00010762262,-0.00017544208,4.7667796e-05,3.7357015e-05,6.2501276e-05,0.0001626661,-2.6728727e-05,1.8151053e-05,-9.1908645e-05,-0.00012806043,-5.6489644e-05,8.338113e-05,2.783204e-05,4.568653e-05,0.00012459743,-1.4743933e-05,-3.5471327e-05,-7.928928e-06,-5.3075117e-05,0.00015841286,2.5352147e-05,-2.9186922e-05,0.00019105217,-4.0501327e-06,-6.2307525e-05,5.205706e-05,2.5043744e-05,-6.386751e-05,0.00021529157,0.00015391456,-3.3311935e-05,6.747721e-06,5.4042095e-05,-9.153266e-05,0.00016695124,-2.4733727e-06
A391_XM_371822_1,1.45950125e-05,4.0196668e-05,0.00016053062,-0.0001666694,-0.00020417129,-6.363539e-05,0.00016528887,-0.00017546715,-5.6623812e-05,7.916441e-05,4.174724e-05,-3.6035664e-05,-0.00015232583,-4.110127e-05,0.00014198422,-1.1854415e-05,4.3204822e-05,9.2540475e-05,-7.8298996e-05,0.00012269025,0.00017329214,0.00013657869,2.3839248e-05,-2.5935238e-05,-0.00016047494,2.8122511e-05,6.6807544e-05,0.00011997292,-4.121228e-05,3.525781e-05,4.8942627e-05,0.00014520984,0.000106079846,6.0020307e-06,-4.0871848e-05,0.0002083205,0.0002641537,1.165531e-05,-2.2817869e-05,1.7708187e-05,-0.0001226145,-5.074636e-05,-0.00012385768,0.000117135365,-3.3309276e-05,1.1848403e-05,-0.0001073207,2.6425847e-05,7.0939386e-05,-9.115863e-05
B108_U47298,9.4988594e-05,-1.9149262e-05,0.0001567484,4.5980767e-05,0.00018204433,1.1886403e-05,7.08301e-05,1.2476194e-05,5.922304e-06,-3.726126e-05,3.9427312e-05,3.679125e-05,-8.179949e-05,-1.0572704e-05,-0.00012310379,6.7547626e-05,-7.5993645e-05,9.066518e-05,2.183332e-05,-0.00016522288,-0.00010540568,0.00012165266,0.00022135116,6.408949e-05,0.00017455548,0.00019945411,4.0766165e-05,1.09004195e-05,-6.872774e-06,-0.00012101382,3.6998572e-05,3.875968e-05,-9.327525e-06,-6.830644e-06,-4.5301942e-05,-0.00010489866,0.00010015569,8.5085536e-05,0.00014693452,5.7261557e-05,-4.5900806e-06,-4.014892e-05,-5.683443e-05,-5.852326e-05,-4.4084623e-05,0.00011348591,1.1453451e-05,0.00019429225,-0.0001036287,0.00024189061
B118_U47298,1.8811086e-05,-4.0624185e-05,-7.863421e-05,0.00012136408,1.874614e-05,-0.00016032878,-0.00013390166,9.925059e-05,5.8057973e-05,2.2364813e-05,-5.474806e-05,6.466682e-05,8.417643e-05,8.033016e-05,-2.9405626e-05,0.00018346476,0.00015424554,7.1565744e-05,-2.4155242e-05,4.3821343e-05,-3.99067e-05,-2.368662e-06,-0.00019444904,8.129353e-05,-0.00025531376,-1.5251632e-07,3.87407e-05,-5.122747e-05,-9.829144e-05,0.00010974581,7.615544e-06,8.431281e-06,0.000104861254,-0.00022199818,0.00018329902,4.273057e-05,-0.0001168406,-0.00012989237,-1.7910954e-05,-0.00020883813,-3.5989764e-05,-1.7701941e-05,0.000112075955,-5.397602e-05,6.994613e-05,2.4767118e-05,-0.00012842595,4.1081174e-05,-0.00010265188,7.501496e-05
B361_U92436_2,0.000103635524,-6.0558727e-05,0.000172279,2.4613173e-05,1.8885783e-05,3.2367923e-05,9.411666e-05,5.540531e-05,-1.2153416e-05,0.00013540601,4.2783384e-05,-2.420996e-05,-0.00011522773,7.2417206e-05,-0.00013999309,0.0001288234,2.9292487e-05,-0.00018239916,0.00016150188,-5.170458e-05,6.8464433e-06,7.17186e-05,8.943032e-05,-1.3675601e-05,5.499846e-05,5.2080974e-05,-4.748568e-05,0.00026107632,0.00011293667,-1.7097585e-05,-1.6952228e-05,0.00012831208,0.00013635034,7.146084e-05,5.5331227e-05,-0.00016309688,-4.994003e-05,3.1289415e-05,6.638144e-05,-1.9800382e-05,0.00016101709,0.00013689775,-3.338211e-05,-0.00018853805,0.00010054471,-5.1539814e-06,0.00017347462,6.372943e-05,7.873921e-05,0.0001253792
B394_J03132_1,0.00015665783,9.9417855e-05,-6.524152e-05,0.00037294146,-0.00013416747,0.00022062732,4.125617e-07,-1.4760126e-05,-5.5754117e-05,0.0001422588,2.7073986e-05,-2.6430063e-05,0.000107807646,5.9396618e-05,0.00017376817,2.6245173e-06,0.00018549494,4.2042724e-05,0.00011903664,4.441491e-05,-1.7403023e-05,0.000118180826,2.4459816e-05,0.00013403734,4.802783e-05,-0.00018712772,-1.6517368e-05,1.493532e-05,3.7962855e-05,4.3143336e-05,3.480953e-05,0.00010447514,-0.00010945352,-0.00013594363,-7.142632e-05,6.625682e-05,-8.530207e-06,0.00010526509,5.6213754e-05,-2.6475675e-05,3.6851226e-05,-5.9606034e-05,-1.9292282e-05,-6.944911e-05,0.00011261298,5.4754535e-05,-3.97763e-05,-3.277671e-05,0.00012878288,-1.23376385e-05
B407_J03132_2,-0.0001101964,0.00010575667,9.802462e-05,-1.4324945e-05,-0.0001271379,0.00017219444,9.536015e-05,4.0062005e-06,2.8698557e-06,-0.00012277898,0.00019425515,0.00014116002,-0.00010972308,1.99993e-06,9.022014e-05,0.0002446824,-8.049428e-05,0.00010186464,-8.8223955e-05,-4.9344026e-06,0.00018193146,4.9139155e-05,3.9137518e-05,-9.003935e-05,9.348307e-06,-3.8564052e-05,5.192104e-05,0.00012008855,-7.5332296e-06,-6.8146883e-06,-2.450466e-06,-0.00011584407,-1.2202538e-05,-0.00020034362,-4.4789616e-05,0.000114281764,-4.501848e-05,3.633639e-05,-0.000118537195,0.00010979972,-2.8336312e-05,-4.4248776e-05,0.00016136312,0.00017769971,9.286435e-05,-3.146809e-05,0.0001278996,-9.384007e-05,0.00020812075,-0.00024547853
B121_U47298,-0.0001361878,3.3300064e-05,0.000108600354,4.063169e-05,1.3652568e-05,9.971559e-05,0.0002862102,4.2794924e-05,8.49701e-05,-5.754053e-05,4.5847308e-05,-0.00013569435,-1.3193444e-05,-1.6048134e-05,0.00015167944,-5.364255e-05,0.00011231352,1.41945e-05,3.4537636e-05,-5.7087243e-05,8.553883e-06,1.851568e-05,-6.132731e-05,0.00024067832,-2.5109352e-05,0.00011696114,7.157293e-05,0.00019270998,4.2148513e-05,-0.00012495228,5.568897e-05,-6.783615e-05,7.8427576e-05,2.353524e-05,-2.228278e-05,-5.5821867e-05,5.8068083e-05,0.00015892021,1.266609e-07,4.424032e-05,-0.00017890379,-0.00026957432,6.8643654e-05,-3.5336507e-07,0.00015486551,5.1320883e-05,-3.964433e-05,-7.036525e-05,-4.5127792e-05,6.2117644e-05
B288_U47296,-0.00012497307,8.610555e-05,0.00011767416,7.858042e-05,0.00015923359,0.00021440203,-4.8451366e-05,-5.2644027e-05,2.774548e-07,1.8177123e-05,3.4659934e-05,4.8653008e-05,-9.003277e-05,0.00019836634,5.7997222e-05,7.3717114e-05,9.3996765e-05,4.845351e-06,1.4488683e-05,5.0836425e-05,0.00012289616,0.00013250015,-9.635732e-05,-5.5108732e-05,-3.036707e-05,-5.1253264e-05,-8.314891e-05,-0.00014259579,-0.00014236118,4.0707302e-05,0.0001674556,6.185557e-05,-1.8447088e-05,-8.3227176e-05,-4.369701e-05,-0.00013731803,7.048306e-05,-1.3279172e-05,5.140364e-05,2.727711e-05,0.00014963312,0.00020399853,-6.096209e-06,-0.00012520555,0.0001035545,0.00022535479,0.0001082492,3.921296e-05,9.312419e-06,-0.00011057736
A604_NM_015213_2,8.348872e-05,-2.1435495e-05,9.6822776e-05,-3.5189398e-05,8.652594e-05,-4.6707173e-05,2.2757196e-05,6.3982916e-05,-7.248601e-05,-0.0001569529,0.00010938477,0.00013667057,-6.949593e-05,0.00012338326,-0.00020953998,0.00028297046,-5.798252e-05,-8.198611e-06,0.00015275727,-6.3858024e-06,0.00018424797,-3.1703676e-05,-3.583588e-05,-5.9721646e-05,0.0002060238,5.94012e-05,-0.00013219201,-2.1266773e-05,0.00020924388,-1.0818231e-05,0.00021579974,-6.274156e-05,-0.00020709814,3.983853e-05,-2.810123e-05,0.00010172433,-3.2386262e-05,-0.00011108107,-6.5963446e-05,0.00016908582,-1.4979062e-05,-1.9203326e-05,-1.4634855e-05,0.00019826274,4.9413546e-05,-4.5965233e-05,8.7162276e-05,3.5267276e-05,0.00014176838,0.00032712496
B350_U92436_1,3.1707114e-05,-8.322867e-07,0.00010673721,0.0002261407,7.238618e-05,7.765589e-05,2.995955e-05,0.00012391144,-8.0577425e-05,-5.3337644e-05,0.00019327912,-0.0001734326,0.00022302482,1.315979e-05,0.00013270044,0.000112766844,-8.841372e-05,-2.545648e-05,0.00016609939,-2.1073985e-05,6.0092032e-05,0.00013307472,3.0148927e-05,4.886183e-05,0.00015114988,0.0002647845,5.0648254e-05,-0.000110043926,-2.662837e-05,-1.813555e-05,-3.729372e-05,0.0002781908,3.7921192e-05,9.664111e-05,-1.775058e-05,-7.4423866e-07,0.00012280965,6.792857e-05,3.1700256e-05,8.1914564e-05,1.3802494e-05,1.3374383e-05,4.131712e-06,0.00019024394,-4.038276e-05,-9.1931484e-05,4.8048463e-05,7.7040015e-05,-2.6029677e-05,7.457052e-05
A560_NM_015213_1,3.4255492e-05,1.1750932e-05,1.6393047e-05,-0.00016234891,-4.0660234e-06,3.551264e-05,2.0521933e-05,-5.088325e-05,0.00020232808,0.00010992261,6.5576955e-05,-7.408775e-05,7.1491035e-05,2.3251172e-05,0.00020646823,5.0400697e-05,1.9218609e-05,0.0002350594,-9.022547e-05,-8.3804334e-05,0.00011040845,-5.4071443e-05,-3.0418072e-05,9.317965e-05,-2.6991577e-06,-3.7430666e-05,-6.9294656e-05,-2.7355254e-05,-0.00017860181,0.00013543178,8.681889e-06,-4.0086317e-05,-6.077624e-05,7.3772404e-05,0.0002388748,-6.768775e-06,-1.8232757e-05,-0.0002771085,2.4021818e-05,-7.898872e-05,3.8040616e-05,0.00022949852,3.1174623e-05,0.000117161326,8.501924e-05,9.873553e-05,-3.834518e-05,5.6998993e-05,0.00011846436,-7.151774e-06
A431_XM_371822_1,-0.00010276738,0.0002277597,5.4064505e-05,0.00011225342,9.232477e-05,3.6978145e-05,-2.1122856e-05,4.307838e-05,-3.1283462e-06,-0.00019337583,2.0630172e-05,-3.8653434e-05,9.2761016e-05,0.00019446941,1.2853545e-05,6.735047e-05,7.367833e-05,0.00017820137,-3.99524e-05,2.850267e-05,9.88879e-05,-2.5459072e-05,0.00015075626,7.477463e-05,0.00012670197,2.6911206e-05,-0.00013283285,9.349505e-05,8.029165e-07,4.7843598e-05,8.053692e-05,0.00012247328,8.1431455e-05,-0.0001409257,0.000105217405,5.3193144e-05,1.1450337e-05,8.1968916e-05,-1.0348782e-05,5.164979e-05,7.0195188e-06,0.0001694402,1.3793558e-05,-0.00013936298,0.00016231976,-9.6114345e-05,-1.1252594e-05,4.3726748e-05,-7.60024e-06,2.7427594e-05
B5_AH001498_1,0.00015714811,-0.00023203243,4.4740318e-05,0.00020086393,-1.2112895e-05,8.913112e-05,2.751054e-05,-0.000106177205,-0.00017553041,-7.512175e-05,-6.991887e-06,-2.4139557e-05,-4.37752e-06,9.996665e-05,2.5083016e-05,2.035207e-05,0.0001242531,1.4610823e-05,-7.838959e-06,0.00016728575,1.5076325e-05,2.7641014e-05,-7.713556e-05,3.068263e-05,0.00012967036,0.00013906092,-6.6392495e-05,-0.0001374619,2.364953e-05,0.00011410576,-4.9572052e-05,9.924205e-05,2.5232206e-05,5.673477e-05,-5.980363e-05,-7.021094e-05,-5.805716e-05,-0.00013987847,-0.00021181432,-6.671453e-05,0.00011395922,0.00022591773,6.817869e-05,-9.0971625e-05,-6.490657e-05,9.313632e-05,-0.0002140778,0.00014777969,4.5026263e-05,-2.1030796e-06
A424_XM_371822_1,0.00013137348,9.055984e-05,-4.664363e-05,6.5245627e-06,9.5165924e-05,0.00013123457,-0.00017961448,1.3331101e-05,8.8170484e-05,0.0001491675,0.00012140537,5.633381e-05,0.00013817131,2.1897575e-05,5.6126166e-05,-3.6683714e-06,-5.8942747e-05,-6.205948e-05,0.0001403622,4.389948e-05,-0.00010699069,3.60493e-05,8.952201e-05,5.853138e-05,-0.0001279266,5.1313662e-05,8.99601e-05,0.00024381232,0.00012491697,-7.24458e-05,-1.1244702e-05,-1.5629003e-05,6.1230334e-05,5.9339814e-05,-0.00017075901,0.0001220152,0.00015473383,3.9838655e-05,-0.000104986866,0.00019532145,2.9179344e-05,8.60799e-05,5.5121727e-05,-1.1117555e-05,5.451104e-05,-3.4255794e-05,0.0002516718,-5.9240752e-05,-2.4080913e-05,0.00019204635
A453_XM_371822_2,0.0001900897,3.8469523e-05,-8.9995876e-05,-5.6345358e-05,0.00022984402,5.207319e-05,-1.588185e-05,5.1017192e-05,-0.000105995554,0.0001724578,-9.354985e-05,2.6736618e-05,7.119396e-05,-0.00022253799,0.0001282261,3.715499e-05,-6.8447014e-05,-0.000111500696,-6.228768e-05,1.8916619e-05,0.0001078066,1.9960424e-05,-5.7003413e-06,8.088793e-05,-4.1868847e-05,0.00017419856,7.67053e-05,0.00012493142,4.016942e-05,-0.00020922004,-7.327535e-05,4.5747856e-06,-1.2406746e-05,-6.228339e-05,-1.12480375e-05,1.8941237e-06,6.4990956e-05,0.00021997107,6.5223314e-05,6.1683946e-05,7.022279e-05,5.3915668e-05,0.00016125629,0.0001451194,0.00010654802,1.8164112e-05,0.00014735005,1.2128132e-05,4.9271628e-05,0.00012642512
B120_U47298,-3.6538324e-05,1.5764483e-05,4.631726e-05,-4.9922437e-06,-6.0126025e-05,8.3030674e-05,0.00017179911,0.00025829225,-6.7618465e-05,3.2381533e-05,-1.7849803e-05,4.3047665e-05,7.340841e-06,-0.00022395351,-5.8985053e-05,0.00016269302,-6.155961e-05,5.3165742e-05,-0.00011310842,4.52133e-05,-5.780125e-06,0.00023864186,5.6624438e-05,0.0001596984,-0.00012451729,0.0001231152,-0.00010076775,9.050006e-06,-0.00011060026,-8.529124e-06,-1.3075834e-05,-6.650047e-05,8.314529e-06,-1.5053057e-06,-9.868148e-05,-3.8175545e-05,-5.0255476e-05,4.3868276e-05,0.00014390759,-2.0742295e-05,0.00010958334,0.00017337722,4.961869e-05,9.594068e-05,-3.7324207e-05,0.0002108051,0.000115433715,0.00020245448,-0.0001588675,7.7412864e-05
A485_XM_371822_1,5.3365216e-05,7.741901e-05,1.7461509e-05,5.788175e-05,0.000177674,6.754306e-05,-3.3260087e-05,0.00023416027,-4.905582e-05,-0.00011951022,-7.2523535e-06,3.5002429e-06,-0.00010919316,0.00015721482,-0.00015914033,3.0975007e-05,5.2931426e-07,0.00010769697,1.5154093e-05,0.00018895713,0.00011009869,-6.219919e-05,0.00011455247,-0.00010264182,0.00018595615,-9.691018e-05,7.238739e-05,6.5391185e-05,2.8805987e-06,-0.00010019161,3.372174e-05,7.0333386e-05,8.0274214e-05,-4.568901e-05,0.00010772986,0.00012604894,5.3609023e-05,1.7058113e-05,8.487138e-05,-0.00019975408,0.00014551825,5.8327012e-05,5.5026456e-05,-4.2968404e-05,2.5099995e-05,0.00013510456,-1.3468058e-05,-0.00011162565,0.00016365096,2.1053826e-05
A489_XM_371822_1,0.0001988284,-4.424327e-05,1.4171359e-05,-2.7549013e-05,-0.0001475593,0.0002329726,-6.731546e-05,5.3110558e-05,0.00015096214,1.868339e-05,0.00011550274,-5.0900177e-05,-0.0001873572,0.00013837518,2.5592106e-05,7.804553e-05,-2.2437967e-05,-4.622569e-05,8.240474e-05,-0.00019736792,1.8283125e-05,4.8558326e-05,-3.1687512e-05,6.899996e-05,-6.3832646e-05,-0.00020520709,0.00012971662,4.8274334e-05,0.0002009442,-4.8727827e-05,9.894744e-05,-7.102325e-05,-6.853097e-05,-9.484786e-05,0.000112277834,-2.5250025e-05,-6.4737105e-05,-0.00013049823,2.5058243e-06,0.00010888957,-0.00012892715,0.00015051347,-4.610535e-05,0.00013914298,0.00017659474,1.6230739e-05,0.000117354706,-3.1383246e-05,8.371197e-05,5.9069313e-05
A607_NM_015213_2,-5.0302555e-05,0.0001629589,1.5227607e-05,-2.6011901e-05,-0.00010312193,-0.00013136763,7.505757e-05,7.364023e-05,4.282207e-05,-0.00014942416,-0.00013762996,-3.2934142e-05,-1.6678337e-05,1.8701134e-05,0.00015987948,-8.6389606e-05,-9.914719e-06,0.0002389669,3.9064016e-05,0.0001771013,-4.098558e-05,0.0001788489,-5.4000146e-05,1.1069552e-05,-9.8286226e-05,9.973187e-05,1.444478e-06,7.571902e-05,3.661181e-05,3.4593784e-05,0.00016507397,0.00011418116,0.00019901563,0.00018371844,1.5720494e-05,0.00025857013,-0.00023872843,-6.254139e-05,-6.773738e-05,-6.681411e-05,9.4844014e-05,7.0257345e-05,-1.7835888e-05,-0.00013220232,-1.596613e-05,0.00014659807,0.0001471407,-2.9498846e-05,-0.00011595195,-0.00015296224
A557_NM_015213_1,0.00014929501,-8.7094944e-05,-6.2244115e-05,0.00018307625,-1.1405013e-05,0.00010595967,5.4149565e-05,0.00010495289,2.6868018e-05,6.857866e-05,0.0001656606,0.00015311054,-6.498673e-05,1.1514263e-05,4.2926575e-05,7.9432283e-07,0.00014014325,2.7525713e-05,-1.8235947e-06,-1.421712e-05,-9.7751545e-05,0.00010252262,-0.00014199797,-0.0002630571,-9.3245115e-05,8.9314315e-05,9.96004e-05,-5.2497857e-05,0.00020705121,-0.00013018369,-9.982335e-05,0.0001445677,-9.203765e-05,4.9216567e-05,3.1924883e-05,0.00019758064,0.00015270355,5.4708533e-05,6.663425e-05,3.0497598e-05,9.210263e-05,0.00013467437,-0.0001063677,-7.407079e-05,-5.2094132e-05,-4.7031856e-05,0.00017336106,7.8739555e-05,-7.715587e-05,-0.00020870124
A506_NM_015213_3,0.00013111709,0.00016413703,-5.7037178e-05,0.00010269064,4.3398424e-05,4.1038365e-05,3.6164354e-05,5.4686407e-06,5.506599e-06,-9.584594e-05,-6.858281e-05,-0.0001771198,-0.0001042241,0.00017716402,4.7881793e-05,-4.6726997e-05,0.00022141116,3.5886816e-05,-4.887514e-05,-5.7157627e-05,5.4486074e-05,8.116657e-05,0.00012139078,5.307499e-05,6.261927e-06,7.292405e-05,3.1854026e-05,0.00014876775,-6.495071e-05,7.273696e-05,-9.083175e-05,4.646997e-05,8.237373e-05,-4.535529e-05,-0.00011447755,7.760081e-05,-1.6947291e-05,7.2956725e-05,-9.536896e-06,-5.5461085e-05,0.00015322382,0.00010659244,7.376218e-05,0.00011913586,7.697899e-05,9.010342e-05,1.0743228e-05,0.00017640853,-1.2693376e-05,-3.2759956e-05
A407_XM_371822_1,6.597629e-06,-2.2334798e-05,0.0002038627,2.1875461e-05,-8.933985e-05,-0.00019940922,-9.635771e-05,-4.2208638e-05,8.177177e-05,2.8916602e-05,-0.00010593293,0.00014560726,-0.00012692108,3.5728393e-05,0.00015614514,0.00013276869,6.151202e-05,-8.979667e-05,-1.6581114e-05,0.00011030905,6.335284e-05,0.00011934539,9.032228e-05,-5.0584036e-05,6.458813e-05,0.00023644317,0.00018520326,5.1873826e-06,-7.2031025e-07,-1.23352265e-05,-6.3979416e-05,-7.247686e-05,-9.691155e-05,8.932551e-05,-6.9281123e-06,4.920507e-05,2.8752851e-05,7.2188705e-05,-2.9184432e-05,0.00014716001,0.00012648744,5.0380233e-05,7.06553e-05,8.646953e-05,-3.4211254e-05,4.5579804e-05,0.00010463789,5.795007e-06,0.00013613763,-8.988844e-05
B91_NM_001632,2.4499923e-05,6.0230675e-05,6.925446e-05,-0.00025911204,4.9054626e-05,-5.34625e-05,0.00013637824,-0.00011995932,-3.1547097e-05,0.00016046289,0.00010160038,-3.4949906e-05,-0.00017895116,0.0001139671,6.5930275e-05,0.00011458428,6.7300105e-05,7.9800964e-05,-3.27199e-05,-0.00012213571,-0.00012435364,-7.2012794e-05,6.3668755e-05,-0.00023700847,-0.00011482134,-0.00020748346,0.000106445,5.1430998e-05,-6.9926323e-06,-0.00012777309,-6.2803565e-06,0.00011190895,9.940839e-05,-5.11775e-06,0.00011294,8.479771e-05,0.00018751434,9.9136516e-05,-0.00022441495,3.3860346e-05,6.6846726e-05,3.9180493e-05,-1.3953498e-05,-6.0960683e-05,4.493554e-05,9.3049545e-07,0.0002817572,8.499977e-06,-0.00019018495,0.00014049654
B356_U92436_1,-3.0236111e-05,0.00017010562,-0.00016764514,-4.5043922e-05,0.0003704733,0.00018356195,-4.2403728e-05,5.810142e-05,-8.433807e-05,4.929194e-05,1.01595115e-05,0.00013532932,0.00017027537,-1.0284204e-05,0.00010909573,-0.00016496684,-5.5724145e-06,-3.3814373e-05,8.9294255e-05,-0.00010556413,-1.4901136e-05,6.4951666e-05,3.951975e-06,-0.00010428584,-2.854132e-05,0.00014924546,-6.284073e-05,3.702006e-05,2.5617011e-05,3.913816e-05,0.00015186246,0.00017392816,0.000179901,5.4674758e-05,-0.00027077872,0.00012355366,0.00018075916,-9.1978494e-05,1.2821567e-05,0.0001232843,5.26777e-05,8.910459e-05,0.00016229495,-8.006741e-06,-6.6955668e-06,1.6102475e-05,0.000222437,-5.447329e-05,-7.729136e-05,0.00017328387
A564_NM_015213_3,0.0002461608,5.2833304e-05,6.974535e-05,-3.6550635e-05,-1.1880568e-05,9.505764e-05,5.8688456e-05,2.142995e-05,0.00012156687,7.191414e-05,-2.5418385e-05,6.443875e-05,0.00010168179,7.415706e-05,-6.3830694e-06,-8.782127e-06,0.00024376462,1.3200951e-05,1.0072578e-05,-9.894008e-05,-0.000168556,-6.080906e-05,6.967228e-05,-0.000100483114,-1.6897811e-05,-3.6830625e-05,2.6614893e-05,0.00015287739,5.259656e-05,-4.9662543e-05,4.443099e-06,-0.00017720094,5.9878977e-05,-7.828285e-06,-8.144685e-05,-1.1102663e-05,0.00012559688,0.00015243761,5.1803832e-05,-0.000148094,-9.060592e-05,8.392579e-05,-0.000104871964,5.2490384e-05,-3.4068198e-05,0.00016580017,-0.000121365556,-9.797277e-05,0.00015399247,0.00012083953
B149_U47298,7.415064e-05,0.00015872363,0.0001633361,-1.4315321e-05,-5.3940268e-05,-6.213784e-05,4.2767206e-05,-0.00012722536,3.662925e-05,0.0001156387,0.00013459208,-4.1937663e-05,-1.3299341e-06,4.3644828e-05,4.2529373e-06,-9.09582e-06,6.8258734e-05,0.00026997345,-2.1783046e-05,9.426254e-05,0.0001491939,-8.214567e-05,7.1095856e-05,0.00011480085,0.00018348453,3.3340362e-05,4.9508867e-06,-4.0451996e-05,2.0323073e-06,-4.4880912e-06,5.99094e-05,0.0001528041,-4.247719e-05,-6.4543376e-05,-6.2976025e-05,-6.693992e-05,7.835654e-05,-5.0083432e-05,4.5730143e-05,-3.6958638e-06,-0.00011271777,-4.072732e-06,8.166897e-05,0.00012648401,-4.752438e-05,0.00011446902,-3.5290246e-05,5.6117417e-05,-2.7220314e-05,0.00027143452
A482_XM_371822_1,6.6855166e-05,5.7139754e-05,0.00030043838,6.337034e-05,0.00021674036,-0.00020269396,-3.988451e-05,-1.3553097e-05,6.100522e-05,-0.00015444345,-2.7290615e-05,0.00021462726,4.9137776e-05,-9.789942e-05,-8.488834e-05,2.635738e-05,-3.0115325e-05,0.00016934337,-6.215804e-05,0.00018636278,-2.4269131e-05,-3.8345595e-05,-3.657256e-05,2.3678176e-05,9.9600875e-06,-0.00013886974,8.0540194e-05,4.367626e-05,-5.6942143e-05,9.029437e-05,0.00016522621,3.90997e-05,-7.206888e-05,0.000108483306,0.00018932538,-0.00014243962,-4.267919e-05,-8.3648105e-05,5.950288e-05,0.0001490779,1.5233518e-05,0.00022649602,4.7441456e-05,-9.7608405e-05,-0.00017103099,-9.656901e-06,0.00013665677,8.8849665e-05,4.341239e-05,-0.00027103996
A418_XM_371822_1,6.3035615e-05,0.00013478402,-5.3084328e-05,-6.0667626e-05,0.00019112174,5.8632417e-05,-0.00013069807,-4.3251435e-05,-0.00022876667,-0.00021651259,-3.3651108e-05,0.000100143036,3.3448207e-05,1.3996558e-05,0.00018487516,4.8547856e-05,-3.7672748e-05,6.6513865e-05,3.3256998e-05,-0.00016578253,6.661993e-05,0.00012618225,9.691046e-05,4.268684e-05,4.0188464e-05,0.00010121059,-4.5617162e-05,3.0340701e-05,-6.325903e-05,-0.00011519001,-2.1211883e-05,2.744958e-05,5.25347e-05,0.00013609156,0.00020872145,-1.4392496e-06,-9.141219e-05,3.8047587e-05,0.00011074235,5.3747484e-05,3.52024e-05,-0.000102803606,4.027679e-05,-5.662637e-05,0.00010872844,0.00013370556,0.00011966155,-0.0001383468,2.1218484e-05,-9.574919e-05
A494_XM_371822_1,-3.292363e-06,0.00024554532,-5.7760448e-05,-4.330273e-05,3.407421e-05,2.5705658e-05,5.9161095e-05,-3.077944e-05,-6.437635e-05,0.000112285205,-0.00017027369,-9.6567295e-05,0.0001959864,0.0001502574,3.4013618e-05,-1.9053545e-06,1.941543e-05,-0.00015193498,9.25593e-05,2.344523e-05,-3.9443457e-05,2.7570916e-06,-6.7681336e-05,-0.00012265595,0.000112850605,-4.5111537e-05,-7.5405034e-05,-1.0830145e-05,-3.1231004e-05,-0.00023767223,0.00015052299,0.00016506884,0.00021087022,8.45106e-05,-2.0776626e-05,7.521864e-05,-6.0616258e-05,-2.396008e-05,5.6667355e-05,-8.9883695e-05,9.549857e-05,3.198203e-05,4.5515066e-05,-3.5649507e-05,0.00010467598,3.675248e-05,0.0001716611,5.2199943e-05,0.00014810679,3.6172914e-05
A524_NM_015213_2,0.0001108217,0.00016345098,1.25664155e-05,7.575086e-05,4.0095765e-05,9.383612e-06,0.00012789443,0.0001227583,-0.00017338448,-9.733652e-05,2.173937e-05,2.9915065e-05,0.00017926373,-0.00017428241,-9.275984e-05,0.00017610012,0.00014692974,-2.3764355e-06,6.964655e-05,3.488661e-05,-7.4924435e-05,0.0002427172,-0.00011463565,-2.321938e-05,-1.777618e-05,-0.00012544334,5.851421e-05,-8.933327e-05,1.0734138e-05,0.00011195826,6.4380474e-05,-0.00015516178,-0.00022091133,0.00012143837,0.00011005622,-2.0303372e-05,0.00013459875,0.00022605596,7.412318e-05,0.00011618551,6.9635054e-05,6.532508e-05,2.3549865e-05,5.4026124e-05,4.112342e-05,-4.407063e-05,8.171733e-05,-2.8413783e-06,5.077321e-05,-5.614814e-05
A510_NM_015213_3,-9.912224e-05,5.595193e-05,5.61668e-05,-0.00012377623,-0.00016763103,0.00010169944,0.000105806954,-0.00011465735,-1.6296231e-05,3.9212646e-05,-6.6864595e-05,-4.1563276e-06,8.299544e-05,0.000109320536,-8.867196e-05,0.00015201536,-3.312919e-05,-5.8169804e-05,9.023323e-05,9.545038e-05,2.1112703e-05,1.9306573e-05,0.0001714111,1.9253806e-05,-9.33687e-05,8.943602e-05,-2.1759673e-05,-3.2306896e-05,7.1053714e-06,-5.560824e-05,8.5613196e-05,-0.0001241905,0.0003758726,-1.8402983e-05,-0.00011547047,4.420748e-06,-6.0478164e-05,0.00013243621,-3.8478986e-05,6.1217404e-05,-0.00010269508,0.00015197776,-0.00018584465,-1.6071954e-05,-0.00018914028,-0.00038658932,0.0003095284,-1.821057e-05,-6.0296155e-05,7.1655064e-05
B87_NM_001632,0.00011155641,-1.971739e-05,-0.00016746332,0.00012511048,1.6247886e-05,0.00016737325,-0.00015427751,-0.00012728877,-1.3517375e-05,-5.9688322e-05,0.000113187096,-3.219252e-05,-2.1835047e-05,0.00012290567,8.499725e-05,0.0001832045,1.3264953e-05,-3.1823558e-05,2.9455352e-05,0.00037297537,0.000196756,-2.728121e-05,0.00015244466,0.00013271155,-2.3469902e-05,0.00022199425,6.277003e-05,-0.00013734089,-3.8681104e-05,5.6323897e-05,9.815719e-05,-3.2637712e-05,0.00019482562,0.00013848134,0.000105696025,4.8331825e-05,9.989102e-05,-0.00019748593,3.6244826e-05,-0.00021583069,4.774544e-05,-6.616015e-05,3.3332457e-05,4.906334e-05,3.4811434e-05,-4.271495e-05,-0.00010143916,-0.0001323784,0.00022225993,1.6500166e-05
B104_U47298,0.00011942702,-9.163499e-05,4.8437396e-05,0.00017864039,5.315011e-05,-2.2679202e-05,0.00015495103,0.00013981559,-3.0529787e-05,-1.3656421e-05,3.952644e-05,-0.00011373621,-0.00013115961,-0.00015625887,-2.0391815e-05,0.000100436555,-1.6864746e-05,-0.00030341657,0.00013129135,6.043472e-05,9.3211354e-05,0.00015364814,6.099882e-06,2.9612323e-05,2.937449e-05,7.666182e-05,-4.7079343e-06,-6.268756e-05,6.746155e-05,-2.6111637e-05,-5.879445e-06,0.00013491773,0.0001366232,5.281958e-05,3.579973e-05,4.2663378e-05,0.00011723941,2.374607e-05,-6.073767e-05,1.5808786e-05,6.519176e-05,-2.2597871e-05,4.2895903e-05,-0.00010368984,0.00014071066,8.821404e-07,-4.5211556e-05,-0.00015111805,0.0001580503,9.611605e-05
A556_NM_015213_1,0.00019745473,0.00023449287,2.307632e-05,7.996151e-05,3.7481306e-05,0.00015559417,2.300976e-05,8.895768e-05,-4.1704993e-06,9.042352e-05,0.00016500456,9.351377e-05,-6.0700353e-05,-4.484275e-05,8.8566114e-05,0.0002301071,1.707245e-05,-8.703442e-05,1.0290294e-05,5.1944386e-05,2.2236303e-05,2.9542154e-05,3.4567827e-05,3.3880955e-05,0.00012999488,0.0001870335,8.419413e-05,4.5707413e-05,-3.9316128e-05,3.1516833e-05,-3.8574814e-05,-1.5241071e-05,-5.8861235e-05,-6.74645e-05,0.00029266192,3.1266543e-05,3.4704415e-05,0.00011805506,-0.00013566439,5.075964e-05,0.00018944984,0.00014394634,-0.00011654596,0.00010013334,0.00011296037,0.00018490922,-9.873952e-05,5.6844336e-05,7.4627256e-05,9.426486e-05
A434_XM_371822_2,6.4085536e-05,-7.64989e-05,-0.00015407376,2.079388e-06,3.0300942e-05,0.00019900085,-1.5528989e-05,-8.582839e-06,9.7055265e-05,6.2573404e-06,2.3537043e-05,-0.00012021529,-1.0521012e-05,6.899127e-05,-0.00010517482,-5.5934255e-05,0.00010362092,1.0112032e-05,0.000109388624,8.1849255e-05,5.666422e-05,9.30396e-06,1.0803866e-05,-9.43231e-05,5.8258745e-05,0.00011468243,3.5910805e-05,-5.967742e-05,-0.00013079701,3.8032627e-05,4.7272057e-05,-0.00022241204,-6.902448e-05,-8.086983e-05,0.00014283817,6.2545296e-05,-9.516764e-08,0.00021268793,-2.4501705e-05,0.000121717436,0.00020293544,3.9536313e-05,-3.9171933e-05,0.00012367718,0.00013209126,3.957722e-06,-3.818748e-06,-0.000120378696,-0.00011838452,1.9965255e-06
A477_XM_371822_1,6.7596135e-05,-3.5903882e-05,-0.00012557484,-3.825602e-05,-7.3834504e-05,8.825021e-05,6.564265e-05,0.00020684475,-6.485337e-05,0.00022256018,-2.6445141e-05,-8.977633e-07,7.7353165e-05,3.2314787e-05,-5.4427965e-05,0.0001540164,2.3017258e-06,-6.159967e-05,8.372385e-05,0.00025939563,-0.00020376589,9.7792115e-05,4.0433348e-05,-0.000104829414,0.00019045567,-8.933785e-05,6.192129e-05,-5.273754e-05,0.00014812437,0.00012774752,-9.377401e-05,3.121395e-05,2.3710758e-05,0.00025065173,8.54547e-05,4.2739215e-05,2.4970588e-05,3.3566987e-05,0.0002106075,-0.000105068495,6.4750443e-06,3.016593e-05,0.00016930357,-7.45639e-05,-3.5364494e-05,-3.585954e-06,-2.2450185e-05,8.905234e-05,1.5078663e-05,8.509245e-05
B156_U47298,-0.00023181626,0.00010123397,0.00012180074,-0.00011878964,-8.6123524e-05,1.795848e-05,-0.0001287609,-1.9610165e-05,0.00024394426,-7.6696786e-05,-0.0001652324,-3.654398e-05,-6.398296e-05,-1.7952943e-05,-9.088679e-05,-3.2978063e-05,4.9005994e-05,-1.3062817e-05,0.00016446433,5.8812424e-05,0.00012493388,8.591918e-07,1.0919387e-05,4.5136447e-05,8.23871e-05,3.179896e-05,3.2640255e-05,1.3065611e-05,2.6961603e-05,4.621671e-05,4.7658177e-05,-2.2392878e-05,0.0002630574,5.1746152e-05,-0.0001427925,-0.00010311234,-1.101112e-05,-0.00019513631,-4.9295148e-05,-8.182073e-05,1.0413978e-05,-5.5764285e-05,-0.00012287423,0.00011980394,-0.00013181563,1.2208732e-06,2.841331e-05,0.00015029969,-8.299315e-05,-0.00013549796
A521_NM_015213_3,3.4768178e-05,4.508907e-05,-7.249066e-05,-8.3169525e-06,5.4827633e-05,8.441302e-05,0.00021967104,0.00030027368,1.5779427e-05,8.0203106e-05,-0.00010385677,-9.369264e-05,2.8965069e-05,3.99052e-05,-7.5273434e-05,-5.283228e-06,-3.6380403e-05,-2.4878867e-05,0.00021504093,-0.00022076178,7.309637e-06,0.00012198957,-0.000119434415,-7.096316e-05,-3.7491987e-05,-5.6425008e-05,0.00013649839,-2.0718468e-05,5.704885e-05,7.852451e-05,8.372549e-05,-2.3533195e-05,-0.00013524604,-5.6924655e-05,0.00013547025,6.386839e-05,-9.234743e-05,-5.1815223e-05,3.8953926e-06,0.00029829497,-1.8156612e-05,0.00014299418,1.8778286e-05,0.00013134313,6.592841e-05,4.7739737e-05,-0.00016828135,-2.9477753e-05,-0.00010509319,7.529099e-05
A392_XM_371822_1,3.629331e-05,-0.000113919355,8.073087e-05,0.0001275119,0.00014626776,4.3810916e-05,-8.118056e-05,-8.7444525e-05,0.00013534502,-1.8409133e-05,0.00018400249,-1.6526972e-06,2.4539015e-05,1.1687842e-05,0.00014555194,8.104619e-05,-1.9484442e-05,0.000116827214,9.264827e-05,3.6553505e-05,4.6511235e-05,8.518617e-05,9.82558e-05,1.1025409e-05,-2.8809583e-05,-7.523819e-05,7.4321404e-05,-2.7513013e-05,-5.615849e-05,0.00011305657,3.3476972e-05,-5.7730056e-05,-0.00012282601,3.9692277e-05,0.00019233314,2.8773182e-05,0.000115660165,0.00015425248,2.9268977e-05,-8.130143e-05,-0.00012342502,3.550183e-05,-0.000117216776,2.3636756e-05,-3.8766597e-05,2.9830802e-05,2.6781003e-05,0.00011770915,8.490389e-05,0.00013728079
A611_NM_015213_1,-6.428698e-05,0.00018658492,1.807987e-05,8.6024906e-05,-1.7890714e-05,6.272143e-05,0.00024543234,0.00010421155,2.2590128e-05,0.00010600882,-1.8252662e-05,1.1403737e-05,-0.00010961785,7.173571e-05,1.5004808e-05,8.835478e-05,-1.6493133e-05,-6.747322e-05,1.244705e-05,0.0001631753,9.049311e-05,8.587766e-05,-1.01916185e-05,-3.9467763e-05,0.00012792887,8.212363e-06,3.401512e-05,8.393952e-05,7.290674e-05,-9.414774e-07,7.088441e-05,0.0001342215,8.150167e-05,-4.9392696e-05,8.932218e-06,-0.00025202427,0.00014704732,-8.18438e-05,0.00021332696,-2.2223296e-06,-9.76468e-05,0.00022818052,0.00023395984,0.00015242884,0.00017387084,0.000165045,-7.159943e-05,-3.6641526e-05,-3.0307701e-05,0.00015249047
B9_AH001498_1,-0.00011106937,-0.000101623715,-0.00020876704,-0.0002054669,0.00015835797,-0.00015030523,-0.00010713779,-0.00010522057,-2.318914e-05,0.000121510784,6.322779e-07,-6.0197006e-05,0.00013924515,8.029872e-05,0.00031848327,2.9647039e-05,-9.10662e-05,-2.1583435e-05,1.5687596e-05,5.302125e-05,-7.2514384e-05,-6.681832e-05,8.7795845e-05,9.899234e-05,-6.443673e-05,-2.481615e-05,9.5878e-05,-6.4476694e-06,-6.302964e-05,-8.387067e-05,-6.330834e-05,-7.480785e-05,-8.259107e-06,-8.628043e-06,7.1412534e-05,8.164049e-05,0.00014278541,-0.00016471322,0.0001548509,5.4910648e-05,0.00016863871,-0.00010139139,-7.689311e-05,3.5064186e-06,2.7779894e-05,-8.46727e-05,-9.6883115e-05,4.491111e-05,-4.9476996e-05,-0.00013531107
B7_AH001498_1,9.763596e-05,-0.00014574749,0.00016398531,-9.9346005e-05,-0.00015433223,0.00023264317,5.3918493e-06,-1.8314361e-06,1.0916478e-07,-0.00011897663,-4.312852e-05,3.6585985e-05,0.00035091004,5.5329278e-05,0.000107095555,4.2162894e-05,7.976082e-05,3.6191977e-05,5.5564527e-05,1.9923493e-05,-3.832511e-06,-0.00010074493,4.9988288e-05,-0.00014246824,1.1068495e-05,4.8615548e-05,0.00011214401,3.360584e-05,5.8326947e-05,-0.00015500563,7.7720055e-05,9.388612e-05,-5.9941973e-05,0.00013398043,9.166509e-05,8.021561e-05,2.1242768e-06,6.7493595e-05,-0.00020908283,6.692547e-05,-9.464884e-05,-0.00018417127,3.3977838e-05,-0.00010394792,-1.4839194e-05,-2.2655122e-05,-6.5250475e-05,-0.000121663,-9.27917e-05,-3.8209746e-05
B352_U92436_1,7.964752e-05,5.025052e-05,9.812863e-05,0.00011905292,-4.6935525e-05,-4.6591795e-05,4.635321e-05,-3.592739e-05,-6.770117e-05,-0.00019065752,-9.3019145e-05,-3.8151476e-05,1.3786601e-05,8.0762555e-05,4.380653e-05,-5.3044587e-05,-3.1094372e-05,0.00020880847,0.00010662211,0.0002224773,4.6403737e-05,5.5089633e-05,7.924431e-07,0.00022237815,0.00023852385,-4.4944114e-05,3.6059035e-05,8.299978e-05,0.00011127553,0.000114904935,-7.655641e-05,1.376924e-05,0.0002484309,9.5998614e-05,7.103663e-05,6.465242e-05,2.7419082e-05,0.00016388517,5.1121824e-05,8.1787635e-05,-8.0798e-05,0.0001687357,-7.9111465e-05,-6.9937873e-06,-6.5238135e-05,-1.4974719e-05,-2.6938913e-05,6.588741e-05,0.00015374953,9.458749e-05
A404_XM_371822_1,0.00018663472,0.00016761431,-0.00010458518,0.0001157269,9.037669e-05,-1.5408516e-05,6.6508735e-05,-6.0126215e-05,-9.733981e-05,-2.6013868e-05,8.72205e-05,0.000101054145,5.859592e-05,-0.00011144764,-4.457621e-05,-1.3872029e-06,0.00011651542,0.00024788402,6.750398e-05,-0.00012229384,4.510911e-05,4.288732e-05,-2.149617e-05,6.55222e-05,-3.8386857e-05,0.00018231598,0.00013849747,7.294554e-05,0.00014985102,0.00013661933,2.9185217e-05,-8.713262e-05,3.13383e-05,-0.00012203644,-3.2731397e-05,-5.394156e-05,2.1655906e-05,-4.976758e-05,0.00027241846,1.6771197e-05,8.993815e-05,3.578493e-05,9.3619536e-05,7.6783814e-05,-6.425554e-05,-1.2684406e-05,7.3441086e-05,-2.2016498e-05,0.00011809092,-1.4455024e-05
B405_J03132_2,7.9578764e-05,8.316582e-05,4.7389516e-05,0.00018296104,8.793511e-06,-7.225704e-05,1.082882e-05,-6.04201e-05,-6.4234146e-06,0.00012658956,6.991342e-05,8.89966e-05,-4.9794973e-05,-7.6452074e-05,-6.70452e-05,-4.8247308e-05,0.00010255349,0.00020703471,-2.7394242e-05,-8.621449e-05,7.8837176e-05,0.000120592675,-2.0711079e-05,0.00028334788,-8.152425e-05,0.00013296331,-0.00010161782,-1.0211201e-05,-0.00015678458,6.741244e-05,2.6776444e-05,1.6654136e-05,-5.277361e-06,9.374696e-05,9.331535e-05,-7.822805e-05,9.7258584e-05,-0.00012627522,0.00010842805,0.00016770107,4.9132603e-05,-8.829023e-06,7.5099146e-05,-1.7583515e-06,3.28893e-05,9.70453e-05,-8.442381e-05,0.00027777898,-7.0261376e-05,8.440307e-05
B36_AH001498_2,2.744667e-05,-1.8914185e-05,0.00010286909,7.3994226e-05,-3.994371e-06,-5.602067e-05,-6.217521e-05,-5.5052384e-05,0.000104133884,7.43388e-05,1.9101486e-05,7.852396e-05,7.9760175e-05,3.755504e-05,7.896145e-05,0.0002660716,0.0001551932,0.00011289618,2.2785398e-06,0.00011644134,9.112736e-06,6.1635976e-05,5.6319393e-05,8.233657e-05,0.00016225458,-0.00019510971,-1.2892762e-05,5.4297023e-05,-0.00012910091,6.522535e-05,-0.00013909678,-8.799117e-05,9.094997e-06,0.00011695062,-7.4569056e-05,0.00015566744,-2.220589e-05,-1.119339e-05,-1.315464e-05,7.5676784e-05,0.00010269554,8.366054e-05,3.0865653e-05,-6.278134e-05,-0.0001662049,-1.348437e-05,1.6808008e-05,5.976308e-05,-0.00019182151,-3.3347128e-06
A396_XM_371822_1,6.777777e-05,-4.133328e-06,-3.4126137e-05,-1.1817328e-05,6.734441e-05,-0.00017666156,0.00022153892,0.0001367499,-3.336128e-05,-4.5718447e-05,6.278263e-05,5.7639936e-05,6.9597336e-05,-8.526991e-05,0.00015110611,5.1089566e-05,-3.464244e-05,7.5372256e-05,-0.00020049936,0.00014447345,5.820989e-05,6.005661e-05,-9.199185e-05,-5.6634442e-05,5.866813e-05,-8.892548e-05,3.1694002e-05,9.693982e-05,0.000110557754,0.00015608547,-1.2432539e-05,-3.492224e-05,9.624731e-05,0.00013941467,-8.63319e-06,4.9296545e-05,-0.00014109405,0.00012694843,6.505537e-06,2.3654755e-05,1.06552925e-05,6.0013863e-05,3.5906854e-05,4.871782e-05,1.2188734e-05,1.6119313e-05,2.1976786e-05,-0.00016520378,-0.00013699359,-6.861871e-05
B414_U47298,0.00016459994,0.00017860821,6.266051e-05,5.5933946e-05,4.189099e-05,-2.7571368e-05,-8.463808e-05,-5.7990408e-05,-3.7709004e-05,5.6336685e-05,5.932434e-06,1.651329e-05,-1.6624777e-05,0.00018942927,-0.0002623052,8.321669e-06,-0.00017456463,-4.00609e-05,0.00010315922,6.8422305e-05,-0.00012920718,-0.00015786063,7.6573066e-05,-1.253514e-05,5.846534e-06,-1.021609e-05,0.00011041751,4.3326345e-05,-4.3536093e-05,8.2336424e-05,0.00013791368,-0.00012612778,0.00011093872,4.725344e-05,0.000116193194,-6.201516e-05,0.00013480347,-4.9453924e-05,5.270693e-05,0.00010994256,4.601906e-05,6.6157925e-05,0.00010180078,-2.232965e-05,1.764909e-05,-0.00023047547,8.9188914e-05,0.000109014145,0.00014883546,-3.6818208e-06
B368_U92436_2,-3.986566e-05,-8.497624e-05,-2.244007e-05,3.333308e-05,0.0002747716,0.00026301522,-9.0329835e-05,8.773868e-06,3.2346037e-05,0.00016678582,-6.486757e-05,-0.00011397046,1.6168864e-05,-3.3965756e-05,-4.61546e-05,4.6039345e-06,0.00016204665,7.831693e-05,-7.959975e-05,6.8501286e-05,-1.7913986e-05,-0.00021113988,-8.911722e-05,-0.00011812343,3.3070013e-05,-6.934407e-05,-0.00012529687,6.81794e-05,-0.00016624562,5.4064833e-05,0.0001027388,0.00018601204,0.00011484678,-8.545641e-05,-0.00012056557,2.275722e-05,-4.3077223e-05,3.0125613e-05,5.5706834e-05,-2.0175594e-05,2.282916e-05,9.373276e-06,-3.860123e-05,0.00013063246,-1.0041678e-05,-0.00012204177,1.8669576e-05,0.00012770625,4.832952e-05,9.077164e-05
A614_NM_015213_1,-0.00013503789,0.00012537556,-2.6916558e-05,1.24069475e-05,-2.7708447e-05,0.00016586288,6.985641e-05,-3.241549e-05,-0.00016717134,-1.3895758e-05,-0.00010752107,-4.8518774e-05,3.1846426e-05,-1.578073e-06,0.00013437089,0.00033153375,-7.458579e-05,0.00010673391,0.00012783581,-2.2828415e-05,-6.0618615e-05,-8.333682e-05,7.392372e-05,-0.00023066852,-0.00016764461,0.00016639825,5.33862e-05,-7.969867e-05,-2.281338e-05,-2.3618908e-05,3.2065524e-05,-8.033944e-05,0.00020390066,-3.438256e-05,5.4604283e-05,2.415323e-05,-6.401891e-05,3.7585685e-06,3.84099e-05,-3.065525e-05,-0.00018434803,0.000107011365,0.00021192324,0.0001473764,2.4965651e-05,1.0239288e-05,6.899474e-05,-0.00018089892,7.1803297e-06,0.00012543675
A422_XM_371822_1,-1.26214445e-05,-2.9558025e-05,-0.00017336178,5.6914578e-05,0.00014798676,0.00012689164,-7.208103e-05,0.0001266054,0.00019531684,0.000109360495,0.00017007635,9.949667e-05,0.00019380203,-4.107867e-06,0.00019686123,0.000100825746,0.00015174804,1.0151268e-05,-4.209225e-05,0.00025054291,0.000107883425,4.7730813e-05,6.350069e-05,-7.5833785e-05,-0.0001314486,-1.691979e-05,0.00012282943,5.9171107e-05,-7.4538184e-05,7.2510185e-05,-9.128447e-05,0.00010555814,-9.451136e-05,0.00016176967,2.6118285e-05,-6.936273e-05,5.1240914e-07,-0.000113011185,-6.2919215e-05,-9.295573e-06,5.119671e-05,5.5875687e-05,1.7005159e-05,-2.1262586e-05,4.956722e-05,-0.00015543164,-4.3272925e-05,-8.700807e-05,-6.82847e-05,-0.00018639988
B312_X75932,3.0348405e-05,2.0499869e-05,0.00015711001,2.0989846e-05,0.00016723074,-1.11380615e-07,-1.2628344e-05,-4.504724e-05,4.3514003e-05,9.5044335e-05,-6.969582e-05,0.00019198167,7.070061e-06,7.713014e-05,0.00015908046,-0.00012426065,-5.1110674e-05,5.184932e-05,-1.9606547e-05,-1.9720163e-05,0.00012054106,1.4249398e-05,1.9286721e-05,-1.38983405e-05,5.9269718e-05,8.68417e-05,6.3391412e-06,9.4555544e-05,7.608304e-05,2.6633244e-05,0.0002507431,-3.2191227e-05,-0.00012522108,7.655915e-05,-1.7650695e-05,-8.4412e-05,0.00027126033,-3.5544108e-06,-0.00013387916,0.00017034807,4.537397e-05,-0.00015879123,-5.0229664e-05,-7.854444e-05,9.864709e-05,-8.881146e-05,2.0571886e-05,9.3483584e-05,-0.00010027044,0.00019001872
A360_XM_371822_2,0.00013738991,5.3427677e-05,0.00013432532,5.2581465e-05,-2.975017e-05,2.8874703e-05,0.00015183627,-3.3237375e-05,0.00019963055,1.065008e-05,2.8124989e-05,-5.3036358e-05,0.00014623454,1.6965816e-05,5.1941075e-05,-2.2925358e-05,-3.6075813e-05,5.3025018e-05,8.505738e-05,-7.9950056e-05,-1.7069746e-05,2.7599164e-05,-6.868369e-05,-0.000114899274,0.00013903012,2.5932846e-05,-2.6548989e-05,-8.7753884e-05,-9.1620284e-05,0.00014367518,5.5280198e-05,-0.00010093671,0.00020307601,3.372747e-05,0.00017193709,-0.000110519475,-0.00014399091,0.0001451527,3.5870155e-05,-5.2818363e-05,-6.251716e-05,-8.237965e-05,-8.251954e-06,8.29435e-06,0.00011408533,-4.9123428e-05,-5.2823147e-05,0.00013827196,3.0941606e-05,3.7634363e-05
B412_U47298,-1.2479916e-06,0.00014019915,0.00016917256,-4.9975577e-05,-6.981775e-05,0.0002020869,0.00013144434,7.4334675e-05,6.8619265e-05,4.4486518e-05,-3.751656e-05,-2.5414423e-05,0.00020884357,-8.216373e-05,7.329971e-05,0.00022404791,-3.589162e-06,5.8615737e-05,-1.121838e-05,6.1073835e-05,0.00016609537,-9.821929e-05,3.713482e-05,-0.00010298489,6.787354e-05,-0.000218336,-1.492297e-05,0.0001812629,0.0001428355,0.00022971162,-4.594084e-06,2.3677203e-05,0.0001404287,9.347847e-05,6.408848e-05,-0.00016414863,3.6539866e-05,0.00020953767,6.5563e-05,-4.633951e-05,4.5718614e-05,3.2215435e-06,-5.870185e-05,-6.922384e-05,3.249957e-05,-0.00011660377,1.6499756e-05,6.7815296e-07,6.902116e-05,9.1029906e-05
B163_U47298,0.00011084641,0.0001921422,7.587057e-05,5.202143e-05,-0.00010467818,5.2976477e-05,0.00016722365,0.00014147461,-0.00010617892,-9.1984606e-05,2.7726164e-05,0.00013540726,0.00013156762,8.216168e-05,-6.0389866e-05,8.3899955e-05,3.450157e-05,0.0001598844,-4.9068694e-05,7.867175e-05,1.6689331e-05,6.337894e-06,-9.454994e-05,8.311437e-07,0.00019291851,-5.5369288e-05,7.227579e-05,-2.1059817e-05,9.8325996e-05,0.00010198906,-5.1517454e-05,-8.611566e-05,4.796607e-05,3.6058855e-06,-0.00013860747,1.2535136e-06,0.00011092667,6.3321844e-05,4.7135378e-05,-6.4990694e-05,-3.554958e-05,-5.330709e-05,3.1321415e-05,-0.00016914587,8.582979e-05,-5.3255677e-05,-0.00013442489,0.00020998639,-0.0001707647,7.427236e-05
B29_AH001498_2,5.2331452e-05,8.317164e-05,0.00017588987,-0.00013947247,-0.00016191973,-8.373897e-06,6.0120536e-05,0.00016977532,-3.740854e-05,9.0811285e-05,-1.8260203e-05,0.000103085185,0.0001392712,-1.0951179e-05,0.00020653098,-5.8092573e-05,-0.00023706767,1.9516841e-05,4.1740794e-05,-8.518909e-05,-5.816676e-06,-4.3725926e-05,-0.00018593682,0.00011713329,-0.00010757054,-3.171482e-05,-8.672608e-05,0.00011564383,7.9419595e-05,0.0001275108,7.9234145e-05,0.00010105753,-6.3382155e-05,-9.8835706e-05,-3.947199e-05,3.3755474e-05,-7.781456e-05,-4.185715e-05,0.00022452818,-9.899292e-05,-9.748397e-05,6.305191e-05,2.6894517e-05,0.0002288901,8.380431e-05,7.89956e-05,9.2187975e-06,0.00016480578,0.00022440357,-6.13293e-05
A584_NM_015213_3,-5.860715e-06,4.891812e-06,0.00014452782,0.00012525466,7.613906e-05,4.509788e-06,-0.00012853222,7.4876225e-05,-0.00012826585,-0.00022501174,3.8408052e-05,-5.5900815e-05,0.00013640933,-6.318949e-05,3.970356e-05,7.3097086e-05,-0.00013196837,3.0547795e-05,0.00013369705,0.00010100888,1.741418e-05,0.00010176552,-6.0334623e-05,0.00010341754,8.997434e-05,3.4019408e-06,1.2555299e-05,0.00013240307,0.00011721578,-0.00021211356,0.00013182645,-7.036631e-05,0.0001428397,-0.00012711262,-8.662402e-05,0.000117157724,-0.00016598079,2.7736181e-05,-0.00012713647,2.933262e-05,1.798611e-05,3.8368074e-05,-3.7438112e-05,0.00016788,-9.2462884e-05,0.00024488464,7.559988e-05,-9.116911e-06,-5.183235e-05,-3.956327e-05
A579_NM_015213_3,0.00010345076,-0.000117438736,-2.770266e-05,0.0001855998,-0.00011881772,-0.00011800588,-6.489625e-05,-8.116128e-05,-0.00016184134,6.0835497e-05,-1.1933895e-05,2.5723606e-05,9.2336115e-05,9.328462e-05,0.000114168506,2.5810272e-05,-0.00016159094,0.00010489684,0.00016930257,-0.00011658665,0.00027141604,0.00014623745,0.00021987584,3.8624647e-05,3.502227e-05,0.00020444578,3.393312e-05,-1.4491643e-07,-5.203269e-05,-0.0001562943,-4.8571663e-05,-0.00017325608,0.00015256886,4.5294477e-05,5.2076946e-05,3.2272746e-05,-1.8345336e-05,-3.4354107e-05,-1.24078615e-05,0.00022163797,-3.963791e-05,-2.0574165e-05,-4.410574e-05,2.164211e-05,0.0002511456,0.00012508199,4.5916822e-05,9.167139e-05,-1.605317e-05,-0.00010487598
A464_XM_371822_1,-4.2087762e-05,-2.0065223e-05,-0.00021137513,0.00016563544,-5.9708447e-05,-1.0007597e-05,2.0080057e-05,0.00029257746,-0.00013922353,-1.873275e-05,-4.1447445e-05,2.2079565e-05,-7.3556155e-05,-3.1760937e-05,7.4192896e-05,-7.1734576e-05,-9.4537725e-05,-4.749106e-05,0.00015106128,9.991195e-05,-7.770247e-05,0.00014993425,3.1824642e-05,-0.00013840313,-8.694471e-05,8.0615835e-05,-9.765093e-05,-0.000201943,0.0002589396,5.37676e-05,0.00015051084,5.315902e-05,8.59639e-06,4.00032e-05,0.00018141772,0.00010408455,-0.00012713147,-0.00011211825,5.743463e-07,1.4492909e-05,3.814164e-05,-7.344348e-05,3.4744517e-05,-5.791336e-06,2.9363668e-05,9.038813e-05,-0.00016862447,4.024752e-06,2.811412e-06,-0.00027969424
A467_XM_371822_1,2.5999265e-05,0.0001726317,-7.640436e-05,0.0001935219,-7.2751514e-05,0.00018553076,6.294648e-05,-3.4720637e-05,-0.000113805276,0.0002226172,2.182885e-05,8.921001e-05,8.399295e-05,-3.7068166e-05,0.00011335124,-7.510339e-05,-3.5797784e-05,-6.402023e-05,-1.9498866e-05,-4.056719e-05,2.1779302e-05,-3.123873e-06,-1.7805582e-05,-1.6664078e-05,9.152947e-05,0.0002153511,4.6154593e-05,-3.392308e-05,0.00026096305,3.6973037e-05,0.00014270189,-1.45028125e-05,7.946907e-05,-0.0001354684,0.000102660895,0.00011560909,-0.00012481782,-4.6660523e-05,-0.00010872959,3.1291973e-05,0.00035676445,-3.0183e-05,-3.4450735e-05,-0.00017839251,4.6290326e-05,-3.6053883e-05,-3.7831745e-05,0.00016798524,0.00019109099,0.00012510599
B123_U47298,-5.6178596e-05,2.9678084e-05,-2.3533683e-05,0.00018674832,3.0288176e-05,0.0002183991,-0.000108346925,4.5000714e-05,1.0689684e-05,-0.000114973845,-5.2278905e-05,0.00022532896,8.131043e-05,0.00015304999,1.7103472e-05,7.963416e-05,2.1563586e-05,8.257233e-05,9.641836e-05,7.637525e-05,0.00014517659,-0.00017825526,7.986697e-06,-4.204377e-05,0.00021533352,-7.7202916e-05,-6.0571732e-05,0.00018207172,6.160502e-05,0.000101085505,1.2825312e-05,-8.5844724e-05,-8.445512e-05,2.6658678e-05,7.9831596e-05,-9.489682e-06,0.00013689078,-3.144887e-05,7.972207e-06,-8.421112e-06,0.00016600324,-2.8508532e-05,4.1173527e-05,-9.9122946e-05,0.00012612712,0.00013687543,0.00011285318,-9.066649e-05,9.900989e-06,1.94725e-05
A562_NM_015213_3,0.00014695436,2.1297545e-05,-9.765194e-06,2.3528535e-06,9.807369e-05,5.9649796e-05,7.280941e-05,-0.00011469596,0.00010884998,5.2824595e-05,-4.487131e-05,-8.461282e-05,2.9829593e-05,7.928847e-05,7.502254e-05,4.3749e-05,1.0582392e-05,-5.127872e-05,-0.0001312031,0.00010265689,-0.0002375277,7.97704e-05,3.520541e-05,-0.00013491615,-9.550325e-05,2.5335263e-05,-0.0001213854,-6.1670407e-06,-0.00012235325,4.034307e-05,0.00016019623,0.00010255266,-2.8103572e-05,0.0001149732,-4.678464e-05,-1.9971526e-06,6.471778e-05,0.0001336712,0.00011153697,1.0575255e-05,-1.7306156e-05,-0.00017866112,-1.1229052e-05,6.698207e-06,0.00016357974,-3.681421e-05,-2.8683598e-05,5.0468112e-05,0.00013249762,0.00013875958
B349_U92436_1,6.186868e-05,0.00018459157,1.7834416e-05,-0.00012590505,0.000114029375,-6.7656683e-06,0.00019387461,0.00023734863,-0.00013207235,-2.7533339e-05,-8.485776e-05,-0.00018935117,0.00016586011,-3.102365e-05,-3.265328e-05,8.6131186e-05,-3.9306717e-05,-0.00017074002,-0.00013777766,6.12357e-05,-5.0150415e-05,0.00010504339,6.864663e-05,-4.558175e-05,6.558491e-05,0.000104898594,8.8724235e-05,0.00020073705,0.0001402667,-3.8502883e-05,-0.00012466726,0.00011691016,0.00021919899,3.838402e-05,1.4660712e-05,5.913623e-05,-9.367269e-05,-7.200822e-05,-0.00027053116,7.583408e-05,-3.0869327e-05,6.4840447e-06,0.00013773823,2.6284451e-05,1.6118187e-05,5.2673484e-05,-6.183376e-05,-2.8939037e-05,8.458523e-05,-0.000117605836
A518_NM_015213_3,0.00010521339,-0.00013829797,5.8712674e-05,-5.983498e-05,-0.00013543383,2.2153365e-05,-0.00019402168,6.381458e-05,0.00019772511,0.00017184977,7.743133e-05,8.4170366e-05,4.5263638e-05,6.4330125e-06,-8.361784e-05,0.0001079473,0.00011476191,6.011406e-05,-0.00011129924,3.3765435e-05,0.00010409332,0.00029337997,0.00012582463,0.00011500673,-0.000104092775,-2.6731802e-06,2.899196e-05,-3.3924498e-05,-6.793494e-05,-9.132111e-05,-5.501607e-05,0.00013455952,5.6515935e-05,0.00010740228,0.0002320976,1.938599e-05,-0.00018747248,0.00015136806,4.3894408e-05,-2.1780718e-06,0.00010627474,2.3288567e-05,-5.395529e-06,-0.000110919136,4.74663e-05,0.00012402667,-4.2692875e-05,0.000121765974,-0.00012529068,0.0001385586
B365_U92436_2,0.00016723374,-0.000102170925,2.611311e-07,3.6571444e-05,0.000114020615,-8.145786e-05,0.00016574615,-8.60211e-05,1.7916558e-06,0.00012253271,-3.7572714e-05,-5.2092768e-05,8.26926e-05,2.7966911e-05,8.4249e-05,1.7595628e-05,-0.000115510455,0.00014326502,-2.5675487e-05,6.251995e-05,-0.00018856507,5.8066013e-05,-1.4077966e-05,3.2551583e-05,0.00013383188,0.00014401833,4.0704927e-06,0.00012721583,0.00014861673,-5.598705e-05,-5.1989323e-06,-9.327137e-05,0.00024206638,-4.1484495e-06,-0.00019425497,-0.00020722947,9.817957e-05,1.4129569e-05,1.8699186e-05,-4.2937496e-05,9.8203214e-05,1.3856418e-05,0.0001618543,0.000105026054,-6.581005e-05,6.172132e-05,0.00017205958,-2.4284569e-05,-0.00010366219,2.1575284e-05
A516_NM_015213_3,0.00010679457,0.00019047718,0.00016426091,9.17398e-05,9.183576e-05,-1.880339e-05,0.00013496379,0.00016152769,-1.3146952e-05,8.251139e-05,-0.00018069541,0.00011595295,-7.811067e-05,6.365351e-05,5.805998e-05,9.309989e-05,0.00013841498,3.750787e-05,0.00025195713,1.5828093e-05,9.787328e-05,-7.348724e-05,4.1856933e-05,0.00012656761,3.2462308e-06,-2.641252e-05,-5.959212e-07,-2.6359536e-05,3.8433587e-05,0.00019688318,0.00018593139,-7.592837e-05,6.9894435e-05,0.00012794729,0.00010116595,8.579192e-05,-0.0001780656,2.2741706e-05,-0.00014581258,-0.00012094961,-6.5601336e-05,9.7807264e-05,1.8112558e-05,5.5276512e-05,-3.264154e-05,7.3187686e-05,3.0487634e-05,2.8876226e-05,-0.00016145768,0.00013491703
B67_U47298,-0.000102668324,-2.611432e-05,3.3998796e-05,-3.238558e-05,1.36191065e-05,4.5516445e-05,0.00017275201,-1.7254146e-05,-6.931075e-05,-1.4430776e-06,-1.24615835e-05,6.344278e-05,3.3543038e-05,-6.530537e-05,4.755487e-05,-7.116534e-05,-9.925236e-05,-5.8305686e-05,-5.698476e-05,2.3003697e-06,0.00024111022,-0.00014202822,5.7174497e-05,4.114064e-06,9.8373086e-05,-0.00010247037,0.000101920195,2.988673e-05,-0.00011313746,6.915739e-05,3.6871832e-05,-6.489891e-05,1.7157943e-05,-1.4783912e-05,-0.00022436095,0.00016982177,8.00934e-06,-2.3074186e-05,0.00019902494,-1.7854803e-06,0.00025281505,-1.7931914e-05,-5.10829e-05,0.00014015683,-1.8111028e-05,-0.00014930313,-0.00010773224,0.00029034016,2.0684654e-05,0.00012036488
A365_XM_371822_2,-4.816835e-05,0.00010680898,5.4153737e-05,7.995339e-05,5.288948e-05,-2.0538178e-05,0.00019336533,-0.00016174957,2.5628075e-05,0.000121576,0.00016590038,0.00012603951,-0.00014076685,0.000112973954,-2.8762155e-05,-7.441332e-05,-4.115709e-05,-4.3804166e-06,-8.625912e-05,-6.6822686e-05,-6.802652e-05,8.27548e-05,-8.893151e-05,0.00010705802,2.9858895e-05,1.35087e-05,-5.9564554e-05,-6.655163e-05,-4.1135583e-05,0.00012532582,0.00014326202,-8.715761e-05,-0.00014366947,0.0001532738,-0.00015584486,-8.2987084e-05,0.00026021394,0.00011271604,0.000112976704,-8.014823e-06,8.609172e-05,3.9694623e-05,-3.4464294e-05,4.8336868e-05,-0.00010509916,-8.6794695e-05,-9.17858e-05,-3.6577545e-05,0.0002540313,-8.4898646e-05
A409_XM_371822_1,3.5430017e-05,2.1034037e-05,3.1307685e-05,2.9767105e-05,0.00011586408,-4.1854113e-05,-2.6763044e-05,-3.633785e-05,0.0001696397,4.2512187e-05,6.798299e-05,8.007466e-05,2.3124987e-05,-7.713879e-05,-3.0210196e-05,9.339855e-05,8.4123785e-05,8.3769984e-05,2.6775162e-05,-0.00012298897,-7.458558e-06,5.289948e-05,-9.296475e-05,-0.000114923925,0.00014295637,-0.00013414762,-3.7447473e-05,0.00024759606,-0.00016218616,7.078314e-05,-0.0002875602,-4.258338e-07,5.1632236e-05,-6.317008e-05,-1.3595086e-05,-7.4267606e-05,9.45291e-05,2.149841e-05,3.1883053e-05,7.461162e-05,-0.00016563575,0.00012487569,7.0463604e-05,4.8096168e-05,-7.6218625e-05,1.99324e-05,9.80938e-05,9.685943e-05,-7.849133e-05,4.436668e-05
B401_J03132_2,-0.00012934583,-3.55856e-05,1.2840273e-05,1.8912138e-05,5.6513334e-05,9.423128e-05,0.0002052872,-0.00011071533,0.00017572456,-1.5202913e-05,8.787727e-05,0.00013113477,-8.6615284e-05,0.00015020017,4.083952e-06,9.487801e-05,9.629298e-05,0.00011391281,0.00021741453,-0.00013543846,6.175257e-05,3.4268844e-05,-2.0872183e-05,6.346145e-05,9.0178146e-05,-2.7328311e-05,-9.65471e-05,-3.64181e-05,-0.00012039703,0.00019057991,7.027708e-05,0.000107126114,6.0362065e-05,-1.7220827e-05,1.3537746e-05,0.00013729649,-3.257026e-05,0.00018802744,-0.00015942693,4.1663316e-05,9.67392e-05,9.374459e-05,0.0001188077,-7.538163e-05,0.00012011691,0.000109631874,-2.4747054e-05,-7.2194707e-06,7.2895873e-06,0.00013769905
A547_NM_015213_1,-0.00014786128,0.0002195702,1.2119804e-05,4.0769806e-05,-0.00010562199,-0.0001394195,-0.00023144038,7.654102e-05,0.00011587229,-9.939737e-05,8.971701e-05,7.777603e-05,4.2608423e-05,0.00011343033,2.6129303e-05,0.00012136923,-2.270978e-05,-2.378898e-05,-4.454715e-05,-4.681091e-05,1.913403e-05,-0.00015299197,0.00018627259,3.1675754e-05,4.913174e-05,0.00016883956,8.1582126e-05,2.6321286e-05,0.00011947394,6.2585925e-05,0.00023493063,4.132533e-05,5.1492192e-05,-0.00017279797,0.0001828979,-0.000120265126,9.8339384e-05,-8.3626626e-05,0.00016285159,9.133255e-05,0.00013427506,1.2651468e-05,2.5972191e-05,4.7786638e-05,0.00012361218,0.00011397428,4.1625575e-05,0.00018587653,0.0002890166,8.896838e-05
A486_XM_371822_1,-1.9390643e-06,-6.200348e-05,1.0179183e-05,0.00012265462,9.3144794e-05,0.00010040035,0.00015548439,0.00014623294,7.693676e-05,4.5765813e-05,-8.397731e-05,0.0003061479,-6.0306178e-05,9.2802264e-05,6.488526e-05,-1.2325491e-05,0.00020352853,-0.00012716463,2.1091857e-05,-9.694106e-05,0.00016486102,2.601619e-05,1.3202076e-05,-5.3854386e-05,-6.6579545e-05,-9.520825e-05,-5.0818155e-05,3.6726367e-05,4.6542686e-05,5.1958417e-05,0.00015534976,7.5358934e-05,0.00011096915,0.00011880634,-1.48076615e-05,0.00016721901,3.7971444e-05,-0.00018366182,-6.8601507e-06,-2.2148572e-06,8.054715e-05,4.8549464e-06,0.00024725153,-4.6505564e-05,2.9356397e-05,4.6437082e-05,-6.527536e-05,0.000118887096,5.4555094e-05,9.439893e-05
A432_XM_371822_1,0.00025117287,8.787982e-05,1.8623987e-05,4.339528e-05,0.00016382555,2.2386892e-05,4.2997828e-05,5.9616934e-05,9.131027e-05,-0.00010122403,1.06237885e-05,7.995348e-05,-9.063046e-05,7.7928904e-05,-4.8816473e-05,5.3593208e-06,0.00010284615,0.000107683365,-9.891145e-05,0.00011781428,-2.5685622e-05,3.5260524e-05,-2.1509526e-05,-0.00014503159,6.940924e-06,-2.2440265e-05,-6.9364396e-05,-6.968349e-08,9.1408285e-05,0.00023725563,-8.393599e-05,-9.40427e-05,1.4946401e-05,0.00021628571,0.00011680056,0.00020476311,1.5395068e-05,0.00020657163,0.000121379795,-1.1960799e-05,-4.006752e-05,-9.177439e-05,-3.461279e-05,0.00010120519,7.0517846e-05,9.244442e-05,-1.5532418e-05,6.105805e-05,0.00013738804,4.8326932e-05
A538_NM_015213_2,1.7043485e-05,-3.8513235e-06,-5.551252e-06,5.276943e-05,0.00012520338,-0.00011467188,-0.00016293257,8.137114e-05,0.00011871297,-0.00015001265,3.9212042e-05,-4.2984044e-05,-6.383262e-05,-3.1794598e-06,-0.0001512093,0.00011154037,4.2652482e-05,-0.00011213804,9.6579155e-05,-0.00021593507,0.00012102733,0.00011002601,0.00022098249,-6.78771e-06,2.980238e-05,5.974224e-05,8.148893e-05,0.00019067018,-1.8014558e-05,-0.00023678127,0.00014169184,0.0001202795,-6.191457e-05,0.000105351966,4.8428334e-05,-5.02267e-05,-9.98525e-06,-3.795744e-05,-5.3664215e-05,1.5915299e-05,6.3559687e-06,0.00020878499,-0.00014971981,4.7243204e-05,0.00022721603,2.1725882e-05,-6.451747e-05,-5.296961e-05,2.620489e-05,-2.6968464e-06
A500_XM_371822_1,0.00011489791,-0.00022693335,2.1879861e-05,6.2230847e-06,0.00026757707,-2.4262245e-05,-6.199323e-05,0.00013978747,2.9809084e-05,2.4168388e-05,5.3590087e-05,0.000111137015,0.00010476978,3.932637e-05,-7.600788e-05,9.802477e-05,0.00012869977,0.00015638654,0.00021924931,-4.7625117e-06,0.00017270277,-0.0002108729,-6.3153086e-05,-8.783912e-05,0.00012540667,2.1672333e-06,2.2651365e-09,-4.465986e-05,-7.684947e-05,9.5598036e-05,7.327894e-05,3.2490836e-05,0.000109917026,-6.116615e-05,3.7615613e-05,0.0001537682,2.5799622e-05,-0.00010931741,-6.966562e-05,-7.6748445e-05,-0.00013070433,2.2860646e-05,-3.944144e-05,5.963392e-05,-6.974375e-05,2.677428e-05,-6.91906e-05,-2.7337296e-07,7.716082e-05,-5.7233938e-05
A626_NM_015213_1,-0.0001399253,3.409821e-05,-0.00014758171,-3.163627e-05,7.5590564e-05,1.5833093e-05,-3.2725842e-05,1.5152719e-05,-7.536745e-05,-1.468113e-05,-3.776024e-05,-0.00013519176,0.0002479818,6.545596e-05,0.00019458013,9.362213e-05,5.9369628e-05,-0.00010119089,5.9621023e-05,5.9073467e-05,9.888146e-06,4.3514363e-05,2.3123857e-05,0.00013657307,-4.9502145e-05,0.0001225138,0.00015845601,0.00014511315,3.444219e-05,8.747962e-05,0.00014234555,1.7499398e-05,0.00015842139,-2.6600941e-05,7.341991e-05,0.00024049726,0.00015333263,3.6622165e-05,0.00018849711,3.3751705e-05,-3.9197177e-05,-9.8247576e-05,3.7533162e-05,-9.548141e-05,0.00013630703,-3.034803e-05,-7.485773e-05,-0.00014003144,0.00013374885,-0.00015391757
A544_NM_015213_2,-9.4663046e-05,0.00011996277,-1.8324557e-05,4.092271e-05,-3.5840338e-05,-7.0560396e-05,-4.628762e-05,-0.0001037899,8.725517e-06,1.3852537e-06,7.035088e-05,4.3347645e-05,-4.1282587e-05,-8.400232e-05,-9.244675e-05,0.00012954381,5.414761e-05,5.7828292e-05,1.7129756e-06,3.0877818e-05,-2.388512e-07,0.0001925861,0.00013181682,3.0493542e-05,-0.0002721184,-0.00023323877,-0.00010689332,-0.00017049116,-0.00015492996,-6.943991e-05,0.0002038672,-9.498745e-05,7.4936295e-05,0.00014704977,-0.00013738504,-9.8657496e-05,0.00011867325,-7.312436e-05,0.000106686326,0.00028565255,8.671711e-05,9.352023e-05,-8.42423e-05,8.456627e-05,-5.221747e-05,-1.6546597e-05,4.0139614e-05,-7.550074e-05,-2.0880389e-05,-1.8548776e-06
B286_NM_031313,1.7689876e-05,-6.414266e-05,0.00015714252,0.00015249434,5.8533155e-05,-3.0787334e-05,5.758619e-05,0.000159557,6.8174754e-06,0.0001280557,-9.0967114e-05,0.000118774755,3.09295e-05,-4.763791e-05,3.255548e-05,5.0496623e-05,-1.3573375e-05,1.0979431e-05,0.000111706475,6.280673e-05,-0.00010667683,6.936383e-05,0.00015615855,-4.156845e-05,3.1675065e-06,7.324537e-05,-8.482265e-05,-2.8863564e-05,0.00014202496,0.000115693576,-0.00013544312,0.00018941013,0.0001432829,8.0892554e-05,1.6460543e-05,-0.00016800799,5.2746446e-07,0.00017112694,1.6837624e-06,1.966054e-05,-3.1424877e-06,6.609415e-05,0.00016822104,-0.00015396245,8.640571e-05,1.7055703e-05,-0.00010395015,6.780492e-05,6.960211e-06,-0.00010670039
A553_NM_015213_1,6.6274726e-05,2.391107e-06,2.4857236e-05,-4.491375e-05,0.0002264579,2.1664879e-05,-7.2173236e-05,0.00016464379,-5.4510067e-05,1.1776151e-05,-6.434543e-05,-7.95771e-05,-2.1852253e-05,-0.000118167365,-1.5916072e-05,8.4577565e-05,1.8174289e-05,0.00020712159,0.000117487834,4.227172e-05,-0.00010624122,-2.736493e-05,7.396516e-05,0.00010531167,9.736631e-05,0.00031304045,6.938493e-05,6.553638e-05,2.6158218e-06,0.00015629212,-5.7893663e-05,-7.94074e-05,0.00010798334,-0.00012044158,4.0675593e-05,4.3453834e-05,-1.946372e-05,-5.0923747e-05,-0.00019381157,0.00014629889,-0.00010865543,8.073116e-05,0.00020431992,-1.22776255e-05,-0.00019632823,-0.00014207116,-5.0775823e-05,9.739088e-05,1.152757e-05,0.00012680373
A591_NM_015213_2,9.994263e-05,0.00021819171,3.256324e-05,8.9360125e-05,-1.9474966e-05,-5.7811274e-05,-0.00012803529,9.950637e-05,9.970861e-05,8.936754e-05,-0.00010426451,2.9695764e-07,0.0001539156,-0.000126235,-8.894951e-05,-9.247697e-05,-1.9943212e-05,0.00015926357,0.00014704777,0.00011129153,-0.00013229075,4.186967e-05,9.98098e-05,7.979e-05,3.244253e-05,0.00023449061,-0.000108542095,0.000100499514,1.3854539e-05,-0.0001785445,4.3569584e-05,-0.00014286325,9.47266e-05,8.589454e-05,0.00010892068,-4.8436974e-05,1.8043598e-05,0.00016494245,-4.106819e-05,2.6423073e-05,-4.377853e-05,-6.945584e-05,1.4505705e-05,8.8542125e-05,9.4607254e-05,5.4157675e-07,7.9918755e-05,0.00017802887,-2.2230985e-05,-8.7504726e-05
B416_NM_001632,4.3488885e-06,6.9741654e-05,0.00011721607,-4.1059888e-05,5.953643e-05,5.6101795e-05,-0.00016291256,-1.47429455e-05,0.00018889371,0.00017170329,-9.154035e-06,1.5977237e-05,8.9509706e-07,0.00017646093,-9.675022e-05,-0.00010303837,0.00012762833,-0.00013518332,-0.00015998274,8.189454e-05,-0.00010476161,-4.9411814e-05,2.9063276e-05,7.197019e-05,4.4824017e-05,0.00013562226,-5.2640404e-05,0.0001669086,9.672398e-05,0.0001302918,6.4604035e-05,-9.3771516e-05,-6.3273226e-05,6.446619e-05,0.00018736406,3.117058e-05,-1.6362144e-05,-0.0001453783,-0.0002238586,0.0001820979,0.00016289698,6.072191e-05,-4.8219248e-05,0.00028524833,-8.86247e-05,-7.323414e-05,-4.2701417e-06,-4.4836892e-05,-3.0097794e-05,4.4839315e-05
A565_NM_015213_3,-2.193917e-05,8.847173e-05,0.00020015484,0.00020606331,2.5088468e-05,0.00011320256,9.114455e-05,-8.0577236e-05,2.290696e-05,-6.0048995e-05,4.3530086e-05,-3.096809e-05,-5.7626596e-05,4.191052e-06,0.00031044125,-6.703639e-05,-5.355008e-05,-6.685498e-05,1.9616231e-05,6.2691455e-05,-7.631716e-05,-1.3444711e-06,-0.0002106963,0.00020739135,0.00013997243,-6.617368e-05,-0.0001735981,5.7329547e-05,-2.5053441e-05,-8.263522e-05,0.00021372498,-2.3726521e-05,-0.00010467825,4.3113014e-05,1.8228951e-05,-7.1320355e-05,-1.0004137e-05,6.171713e-05,6.278977e-05,-0.00012886761,-1.518243e-05,-7.3844353e-07,4.4226395e-05,0.00036276583,3.1659678e-05,5.07832e-05,5.739047e-05,3.3117158e-05,0.00014464319,1.1462201e-05
A526_NM_015213_2,1.9137464e-05,-3.886412e-05,-0.0001570627,0.00015089993,0.000110493675,-6.919244e-05,0.00017158539,8.5407024e-05,1.2881246e-05,8.547334e-05,6.524803e-05,8.608587e-05,0.00019265115,1.3000452e-05,-0.00014249998,6.239811e-05,3.6586727e-05,0.00017437557,-3.141529e-05,0.0002074938,0.000103477956,-1.8677505e-05,0.00017088349,-6.3227208e-06,3.7926e-05,0.00010985136,0.00012653804,-4.9376544e-05,-6.0073926e-05,0.0001468492,3.7114936e-05,3.5531557e-05,4.196083e-05,-2.3110171e-05,-0.00012523442,-3.0739266e-05,0.00013759767,-4.119776e-06,-0.00010710273,0.00016377518,0.00015803642,6.351199e-06,4.1763124e-05,1.9612127e-05,1.4788349e-05,0.00012502064,0.000112625,0.00012590543,-0.00023408244,-0.0001738241
A410_XM_371822_1,5.2672753e-05,-0.00013431614,-1.3271122e-06,0.00011112136,4.6033063e-05,-0.00014338196,6.0785358e-05,0.00020695465,4.0629096e-05,-3.042678e-05,-0.00021288371,-0.00010267274,9.178191e-05,-3.1991094e-05,5.978304e-05,-3.923324e-05,8.021768e-05,-0.00021150053,-0.00013062236,7.57427e-05,3.6998351e-06,0.0002471512,-0.00010368089,3.503558e-05,8.204087e-05,6.331845e-05,0.000104539075,-4.8481866e-06,0.00018045658,2.7730921e-05,0.00019532308,9.094285e-05,8.7360415e-05,3.346545e-05,6.310054e-05,1.1629808e-05,-5.704463e-05,6.1547915e-05,2.6570116e-05,2.2832128e-05,-1.1211225e-05,-0.00012017848,9.099503e-05,0.00014189916,0.00011415005,9.100669e-05,0.00013041786,-6.8549256e-05,5.2677664e-05,9.510808e-06
A405_XM_371822_1,-0.00022181172,0.00010081289,0.000111066685,0.00013586639,-1.3203108e-05,8.2109465e-05,8.188819e-05,9.794712e-06,0.00013178254,0.0002189788,-8.597506e-05,1.0496979e-05,6.82709e-05,-9.868616e-05,2.8582128e-05,8.512985e-05,0.000102113176,7.868752e-05,-7.492841e-05,6.703116e-05,0.00011996984,1.3910281e-05,-7.125975e-05,6.830668e-05,7.999041e-05,-4.683556e-05,0.00010646843,-0.00017396471,-2.6941669e-05,-3.171612e-05,6.350207e-05,0.00015555957,-7.074497e-05,1.3250901e-05,-0.00011351977,-0.0003090565,-8.469379e-06,4.6082463e-05,6.996241e-05,-0.00012362932,-1.7832897e-06,0.00015520037,0.00010541247,-0.00015119143,-4.5374556e-05,-8.9161884e-05,3.0573745e-05,0.00010611653,7.828157e-05,-6.485774e-05
A480_XM_371822_1,1.1698437e-05,0.000108082175,-4.4433677e-05,6.1691484e-05,-0.00018685267,-2.1425287e-05,0.00016281848,-1.42084145e-05,6.497306e-05,2.4115745e-05,0.00012406176,0.00019515288,-0.00016164321,9.097322e-05,-3.8876056e-05,7.229522e-05,0.00017170246,3.3681776e-05,0.00029751984,0.00017871731,8.945739e-05,4.5644583e-06,9.0385656e-05,-0.00010797617,-3.0847802e-06,0.00011254002,-2.3696108e-05,5.8418802e-05,7.467388e-05,5.958383e-05,0.00012171119,-5.5254444e-05,2.5140864e-06,0.0001343678,1.6659016e-05,7.919439e-05,-7.481629e-05,-1.0802473e-05,0.00015718743,1.3613387e-05,-2.4720166e-05,2.6799376e-05,-0.00017142617,2.8558135e-05,5.97997e-05,9.719049e-05,5.7026184e-05,1.8508385e-05,5.3486412e-05,0.000107411535
A394_XM_371822_1,9.538455e-05,9.1669855e-05,0.00010275868,0.00013143418,4.0251904e-05,-0.00018113275,0.00021285276,0.00015623777,0.00013630345,-6.475655e-05,4.0618477e-05,-2.2244783e-06,-7.474519e-05,1.5620124e-05,8.737821e-05,0.00010230298,-1.050854e-05,0.00014083103,-7.721791e-05,1.7414635e-05,-4.9065748e-05,-7.932494e-05,-6.2207284e-05,-6.329649e-06,3.6274072e-05,0.0001895119,-7.153393e-05,-4.8687867e-05,-1.5313191e-05,-0.00010894028,1.4775188e-05,-0.00014912224,3.336212e-05,-3.600976e-05,6.924147e-05,-5.918731e-05,-2.537789e-05,1.8289838e-05,0.00017124481,-0.00018206642,-3.8252645e-07,-3.60169e-05,3.391685e-05,0.00014202668,9.602529e-05,-1.955084e-05,5.884139e-05,-6.126247e-05,-1.2796055e-05,4.3727992e-05
B295_U47296,5.9928567e-05,1.1611468e-05,0.0001012329,0.00017234773,1.3066754e-05,-5.4223376e-05,-5.7103498e-05,3.36411e-05,2.4336574e-05,-7.084304e-05,-4.9168593e-05,8.1982565e-05,-3.8885384e-05,-9.6288364e-05,-2.2672131e-05,0.00011197488,5.783238e-05,-1.9614217e-06,-0.0001982501,-8.061396e-06,5.526179e-05,1.7487657e-05,-2.5491434e-05,-7.6873985e-05,0.0002513958,8.8869594e-05,2.3809529e-05,0.00030765537,-6.142411e-05,0.00011840902,-0.000101237245,8.190076e-05,2.6757874e-05,0.00011185836,-7.317331e-05,4.994358e-05,3.5937806e-05,4.438062e-05,-7.6154196e-05,-4.5740275e-05,-1.6774673e-05,-0.00011170931,5.630632e-05,0.00013877694,0.00017370982,-0.00016212548,0.00011526023,7.8909325e-05,0.0001953828,1.5764914e-05
B366_U92436_2,1.8701994e-05,0.00014091149,6.077392e-05,3.8071204e-05,-6.776806e-05,2.6947166e-06,0.00013943133,0.00012306529,-5.191066e-05,-0.00015231027,0.00013650356,-0.0001240481,-4.4809825e-05,8.040813e-06,0.00017244481,0.00013163273,-6.5368025e-05,6.0773003e-05,5.424511e-06,1.2713758e-05,8.5731226e-05,7.971175e-05,7.259727e-05,2.5872378e-05,-1.7625793e-05,-2.600224e-06,3.7688143e-05,2.548543e-05,-1.2875214e-05,-8.776412e-06,7.8211684e-05,3.0206786e-05,-6.787952e-05,0.0001239907,4.9634767e-05,5.6188528e-05,5.5193774e-05,-3.829197e-05,0.00014161055,-5.540587e-05,0.00011062314,0.00019940399,6.235312e-05,5.4157652e-05,5.895559e-05,0.0001397119,-1.9650379e-05,-2.6718773e-05,-2.0565772e-06,0.00017061249
A470_XM_371822_1,2.1964928e-05,3.2623146e-05,0.0001969212,5.2231004e-05,-1.2344946e-05,-7.4310606e-06,-5.336931e-05,1.9530347e-05,0.00019533442,7.994433e-05,-5.2142987e-05,-0.0001002338,0.00018022774,-0.00012107901,-1.2530093e-05,1.1662638e-05,7.398463e-05,8.920304e-05,-5.6564953e-05,-0.00014426057,7.256686e-05,-1.237962e-05,0.0001379506,2.575688e-05,7.649114e-05,-7.3567055e-05,1.9740191e-05,2.7669543e-05,0.00020797056,-2.7909215e-05,-6.2016784e-06,6.86614e-05,-0.0001211053,-6.256113e-06,-0.0001436549,0.00011536404,0.00020420788,0.00023416833,-3.5393394e-05,-0.00017021269,0.000114280185,4.1928794e-05,1.7319546e-05,-0.00012476063,-0.00010516931,0.00021066911,5.787636e-06,1.5645666e-05,1.5384809e-05,-6.557475e-06
B1_AH001498_1,-0.000199502,9.3195784e-05,0.00016025423,0.00011101128,7.259928e-05,-0.00024882614,2.5942903e-05,4.113145e-05,-0.00014359372,0.00013162485,-3.502837e-06,-0.00014871899,-3.8738744e-05,2.3993895e-05,5.6215737e-05,0.0003137632,0.00012159004,0.00010468659,8.681103e-05,0.00011678318,0.00015584608,-8.2185616e-05,6.5712506e-05,-0.00015564417,4.1084527e-06,-7.78587e-05,-9.4211224e-05,0.00016611502,5.863925e-05,3.954426e-05,8.3408566e-05,6.32141e-05,-8.052322e-06,-5.5342723e-05,-6.189697e-05,-5.1609928e-05,0.000117095646,-3.8360075e-05,-8.9893576e-05,0.00022389364,7.8713965e-05,-1.75387e-05,0.00017802906,0.00012511664,2.1827364e-06,6.146502e-05,1.3806119e-05,0.00018044906,3.808035e-05,1.8289487e-05
A511_NM_015213_3,0.00011569623,0.0001413626,7.9240264e-05,0.00012903925,-0.00016414453,-5.9856517e-05,1.956987e-05,-1.2169341e-05,-3.0254763e-05,0.00016700251,8.1283666e-05,5.0811785e-05,-1.1174913e-06,0.00022096852,6.35394e-05,3.2594366e-05,0.00020160747,-0.00024921237,-0.00018609033,0.00010667538,-6.754058e-05,1.1554625e-05,-2.7211743e-05,7.540424e-05,1.0520725e-06,0.00014039734,5.438481e-05,2.4213587e-05,3.1424825e-06,0.00010093863,-0.00010698395,0.0001511653,-1.7852376e-06,9.4038696e-05,-7.2897405e-05,-7.779849e-05,7.380838e-05,-0.00016535207,0.00012479504,0.00012845398,-5.3113185e-05,0.00014636217,-0.00015140967,-0.00013039177,8.015681e-05,1.0158475e-05,-6.7178815e-05,8.332241e-05,-0.00014618745,-4.696779e-05
A512_NM_015213_3,9.011304e-05,-9.7273136e-05,0.00010328252,0.00010351024,2.119394e-05,6.0941973e-05,6.8921e-05,4.185606e-05,-4.2658135e-06,5.1514784e-05,0.00014736972,-0.00014455193,0.00016350657,0.00039218974,-7.141526e-05,-8.244512e-06,3.2699245e-05,7.070277e-05,1.3659323e-05,8.086104e-05,1.4998849e-05,9.4002186e-05,8.820665e-05,0.00016710568,0.00017331049,-0.000109050634,5.465503e-05,0.0002019751,2.0177742e-05,4.4085886e-05,0.0001500285,0.000114649505,3.889868e-05,-0.00021223539,3.2848926e-05,-3.8120012e-07,9.114923e-05,-1.8137203e-05,6.0068312e-05,-4.6183202e-05,-3.181536e-05,4.488777e-06,0.00013123573,7.199443e-05,9.333803e-05,3.9523253e-05,9.640849e-05,9.65198e-06,6.629553e-05,0.0002454515
A594_NM_015213_2,-4.560857e-05,-6.658213e-05,-6.923917e-06,0.0001346532,0.000100075325,-2.187308e-05,6.025273e-05,0.00010326577,0.000114675066,-7.5011114e-05,-8.643363e-05,-0.00021226612,0.00018224426,0.00013887692,-1.0757969e-05,0.0001883843,-0.00013592151,0.00017963826,-4.803974e-05,-1.4421985e-07,-8.5809384e-05,3.8235725e-05,0.00015281465,-1.0313183e-05,0.0001334015,1.3641063e-05,0.00016341153,8.5264466e-05,-1.9236695e-05,0.00012433343,8.6182394e-05,-8.547799e-05,3.452702e-05,-1.4352806e-05,6.644781e-05,7.2865834e-05,-0.00013598576,0.0001846507,8.566812e-05,8.084749e-06,8.321122e-05,-0.00015141524,-6.636834e-05,-3.3658805e-05,1.4503104e-05,-3.0977193e-05,3.2501408e-05,-1.2452093e-05,3.3152977e-05,0.00015309271
B94_U47298,0.00013136682,0.00019931821,8.518016e-05,-1.4350018e-05,-8.826544e-05,-5.182584e-05,-2.9132765e-05,-2.8396624e-05,-3.147492e-05,6.485812e-05,8.830422e-05,0.00010776207,8.423925e-05,0.00016787075,0.00026309513,1.2283142e-05,0.00018195537,-4.5640354e-05,1.50702435e-05,-5.4313045e-05,5.5711484e-05,2.1333337e-05,-0.00014432172,9.300477e-05,-6.4674685e-05,-4.1811592e-05,5.053622e-05,-0.0001615251,7.1421637e-06,0.00013983142,-0.00014816721,-4.1094758e-05,4.9273596e-05,2.4596935e-05,0.00018560146,-4.62419e-05,5.047852e-05,-9.5200856e-05,6.667667e-05,6.02464e-05,-9.40266e-05,-4.4837827e-05,3.0339223e-05,-1.2930654e-05,-0.00014731855,-0.00020425353,2.0218396e-05,0.0001672523,1.3658517e-05,3.8486087e-05
B72_U47298,-0.00017593298,0.00012191871,-0.00014334824,-6.616288e-05,3.0653733e-05,8.1723316e-05,0.00013530608,2.8547396e-05,-2.6847909e-05,-6.215698e-06,-8.281191e-05,0.0001171047,6.8394543e-06,0.00025705592,0.00010844284,2.7217076e-05,-1.610442e-05,1.75394e-05,-0.00011898821,9.9242e-05,-0.00011824923,0.00010620198,-8.5625616e-05,0.0001516674,-2.2475167e-05,-4.2519525e-05,-2.8675873e-05,0.0001551764,-0.00022967478,5.375164e-05,-0.00016140325,1.4206399e-05,6.405451e-05,1.5668043e-06,6.392843e-05,4.4916753e-05,-2.142892e-05,3.0583178e-05,-2.4711688e-05,4.655991e-05,0.00010564197,6.2991494e-05,6.88877e-05,-0.000120190976,3.2375153e-06,-5.508622e-06,1.2267462e-05,-1.800521e-05,-2.4290595e-05,2.6698812e-05
B402_J03132_2,9.8321965e-05,1.2967478e-05,6.90383e-05,6.942821e-05,0.00014452041,-1.2834502e-05,6.4490676e-05,0.00013081646,0.0001460688,-6.774212e-05,-1.4141778e-05,0.0002781355,-0.00013664892,2.4252018e-05,9.0548856e-05,1.4002695e-05,0.00012897473,7.8477795e-05,-1.566816e-05,-0.00010774455,-6.9654895e-09,2.4700206e-05,6.483986e-05,5.4306245e-05,-8.6826236e-05,-0.00015424263,0.00017682266,-3.9466606e-05,0.00020933438,-5.7221125e-05,0.00011477379,-0.00012991866,-5.7187175e-05,-0.000105828185,3.3290613e-05,-2.5429792e-06,0.00019425586,0.00015177368,-3.439512e-05,2.896234e-05,0.000111588735,-0.000116708026,6.287611e-05,0.00021505942,0.000117720716,0.00014231172,9.505407e-05,-8.682592e-05,0.00011951197,0.00020274844
B347_U92436_1,-0.0002025297,0.00015267158,0.00022308681,0.00021616253,0.0001573571,-6.7120636e-05,0.00023080366,0.00015195836,0.00013815497,7.79632e-06,7.550746e-05,-0.000118787095,-5.1021674e-05,2.4249726e-05,-5.2318437e-06,-7.5589116e-05,-0.00014471775,-0.00012969562,8.2140716e-05,-4.860623e-05,-0.00010439595,-0.00010669815,-0.00015322669,6.927346e-05,-0.00014172152,-4.9515253e-05,-2.4216422e-05,0.00011245017,8.714829e-05,0.00011364931,0.00012668848,-0.00024035157,0.00016160072,-1.97356e-05,-0.00016674488,0.00022666677,0.00019199825,4.022498e-05,-4.1898147e-05,0.00011421037,5.871836e-05,1.2177448e-05,1.1559753e-05,-9.263024e-05,-1.8481009e-05,4.191814e-05,3.980368e-05,4.6787816e-05,6.975255e-05,5.2744588e-05
A359_XM_371822_2,6.1124905e-05,-0.00012566379,0.00014029411,5.3463227e-06,2.547238e-06,8.538976e-05,0.0001939372,1.8055089e-05,9.515083e-05,4.761797e-05,4.68837e-05,-5.3790398e-05,8.409993e-05,-4.1357525e-05,9.871047e-05,-0.00012817618,2.4249878e-06,8.9665926e-05,0.00012751881,4.96931e-07,-2.1315456e-05,8.97473e-05,-1.2482539e-05,8.4775966e-05,6.9306436e-05,7.963875e-05,0.00013338494,-2.305563e-05,9.3986455e-05,0.00012341102,-0.00015525863,0.00023648147,2.8625958e-05,-0.00011590121,-2.3868211e-05,0.0001145452,0.00014440241,0.000104124,-4.0955427e-05,-0.00010983322,0.00013896785,-9.725178e-05,-2.9451347e-05,-0.00016482246,-6.7879096e-06,5.4696266e-05,-5.9313214e-05,8.071617e-05,-6.398349e-05,0.00020112685
A430_XM_371822_1,0.00016139014,0.000119990094,0.00015740821,-7.2896386e-05,-0.00011479296,9.662199e-05,-2.0071757e-07,1.9204832e-05,4.426291e-05,0.00010611393,0.00012079782,-2.4950241e-05,3.5462934e-05,0.00014175793,0.00018773567,-0.00013326776,-0.00014142814,-1.2726799e-05,-1.3962765e-06,0.00010388702,-5.2953483e-06,-4.5077653e-05,0.00017933622,-0.00013330822,0.00011905114,-5.6334604e-05,-6.840182e-05,-6.892911e-05,-5.950106e-05,0.00013982334,-7.695673e-05,-0.00014387516,3.2052434e-05,0.00012636618,0.00021503039,-0.000105134786,4.087646e-05,6.480297e-05,-0.00013686191,3.3554872e-05,-0.00010237884,-5.520974e-05,-2.5779587e-05,0.00024248367,4.8402704e-05,7.967668e-07,0.00014420004,5.7448135e-05,-1.1480587e-05,0.000117129384
B169_U47298,-7.4340576e-05,0.00012362779,0.00015713999,-9.343276e-06,0.0001241675,7.4635354e-05,5.2022388e-05,0.00018917792,-5.903612e-05,-1.1796959e-05,1.47544915e-05,0.00015763249,-2.0283042e-05,4.095178e-05,-0.00013919847,0.00018383961,-0.00022498581,8.4240986e-05,7.932189e-05,-7.4795906e-05,-0.0001474241,-8.591035e-05,8.87015e-05,-0.00012224316,8.379087e-05,0.0001350932,-3.733853e-05,-8.488364e-05,4.3149405e-05,1.7366498e-06,-1.2571338e-05,8.496379e-05,-5.4617507e-05,0.00015684904,3.2586566e-05,5.0370574e-05,0.00014855126,-1.2939864e-05,-6.321604e-05,3.5038076e-06,5.0217313e-05,3.7536756e-05,0.00015403859,2.1561375e-05,-6.8142235e-06,0.00012226772,0.0001605077,-0.00018988035,-5.1814808e-05,5.9444836e-05
B281_NM_031313,-9.911003e-05,0.00014385399,-3.338348e-05,-5.3625895e-06,3.8438006e-06,8.087359e-06,1.8480738e-05,7.6772165e-05,2.4680514e-05,4.3725035e-05,-0.00014531678,9.688104e-05,-7.686117e-05,-3.5304038e-05,7.5214384e-06,-2.9298953e-05,0.00015562339,-5.1332012e-05,5.2279975e-05,0.00017094455,2.317951e-05,2.5058476e-05,9.7109456e-05,9.9744095e-05,-3.045412e-05,2.2101156e-05,7.937093e-05,7.448865e-05,0.00035760613,-6.040286e-05,0.00024173192,-9.252951e-05,-2.5531961e-05,-0.00012962312,1.7092774e-05,9.949732e-05,7.024928e-05,0.00016397756,2.5944399e-05,4.7843954e-05,-7.769588e-05,0.00012678107,9.666892e-05,-1.4438288e-05,-1.2682252e-06,8.564311e-05,1.2003285e-05,0.000185394,-0.00022586592,0.00025684078
B418_NM_001632,3.870376e-05,8.685933e-05,9.0931746e-05,0.00025742257,0.00014642795,-1.9913455e-06,6.199885e-05,-5.001642e-05,6.836314e-05,0.00015806114,-3.1117026e-05,3.3600765e-05,4.177933e-06,0.00014088117,0.00012683155,6.397565e-05,0.00015971984,0.00014462689,-8.0414604e-05,0.000109049724,-6.462669e-05,-8.572536e-05,3.4983714e-05,-7.742875e-05,0.0002556401,-3.0549192e-05,0.00011933852,-0.00015735712,-1.17412965e-05,4.8184833e-05,1.5242133e-05,-0.000108838845,7.356997e-05,0.00036181355,2.8424261e-05,-0.00018015277,0.00013559828,0.00020255495,1.8655648e-05,0.00018558765,-3.6809706e-05,1.5430422e-06,4.2844116e-05,7.28822e-05,0.0001197436,3.2235777e-05,-6.40156e-06,0.000121407276,0.00013876661,0.00017193088
B309_X75932,0.00011012325,-6.1285396e-06,-0.00022256232,2.7482698e-05,-5.645576e-05,2.1908978e-05,-2.0941245e-05,-4.614388e-05,4.35936e-05,-0.000106264044,7.543324e-06,2.8594744e-07,8.7062974e-05,-7.968016e-05,-0.00016363972,5.9920258e-06,0.0001400203,-2.2900553e-05,1.13843935e-05,-5.885671e-06,-6.376994e-05,5.2912226e-05,9.7707685e-05,-8.80038e-05,-0.000108693464,-9.303839e-05,-9.8593846e-05,-0.00011413051,8.167053e-06,0.00017001707,-9.625884e-05,-6.1396364e-05,-3.8851547e-05,2.3918017e-05,-5.5580203e-05,-3.0651096e-05,5.6561406e-05,0.00013862376,5.629441e-05,2.5060208e-05,-4.1173436e-05,-0.00029403067,-2.1120904e-05,-0.00011222043,-4.641333e-06,-0.00015433277,-8.5428495e-05,-6.5700086e-05,-0.000105975254,3.1320968e-05
B170_U47298,0.00013379838,8.541874e-05,-0.00012143803,-2.036353e-05,-8.761401e-05,2.062806e-05,0.0002362286,0.00018088614,3.400054e-05,9.3268805e-05,-8.9294e-06,0.00014227172,5.476599e-05,0.00013015258,-0.0001715759,0.00022177298,9.806763e-06,5.493052e-05,4.504923e-05,9.6585536e-05,6.537813e-05,-0.000101922145,-9.490104e-05,-3.2108463e-05,-2.4194367e-05,3.496805e-05,-2.0087964e-05,-0.00012285027,0.00016313263,-4.4398334e-05,0.00012433223,0.00015435545,2.2345288e-05,7.401385e-05,9.481654e-05,-3.495493e-06,0.00012895405,0.00014649746,-2.8563356e-05,0.000115752526,4.618097e-05,-9.924976e-05,-7.151752e-05,-0.00011069485,2.2936451e-06,6.2838895e-05,-0.00015902593,-2.9118639e-05,3.9369716e-05,7.594705e-05
B32_AH001498_2,0.00016449785,3.143062e-05,-4.1214098e-05,-3.1180807e-05,0.00013377964,0.00012770089,0.00016835544,0.00014899173,-0.000110742505,1.1767924e-05,2.4797979e-05,-3.1252293e-05,0.000121343684,9.425385e-05,-0.00014938234,-6.435793e-06,-0.00011088419,9.263862e-05,4.7729445e-05,-5.0768394e-05,6.9284535e-05,4.3332788e-05,5.421438e-06,-0.00011968731,0.00013318541,0.00017160115,-3.425027e-05,7.8871984e-05,-5.800998e-05,0.00015583244,7.301182e-05,-5.2630003e-05,4.2576306e-05,-0.000113339185,6.8916466e-05,-9.2211216e-05,1.0923245e-05,-3.2724492e-05,-0.00012478694,-9.464717e-05,8.712985e-05,-3.4619363e-05,0.00018769507,5.521354e-07,3.9578827e-05,9.036605e-06,-0.00014756438,0.0002073277,3.37337e-05,0.00015638807
B165_U47298,0.0001313129,2.0315701e-05,-1.7905424e-05,-8.69704e-06,2.5168322e-06,7.399944e-05,-0.00010459056,0.00016291121,8.277476e-05,3.5904068e-05,7.395673e-05,0.00021244543,0.00010487246,-4.7813326e-05,5.269646e-05,2.8316459e-05,-0.000100629506,-6.884667e-05,7.09324e-05,-3.0296065e-05,4.5924793e-05,5.197854e-06,-0.000113725866,-9.1905604e-05,-0.00015056647,-0.00018201036,-4.204705e-05,0.0002666961,0.00012353227,-2.8661245e-05,-8.263888e-06,3.6086592e-05,0.00019967301,0.00024149448,-8.926667e-05,-1.8775934e-05,-5.476529e-05,-8.80479e-05,0.00012797103,-4.940074e-05,-6.9974617e-06,0.00017592228,0.00029087218,7.762037e-05,-2.2148746e-05,-0.00011070396,-5.0719394e-05,-4.801692e-05,7.711731e-05,8.078404e-05
A505_NM_015213_3,-8.233234e-05,0.00014453726,0.00024106228,-1.9926776e-05,2.8772296e-05,5.3762837e-05,1.3944295e-05,0.0001447018,-0.00015206645,2.2781442e-05,2.2842003e-05,0.00011308691,0.000106422325,8.063268e-05,-4.9298946e-05,-4.612357e-05,0.00014570421,-0.00023228575,0.00015882851,0.00013375389,3.3696194e-06,9.014927e-05,0.00019494665,0.00019290435,-0.0001514357,3.8936087e-05,0.00010319902,0.0001468535,-7.155577e-05,2.1836348e-05,-2.304342e-05,5.2345258e-05,-0.00015948543,1.7817327e-05,-0.00012775957,-9.970149e-07,-2.4172377e-05,-0.00029031356,1.1394102e-05,-6.420495e-05,-0.00025492883,1.4164268e-05,-4.780972e-05,3.8543396e-05,7.804269e-05,1.8746403e-05,-2.972534e-06,-0.000116093855,-0.00013831201,9.224484e-05
B155_U47298,-8.236475e-06,-0.00016114136,0.000108489636,-1.7720724e-05,7.303163e-05,6.4066524e-05,0.00020673085,-0.00013915467,0.00012319382,8.986621e-05,6.2401225e-05,-1.5698479e-05,1.0594576e-05,0.00023776287,-5.647292e-05,0.00022978098,4.2674677e-05,4.131152e-05,4.500282e-05,7.230607e-05,1.3721821e-05,5.8109663e-06,-8.192228e-05,-2.4243838e-05,-3.5578266e-06,8.169594e-05,2.4315246e-05,0.00016180518,-3.9490507e-05,-0.00010342313,4.0500927e-05,-9.237148e-05,9.009585e-05,0.00018964575,5.7412733e-05,-2.7284577e-05,0.00016714007,-2.3399793e-05,0.000107091015,-1.604633e-05,-0.00011071044,-8.971517e-05,0.0001247504,1.2207976e-05,-0.00014018289,3.3610297e-05,0.000104862665,3.106829e-05,8.981152e-05,5.840758e-05
A549_NM_015213_1,0.00016120059,4.7417812e-05,-5.0035804e-05,6.42e-05,1.5739522e-05,2.2489237e-05,9.103505e-05,9.34253e-05,-5.3553063e-05,-8.610551e-05,0.00017314007,-3.070765e-05,1.3781901e-05,-0.00015141071,4.6627e-05,-3.2183914e-05,0.000108365755,-4.0027135e-05,9.158612e-05,0.00027940754,4.282465e-05,2.6092797e-05,-7.6531695e-05,-3.0446141e-05,0.00011448968,-0.00014476886,-0.000102016544,6.981307e-05,0.00010891847,-2.2032227e-05,0.00012579591,-1.1744917e-05,-8.453414e-05,0.00027873716,2.7447693e-06,-0.000121397585,3.023759e-05,0.00015949109,8.968863e-05,-3.0136465e-05,-1.38009245e-05,9.275291e-05,0.00011958658,5.7647067e-05,5.5833585e-05,-7.922121e-06,1.18028665e-05,-7.540731e-06,4.1270214e-05,-8.694588e-05
B54_U47298,0.00011771035,-0.00019116524,-8.9740344e-05,-0.0002685579,9.278676e-06,-0.00015678322,1.6160842e-05,3.7977123e-05,-2.6753365e-05,5.454752e-05,0.00020135159,0.00022595745,6.190413e-05,-6.76773e-06,-0.00013092662,2.1800033e-05,5.3326134e-05,5.9144233e-05,2.8375089e-05,-0.00013215472,0.00010511536,3.929098e-05,-3.0080748e-05,-3.400323e-06,-4.6571025e-05,-0.00015207475,-9.997778e-05,-5.7365432e-05,-2.8069846e-05,-7.39898e-05,8.360257e-05,-6.9858455e-05,0.000105890475,-7.0744914e-05,-1.8555116e-05,0.00015990107,6.523787e-05,-1.4557527e-05,5.1571496e-05,1.8725303e-05,-4.2480897e-06,5.2475287e-05,0.0001452824,4.6871857e-05,0.0001354833,3.5045923e-05,1.2106166e-05,0.00014240578,-9.960528e-05,5.4053184e-05
B98_U47298,3.6202393e-05,-3.8090595e-05,-6.3285497e-06,9.329515e-05,0.00012916717,0.00017407678,-7.506996e-05,-9.3375485e-05,-1.353506e-05,-1.48066165e-05,-3.2544758e-05,0.00019723264,0.0001620174,-1.3889831e-05,3.0014353e-05,6.27804e-05,0.00019253913,0.00018708875,-2.1066786e-05,-3.9943305e-05,8.028264e-05,8.380279e-05,7.696188e-05,-4.151823e-05,0.00015752998,-8.353074e-05,6.9588605e-05,1.6018623e-07,-1.3136645e-05,0.00010652987,-0.00015153179,7.392629e-05,1.8643996e-05,-6.826906e-05,-0.00010019084,-2.9861767e-05,0.00012526556,2.388653e-05,-0.00020187869,-4.3432374e-05,-8.1518665e-06,1.6174952e-05,-7.282039e-05,-0.00012183308,-0.0001211723,-4.583891e-06,-0.00025902977,1.5622616e-05,1.1826184e-05,-8.844382e-07
B409_J03132_2,-0.0001650319,2.9600682e-05,8.0296995e-05,-5.1917108e-05,0.0001630398,-2.0035854e-05,0.00023451373,-0.00014028921,-7.058185e-05,6.308919e-05,-9.75735e-05,-0.00012947361,2.1706193e-05,5.825031e-05,3.3969325e-05,0.00014165966,3.772998e-05,-7.832128e-06,-3.445072e-05,-0.0001315215,7.4203075e-05,5.8798192e-05,-1.2083513e-05,-0.00013899662,-1.907904e-05,7.3716146e-05,3.0548592e-05,9.399472e-06,0.000119705284,5.8408696e-05,3.9672766e-05,0.0002823866,-0.00019765866,-8.500985e-05,-4.134668e-05,-3.1983433e-05,-0.000137191,0.0001186061,-0.00019079368,-9.8447854e-05,0.00010471763,7.7972645e-06,-5.6464814e-05,8.268681e-05,5.9266724e-05,0.00016333115,4.179924e-05,-6.5619664e-05,2.7275233e-05,-2.731096e-05
B10_AH001498_1,-0.00014731249,-0.00011514275,0.00020944385,0.00016783943,0.0001695886,-4.7173402e-05,-0.00013799957,-5.095475e-05,-0.00010057725,0.00016700155,-6.158926e-05,5.2734667e-05,4.7358728e-05,5.9789825e-05,0.0002817562,4.2459502e-05,-0.00015155177,-8.591183e-05,-1.6201022e-05,-4.950399e-05,-8.3343e-05,-6.778176e-05,3.179085e-05,-9.786206e-05,4.803695e-05,3.6581376e-05,5.3112904e-05,4.53257e-05,3.317615e-05,-6.706347e-05,9.470014e-05,-0.00013908895,2.6527907e-06,3.2429733e-05,-8.8431225e-05,-9.299571e-05,0.00013968743,-0.00015713475,0.00016487647,0.00015275946,-7.0306305e-05,-6.7146364e-05,2.2939297e-05,7.3241936e-06,2.1405884e-05,-7.97574e-05,-5.3201755e-05,-9.952293e-05,3.8407998e-05,8.4835156e-05
B370_U92436_2,0.00019470518,-8.498406e-05,-2.2375933e-05,0.00017013898,-0.0001412084,4.6935646e-05,8.341916e-05,0.00020025771,-7.526797e-05,0.00012668852,4.0968956e-05,0.00016873167,0.00018546896,-2.0439298e-05,3.52165e-05,-4.28061e-05,-4.4481883e-05,-4.7281937e-05,0.00010305325,4.906527e-05,-3.652716e-05,0.00010387265,0.00013150302,0.00014234704,-5.063826e-05,-0.00019698079,0.00011854385,-1.0464238e-05,0.00012673975,-2.2853452e-05,1.4782625e-05,-5.9119702e-05,-3.4241406e-05,-2.2131047e-05,4.129068e-05,0.0002779564,5.171548e-05,-1.3356961e-05,-3.8928447e-05,-0.00012777647,0.00011787565,4.3126693e-05,-1.7231016e-05,3.301986e-05,9.252533e-05,0.00023596888,8.002714e-05,2.9805014e-05,6.9556045e-05,0.00010170016
A428_XM_371822_1,5.467146e-05,-6.4590175e-05,1.8664197e-05,-9.071109e-06,7.710703e-05,-0.0001211592,-4.133134e-05,-9.344274e-05,-0.00028099242,1.1461546e-05,0.0002519337,9.423218e-05,9.636089e-05,-0.00013044894,-5.9031918e-05,2.3051787e-05,3.876663e-05,-3.0313313e-05,0.00015560295,8.927666e-05,2.0324154e-05,7.946541e-05,-3.4818713e-05,-2.9875877e-05,0.00023992192,7.4774645e-05,3.7819267e-05,-6.196308e-05,-4.383824e-05,0.00017617509,0.000103983606,-6.594395e-06,-0.00012789201,-6.3085725e-05,-5.5323704e-05,-5.6021247e-05,-0.00011643921,-9.913444e-05,8.056509e-05,-1.1155893e-05,0.00021067931,-0.000101782396,3.92159e-05,1.8528108e-05,-0.00012059447,4.478818e-05,-3.777412e-05,-3.699012e-05,0.0002630933,0.00014122338
B290_U47296,-8.132495e-05,0.00010081221,-5.9911992e-05,-3.5329453e-05,5.237602e-05,6.247304e-05,0.00019374513,0.00011397629,-0.00013438339,6.8233676e-05,2.1856904e-05,7.110989e-05,1.3238052e-05,-0.00010236579,-2.3569912e-05,0.00020713659,-0.000114072216,0.0001986099,-1.20736095e-05,0.000117841344,-1.9839705e-05,0.00013906958,0.00012607712,0.00015560379,0.00020754017,8.953173e-05,5.616599e-05,0.000112510126,6.286081e-05,-0.00015579115,-9.95008e-05,-9.965087e-05,-2.7035278e-05,4.6280555e-05,-9.069864e-05,3.097957e-05,-0.00024316357,8.756059e-05,3.8387825e-06,0.00041329034,7.70787e-05,2.6700094e-05,5.923532e-05,9.395142e-05,-7.500743e-05,5.3788015e-05,4.0608098e-05,0.00016736522,-8.471914e-05,6.180468e-05
B310_X75932,-1.2852522e-05,4.5288412e-05,0.00017565399,-5.813247e-06,3.0388761e-05,-9.013927e-05,7.166882e-05,-1.4706043e-05,9.216448e-05,-6.5867425e-05,-6.791807e-05,3.4416604e-05,-1.0888071e-05,0.0001276795,-3.5639136e-05,-0.00011408218,0.00021224332,-4.9212107e-05,-2.3501047e-05,4.3018805e-05,9.87224e-05,-0.000114485934,-6.0075243e-05,-8.414732e-06,0.00011998239,0.00016339195,-0.00015206415,4.6122816e-05,3.1078842e-05,7.0103306e-05,7.0262445e-06,5.7489335e-05,0.0001637029,-0.000116383046,0.00012677233,-6.3736756e-05,7.481969e-06,-6.737158e-05,2.571498e-05,-7.033409e-05,2.3477109e-05,-4.852951e-07,0.00014040497,-2.843363e-05,-0.0002009402,3.943687e-05,1.210035e-05,4.1831827e-05,-3.5965317e-05,4.6864025e-05
B308_X75932,2.0295114e-05,-0.00016022925,-0.00013159442,-5.392659e-05,4.45631e-05,-1.4239513e-05,-2.809757e-05,-2.1174441e-05,8.169886e-05,3.687577e-05,-3.0445415e-05,0.000115687864,-8.0134625e-05,-3.8201404e-05,-4.3469303e-05,-1.1940161e-05,-0.0001644883,-1.4640041e-05,6.4715125e-05,-9.581002e-05,-7.717417e-05,9.4753246e-05,-0.00012643661,-4.8473816e-05,2.847396e-05,0.00012767279,4.1481573e-05,-1.1998301e-05,-0.00012810025,0.000100826845,0.00013488175,-7.916918e-05,-0.00011378499,-0.00018734457,-3.766398e-06,-3.0469895e-05,-0.00016004495,0.000109160865,1.8630122e-05,8.454872e-05,0.00012415704,4.4926117e-05,3.0841516e-06,0.00024149755,-0.00028053686,-3.581724e-05,-1.8771287e-05,-8.2433595e-05,-0.00011752506,5.4767403e-05
B400_J03132_2,-6.0742997e-05,-0.00010771465,-2.0907259e-05,9.9177505e-06,3.433258e-05,-0.00019716819,9.739347e-05,-0.00016818746,2.0803487e-05,0.00013996217,-0.0001256666,0.00016883723,-2.0670044e-05,-5.257308e-05,9.32516e-05,0.00015130552,7.6095284e-07,9.5335075e-05,-3.5089914e-05,0.00022241859,0.00014352339,0.00012255822,-2.8317003e-05,3.9564504e-05,1.6428914e-05,-8.444408e-05,-8.091928e-05,-8.035687e-05,9.693082e-05,-8.6901884e-05,-1.649477e-05,0.00019660188,-1.9457017e-05,2.3698372e-05,-4.9531052e-05,0.00012602004,8.102493e-05,-8.14745e-05,0.00014142894,0.0001484681,-9.842559e-05,0.00015840401,-0.00011766994,3.9520466e-05,5.5593857e-05,0.00011084206,2.1907785e-05,-5.1068022e-05,0.00015280863,3.2307323e-06
A358_XM_371822_2,6.679398e-05,-9.1428934e-05,0.00017649122,5.788517e-05,-3.0595827e-05,-8.649331e-05,-0.00010735,-5.1537845e-06,0.00012708115,1.6091884e-05,-3.6930596e-05,-0.00011095493,4.943997e-05,2.5247748e-05,8.602111e-05,2.2078082e-05,9.80656e-05,2.5604766e-05,0.00012343378,-8.920354e-05,9.756279e-05,1.0939431e-05,1.4826499e-05,3.4086253e-05,-1.9534564e-05,9.856175e-05,-7.6017146e-05,-5.7225207e-05,-5.3135132e-05,0.00023228477,0.00016458528,-0.00013150576,1.0591308e-05,4.4172462e-05,-9.9074496e-05,6.350835e-05,3.807557e-05,0.00023728234,2.7103775e-05,-0.00012572584,-8.775683e-05,1.2206004e-05,1.758606e-05,0.00011103283,-0.00013589319,-2.5477451e-05,-1.6709655e-05,-0.00010343518,3.8534363e-05,0.00019017617
A628_NM_015213_1,0.00018090254,0.0002678919,-0.000118159995,3.3918546e-05,-4.080774e-05,8.631675e-05,-2.8265453e-05,0.00010537799,5.9395938e-05,0.00010916232,-0.00012715432,0.00027803978,7.145887e-05,1.971609e-06,0.00013581064,8.393022e-05,3.0410583e-05,2.0152484e-05,5.4101012e-05,-9.926049e-07,-0.00011575753,0.00015608307,-5.3996195e-05,0.00012427077,-8.0552476e-05,-9.274612e-05,-1.415087e-06,3.8370003e-05,-3.2687152e-05,-7.552751e-05,8.853643e-05,-7.847782e-05,-9.6850905e-05,6.476188e-05,-6.613749e-05,4.558348e-05,-2.2831357e-05,-3.6319787e-05,0.00020156664,0.00010388178,0.00019304236,-0.00017332677,-0.000114863695,0.00016712747,0.000100187266,1.1405272e-05,6.951877e-05,2.945001e-05,0.00023538317,4.1801057e-05
B292_U47296,-8.378086e-05,0.000109933484,4.4812758e-05,-2.3137767e-05,4.0301053e-05,-6.655233e-05,-5.752419e-06,-4.8883543e-05,0.00014434727,2.0791509e-05,-8.596476e-06,-9.2201684e-05,5.8352558e-05,-1.5461069e-06,0.00018833471,4.411547e-05,3.235486e-05,0.00029463958,-6.470164e-05,-0.00011190051,-6.837688e-05,0.00016134708,0.00014325326,8.872164e-05,7.3899624e-05,-0.00016629747,-1.8922854e-05,-2.8041333e-05,-5.4726843e-05,3.7704205e-05,-0.00019269981,5.3015123e-05,3.200661e-06,-7.85441e-05,1.7346718e-05,4.6408295e-05,8.574867e-05,-2.4287092e-05,7.690777e-05,0.00011843334,0.000118544165,-6.4669635e-05,0.00013686139,0.00020197777,9.363498e-06,-6.1535844e-05,-4.510641e-05,0.00014321231,-4.8304948e-05,0.00019366505
B56_U47298,-0.00010558102,-4.296641e-06,0.00013151717,-2.3667251e-05,-2.1418022e-05,9.469585e-05,4.5220764e-05,0.000113625385,0.00014394437,-0.00012497212,5.598124e-05,2.5544206e-05,-1.0936664e-06,0.00016974323,6.912567e-05,8.63439e-05,2.5920137e-05,2.4571613e-05,-5.463825e-05,-7.9020654e-05,-0.00020693707,-0.00014208884,5.2071473e-06,-0.00010330058,0.00010289332,0.0002496563,5.2246807e-05,-7.4714626e-05,5.0579565e-05,1.33265285e-05,-0.00013772727,-9.451026e-05,-0.00025659017,4.018949e-06,-3.2160537e-05,0.00010574041,0.00015464213,4.1434847e-05,-1.3370912e-05,4.7581845e-05,-5.071929e-05,-1.8290251e-05,4.678839e-06,4.1490257e-06,-0.00013134861,0.0001442817,0.00019241025,-0.00013287045,-0.000105426116,-7.5018947e-06
A529_NM_015213_2,-4.5465724e-05,0.00013653925,4.9237045e-05,-3.437841e-05,-3.626213e-05,0.00015672359,-0.00013403036,6.0361344e-05,0.0002524881,-9.731551e-05,6.653383e-05,0.00025065878,-2.7436794e-05,9.079166e-05,-2.2454304e-05,2.433534e-06,-9.470252e-05,-6.626308e-05,-7.937342e-06,-0.00017899036,4.929809e-05,9.759418e-05,-1.5638325e-05,3.1212017e-05,0.000113962604,-1.7422237e-05,-0.00010885912,-0.00011429881,-0.00014863328,0.0001550506,8.669603e-05,2.7568958e-05,7.2994204e-05,0.00020588256,3.4763507e-05,-0.00011561231,-1.5581516e-05,-9.0476875e-05,-1.6230548e-06,-4.4412856e-05,1.5311147e-05,0.00016215541,-6.293183e-05,7.24469e-06,-0.00014234107,3.4755103e-05,-2.2130067e-05,6.8040456e-05,-5.949596e-05,-5.035762e-05
B124_U47298,-4.131903e-05,-9.3022936e-05,6.864479e-05,0.00023311462,5.3642787e-05,7.1293434e-05,5.180475e-05,5.388808e-05,-5.3947926e-05,3.2728636e-05,-0.00019308185,0.00013881557,0.00016654549,-6.5431544e-05,0.00014544383,-0.0001665245,-1.1021873e-05,8.77448e-07,0.00015122794,0.0001527201,9.964004e-05,9.1727794e-05,-3.077239e-05,5.3934673e-05,0.00016610516,1.19612905e-05,7.1385126e-05,0.0001072952,1.7509004e-05,-9.676541e-05,-0.00012690439,8.434397e-05,-0.000113990056,3.537582e-08,-3.8024944e-05,-1.1991655e-05,8.7069435e-05,5.215804e-05,1.4309625e-05,7.3230103e-07,0.00012079709,2.5570824e-05,0.00019477266,1.0361436e-05,1.930126e-05,-0.00012334184,-8.461773e-06,6.790123e-05,1.779626e-05,-2.5783893e-05
A622_NM_015213_1,-2.372465e-05,0.0001192215,0.00017661661,7.1792005e-05,-9.883665e-05,-5.4068132e-05,-4.4513135e-06,-0.000106468506,1.173942e-05,-4.867552e-05,0.00014431817,-0.00011068614,0.00018689662,0.000121843805,2.8214501e-05,9.819047e-05,3.444581e-05,-0.00016574631,6.128697e-05,-0.00023574581,7.619549e-05,7.37116e-05,8.690293e-05,0.000113602655,-4.5041693e-06,4.875907e-05,-0.0001238908,-8.264266e-05,-6.471461e-05,-1.0506768e-05,5.2560918e-05,0.00024977472,-1.5195309e-06,-9.766825e-05,-3.937538e-05,2.853768e-05,0.00013517779,2.7401873e-06,2.2367458e-05,-1.08485965e-05,0.000109038505,6.4217485e-05,0.00016740705,9.068276e-05,-0.00011986882,9.212163e-06,-7.5608805e-06,-1.4038783e-05,0.00015142233,-6.430889e-05
B161_U47298,0.00011054355,5.71104e-05,0.00020627205,-0.00010267621,-0.00019850105,6.600725e-05,2.7105118e-05,-2.8942562e-05,-9.333809e-05,2.4353385e-05,-5.379935e-05,-5.3468924e-05,0.00016181303,7.755743e-05,3.2677082e-05,-1.1914479e-05,0.00015885165,0.00026653035,0.00021626096,4.9703467e-05,-3.6261466e-05,1.2559598e-05,-2.2364691e-05,-8.919163e-05,8.2636856e-05,-5.259818e-05,0.00010607148,-1.094032e-05,-4.0189625e-05,-0.00012036761,0.00015981578,5.022694e-05,8.981647e-05,-8.196947e-05,7.0734604e-05,-2.9870529e-05,-5.233356e-05,-2.9823632e-05,-1.4498853e-06,-6.058352e-05,4.8933384e-06,2.2694305e-05,-0.00015407866,-0.00020341712,-2.9121207e-05,8.1313796e-05,3.8200862e-05,1.8842333e-05,0.00013173235,-0.00019020474
A456_XM_371822_1,-6.63376e-05,3.405119e-05,-5.0727784e-05,2.8746592e-05,-6.7051146e-06,4.595459e-06,-0.00016172715,9.65243e-05,8.636021e-05,-0.00018311635,-3.774449e-05,1.9645242e-05,-0.00018274921,-5.3188298e-05,-2.3667044e-05,4.599205e-05,-5.3944394e-05,4.5523993e-06,-0.00015126873,0.00014657281,0.00019726894,-0.000102153645,-5.419902e-05,-1.5600208e-05,-3.0554074e-05,0.00010734577,0.000108369975,3.9743427e-05,-2.9099258e-05,-5.681223e-05,0.00014084938,-0.00010998438,0.00013887626,-9.7191834e-05,0.00023820665,4.956093e-05,-4.633858e-05,3.4054552e-05,-6.20112e-05,4.7340942e-05,7.412873e-05,-3.1882606e-05,4.6969628e-05,-6.5126524e-06,3.5974866e-05,4.1814503e-05,5.415012e-05,0.00014865372,9.227866e-05,7.694868e-05
A621_NM_015213_1,5.235022e-05,4.46055e-05,1.8484472e-05,8.106863e-05,0.000118322714,-9.4929e-05,-8.8573965e-05,0.00014346265,-0.00010294874,6.991517e-05,-1.5733517e-06,0.0001803579,8.897906e-05,9.610224e-05,3.463402e-05,0.00010466703,0.0001283631,-0.00012268433,0.00014180767,7.936574e-05,-0.00017401014,-9.874578e-06,-9.012448e-05,-6.5390355e-05,0.00015371796,2.107314e-05,6.3298554e-05,-6.139021e-06,-5.2063646e-05,8.447006e-05,-3.3892924e-05,-0.00018815207,-0.00012046944,8.282949e-06,7.479409e-05,8.227325e-05,-0.00014010372,7.182076e-05,-7.1766284e-05,-0.00010024986,-0.00014181365,7.496785e-05,7.71309e-05,4.0923227e-05,-1.2778371e-05,1.4071832e-05,-0.00013433625,-0.00012815096,-0.000112482456,0.00015002265
A408_XM_371822_1,0.00011311279,6.258373e-05,-8.959138e-05,4.6739333e-05,0.00020426583,-4.934402e-05,3.3269607e-05,-1.9422489e-05,-7.5233047e-06,3.3692468e-05,1.0324951e-05,-8.0308775e-05,1.8465667e-05,-2.9931161e-05,-0.00024701693,0.00017558112,0.00015731424,-7.5110846e-05,-5.1240604e-05,-0.0001680368,-3.658363e-05,0.00011470284,5.0870447e-05,5.102607e-05,-2.417381e-05,0.00011359321,-1.906505e-05,4.1532177e-05,-9.0683985e-05,7.738901e-05,-1.783556e-05,0.00020401429,-0.00021788152,2.9661005e-05,8.327101e-06,-8.4785504e-05,4.151015e-06,2.0157164e-05,-9.909606e-05,-5.7518446e-05,-0.00011963238,-6.090334e-05,3.3323966e-05,-1.8610215e-05,4.4191383e-05,-0.00027027586,2.255825e-06,0.00012124694,4.022898e-05,2.6823494e-05
B154_U47298,4.5817695e-05,0.000101341415,0.0001427144,-0.00024476473,-0.00014713424,5.7177534e-05,4.086946e-05,3.733386e-05,1.00406905e-05,1.0002768e-05,-2.469466e-05,0.00015496419,-1.4457532e-06,0.00023253071,9.9630706e-05,0.00021262182,-2.2842696e-05,4.8371683e-05,-3.6905614e-05,1.831307e-05,1.35593455e-05,-0.00017510232,-5.0045182e-05,0.00011269894,-1.5429205e-05,-2.9841074e-05,-1.3147237e-05,7.72568e-05,-5.2389216e-05,2.2276347e-06,5.705328e-05,-1.6009979e-05,1.0931285e-05,-0.00023594919,6.867158e-05,0.00020071922,0.000109102344,8.446244e-05,8.1386e-05,-0.00016939765,-1.5577277e-06,-3.6670463e-06,0.00010028106,2.042713e-05,8.3429724e-05,0.000111271685,-0.000111290385,0.00018296565,6.79048e-05,-0.0001075455
B19_AH001498_1,-7.44797e-05,0.00038297568,0.0001275607,5.9828402e-05,-5.8351572e-05,-0.00010891833,0.00012634293,-0.000103334896,6.222685e-05,-0.00011562885,5.8994647e-05,0.00013606278,2.4034209e-05,0.00011898024,0.00018944072,-8.287595e-05,5.0973358e-05,2.2236352e-05,-1.3978565e-05,9.950793e-05,-9.126925e-05,3.8303824e-05,-6.192178e-05,-4.812162e-05,9.9116354e-05,7.713239e-05,-2.3667022e-05,-2.426645e-05,-8.42382e-05,4.109074e-06,-3.90606e-05,-6.616659e-05,4.9776416e-05,-4.8318e-06,0.00021412226,-0.00011699863,-9.371128e-05,-2.8471899e-05,0.00015188746,-0.00012891914,-0.00014343939,5.0106333e-05,-1.4848957e-05,4.4922057e-05,8.055983e-05,5.4280797e-05,4.4161006e-05,-8.7868655e-05,7.524724e-05,-3.0473651e-05
B41_AH001498_3,4.1192114e-05,6.476186e-06,9.9381905e-05,3.6733196e-05,2.335098e-05,3.015918e-06,-1.0535014e-05,1.8512623e-05,8.33753e-06,-3.3388507e-05,0.0002009967,4.2828165e-06,1.6585594e-05,-0.00014401152,-6.1326515e-05,-3.2817075e-05,0.00013730285,1.6086558e-05,-9.242901e-05,0.0003041658,4.1522584e-05,-0.00014741394,-0.00012321689,5.3851814e-05,8.099255e-05,0.00023552855,9.18559e-05,-2.3638802e-05,8.907646e-05,0.00012112725,7.703215e-06,-6.0557366e-05,6.350955e-05,9.8730234e-05,0.0001249597,8.213525e-05,7.3199306e-05,0.00014374337,1.8267721e-05,-3.6423558e-06,0.00031208206,-0.00019079805,2.172008e-05,-1.6061036e-05,-0.000119049415,-2.2693137e-05,2.7793867e-05,0.00015262653,1.383679e-05,2.0352889e-05
A620_NM_015213_1,4.4078497e-05,8.070962e-05,7.200459e-05,-3.248617e-05,-3.1031996e-05,-0.00012844236,-0.000121424506,-8.3383646e-05,2.259261e-05,-4.092078e-05,8.4808446e-05,-2.2324597e-05,8.800703e-05,5.944684e-05,-0.00013778252,0.00010657418,0.00021715756,-3.5527846e-05,0.00020184749,-0.0001306468,8.100418e-05,-0.00017509851,2.6023734e-05,4.4504435e-05,6.56079e-05,0.00013926908,5.7736885e-05,-7.186841e-05,2.2046745e-05,-1.0695998e-05,-7.517577e-05,0.00015384032,0.0001541225,0.00018284199,-5.258061e-05,6.612738e-05,-0.00012749928,-2.1337819e-05,-2.5494173e-05,-7.613945e-05,-0.00011468459,3.98762e-05,0.00027872916,-8.641429e-06,9.625618e-05,0.0001572654,-5.6144258e-05,0.00019049144,2.2545919e-05,0.0001659911
B82_NM_001632,6.5068685e-05,0.00010071633,0.00012773766,3.911548e-05,-2.8655712e-05,-1.5621543e-05,9.6465425e-05,4.91412e-06,-0.0001515694,-7.508509e-05,7.4710384e-05,-5.9642116e-06,-0.00011276863,5.420698e-05,-0.00015268913,-2.8088862e-05,4.3456414e-05,0.00029709947,-3.7219814e-07,8.739902e-05,-8.728142e-05,-0.00020481156,4.9608145e-05,0.000118217926,-0.00014834863,3.3792894e-05,-0.00010611681,-0.0002727297,0.00012302322,-0.0001243811,2.8300652e-05,0.00016243581,8.707695e-05,5.0356928e-05,3.9152754e-05,1.0249215e-05,-2.1057305e-05,-1.9530624e-05,-6.2259016e-05,7.5273136e-05,-0.0001518082,-7.249502e-05,-3.6971258e-05,6.8808105e-05,-0.00013921472,1.8492907e-05,3.9860774e-06,5.934421e-05,-8.2637074e-05,-0.00014096042
B404_J03132_2,3.376761e-05,2.4399185e-05,0.00011163785,0.00020720816,9.282426e-05,-3.4548906e-05,-9.528899e-06,0.00016711644,0.0001243964,1.7270686e-05,3.2424516e-05,0.00020196447,9.252868e-05,8.456315e-05,-4.541847e-05,-6.3526306e-05,0.00010950125,-0.00012883851,-4.95602e-05,-0.00010933032,4.1893087e-05,-0.00013833787,0.00016059897,-0.00015677202,0.0001144496,-0.00013184187,4.8503836e-05,6.123085e-05,2.6607104e-05,-2.9998775e-05,0.00016262848,2.7209111e-05,0.00016371244,4.8040598e-05,-5.376441e-05,-9.0743386e-05,6.454548e-05,-9.2247195e-05,-8.690002e-06,7.734032e-05,5.8292953e-05,-3.441336e-05,3.8006627e-05,7.0093694e-05,-8.189939e-05,0.00011145776,0.00013855325,1.3516558e-06,-3.7869828e-05,0.00013070453
B8_AH001498_1,-0.00012383702,7.745805e-05,-0.00016264027,-0.00022779372,0.00018872555,0.00014559465,-0.00011002068,-8.63227e-05,-2.2502365e-05,0.000116051684,6.5958393e-06,-2.4737625e-05,-0.00010510159,0.00020399173,9.0430156e-05,0.00027287775,1.4402615e-05,2.4088722e-05,5.2505806e-05,4.4839642e-05,7.7059114e-05,-3.198906e-05,-2.2315231e-05,-0.00014179603,-7.1990435e-05,-1.2250453e-05,9.877136e-05,-3.445304e-05,-1.9740757e-05,0.00011202826,-6.51706e-05,-6.1103376e-05,1.7697841e-05,-2.6769398e-05,-7.232358e-05,-0.00011301961,-0.00016195638,7.426555e-05,-0.00016787434,6.0558275e-05,-0.00014703775,-0.00014282929,5.8294063e-05,-1.7688539e-05,-3.6572947e-05,-0.00010106158,9.94352e-05,1.8169116e-05,-5.6483397e-05,0.00015060292
A503_NM_015213_3,-4.9304184e-05,7.2074996e-05,-0.00022647015,6.4797365e-05,8.820801e-05,8.9818706e-05,-1.6670321e-05,1.9268664e-05,-3.2006657e-05,4.180439e-05,-3.4992845e-05,5.2976306e-05,8.767844e-06,-3.5455205e-06,2.2967442e-05,8.00832e-05,3.819035e-05,4.2961652e-05,-3.4236706e-05,0.00013547309,-9.57575e-05,0.00021631968,3.0571024e-05,2.8842267e-05,6.439083e-05,-1.107997e-05,0.00014082826,7.8247525e-05,-7.180851e-05,0.00021648942,-5.113613e-05,-0.00011692974,-0.00014609682,-8.570212e-06,0.00027413966,3.5081655e-05,-2.6316338e-05,5.1275063e-05,0.00015267877,-5.196009e-05,-5.5058994e-05,-2.1218977e-05,0.00014761374,-0.00010412713,-0.0001866836,-2.9012455e-05,0.0001748328,0.00011278005,1.1122572e-05,-1.26534915e-05
A454_XM_371822_1,3.9670373e-05,2.4985438e-05,2.850825e-05,0.00024592498,-0.000112210495,0.00022530966,4.334495e-05,0.000112719856,5.8546968e-05,-2.1457963e-05,0.00016201282,-3.9698978e-05,-8.3999235e-05,7.000148e-05,-0.00012137885,-0.00011891179,-8.653141e-05,4.7582445e-05,2.078033e-05,3.7109894e-05,0.00018854969,0.00014792792,-3.2094565e-06,-7.3071125e-05,7.6400655e-05,2.1792795e-05,4.3376353e-05,1.3016648e-05,-0.00015278465,-2.7607128e-05,2.7139859e-05,6.1002214e-05,2.1266498e-05,-0.0001193931,0.00012420813,-0.0001610185,6.0381568e-05,1.9993936e-06,3.8466518e-05,0.00017095282,-5.685191e-06,0.00010179733,0.00014940268,-5.0124007e-05,-4.0169896e-05,8.243514e-05,8.012403e-05,9.133846e-05,7.5078366e-05,6.201079e-05
B373_J03132_1,6.037834e-05,-3.7841724e-05,2.877135e-05,-4.239334e-05,7.112546e-05,0.00043239794,0.00011457554,7.0296674e-06,-3.8636235e-06,3.2009542e-05,-6.888267e-05,-2.6867612e-05,-0.00011156127,-6.173064e-05,-1.0619936e-05,9.779658e-05,-0.00022992249,-8.786025e-06,0.00011286666,1.4529144e-05,-8.1117934e-05,-1.1166404e-05,-0.00016656947,0.00010321532,0.00013852092,0.00015302586,7.986764e-05,-1.3691602e-05,-4.943624e-05,-7.312315e-05,6.4399615e-06,0.00017097789,6.853725e-05,0.00014443601,-8.090304e-05,2.9660245e-05,2.9406294e-05,-2.2452814e-05,9.441497e-05,-6.8927635e-05,4.7109233e-06,0.00014438557,-4.5609188e-05,-0.00024011702,3.007871e-06,3.9086437e-05,-2.3424502e-05,-0.00010159129,-4.066867e-06,8.0028454e-05
A378_XM_371822_2,9.489838e-05,0.00021694005,-5.1162857e-07,9.596382e-06,-2.539189e-05,0.00013008896,4.9991555e-05,-7.746593e-05,0.0001089082,7.096364e-05,7.394242e-05,3.4253655e-05,0.00012592177,4.884342e-05,0.000108504406,5.2250973e-05,7.727095e-05,0.00015744049,4.9336095e-06,-9.6565935e-05,-7.058669e-06,3.600917e-05,0.0001301304,-1.255334e-05,-6.9984046e-05,9.0974994e-05,0.00010786476,2.111597e-05,-4.3530235e-05,-2.5284637e-05,3.7757567e-05,1.5619846e-05,9.3216295e-05,-3.3384633e-05,0.000106634274,0.00010539282,-6.599137e-05,7.7150966e-05,-0.00026941783,4.389312e-05,5.8331247e-05,-0.00011866453,-0.00013017439,-3.8642578e-05,0.00010941821,-5.285147e-06,-1.3580664e-05,5.5796823e-05,4.463715e-05,-6.0744984e-05
A373_XM_371822_2,-2.2478194e-05,4.6927213e-05,-0.00012139194,6.145714e-06,2.1695167e-05,5.6503748e-05,1.564224e-05,-2.1787127e-05,-8.3014165e-05,-3.5214427e-05,4.767983e-05,-5.9589613e-05,-0.00015717451,0.00015493119,-0.00022000472,0.0003151728,3.715068e-05,1.2740463e-05,8.424594e-05,0.00011746937,0.00018010757,3.3081553e-05,3.7237874e-05,-1.2259669e-05,0.00018507625,0.00013976415,-1.6443219e-05,-0.00012191842,0.00017814155,-5.2312735e-05,6.977148e-05,1.309069e-05,5.6949808e-05,5.771925e-05,-0.00019040667,-7.505737e-05,0.00016769774,6.543998e-05,-8.711457e-05,-6.870602e-05,-0.00017197819,5.6761673e-05,2.2678396e-05,0.00021229811,-5.1047187e-05,3.0009876e-06,2.3899952e-06,-6.6421875e-05,-5.3305186e-05,2.0760144e-05
A371_XM_371822_2,3.3087457e-05,6.797173e-05,8.711865e-05,-7.616234e-05,8.725009e-05,-0.000130843,6.773781e-05,0.00013186426,8.775401e-05,1.132803e-05,1.617955e-05,0.0001700152,6.3855834e-05,3.803742e-05,-0.00021959387,2.2551938e-05,-0.00013559684,5.4200067e-05,-7.037262e-05,0.000101869016,8.3471976e-05,-9.028547e-05,3.7829446e-05,1.9935253e-05,9.409596e-05,-6.865619e-05,0.00011307774,9.2904585e-05,0.0002949582,0.00015717292,9.087483e-05,-4.5040615e-05,0.000119549,0.000119595854,0.00010069425,0.00016012826,8.035924e-05,2.4491937e-05,-2.374597e-05,0.00016759828,-8.043574e-05,6.50645e-05,-2.0175139e-05,8.763225e-05,0.000110157496,-8.3576215e-06,5.4046715e-05,5.420956e-05,-8.224612e-06,0.00011219026
A606_NM_015213_2,-6.1745566e-05,0.00015593902,-2.218011e-05,2.1749208e-06,-8.3914216e-05,5.527386e-06,0.0002226902,-2.6750795e-05,8.484114e-05,3.9779283e-05,-2.7898579e-05,-3.075937e-05,-0.00023453786,2.989581e-05,-1.8322768e-05,-0.00020993665,4.7785703e-05,4.254232e-05,0.00012017463,-3.6900474e-05,-4.8810285e-05,-0.00016069286,-0.00022734095,0.000254565,9.153219e-05,0.00017782878,0.00014779257,9.359519e-06,2.7213091e-05,-0.00014448648,1.1834591e-05,-0.00011257331,7.5720454e-05,-0.00023510425,-0.00019885866,6.576081e-05,-0.00010551661,3.876086e-05,0.00019080569,1.6651913e-05,-4.6987043e-05,-0.00012159802,1.9961211e-05,4.1329395e-06,-2.1716187e-05,9.159593e-05,-7.480155e-05,-0.00018777665,1.6887956e-05,0.00011067264
B137_U47298,-6.921469e-05,-2.1154941e-05,-7.61842e-05,-0.000100292105,-0.00018104089,-0.00011696232,-1.676264e-05,-3.9636587e-05,2.9622171e-05,4.226193e-05,0.000108626635,-0.00011117521,-0.00016391097,9.578368e-05,9.914492e-05,7.037014e-05,0.00011389891,5.1691804e-05,9.561279e-05,2.8813398e-05,0.00010660056,0.00010749873,-7.0849073e-06,-7.322275e-05,0.00017015712,5.0789146e-07,-5.2818574e-05,3.3911685e-05,6.368786e-05,0.00020386306,0.00015993221,-7.18207e-05,-7.7895354e-05,-3.1568146e-05,3.773042e-05,-3.5715013e-06,6.0660448e-05,-2.6688711e-05,5.8763988e-05,-1.8671284e-05,-5.2920885e-05,-0.00014740611,-3.3085398e-06,-0.00014049209,3.713063e-05,7.881867e-06,-5.7021858e-05,4.451037e-05,-0.00017398653,2.858302e-05
B47_U47298,-2.0584567e-08,7.363089e-05,-0.00010945168,1.17994705e-05,7.7079865e-05,0.00015584077,6.5943525e-05,-3.431276e-06,-4.2947635e-05,0.00017292742,0.00012735819,4.2570384e-05,6.3860614e-05,1.0954903e-05,9.586722e-05,5.5741028e-05,0.00021907731,0.00018464761,-2.7864648e-05,0.00023390831,8.6187574e-05,6.127587e-07,-0.00017101152,9.705611e-05,-1.9158259e-05,-0.000118325406,-6.651884e-05,3.9272574e-05,-1.6841403e-05,-1.6384338e-05,0.00017488224,0.00015668919,-5.0745175e-06,-3.0366726e-05,3.91794e-05,0.00020210889,7.4946416e-05,0.00012212376,0.00023680921,0.00011038044,-6.958947e-05,-2.2141487e-05,0.00011254083,0.00016467682,0.00022013998,0.00015160485,-0.00012930622,-3.0549647e-05,7.15504e-05,0.0002296514
A577_NM_015213_3,3.8863287e-05,0.00010358731,2.8523375e-05,0.00012080081,5.2232084e-05,3.8569822e-05,1.5850565e-05,6.998889e-05,0.00010356013,1.2654633e-05,-5.710133e-05,-0.00018738839,-0.00016487105,-5.616422e-05,-2.1494414e-05,-1.6875903e-05,6.6407745e-05,-2.2028105e-05,9.4696676e-05,0.000254942,5.6366152e-05,0.00011656351,6.7655214e-06,0.00013933283,9.671527e-06,2.128259e-05,-3.1072606e-05,-2.3143677e-05,-0.00024789307,-6.3947424e-05,0.00019414423,0.000108607994,-9.5991134e-05,-1.212889e-05,1.5511732e-05,-4.995671e-05,4.9480925e-05,-0.0002200692,-0.00012162429,0.00016841096,4.1633026e-05,0.00023337282,2.9308003e-06,0.000102182064,-3.3523418e-05,-0.00015122627,-6.267971e-06,0.00017828001,-0.00010985085,3.0900104e-05
B76_U47298,-5.6342415e-05,0.00014522964,0.00011476795,-0.00010591755,6.0688235e-05,5.6386976e-05,0.00015192722,1.0909973e-05,-0.00013732724,-3.1911906e-05,0.00014256981,7.345234e-05,-4.8264177e-05,4.1234784e-05,0.00011529966,8.169095e-05,-2.0703392e-05,-7.155726e-05,7.969754e-06,0.00019856387,-5.941158e-05,8.289756e-05,5.9242062e-05,-0.00011683615,-1.7595892e-05,-4.2234748e-05,6.255727e-05,1.7991159e-05,-0.00020844757,-4.0644598e-05,-7.495695e-05,6.2631305e-05,-0.00016315254,8.394437e-05,-0.00013204274,6.984004e-05,-6.480031e-07,-1.7891223e-05,-2.886385e-05,-6.3192296e-05,0.00015762677,-2.5110767e-05,5.0232993e-05,-9.7091506e-05,0.00014271238,8.788929e-05,-9.156754e-05,0.000100909514,5.866558e-06,-0.0001738796
B30_AH001498_2,-6.6157976e-05,2.1679111e-06,2.1600115e-06,0.0001727075,-0.00012741404,0.0002050521,-9.378237e-05,3.1190215e-05,4.7690894e-05,0.00016088657,3.9408736e-05,-5.7873763e-06,-1.4231223e-05,1.3904014e-05,-8.464249e-06,1.6264743e-06,0.00019819745,2.77621e-05,2.4684754e-05,0.00013757062,-8.030359e-05,-0.0001784149,-7.4962496e-05,4.44477e-05,0.00016656415,-3.3981945e-05,0.00019528928,7.253329e-05,-4.624852e-05,0.00013941992,-7.375639e-05,8.056721e-06,-5.0270293e-05,0.00011767965,-3.5402834e-05,3.7332877e-05,6.115369e-05,3.1289735e-05,0.00011423549,8.410691e-05,5.668792e-05,4.7947637e-05,9.1623384e-05,-0.00025404556,-3.7720965e-05,2.33476e-05,-2.8810415e-05,-1.825817e-05,-9.1006885e-05,1.55768e-05
B158_U47298,0.0001537641,-5.707321e-05,-0.00013213261,3.2859818e-05,0.0002653576,3.1382926e-05,8.217966e-05,-2.7178714e-05,0.00010653271,-9.144097e-05,8.072069e-06,-7.147344e-05,0.00010516788,-0.00013946898,1.4777605e-05,-0.00014417198,0.00016216458,-0.00025845616,0.00010679731,2.33693e-05,4.3607026e-05,-4.201837e-05,-9.731473e-05,-1.7519567e-06,-0.00010187502,1.9487048e-05,5.1388142e-05,-1.4630517e-06,-2.4177334e-06,-1.7261094e-05,-7.0018286e-05,-0.00015370139,0.00015779823,-5.229341e-05,-3.250803e-05,0.00012903838,-5.2069263e-06,-5.9258113e-05,-9.537946e-06,7.382514e-05,-3.2278044e-06,0.00016290619,0.00020362427,9.8933466e-05,-3.1103325e-05,7.5247895e-05,-4.143368e-05,8.6328306e-05,-9.744324e-05,0.000122007266
B306_X75932,2.0670343e-06,3.1139203e-05,0.000102224076,6.289326e-05,9.672286e-05,-7.356339e-05,-0.00013205828,0.00018209814,2.773775e-05,2.5363663e-05,0.00017850813,0.0001915396,-3.323162e-05,-7.978434e-05,4.2089512e-05,3.729566e-05,-7.5840646e-05,3.090369e-05,2.4526147e-05,-5.991542e-05,1.8951025e-05,0.00016370154,-0.00011715588,-4.5907087e-05,0.00014499281,-0.0001223758,8.6527674e-05,0.00019202982,1.3208681e-05,0.000121451674,2.5120533e-05,0.00019378097,5.969807e-05,-2.2843558e-05,-5.862698e-06,2.2051418e-05,0.00021892515,9.440426e-05,-8.5592685e-05,1.8406023e-05,8.9745634e-05,0.00011954718,4.2214502e-05,8.845939e-05,7.076801e-05,-1.3649461e-05,0.0002238594,-7.699277e-05,-0.00010448562,-6.9046786e-05
B346_U92436_1,0.00031814055,0.00015689128,9.694794e-05,-7.063166e-05,0.00022840238,1.8419449e-06,4.017479e-05,1.6000638e-05,0.00022156486,0.0001348864,1.958446e-05,-0.00015357496,0.00024045935,8.405823e-05,9.27269e-05,6.294092e-06,-2.6322312e-05,-0.00011118276,2.0044274e-06,-8.72354e-05,4.080615e-05,2.7764007e-05,-4.050206e-05,-0.00017891884,0.00010320581,4.164066e-05,6.857362e-05,9.5074385e-05,0.00015762006,0.0001681277,-0.00012939401,4.3511052e-05,5.844615e-05,-0.00016679242,-7.672834e-06,-3.5630415e-05,0.00020578696,1.1741917e-05,-7.403787e-05,6.5333907e-06,7.760416e-05,6.895309e-05,6.213377e-05,0.00016360258,0.000102423066,-0.0001496467,-4.97229e-05,-0.00011251794,9.6584554e-05,0.0001739491
B45_U47298,8.177256e-05,0.00013326167,0.00017960512,-0.00013083327,0.00014247853,0.0001387287,0.0001285768,-1.3299683e-06,4.126063e-05,0.00022127059,7.934278e-05,0.00018027813,0.00010563768,-3.580366e-05,-5.7266232e-05,6.911486e-05,4.0561976e-05,-9.35192e-06,-4.440447e-05,0.00017261493,4.6418994e-05,2.4144378e-05,-7.582863e-05,6.197928e-05,0.00014089917,-4.3369586e-05,-2.5068932e-05,0.00019225835,-7.272468e-05,-4.4390803e-05,3.0709187e-05,8.708507e-05,0.00011512286,2.008801e-06,-0.00014131311,-0.00019270786,3.540326e-05,1.8581215e-05,2.9040004e-05,4.9631566e-05,1.9671965e-05,-7.7905315e-05,-3.217912e-05,2.4220784e-05,0.000109595974,4.079177e-05,1.22501815e-05,3.668403e-05,2.1209411e-05,0.00017586884
B419_NM_001632,0.00020001344,-6.467011e-05,7.325563e-05,2.3493274e-05,0.00016139982,-9.857871e-06,9.5731426e-05,0.00013556618,0.00015504555,2.9200064e-05,-5.6120327e-05,-0.00010817867,5.1636856e-05,6.1422696e-05,0.00019459569,-4.8605456e-05,2.0298354e-05,0.00013929135,0.00011052207,-8.165598e-05,0.00022245206,-8.143585e-05,0.0001416896,0.00012197604,-4.316165e-05,0.00013456256,-0.00012686128,0.000115604074,-5.157063e-05,1.298651e-05,0.00013035286,-1.585085e-07,2.6956532e-05,0.0001360157,-9.084463e-05,-7.647968e-05,-0.00017204952,0.0002234498,3.893678e-06,0.00019132225,0.000120592566,-3.4806606e-05,0.00019567779,-8.0315134e-05,4.1505973e-06,0.00026095024,1.98382e-06,-2.5210378e-05,-5.9062154e-06,-0.00011083329
A368_XM_371822_2,-4.1394385e-05,-9.391602e-06,1.7535114e-05,7.5094795e-05,4.849316e-05,-1.8644973e-06,-5.5360837e-05,0.0001232662,9.2321134e-05,-6.0559745e-05,3.6931997e-05,0.00013268892,0.00018916646,6.652065e-05,-4.1676525e-05,5.8089536e-05,-0.000100713965,0.00012759051,-1.3438348e-05,2.3548993e-05,-1.5803373e-05,0.00016426398,-7.753973e-05,0.0001607352,-5.0613296e-05,0.0001973788,4.225336e-06,-5.85307e-05,7.146962e-05,-5.148397e-05,9.1029666e-05,0.00011488527,-7.213373e-05,-3.8553753e-05,0.0002903667,3.6668516e-05,0.00012857676,2.1095226e-05,5.0765134e-06,-2.466906e-05,4.806237e-05,4.528878e-05,7.868721e-06,0.0003585196,-0.00016275255,-2.6616257e-05,1.910916e-05,-8.700535e-05,2.357418e-05,0.00013414273
A420_XM_371822_1,-9.583481e-08,0.00012663267,1.3697141e-05,3.386672e-05,0.00020686243,-0.00021600243,0.00016841936,2.9500674e-05,0.00011202725,3.7242742e-05,0.00010089435,0.000163318,2.8131155e-05,0.00015452533,7.689724e-05,0.00012048751,-7.734223e-05,-4.930373e-05,0.00013297358,-6.903046e-05,0.00012987915,-3.8382554e-05,5.357713e-05,-9.042134e-05,7.113231e-05,2.7684926e-05,-1.0514079e-05,-0.00016382585,-2.0106863e-05,-7.789244e-05,-0.00013607017,0.00015856061,4.175074e-05,-0.00010788246,-3.373622e-05,-3.7850743e-05,0.000117000556,-7.779756e-05,0.00015599566,0.00018391002,0.00024622673,4.594644e-05,0.000112640824,-7.414128e-06,0.00014409873,1.2331431e-05,-4.1855938e-06,0.00012320516,-0.00013666229,-5.1072486e-05
A603_NM_015213_2,3.4780212e-05,1.811464e-05,0.00014284297,6.536401e-05,0.000103463804,8.06086e-05,-7.7992576e-07,5.5410032e-06,-9.338389e-05,0.00017683358,7.9624326e-05,4.7752088e-05,-0.00011401101,2.2067945e-06,0.00010405756,0.00017345657,-1.1899573e-06,0.0001828286,0.0001928761,-0.00024977585,-0.00028891905,-5.864205e-05,-4.8103957e-05,0.00010569468,-2.8486258e-05,0.00015869066,-4.1570405e-05,4.56929e-05,9.971794e-05,4.3866916e-05,0.00015715415,0.00018352826,4.3559638e-05,-0.00010424999,9.197572e-05,0.000181918,3.0546078e-05,2.6533029e-05,1.5990086e-05,8.911057e-05,8.8269546e-05,0.00013211649,-0.00014891157,6.472453e-05,-2.757637e-05,-0.00019060302,7.292381e-05,-0.00018374008,8.75546e-05,-0.00011291799
B355_U92436_1,5.1172297e-05,0.00012833353,1.5221666e-05,-0.00022970143,2.9166084e-05,3.3876e-05,8.381605e-05,0.00022065014,8.435518e-05,-1.2352395e-05,-0.00016540311,-9.273823e-05,7.020999e-05,0.00016922668,7.450381e-05,0.00013833608,1.0598606e-05,-5.7537705e-05,2.916994e-05,0.0001042076,-4.7045596e-05,3.6487985e-05,0.00020948642,-3.133262e-05,2.6036689e-05,-0.00015670502,-0.00012451602,6.908123e-05,0.00011398233,0.00014279036,8.7095905e-05,-7.104768e-05,1.1527802e-05,4.607189e-05,1.3932704e-05,9.5790834e-05,0.00012921207,0.00023661237,9.625257e-05,5.569191e-06,9.394715e-05,1.7411849e-05,9.63206e-07,4.0542538e-05,-9.245678e-05,0.0002409889,-1.1516928e-06,0.00010885893,0.00021578041,5.820547e-05
A389_XM_371822_1,-0.000115742965,0.00020813772,6.285017e-05,1.4228779e-05,6.390691e-05,0.00011590296,4.9142905e-05,5.7505942e-05,7.976897e-05,-3.441094e-05,0.00022143283,-9.522958e-05,7.058403e-05,8.840539e-07,0.000113591355,-7.559711e-05,5.611998e-05,0.00010230129,-4.2367854e-05,-5.162381e-06,-4.073336e-05,-9.930811e-05,0.00021015939,-4.2716532e-05,-0.000110906185,3.5148856e-05,6.1136954e-05,5.5769277e-05,7.282583e-05,8.2824605e-05,8.700286e-05,0.00020183141,-7.128766e-05,-7.3324685e-05,2.9153725e-06,0.0001543882,0.0002126692,0.0001273152,-4.758342e-05,-1.4158616e-05,-0.00018769919,9.308072e-05,-0.00020135268,2.9149705e-05,-0.00015964845,-3.3556436e-05,-2.5532838e-05,-0.00010025483,1.5247834e-05,5.29519e-05
B22_AH001498_1,-0.00010653556,0.00035977157,0.00018690916,9.139588e-05,-0.000121255565,1.2958121e-05,7.8718105e-05,-1.1990511e-05,1.6524837e-05,-0.00012698302,-4.8496557e-05,0.00016233826,2.6171565e-05,1.5821232e-05,0.00021100637,-7.056194e-05,0.00010680711,1.3573876e-05,0.00013040895,5.8980342e-05,-2.6980306e-05,7.1721684e-06,5.0789928e-05,0.00012747676,3.078337e-05,1.5880785e-06,7.186389e-05,-1.0312446e-05,-2.3673478e-05,0.00012472538,3.6651578e-05,0.00012965091,-3.3045606e-05,-1.0294901e-05,0.00018955155,-0.00012749576,-7.386418e-05,3.4523723e-06,0.0001756472,1.1539212e-05,-1.7851471e-05,-4.8622805e-05,-7.26491e-05,9.958334e-06,5.8583344e-05,1.513119e-06,1.6458764e-05,-0.0001875055,5.437327e-05,4.0493283e-06
A617_NM_015213_1,-1.7356528e-05,-2.4160017e-05,3.039731e-05,-8.564852e-05,2.7384314e-05,6.719398e-05,5.7200245e-06,0.00027035217,3.511424e-05,9.8673656e-05,0.0001299351,-5.1470424e-06,7.986017e-05,0.00011184518,1.3047767e-05,0.0001586842,6.1327046e-05,-0.00015030988,0.00011545147,0.00014369994,-0.00010292678,0.00011922204,0.00022174459,6.4906766e-05,-6.543171e-05,-1.1270979e-06,-0.00017542677,-1.7110324e-05,-7.346213e-05,4.1225485e-05,0.000101765116,0.0002913332,9.026393e-05,7.7513716e-05,-2.1554844e-05,-4.9076953e-05,3.2704418e-05,2.3129542e-05,0.00013333767,0.00030061966,3.4562112e-05,-8.931561e-05,0.00017357929,-1.9825555e-05,5.3144913e-06,-7.68434e-05,2.2941973e-05,5.0331204e-05,-7.9908095e-05,-0.00010237306
A379_XM_371822_2,-1.0750934e-05,1.5273847e-05,-0.0001448966,0.00010097098,7.6154893e-06,0.00016287042,0.00024217031,-1.2689429e-05,8.3162755e-05,0.0001824812,0.00015522983,-5.0862727e-05,0.00017499621,0.00010008253,1.0802624e-05,4.921926e-05,4.050544e-05,-5.859184e-05,6.498886e-05,-1.5513831e-05,4.2493208e-05,-4.3167925e-05,0.00017775339,-4.030108e-05,-0.000103776474,4.4139742e-05,0.00012838683,0.000111141184,-4.5167737e-05,8.445456e-05,-6.56604e-05,-5.999244e-05,-0.00012453581,3.1811054e-05,-1.2355689e-05,-2.0680662e-05,0.0001638222,7.6303586e-05,5.81921e-05,5.375669e-05,3.914094e-05,0.0001586092,-7.148411e-05,0.00020819838,5.8119404e-05,-9.106227e-05,5.5267068e-05,-3.3888016e-05,-1.1028161e-05,9.0371854e-05
B134_U47298,9.159573e-05,0.00011115388,3.2637196e-05,0.0001881775,3.43235e-05,-2.7531984e-05,9.202482e-05,0.000102471284,-3.7790458e-05,0.00014359811,-5.2217452e-05,8.436761e-05,-0.00011380581,2.0054094e-05,-8.631991e-05,2.8337334e-05,1.976535e-05,0.00026862815,-0.0001316865,-4.7472484e-05,-2.1912823e-05,-7.5447926e-05,-0.00014547899,0.00011866939,9.249513e-05,-8.963839e-06,2.5572876e-05,0.00015176409,1.2531164e-05,4.626863e-05,-2.9627714e-05,-5.15142e-07,0.00016964723,-0.00011355227,3.3069686e-05,1.2999196e-05,0.00010108521,0.000107002794,-7.863075e-05,-1.2764868e-05,5.710938e-05,-2.6990972e-05,0.00017069979,2.4038574e-05,-4.730467e-05,-7.108927e-05,8.66538e-05,8.2585306e-05,-0.00010076007,-0.00022490001
B61_U47298,-0.00015065147,0.00014194465,-2.9030385e-05,0.000108418906,5.1771018e-05,0.00017964448,0.00012684453,0.00017718996,-8.13506e-05,6.60773e-05,2.4881938e-05,-3.386878e-05,7.094299e-07,8.165454e-05,0.0003043052,9.784998e-05,-8.038112e-05,0.00012240314,-3.0470077e-05,0.0001096276,3.6944977e-05,7.6192155e-05,0.00011062314,-5.2710657e-05,-0.00010591118,4.7244653e-06,7.437617e-05,3.3803575e-05,4.4627734e-05,0.0001342501,1.7273318e-05,-5.8844853e-05,-7.237625e-05,2.526683e-05,0.00013298534,7.8981866e-05,5.8996622e-05,7.4010655e-05,-7.791461e-05,9.4860334e-05,2.2565522e-05,6.267835e-05,-5.741495e-05,-2.6246926e-05,4.0250263e-05,-0.00010480043,-0.0001717623,0.00011242773,0.00011468683,0.00014058931
A624_NM_015213_1,-0.00012024492,-2.5390964e-06,-0.00016677428,1.1738728e-05,-0.00018941078,0.00012329825,-8.404627e-06,0.00010482029,-0.00011741395,2.9323708e-05,2.6208974e-05,0.00017957289,-0.00012237269,-9.133283e-05,-8.202699e-05,5.4506672e-05,0.00010576583,-3.9736056e-05,7.4390104e-05,6.782138e-05,8.526882e-06,9.9073346e-05,9.249536e-05,0.00014533727,3.378338e-05,9.142433e-05,0.00015281774,-0.00020342189,1.2225054e-05,8.9261985e-06,0.00011035195,-7.71855e-06,6.6403145e-06,-0.00011299543,5.102513e-05,6.317656e-05,-0.00017840773,-6.252625e-05,-4.2002037e-05,-0.00015365578,8.442547e-05,6.0103746e-05,7.9960286e-05,0.00022370042,0.00015824492,7.523829e-05,-8.69973e-05,-0.0001949653,5.210483e-07,2.7909884e-05
B88_NM_001632,1.7031482e-05,0.00012752374,-6.023688e-05,0.00016865497,-4.1676685e-06,1.34252e-05,6.0740964e-05,3.8691924e-06,-5.8369835e-05,-5.4511678e-05,9.352314e-05,-0.00014906494,-0.00011625054,-3.7668535e-05,0.00015802607,0.00010338301,-0.00026609114,3.1724714e-05,-9.28646e-05,-7.2650364e-05,-0.00010281863,3.3121105e-05,-2.9969297e-05,5.309669e-05,-0.00012235978,1.2378465e-05,-0.00010357299,-1.3974458e-05,2.2372178e-05,-0.00019147352,6.4024825e-05,-0.00021478228,-5.763116e-05,0.00013125762,-0.00021048465,0.00010495263,-9.321921e-05,1.6189498e-06,4.566631e-05,8.086371e-06,6.948447e-06,2.5723673e-05,-3.657124e-05,-9.647985e-06,6.0483915e-05,8.2669845e-07,-0.0001397221,3.5320874e-05,0.00024164535,0.00015622402
A375_XM_371822_2,-2.2395523e-05,-0.00021919224,-0.00011512872,0.000103718616,2.0680123e-05,7.2080664e-05,1.126762e-06,0.00012487505,0.00013247285,1.3839446e-05,-7.5941454e-05,8.991931e-05,6.104477e-05,0.00015731463,6.6832465e-05,0.000104353654,-6.049765e-05,-3.3103122e-05,7.414912e-05,0.00013892629,1.2983758e-05,-9.843139e-06,3.6893464e-06,-8.797091e-05,3.819022e-06,6.088881e-05,6.3046546e-06,0.00020127933,0.00013846607,0.00014989346,9.129734e-05,3.0276922e-05,6.2372244e-05,0.00010951693,4.6093755e-05,-4.2562475e-05,-4.4235756e-05,-6.465873e-05,1.76489e-05,0.000116378804,-0.00020149745,-0.00014978001,-0.00012050218,0.0001312735,7.074969e-05,-0.00015450346,-0.0002143099,8.6119115e-05,-3.1002957e-05,0.00014083539
A537_NM_015213_2,4.092046e-05,3.4985336e-05,4.771365e-05,-4.437377e-05,0.00011324693,0.00016451234,5.445341e-05,6.1852574e-05,-1.7506807e-05,-5.383833e-05,0.0001309296,6.9529764e-05,0.00017657805,0.00017170154,0.00018444848,0.00012985704,-8.512815e-05,-3.4254153e-05,6.481053e-05,0.00026592845,-4.6319452e-05,4.38289e-05,-6.255068e-05,-9.704712e-06,3.349582e-05,5.1936546e-05,0.00014846625,4.528465e-06,6.827834e-05,8.1714345e-05,7.662922e-05,0.0003378161,1.8692548e-05,-0.00012524851,-9.5483694e-05,6.099726e-05,-5.5174467e-05,-0.00013311641,-3.7278824e-05,0.0001502811,0.00024002515,-6.825153e-05,0.00012058156,0.00012127007,0.00015584352,0.00015418658,-3.7854155e-05,-0.00010445795,-5.9198635e-05,-1.097771e-05
B83_NM_001632,5.2214705e-06,5.6844325e-05,5.3864376e-05,7.581451e-06,-6.202379e-05,-0.00027062843,9.698917e-05,6.9803355e-05,6.935586e-05,3.431874e-05,-3.7733153e-05,-9.961726e-05,-6.059895e-05,0.00015251977,7.057126e-05,-6.488841e-05,0.00020210758,0.00018216677,-8.809783e-06,-1.5382293e-05,-1.1372696e-06,0.00021055194,-0.00020507471,-9.77344e-06,-0.00010878243,-0.00019454691,5.3676773e-05,-3.78698e-05,-1.9156181e-05,-3.2113174e-05,-0.00020537204,-5.0421317e-05,-3.096349e-05,6.6476336e-05,-3.7690676e-05,-5.881165e-05,-9.75532e-05,4.3346685e-05,-0.0001146327,-6.696726e-05,-2.0893436e-05,6.276901e-05,9.471983e-06,-1.1499324e-05,0.00013328859,-8.993025e-05,-1.5330439e-05,1.4313346e-05,8.877826e-05,-4.0647054e-05
B345_U92436_1,0.00022107361,-9.592299e-05,-0.00013153286,-7.300839e-05,-0.00027168953,0.0001816004,-3.2574604e-05,1.9254034e-05,-8.1332175e-05,4.4776833e-05,1.5570733e-05,-0.000115552706,0.00014729687,0.00019817574,6.569762e-05,3.315116e-05,4.396478e-06,0.00011083588,0.00014022778,7.6920536e-05,-0.00011775701,-4.0203795e-05,2.5739744e-05,6.779956e-05,-8.262178e-06,-1.1117937e-05,0.00011272992,9.257379e-05,1.8451117e-05,7.500333e-05,8.1156104e-05,0.00015792527,-4.583105e-05,9.865247e-05,-0.00011834787,-3.408004e-05,0.00019355622,-7.078139e-05,0.00016628361,-7.801475e-06,0.00012927661,-0.00017136868,-0.00023527275,-0.00014490717,-5.0822488e-05,0.0002455721,6.193405e-05,0.00021478046,-6.652585e-05,-6.203211e-05
B55_U47298,0.00015210475,0.00024682502,0.00010873962,9.058672e-05,4.3938213e-05,-0.00018688901,0.00021058565,-5.0156024e-05,0.00015170807,0.0001649434,-9.755383e-05,-2.894327e-05,1.1631807e-05,-3.5385612e-05,7.181809e-05,6.28127e-06,0.00010063287,-9.546394e-05,-4.6614772e-05,5.4548127e-05,0.00015931683,6.169754e-05,3.134239e-05,9.920686e-05,-7.642196e-05,0.0002312251,0.0001233232,-9.1326154e-05,6.739955e-05,0.00010125271,5.773745e-05,0.000119457334,2.2872175e-05,-9.2555914e-05,-1.6247324e-05,4.4566375e-05,0.00012488029,-0.00016558367,6.033698e-05,-2.217412e-05,1.1761977e-05,2.1454183e-05,-1.6244844e-06,6.4791006e-06,1.545612e-05,5.9808615e-05,0.00012285833,-1.691539e-05,0.00012624521,-0.00013717597
B340_U92436_1,0.00014683876,-5.9095066e-05,-0.00019932124,3.960575e-05,3.382723e-05,9.256884e-05,0.00019820646,0.00018250919,-0.00011137738,-0.0002071204,-3.0163603e-05,8.769475e-05,0.00013492652,3.353904e-05,2.3302511e-05,-1.7796507e-05,9.914802e-05,-1.7724078e-06,-0.000103032035,-3.526215e-05,-7.3240306e-05,0.00014620743,8.970675e-05,0.00010339028,0.00012532808,-9.156522e-05,7.016002e-05,-0.00015812584,-0.00017859353,1.8503462e-05,-4.5183227e-05,-0.00011691321,0.00011528071,-4.5753633e-05,-8.924017e-05,-1.727006e-05,-3.304866e-05,0.00017417301,-0.0001105212,-2.6679267e-05,1.0870723e-05,3.3958848e-05,0.000110608344,-7.038759e-05,6.730178e-05,-2.9209987e-05,-4.271887e-05,-4.1505602e-05,-0.00010206351,-6.873786e-05
B131_U47298,0.00018259458,-0.00011727997,-2.0515774e-05,1.993792e-05,-5.2778914e-06,1.5212447e-05,7.690731e-06,0.000105455,-1.9928198e-06,-7.153818e-05,6.4206233e-06,-0.000111185036,-6.755436e-05,-6.451732e-05,0.00028739663,0.00013731518,-8.145413e-06,1.5723886e-05,0.000110329216,4.4510307e-05,0.00020888861,-0.00010577415,7.255115e-05,5.9451722e-05,2.0300711e-05,-9.187563e-05,-8.726339e-05,-0.00017727075,0.00011825709,4.1682477e-05,0.00014209535,0.00015689012,-0.00012695501,7.810914e-06,-1.1865879e-05,-1.8238205e-05,5.095172e-05,9.596725e-05,6.579572e-05,-3.412183e-05,-5.0699873e-07,-0.00012184341,-9.947084e-05,7.935659e-06,9.7168464e-05,7.2635694e-06,2.6923388e-05,4.2124266e-06,8.641581e-05,-0.00020027049
A578_NM_015213_3,0.0001344126,-2.970011e-05,1.4501046e-05,-0.00014171796,3.6163787e-05,-6.309662e-06,6.404623e-05,0.00014968532,-9.168142e-06,-9.103729e-05,0.00015529915,0.00012002166,-2.199794e-05,3.754056e-05,-3.0813387e-06,1.5224867e-05,-1.425066e-05,0.000116474446,-9.109764e-05,2.6438876e-05,0.00017544208,-2.5315343e-05,7.188161e-05,-4.7091104e-05,6.090253e-05,-5.1989704e-05,-0.00010693597,-0.00014432891,0.00012903119,0.00013963314,0.00013958875,1.4900931e-05,-7.301336e-05,-0.00011683391,0.000138565,-0.0002838837,7.8483834e-05,-0.00018655545,0.00010306173,8.023775e-05,0.0001832207,-0.00011019001,5.300324e-07,8.096673e-05,0.0001402117,4.622315e-05,0.00017998095,-8.696763e-06,-5.2338614e-06,4.238682e-05
B20_AH001498_1,-3.4286037e-05,0.00041334084,4.7906837e-05,7.613466e-05,6.792834e-05,-9.9032775e-05,0.000121636454,7.343139e-05,6.156779e-05,-9.0323345e-05,5.1362946e-05,0.00010501214,0.000101574544,-6.742756e-05,-0.00021038749,-0.00012661389,9.4657735e-05,2.4500716e-05,-4.148949e-06,0.00010226264,2.5414034e-05,4.3127206e-05,-9.017828e-05,1.4757647e-05,4.451682e-05,7.371987e-05,-2.2147437e-05,-2.4996023e-05,-7.843906e-05,-4.848482e-05,2.5543646e-05,-8.541343e-05,-3.645319e-05,5.244606e-05,0.00023659617,-7.060072e-05,5.9456142e-05,6.758107e-05,1.0195478e-06,0.000209554,0.00010164206,-2.3284804e-06,-1.4776527e-06,7.990636e-05,-0.00010949754,-2.422368e-05,7.684589e-05,3.7168204e-05,-0.00010230871,-2.4672863e-05
B21_AH001498_1,-6.125851e-05,0.0004059624,0.00018456644,-5.1023715e-05,4.7869216e-05,2.2236895e-06,-8.484904e-05,3.246893e-05,1.8786035e-05,-5.5501976e-05,9.677198e-05,9.818698e-05,0.00012260547,-8.531043e-05,0.00020619157,-7.209591e-05,0.000108580636,1.9803001e-05,-1.4234094e-05,-7.645157e-05,-0.00012506582,2.7697452e-05,-2.3560135e-05,1.2263224e-05,0.00012379626,-5.3375214e-05,4.857349e-05,-1.163918e-05,6.0162933e-05,4.960725e-05,7.4155134e-05,0.00012263768,-3.368279e-05,1.042606e-05,-7.713976e-05,0.00023173139,-1.00466095e-05,2.5663861e-05,0.00019918775,-4.1263418e-05,-1.359311e-05,-6.8349846e-06,7.609027e-05,1.3526433e-05,-8.1186125e-05,-8.6359905e-06,-1.951922e-05,-0.00014267997,-0.00014390462,-2.6242136e-05
A419_XM_371822_1,-9.3162955e-05,-6.1757746e-05,7.116526e-05,-1.0494478e-05,-0.00010967942,7.0942355e-05,-1.6489741e-05,-0.00011739869,-3.912493e-05,-0.00013262319,5.4139087e-05,4.3121243e-05,6.269022e-05,6.9902315e-05,6.1358965e-06,-0.00010860747,0.00011198949,3.6118632e-05,4.0608407e-05,-0.00015171115,4.2782034e-05,-0.0002073295,4.120203e-05,0.00010053117,2.2069926e-05,0.0002544905,0.00014941827,-9.915277e-05,3.148806e-05,0.00011658901,0.00012097558,-5.1252762e-05,-0.00016389762,2.0831752e-05,3.7415783e-05,6.4752094e-05,-5.0218812e-05,5.924584e-06,0.000112478745,-9.597636e-05,-1.6077547e-05,-5.3455497e-05,-4.077339e-05,8.510176e-05,9.4928764e-05,0.00013107633,6.6275796e-05,5.3672893e-06,5.0857634e-05,-1.5019611e-05
B18_AH001498_1,-4.8513077e-05,0.00035133644,0.00024106677,8.388745e-05,-2.3875893e-05,-0.00010858393,0.00012215949,-6.2420775e-05,-0.00012229114,-1.5994685e-05,9.01868e-05,9.907823e-05,-1.0484901e-05,0.00018483835,0.00017181603,0.00010753706,-5.6318157e-05,5.3382246e-05,-2.3471212e-05,7.355577e-05,5.8498503e-05,0.000104904575,-6.686725e-05,-7.235304e-05,2.246319e-05,8.3037696e-05,-2.2263326e-05,-6.702668e-05,0.0001008567,6.282555e-05,8.750947e-06,4.238704e-05,-2.3600916e-05,3.631835e-05,-0.00014471628,-0.00018472971,5.7383368e-05,-6.8067064e-05,1.9157429e-05,-0.00015451942,-0.00017297601,7.858387e-06,-2.0390371e-05,-5.2672716e-05,0.00011428614,-4.5313955e-05,2.830869e-05,1.1740053e-05,9.086635e-05,-4.5014887e-05
A523_NM_015213_2,0.000113578695,-4.098031e-05,-2.7591472e-05,1.0469309e-05,-2.6635751e-05,-3.4657984e-05,6.0866467e-05,-9.174616e-05,0.00011518302,0.000109156164,5.9229682e-05,2.4568008e-06,0.00016047894,0.00010083951,0.000110115405,1.657956e-05,4.0993644e-05,-0.00014951389,-9.438515e-06,0.00010035634,-7.163599e-05,6.633784e-05,0.00015658217,-5.9819384e-05,2.7684797e-05,-0.00021763636,7.266376e-05,-0.000100227386,0.00020315428,8.289189e-05,5.518185e-05,-1.5909656e-05,-5.9387526e-07,-2.1946898e-06,-0.00012746679,-1.0224098e-05,1.3072724e-05,-0.000254862,0.00010254858,-0.00012260646,0.00025730234,-8.34084e-05,-0.00016152678,0.000138608,-1.2284264e-05,-2.371129e-05,-0.00029098341,-3.62829e-05,-9.7989796e-05,-8.229042e-06
A383_XM_371822_1,0.000120878256,5.6338613e-05,-1.2064796e-06,-7.209056e-05,6.265532e-05,-3.7719365e-05,0.0001355829,-7.967038e-05,6.277103e-05,0.0001907518,6.0941413e-05,8.948293e-05,2.4999395e-05,1.3048713e-05,0.00011382985,-5.074132e-05,1.9835252e-05,-3.5465066e-05,0.00012930711,0.00010976094,0.00012154419,-0.00023355585,0.00012653599,0.00019811664,-2.504403e-07,1.6260416e-05,0.00012821857,0.00015588623,-1.8296128e-05,-6.961451e-06,1.17295995e-05,8.0707585e-05,-0.000111837726,7.13507e-05,-0.00013900995,-1.91967e-05,0.00029496796,0.00020007194,-0.00012682438,6.823875e-05,6.3932224e-05,4.2663258e-05,0.00017327566,1.2203246e-05,1.4587107e-05,-0.00010908636,0.00015081016,4.31117e-05,-7.017633e-05,-3.3011005e-05
A530_NM_015213_2,0.00011791927,-9.433299e-05,0.00010164115,4.4936678e-05,4.9103848e-05,1.1943091e-06,8.675259e-05,-0.00015691869,9.48313e-05,0.00014610514,-4.87013e-05,0.00019191962,0.000104464874,-4.3389762e-05,3.9393382e-07,4.654609e-05,8.823997e-05,6.500689e-05,0.00011911482,0.00021714682,3.0886295e-05,0.00011088698,-9.36482e-05,0.00015869887,3.151337e-05,0.00013488912,-3.0383291e-05,-7.433184e-07,0.000118394855,4.1117266e-05,-8.4819614e-05,0.00013007164,-8.564251e-05,-2.1965805e-05,0.00011776185,0.0001825676,7.519398e-06,7.269467e-05,-0.00016343562,-0.000102469465,6.5038395e-05,-6.39264e-05,9.351822e-05,-8.8700464e-05,3.577537e-06,5.692591e-05,-4.367291e-05,-0.00016433341,-3.9893283e-05,0.00017148902
A618_NM_015213_1,1.5878693e-05,3.3449385e-05,-0.00017041595,3.763606e-05,-2.2015525e-05,3.841052e-05,0.00014028426,-3.9507377e-05,0.00013817084,0.00014284167,-9.9060824e-05,6.927881e-05,-4.6649773e-05,8.070005e-05,0.0002147092,-9.899173e-07,0.00010391932,5.1382332e-05,0.00018830564,-0.00017225408,-1.6881839e-05,-7.738652e-05,4.5711884e-05,6.3253196e-05,6.204588e-05,0.00010993318,-8.989503e-05,-1.3185072e-05,4.804433e-05,0.00016918541,-0.00015962725,0.00019048365,0.00013331653,-6.558446e-05,0.00029398635,-3.9913626e-05,1.376971e-05,-0.00013642754,-0.00011478963,-5.146228e-06,-9.005548e-06,0.00015923983,1.9499128e-05,9.648121e-05,7.6898534e-05,0.00012470395,6.907595e-05,7.1035283e-06,2.9574836e-05,-1.4921685e-05
A433_XM_371822_1,5.1677864e-05,7.31184e-05,0.00018239635,0.00013408181,9.448369e-05,0.00015078865,0.000101590624,2.9296702e-05,-8.203893e-05,0.00013660696,0.00012545081,5.8746396e-06,-7.69521e-06,5.0228828e-05,7.597498e-05,-3.78175e-06,7.709229e-06,1.1901222e-05,2.2314513e-05,0.0002078919,0.00016767341,-7.3564945e-05,2.5892707e-05,-6.0644325e-05,6.674738e-05,0.00017183529,0.00012460675,0.00017658786,-0.00023919214,-2.0406696e-05,-1.7188003e-06,3.416352e-05,-7.30306e-05,2.974426e-05,0.00012959701,8.1938975e-05,0.00015795583,4.504225e-07,8.589886e-05,8.511715e-05,-8.4613945e-05,-9.809487e-05,8.297296e-05,0.00014991121,-8.803683e-05,4.9474314e-05,0.00014303006,0.00025236176,9.868132e-05,5.4865985e-05
B39_AH001498_3,4.0099394e-06,1.4449262e-06,-3.1151496e-05,7.074482e-05,3.710166e-05,2.954397e-06,-2.2204866e-05,0.00011611445,-7.2641947e-06,9.249999e-05,0.00020799853,3.0232764e-05,2.724817e-05,9.724051e-06,1.5372789e-05,-0.0001459508,0.00018300617,4.95902e-05,0.000109857145,-0.000102834034,8.040181e-05,-0.000101549296,-2.1872967e-05,-3.6996757e-05,-0.0001264089,5.86823e-05,0.0001044466,0.000109070075,0.0001794627,0.00013576368,-4.632295e-05,-9.308271e-05,-0.00012107693,-2.856127e-05,3.033844e-06,2.8798093e-05,-0.00021206489,-2.9237943e-05,-6.801008e-05,3.8861534e-05,-0.00023221778,5.0660637e-06,-0.00013881696,-0.00020428619,-5.3841202e-05,6.805735e-05,-3.7235524e-05,-5.5345306e-05,9.839484e-05,-0.0001522414
A481_XM_371822_1,7.432441e-05,-4.5253335e-05,1.5023942e-06,4.611201e-05,-0.0001847775,0.00019853495,0.00011809048,4.371741e-05,2.2093483e-05,2.7033804e-05,0.00014457427,9.818243e-05,4.4536915e-05,-6.237539e-05,6.955512e-05,0.00025735045,0.00023877046,8.238476e-05,-4.6431425e-05,0.00023980114,-8.499162e-05,0.00015652465,0.00013240233,2.1808853e-06,-0.00010632721,3.4165503e-05,-1.95838e-05,5.589946e-05,4.8198253e-05,-9.8261e-05,0.00010285863,1.5533067e-05,4.6643574e-05,9.8007906e-05,3.503022e-05,0.00018335867,3.1807536e-05,2.6289463e-05,2.3437538e-05,5.518125e-05,0.00012798625,4.1018724e-05,0.0001791322,7.471595e-05,6.627295e-05,6.30373e-05,-9.786899e-05,9.705051e-06,9.905242e-05,1.933921e-05
A382_XM_371822_1,-4.7563648e-05,8.662912e-05,-1.10573255e-05,5.4380682e-05,-3.6271954e-06,-4.947166e-06,-0.00025418305,-0.00014787239,-8.817754e-05,-4.6161666e-05,7.575693e-05,6.589163e-05,-8.028606e-05,3.8518105e-05,0.00014661068,1.2114482e-05,3.1545955e-05,-4.6011883e-05,-0.0001037597,-0.00019979556,7.7241835e-05,8.331125e-05,-0.00014594565,-5.3060074e-05,-5.0088653e-05,-4.865161e-05,0.00017680594,-3.0953353e-05,4.9689975e-06,5.4064807e-05,1.2364923e-06,-4.1644053e-05,-0.000114409544,-0.0001612935,-1.8961879e-05,0.00011941402,0.00010624145,0.00012945577,2.4261873e-05,1.2717675e-06,-8.0468744e-05,2.268909e-05,-0.00011208342,2.1271808e-06,9.520111e-06,-6.810386e-05,1.451312e-05,5.0111732e-05,1.4950435e-05,0.00012270446
B31_AH001498_2,0.00021654871,0.0001718202,0.00013084778,6.254715e-05,-8.417588e-05,9.800866e-05,0.00012713225,6.815413e-05,0.00010939091,0.00012337105,8.083271e-05,-7.219405e-05,-1.8432009e-05,-0.00011355017,-8.0225596e-05,-3.5587465e-05,2.0309678e-06,-2.6585758e-05,6.9637084e-05,-0.00019361422,2.1670132e-05,4.3204423e-07,-8.163178e-05,-9.10892e-05,0.00011533239,5.248079e-05,0.0001428258,9.33722e-05,0.00018895954,0.00015062312,0.00014730275,6.1414203e-06,-6.710633e-05,-3.7678503e-05,-1.9357572e-06,-9.9129844e-05,7.184248e-05,-3.8298967e-05,-7.461823e-05,0.00016258366,6.1104234e-05,-5.612732e-06,-0.00013768507,2.5597636e-05,-0.00010073433,0.00010450233,-7.012996e-06,-2.2694556e-05,7.306076e-05,5.9651843e-06
A605_NM_015213_2,-6.840705e-05,9.6422395e-05,6.202368e-05,0.00012598904,-7.593926e-05,4.8817656e-05,-2.2962874e-06,0.00013241374,8.442775e-06,7.9346915e-05,-7.214615e-05,0.00021311628,0.00015686963,7.538512e-05,0.00028577656,4.7759186e-05,0.000112052694,-8.9908e-05,1.8314155e-05,-3.6834168e-05,7.7986406e-05,0.00018712545,0.0001729414,4.9847655e-05,0.00011305308,0.00020899266,4.3917345e-05,8.482201e-06,-2.1226433e-05,0.00020172192,6.976062e-05,0.00018251885,-0.00010059028,-2.1591904e-05,0.00012345974,5.794413e-05,6.3456515e-05,-0.000112226524,-9.006213e-05,1.0511576e-05,9.070181e-05,-4.806956e-06,-4.495128e-05,-3.949894e-05,6.446483e-05,0.00024264763,0.0001431164,0.00019238987,-5.7825486e-07,0.00035009222
A571_NM_015213_3,5.433106e-05,7.8725454e-05,-3.6637037e-05,-0.000102012855,-6.2584535e-05,2.6605994e-05,-0.00027762286,-0.00012514897,3.1905984e-05,5.827805e-05,-0.00010081796,-0.00020269536,0.000105624466,1.5604986e-05,0.00013730481,-0.00012865347,0.00010722655,0.000113131384,0.00013498656,6.7804314e-05,2.8812467e-05,5.6186454e-05,-9.110276e-05,-3.4616227e-05,-5.8669713e-05,-5.5953856e-06,-0.0002359397,-4.423328e-05,6.9603695e-05,5.378788e-05,-2.6476962e-05,0.000110869274,-8.4235995e-05,-0.00019021763,0.00026968523,-6.8306836e-05,9.30351e-05,0.00019949763,1.1189061e-05,-7.014985e-05,-2.5416146e-05,0.00016005206,-6.665047e-05,-6.924505e-05,-5.6172405e-05,0.00012160555,-4.2727366e-05,0.00011759231,-0.00012170536,-3.0698136e-06
B388_J03132_1,0.00014014787,0.00015626322,-3.9831764e-05,8.523776e-05,-0.00025674063,0.00028807684,-6.7945526e-05,4.2797656e-05,0.00015604995,2.3124694e-05,0.0001700531,-0.00011341956,0.00011811259,3.919616e-05,4.7905953e-05,-3.791688e-05,-1.7601355e-05,6.50062e-05,-9.471599e-05,-9.8319644e-05,2.7619362e-05,-2.0747184e-05,-0.00021049425,-8.59292e-05,-4.0392457e-05,-0.000102763195,3.668316e-05,7.819749e-05,-1.9458872e-05,7.667292e-06,0.00021249999,4.0845203e-05,8.518428e-06,-1.0564949e-05,4.7216865e-05,-5.3594318e-05,0.00012304091,1.1347721e-05,-0.000115624316,9.2569215e-05,-0.00014479899,6.8621106e-05,-6.749754e-05,-5.1532854e-05,0.00017684957,1.9873378e-05,8.2877945e-05,-5.771727e-05,-2.7129285e-05,-2.0490115e-06
A597_NM_015213_2,4.4292872e-05,-2.6774494e-05,-0.0001322769,-0.00013641657,-0.00019525022,9.832746e-05,-7.05975e-05,1.2527006e-05,1.9356068e-05,-2.9506913e-05,7.53591e-05,0.00016058765,2.638876e-05,0.00013559782,0.00016511157,-5.8448637e-05,0.00011139912,-5.2068703e-05,-5.48534e-06,-6.647956e-05,0.0002341958,-6.285514e-05,0.00013729115,-1.05063355e-05,-1.0556891e-05,0.0001268061,6.220914e-05,-0.00017641156,-2.1530399e-05,0.00020325658,-0.00013885988,5.7024605e-05,-6.0704402e-05,-3.992127e-05,0.00017298256,0.00010685003,0.00013202922,-0.00012306128,0.0001206321,-8.200465e-06,-3.999087e-06,-4.0815306e-05,-2.5621941e-05,-0.00014085113,-0.0001131806,-0.00016866985,1.42875515e-05,0.00011594316,7.200764e-05,-7.029083e-05
B97_U47298,0.000119383956,0.0001603522,-1.0292122e-05,-5.6350716e-05,0.00016293829,-5.7757163e-05,2.2314169e-05,3.4270404e-05,0.00014184756,-2.2248962e-06,4.533676e-05,1.3624545e-05,0.00016762316,8.337609e-05,-5.791001e-06,0.0002797583,-0.00016413209,-8.70001e-05,7.9483e-05,4.5583856e-05,2.0667569e-05,8.154878e-05,6.0110866e-05,-3.2083277e-05,-0.00017727488,4.3152227e-06,5.6815075e-05,6.593615e-05,-0.00011501215,-4.70511e-05,0.00016581753,8.312738e-05,6.93698e-07,-0.00014122839,5.477393e-05,0.00012377289,-6.679966e-05,-7.1992836e-05,-0.00014860106,-8.801004e-05,-2.2484438e-07,4.296948e-05,-0.00011246394,-8.3590654e-05,-5.380677e-06,0.00013778493,1.3057644e-05,-6.95185e-06,0.00022276789,-0.00017508182
A582_NM_015213_3,6.2136937e-06,-6.927412e-05,-9.980871e-05,9.973273e-06,0.0001111928,-5.463335e-05,-0.00012114334,-0.00010351717,-7.399415e-05,0.00019018943,9.243429e-05,-0.000116942785,8.269587e-05,-3.2906813e-05,6.482055e-07,-7.626953e-05,7.721751e-05,6.96334e-05,-6.900971e-06,-3.3645774e-05,-0.0001396305,-0.00014257009,2.560792e-05,0.00013493991,0.00019222009,-2.870922e-05,-4.2027114e-05,8.094362e-05,6.741177e-05,0.000150865,-3.679522e-05,9.042706e-05,2.2270078e-05,-0.00010953151,-0.00013665744,0.00022621932,5.1608826e-05,-0.000218147,0.0001583929,0.00012759426,3.0736297e-05,-8.886293e-05,6.330745e-07,4.7396716e-05,0.0002513491,-3.148919e-05,-0.00013426237,-6.212798e-05,0.00023782483,-9.087311e-05
B386_J03132_1,-0.0002203293,6.385802e-05,2.5339355e-05,-9.136914e-05,0.00023554012,0.00015048098,-5.6032168e-05,-4.236299e-05,-6.346632e-05,0.00023044628,3.798757e-05,3.3901553e-05,-0.00010276014,8.422861e-05,-7.3429015e-05,0.00015573455,0.00011703137,-5.0748182e-05,-0.00014552995,-9.4980925e-05,-0.00012927083,9.53963e-05,-1.5935502e-05,6.1963976e-05,-2.821326e-05,0.00012490212,-0.00019785044,5.30065e-05,0.0001172073,2.5857065e-05,6.310935e-05,0.00017181526,7.027619e-05,2.4950574e-05,5.881506e-05,1.4897056e-05,-1.1150183e-05,-5.490048e-06,0.00022060357,7.240524e-05,-2.8124558e-05,-0.00014769612,4.716298e-05,6.204219e-05,-5.9346094e-05,0.00011383909,4.218455e-05,0.00010521128,4.3402895e-05,-2.0887008e-05
B11_AH001498_1,-9.801382e-05,-8.845548e-05,0.00030931048,0.00013002564,0.0001025644,-6.0141814e-05,-0.00017422588,-2.8216691e-05,1.8136514e-06,-0.00013646811,9.443226e-05,6.4745196e-05,-1.6555869e-05,1.6864426e-05,-0.0003045004,3.5566532e-05,8.925526e-05,8.9535395e-05,2.8560555e-05,-1.5372483e-05,-4.528544e-05,-0.00010005904,-5.4230968e-05,-2.0152902e-05,-1.815707e-05,-3.9316637e-06,-8.3350744e-05,1.1867479e-06,-5.0542596e-05,-0.00011258448,2.6719892e-05,0.00015696057,1.0030453e-05,2.5068122e-05,-2.2202494e-05,7.7190256e-05,0.00022223554,0.0001366379,0.00015584755,-8.423458e-06,0.00017706549,-6.8724544e-06,3.7262686e-05,5.0992665e-05,6.851218e-05,-5.2299176e-05,2.7899348e-05,-8.969129e-05,5.4699576e-05,-7.0253336e-05
A625_NM_015213_1,-0.00013268842,0.00014285395,0.00011174989,0.00015915452,0.00016389861,-7.3506155e-05,0.00016919493,7.303975e-05,-1.4331888e-05,0.00020787187,-6.2727515e-05,-0.00010185264,1.2297071e-05,6.73242e-05,2.1376376e-05,7.11419e-05,7.6461714e-05,-4.5671575e-05,-1.875235e-05,0.00021490597,3.6635687e-05,0.00019164127,-8.81511e-05,-5.0772624e-06,-6.646275e-05,6.394043e-05,0.00011865133,-7.576946e-06,-3.5015742e-05,-8.352947e-05,-0.00012661751,7.014338e-05,5.1141105e-05,-5.217311e-06,-0.00012212405,-0.00019780001,6.808606e-05,-0.00024666186,-6.1045925e-05,-6.9457696e-05,2.7609332e-05,-5.6359182e-05,8.708513e-05,3.420862e-05,0.0001249253,-0.00027133903,0.00014265906,-1.835991e-05,-8.714991e-05,7.2046256e-05
A590_NM_015213_2,0.00012741839,0.0001604592,7.747186e-05,5.6050663e-05,0.0001028615,-6.7386936e-05,0.000103542094,-0.00016558357,8.023477e-05,-2.8300628e-05,8.989549e-05,0.00024580042,1.768481e-05,5.3338645e-05,6.138881e-05,3.2139225e-05,3.4344404e-05,8.68727e-05,7.261815e-06,1.9808278e-05,0.00019583957,-3.8442107e-05,9.578341e-05,0.00014585601,-8.196827e-06,0.00019421824,-2.0095376e-05,0.00015307016,9.692848e-05,-6.8767244e-05,-4.908865e-05,-2.6780828e-05,8.881885e-05,2.3312705e-05,7.868816e-06,-5.8927485e-06,0.00016272053,-5.8162535e-05,0.00014337117,-5.232131e-05,-4.0851784e-05,5.0845956e-05,5.1237548e-05,0.00015243932,-9.538826e-05,-0.00017072019,0.00014138948,-6.792756e-05,-4.771847e-05,7.868876e-05
A496_XM_371822_1,0.00015578732,1.5032668e-05,1.0268536e-05,6.523919e-05,7.2834126e-05,-9.3993665e-05,0.00014576873,0.000256543,0.0001402031,0.00011254354,-1.6939064e-05,2.6090738e-05,-3.7361217e-06,0.00015311208,6.118778e-05,8.8946595e-05,-7.46235e-05,-7.147823e-05,-1.3921568e-05,0.00016287467,9.6574644e-05,-0.00015695966,-7.118999e-05,-6.11532e-05,-0.0001390541,5.5784465e-05,0.00013957429,-0.00011222523,-0.00015261925,-8.640734e-07,-0.00014242505,-4.6428584e-05,4.1532327e-05,4.461873e-05,7.6287084e-05,5.951334e-05,8.680018e-06,-5.9614566e-05,0.00017586302,-0.00023467423,1.6749793e-06,-2.3160668e-05,8.059758e-05,-2.124067e-05,-0.0001049138,-3.0575266e-05,1.254189e-05,0.00010005105,-4.4465414e-05,-6.7848814e-05
B315_X75932,7.876325e-05,6.191014e-05,-4.9025708e-05,5.2645708e-05,4.2812517e-05,9.907644e-05,-5.8181144e-05,7.415913e-05,7.623978e-05,9.643021e-05,1.9311972e-06,0.00011707726,0.00013831025,0.0001053978,-4.267218e-06,0.00014793577,-0.00010012465,0.00013689387,-5.4159125e-05,-0.00013272246,8.4768675e-05,-6.344762e-05,2.8321272e-05,9.455842e-08,1.8494215e-05,-4.8896687e-05,0.00011509442,-0.00013127268,-4.7483227e-05,3.7110214e-05,-5.670748e-05,5.553033e-05,-0.00013520273,8.884283e-05,0.00016316058,-5.380048e-05,0.0001343786,0.00015032942,5.3448795e-05,2.1840654e-06,2.5707905e-05,3.5175282e-05,8.122937e-05,-0.00014783615,1.0509529e-05,0.000111589005,-1.0701817e-05,-7.720041e-05,6.861992e-05,9.6161195e-05
B3_AH001498_1,-0.00015342585,-2.1143682e-05,-9.8647295e-05,-1.8017885e-05,6.0366256e-05,8.5080035e-05,9.665675e-05,-0.00015749401,-9.0268615e-05,0.00015879994,1.79033e-05,1.0334632e-05,0.000108187865,0.00015260138,4.0170857e-05,-4.2234038e-05,0.00016539043,-0.00015482183,0.00020260325,5.472727e-05,2.011016e-05,0.00019643918,-0.0001980682,0.00023819301,-3.610931e-05,5.599298e-05,2.8680024e-05,-1.6346428e-05,-0.0001334386,-3.7498503e-05,0.00017481713,0.00010145997,-6.854041e-05,-3.539865e-05,-2.6288059e-05,-0.0001129346,-8.572778e-05,-0.00011877603,4.4716136e-05,-4.1797364e-05,2.3588556e-05,4.3372318e-05,0.000117779105,3.0388115e-05,-2.413127e-06,-3.7051082e-06,8.015826e-05,-9.039507e-05,8.7903514e-05,0.00012438618
B410_J03132_2,0.00014821028,3.660495e-05,-2.9791572e-05,0.00019201974,9.769121e-05,-8.463588e-05,1.966953e-05,7.895244e-05,-3.807062e-05,-1.1078484e-05,-5.7963994e-06,2.5225278e-05,0.0001603591,-4.7791655e-05,-2.4209086e-05,0.00015732943,5.8643192e-05,0.00013871184,2.9102728e-05,-0.00010963008,5.8675425e-05,-2.959159e-05,-0.00010772951,-4.2153308e-05,-3.8900067e-05,7.363717e-05,2.5154286e-05,0.00017185698,6.965318e-05,-0.00010073578,0.00019496646,-2.7936449e-05,0.00013369239,-0.00012751493,0.00018451267,7.797645e-05,-3.2758333e-05,0.00012582366,-7.242799e-05,0.00015206971,0.00014856174,-6.710444e-06,-0.00021637043,7.8022385e-05,0.00012808993,9.739204e-05,6.697374e-05,7.663635e-05,4.5111534e-05,-4.2582215e-05
A468_XM_371822_1,6.8486115e-05,5.7320587e-05,0.00024189115,-0.00018407305,3.0520874e-05,9.575095e-05,0.00010389717,9.111263e-05,1.4326504e-05,0.00019865044,9.934239e-05,-4.7412446e-05,-0.00011762972,4.863203e-05,-5.2014555e-05,6.53846e-05,5.5712193e-05,-5.9328646e-05,4.1595955e-05,-1.9109304e-05,0.000110928486,6.7110246e-05,5.4923872e-05,-2.118527e-05,-9.6491145e-05,-3.916261e-05,0.000185674,-8.7580345e-05,0.00015743228,-0.00015210058,4.9958922e-05,-6.9782654e-05,0.00016243593,-3.904735e-05,9.684876e-05,-3.3397082e-05,0.00011102673,-0.00017863102,0.0001635899,0.00021991011,-0.00020093683,4.532761e-05,4.8046477e-05,-0.00010957496,-6.680569e-05,-5.694812e-05,-0.00012627646,7.097232e-05,-0.00011334497,-0.00025097292
B130_U47298,0.00019556558,3.0971663e-05,0.00016728486,7.473438e-05,5.8657046e-05,9.006939e-05,-5.808711e-05,1.1488037e-05,0.00022481824,1.9233687e-05,5.1129235e-05,0.00012942198,-1.3805524e-05,-3.749013e-05,-7.981773e-05,3.060348e-05,-0.00017612727,0.00017165345,-0.00014248864,-3.2214364e-05,5.702453e-05,0.00012315335,2.7480357e-05,9.9267694e-05,-9.46927e-05,-7.202576e-05,-0.00021064235,2.6001677e-05,-4.9196467e-05,2.486303e-05,0.00012812273,0.000109669,-0.00013254334,6.026787e-06,4.7981386e-05,-8.260347e-05,-5.9449994e-05,4.2976233e-05,-6.0070934e-06,8.72636e-06,3.4725617e-06,-5.9641825e-05,3.7787806e-06,0.00019021117,-7.863907e-06,9.887364e-05,-0.00010628638,0.00027628694,-0.00013893159,1.0243481e-06
A386_XM_371822_1,3.4346052e-05,0.0002344452,-0.00011949169,3.2964115e-05,4.980164e-05,9.595208e-05,4.120843e-05,-1.7857026e-05,9.9507924e-05,0.00012793782,4.1183677e-05,-0.00011500052,-6.561646e-05,-2.2655244e-05,0.00018273786,0.00032713532,0.000115018556,-9.9059354e-05,0.000104259925,-5.5684908e-05,-6.108288e-05,6.546783e-05,9.9608325e-05,3.960967e-05,-2.1044858e-05,0.00010944526,5.697221e-05,9.0648515e-05,-6.856989e-05,1.39384565e-05,-2.2599905e-05,-6.524884e-05,3.378284e-05,-3.3900207e-05,7.7007215e-05,0.00013048948,8.3242994e-05,-1.6536784e-05,-6.893732e-05,0.00020111045,7.537701e-05,-0.00012718316,-6.607008e-05,0.00019842215,0.00012229776,6.754707e-05,-1.5726724e-05,5.358015e-05,3.9464398e-05,-7.0904585e-05
A592_NM_015213_2,-9.31042e-05,-8.7027875e-05,8.1281854e-05,-7.675897e-05,9.504034e-05,1.4242816e-05,0.00010158359,0.00020986794,-1.0202834e-05,0.00020023584,-4.248667e-05,0.00010541554,-9.951235e-06,1.9389592e-05,0.000104050734,6.544667e-05,0.00014046216,4.091306e-05,3.871718e-05,0.00020911962,-7.018541e-05,-2.8836197e-05,0.00011952148,-0.00012216467,0.00018062764,-0.0001236116,0.000114104914,6.104491e-05,0.00021793328,-0.00011754314,0.00011443433,6.659183e-05,0.00016717186,6.839678e-05,-8.2207174e-05,6.778281e-05,-8.99023e-05,0.000120288576,-1.2327516e-05,-2.7627739e-05,3.0490683e-05,2.0300522e-05,0.00011939842,-9.868689e-05,0.00019888036,0.00013497006,-7.151329e-05,6.792952e-05,-1.9267696e-05,0.00013506557
B69_U47298,3.79459e-05,2.9540147e-06,1.1973297e-05,8.458321e-05,-6.682198e-05,0.00013546315,6.2233674e-05,-1.9740508e-05,-0.00011505126,0.00021795894,0.000113368835,0.00019498967,-0.00020708349,0.00024556334,0.00015555373,0.0002454485,-3.7920185e-05,0.00013841648,3.2368218e-06,-3.963622e-06,0.0001548776,-0.00014885228,-1.2128101e-05,0.0001471508,-4.8830436e-05,0.00013743303,5.0350077e-06,3.5697805e-05,8.8103574e-05,-9.598806e-06,-7.87796e-06,0.00015288717,0.00016607344,3.925926e-05,3.957982e-05,6.978547e-05,0.00016096325,2.6575077e-05,-0.000112956426,-0.00010689093,-6.6518645e-05,4.2211883e-05,-0.00010784108,0.00016233318,-4.6693476e-05,-3.179412e-05,5.9437665e-05,-2.772996e-05,-0.00017648807,-0.00013551334
B294_U47296,0.00012650709,-0.0001355685,-9.783009e-05,1.3477889e-05,0.00017305164,-2.2172708e-05,4.815666e-05,-9.475724e-05,6.8010864e-05,2.2005788e-05,0.00013998015,-2.2754793e-05,0.00021641524,-9.09256e-05,-7.567068e-05,0.00014789401,2.7307431e-05,-9.271053e-05,-8.506494e-05,8.636511e-05,6.501446e-05,5.2236388e-05,1.7262271e-05,-2.3598277e-05,-0.00019412384,-6.5049826e-05,0.000102480226,6.4460306e-05,-2.2895762e-05,0.0002387678,0.00020253204,-9.972007e-05,0.00011052207,-1.5156218e-05,7.236748e-05,-9.547259e-05,8.6042746e-05,-9.942595e-05,-0.00019439375,4.3629457e-06,-9.635813e-06,3.649244e-05,-0.00012349091,-9.146723e-05,5.6917714e-05,0.0001505599,0.00021275875,6.547096e-05,9.667903e-05,4.8077522e-06
A411_XM_371822_1,4.5726014e-05,1.1714384e-05,2.685333e-05,-2.3706656e-05,-3.397497e-05,7.750257e-05,-2.1274927e-06,0.00015584708,-0.00016815093,-0.00016774701,0.0002112896,1.1293896e-05,-1.526136e-05,0.00022876746,0.00010762838,-9.02474e-05,-1.7422359e-06,0.00013497952,9.129798e-06,-3.9394108e-05,3.6334222e-05,-6.7335454e-06,7.252447e-05,0.00023247808,0.00014805581,2.7768674e-05,0.00011338933,-5.6806508e-05,-3.485526e-05,0.00015450115,1.2954849e-06,-0.00010025311,6.1522274e-05,-2.5565309e-05,6.2099614e-05,8.3044695e-05,-8.1600934e-05,-0.000120124074,9.4065996e-05,9.910444e-05,-1.1239906e-05,2.0065641e-05,-0.00011163963,6.2052945e-06,0.00017279752,-0.00010336442,9.723138e-05,8.248099e-05,-7.9197154e-05,-4.3212385e-05
A444_XM_371822_2,0.00014685643,-3.720532e-05,0.00023820453,4.0290004e-05,6.2720006e-05,4.3796255e-05,5.5870423e-05,4.32113e-07,0.00012900296,4.4622695e-05,7.931735e-05,-9.712884e-06,8.68799e-05,0.00015951155,9.2337024e-05,4.9680006e-05,0.00027726495,4.8452886e-05,-0.00013254849,-5.3006464e-05,-9.1093374e-05,0.00016301322,8.744025e-05,-5.080147e-05,3.6317968e-05,0.00010367861,7.8375386e-05,6.478054e-05,8.326383e-06,-0.00021022317,3.291975e-05,6.170423e-05,0.00010958891,0.00013246638,5.017951e-05,-1.4622927e-05,-0.00016403406,2.7007145e-06,2.841941e-05,8.724006e-05,0.00018656706,-6.43933e-05,0.00014359785,-3.821028e-05,4.6083976e-05,-2.1748894e-05,-2.4372894e-06,-5.6395605e-05,0.00012463852,-1.7347476e-05
B68_U47298,-4.1673797e-05,3.4208813e-05,7.131818e-05,-4.1620817e-05,0.000102880964,4.8678958e-05,4.157088e-05,-0.00015375268,-0.00013110825,0.000108724234,-2.6236197e-05,-3.8193288e-05,9.5966294e-05,5.914877e-06,0.0001411402,8.426265e-05,2.8398503e-05,1.4862832e-05,6.613609e-06,-2.0483625e-05,0.00025501612,0.00020873544,0.0001249498,-7.071149e-05,-3.628908e-05,-0.00010385001,-1.2961175e-05,7.1573294e-07,-4.9118386e-05,-0.00013984657,8.9975925e-05,6.5951244e-05,2.9511251e-05,0.00019327817,6.750212e-05,0.00010394611,0.00028922677,-0.0001027172,8.955115e-05,-1.7850145e-05,0.00016575897,-0.00012254837,-9.407163e-05,0.00013470677,-1.733017e-05,0.0002108692,-7.9041674e-05,-1.296926e-05,-0.000113538845,0.0002940121
B119_U47298,7.52257e-05,-8.4360814e-05,-1.42918625e-05,0.0001296798,-9.772916e-05,-0.00011159694,-1.0666184e-06,-3.523813e-05,-7.895882e-05,8.3047846e-05,0.00012450537,-2.4989931e-05,-0.00016395088,6.4271095e-05,0.00011825432,7.800014e-06,-1.9477275e-06,0.00017799412,5.775046e-05,-3.383858e-05,0.00015416037,0.000108391214,1.0473806e-05,0.00015414775,-0.00014941656,9.623524e-05,0.00010253076,-4.0453902e-05,-9.626703e-05,0.0002027727,-7.285937e-05,-3.6163943e-05,7.366208e-05,0.00012465545,-0.00016964927,-5.799233e-06,0.00017199569,-8.338455e-05,-8.725658e-05,-7.169623e-05,1.4558264e-05,-3.7164255e-06,-2.9849866e-06,-0.00017374459,-0.000104727726,-4.398087e-05,-5.3814954e-05,0.00013365533,-2.8558617e-05,-6.29474e-05
B138_U47298,7.925619e-05,-9.607074e-05,-0.00010289976,-0.00015477222,6.522751e-05,1.5874446e-05,4.9636008e-05,-4.395166e-06,6.89598e-05,0.0001146159,0.00020735586,0.00012701447,0.00023298326,-7.809351e-05,-3.8803068e-05,4.443482e-05,5.950518e-05,5.4684435e-05,0.00013232061,7.814073e-05,-8.69801e-05,4.8347505e-05,0.0002194324,1.2083389e-05,0.00011221661,-0.00010387661,0.00024928077,5.6120774e-05,-7.484453e-05,1.7621835e-05,0.00012934022,-6.8952986e-06,-8.84638e-05,-1.3725827e-05,-1.7822185e-05,-9.0901354e-05,4.5079847e-05,8.363843e-06,-3.167441e-05,-5.461619e-05,7.166212e-05,0.00012250601,1.694455e-05,-0.00014876602,0.000101311176,2.1809323e-05,0.000103605875,0.00019879233,3.8710178e-07,3.2849744e-05
A416_XM_371822_1,0.000108909764,1.9277886e-05,0.00019447722,7.2649746e-05,-0.00013317453,-0.00017557053,3.3850953e-05,1.5204569e-05,-8.036978e-05,9.760816e-05,0.0001456508,1.6392655e-06,6.765853e-05,0.0002965246,-5.8591704e-05,5.6289322e-05,-2.4378898e-05,9.136549e-05,4.8923495e-05,-9.76865e-05,3.8694456e-05,7.553952e-05,0.00017353837,3.2460397e-05,0.00018519392,1.8271116e-05,-9.2927905e-05,3.3362628e-06,-9.996274e-05,0.00012354125,2.787863e-05,-4.8896152e-05,5.540873e-05,-2.7251408e-05,0.00012819267,-5.7740323e-05,-1.47657365e-05,-2.6586333e-05,0.0001238764,-5.280712e-05,0.00012735325,3.4785306e-05,3.4457516e-05,0.00015312976,4.5845893e-05,-0.00014489515,-8.499296e-05,1.423489e-05,9.016063e-05,-0.00012242506
A627_NM_015213_1,0.00013855544,9.874599e-05,-4.582441e-05,5.8620943e-05,7.96552e-05,-0.00016170186,5.9488593e-05,0.00024428914,6.539984e-06,-1.0479589e-05,7.9115125e-05,9.882464e-06,2.664576e-05,2.5614745e-05,-6.3481646e-05,8.3427476e-05,9.522067e-05,0.00020766437,-8.681973e-05,0.00016712434,-2.5734927e-05,9.601675e-05,-3.929132e-05,9.54209e-06,-3.163915e-05,1.7516366e-05,1.901451e-07,-1.6654898e-06,-8.3022656e-05,-3.831791e-05,0.00011414189,-7.415842e-05,1.784298e-05,2.3271652e-05,-7.483614e-05,-4.6427525e-05,-0.00018022729,-0.00023575159,-9.405325e-05,0.0002628111,-0.00013058822,3.8382812e-05,-2.21785e-05,0.00013429776,5.437132e-05,-0.00015680042,0.00015871643,0.00012624821,7.9467645e-05,6.821815e-05
B44_AH001498_3,1.7646269e-05,-7.370923e-06,-3.9721574e-05,7.844985e-05,-1.1549543e-05,-2.2227345e-05,-2.7440917e-06,6.229195e-05,0.00018188645,-0.00012383575,-0.000104866376,1.22470055e-05,4.7735433e-05,6.9531474e-05,6.756175e-05,-5.7324964e-05,1.4767116e-05,-5.9392725e-05,-0.00026545228,7.258199e-05,-4.2474283e-05,1.887206e-06,7.940504e-05,-0.00014766912,0.00015503047,-4.205447e-05,-0.00015500521,5.0637485e-05,6.122807e-05,-6.2384526e-05,-9.386336e-05,-0.00015365792,8.85004e-05,-1.27714475e-05,3.650292e-05,6.1021605e-05,6.85776e-05,0.00013026765,-6.4593696e-05,4.3718574e-05,0.00019696254,0.00018771802,0.00022268698,-0.00016933831,-6.445445e-05,2.599019e-05,-5.6810764e-05,-0.000115452036,6.9958245e-05,-3.7487185e-05
A429_XM_371822_1,6.45009e-05,-2.1916478e-05,0.00027690656,7.481198e-06,-7.7171e-06,0.00025530925,-9.478987e-05,-0.00012502202,-0.00014973678,5.9784186e-05,-5.2704568e-06,0.00021048194,-0.00012255227,-4.0532297e-05,0.00019836701,7.333476e-05,-1.6627971e-05,3.3528526e-05,-6.278525e-05,3.9610427e-06,0.0001546166,-3.356822e-05,-5.5948516e-05,-2.5542436e-06,0.00010288088,6.669505e-05,0.00014684295,-7.1451104e-05,0.00018079708,-0.00011690037,8.772078e-05,3.0415025e-05,7.9594465e-05,8.899103e-05,8.006756e-05,9.507021e-05,-7.5968936e-05,0.00018022793,3.8602895e-05,3.4529225e-05,0.00011088714,3.4455446e-05,8.3927174e-05,0.00012902147,-4.0057297e-05,0.00027218036,-4.8482423e-05,2.6038522e-05,0.00011066671,-0.000106018306
A476_XM_371822_1,0.000115638264,7.765069e-05,0.00020895703,0.00017257739,-8.166557e-06,-0.00010513192,-7.624014e-06,2.4654812e-05,-3.5775858e-05,5.2655647e-05,-4.073468e-05,-0.00011331785,-3.3891236e-05,5.0991202e-05,7.262902e-06,-0.00015640307,0.00018358824,1.665003e-05,0.00025535206,4.7188267e-05,4.9739774e-05,-1.5853784e-05,9.923265e-05,8.846441e-05,0.0001885139,-0.00021287959,0.0002449175,9.188997e-05,-6.6846835e-05,7.643199e-05,-9.9442e-05,0.00025118008,-4.68599e-06,3.2710985e-05,-6.889263e-05,4.5236728e-05,-1.6717773e-05,-0.00010614531,6.098763e-05,6.654431e-05,3.5521552e-05,-4.1143856e-05,0.000190134,-1.4606369e-05,-1.0608105e-05,-0.000119880075,4.0251663e-05,5.3323856e-05,-7.362279e-05,6.7773086e-05
A507_NM_015213_3,1.069053e-06,3.528875e-05,0.00027904368,6.1039835e-05,1.1159726e-06,8.4500345e-05,4.830899e-05,0.0001660636,6.3106074e-07,1.6481197e-05,8.372043e-05,-5.5639906e-05,-3.69062e-05,1.48471045e-05,3.5206103e-05,0.00017696913,7.4624375e-05,0.00017608785,0.00027367138,-3.534305e-05,1.951167e-05,6.706842e-05,6.318728e-05,0.00018559194,-9.759287e-05,7.638858e-05,6.778269e-05,1.50732685e-05,-0.00022278458,3.8649097e-05,5.560281e-05,0.00013132555,9.774151e-06,-0.00011497652,6.123657e-08,-3.9212682e-05,0.00017297504,-3.7737333e-05,0.00013089496,0.00015553636,-6.230711e-05,2.8462342e-05,6.474399e-05,-9.5836825e-05,0.00019198761,2.0715215e-05,2.0305833e-05,-3.9475704e-05,0.00017817739,-2.642727e-05
A569_NM_015213_3,0.00016756455,-0.00010954617,0.0002114385,0.00014012837,1.9281606e-05,-7.4741074e-05,9.526521e-05,6.673548e-05,3.6823716e-05,7.845477e-05,3.5020678e-06,1.4035643e-05,-5.8957452e-05,-3.3324664e-05,0.00012500554,-7.323365e-05,7.036449e-05,2.3074024e-05,0.00015954695,-0.0001077342,-0.00015811989,-0.00014382391,1.46599705e-05,6.2601493e-06,8.19603e-08,-1.161979e-05,0.0002271259,0.00023068584,-7.662304e-05,8.7589884e-05,1.0928779e-05,0.00015686898,7.9431484e-05,3.0313782e-05,3.930303e-05,0.00020666118,-4.164131e-05,-1.0574997e-05,8.4049054e-05,9.958552e-05,5.762583e-05,6.1991435e-05,9.841436e-05,8.502504e-05,0.0001546788,-0.00011608631,-7.7340155e-05,0.000104587474,-0.00019202822,-4.313597e-05
A528_NM_015213_2,6.0115115e-05,1.115595e-05,-1.0527533e-05,-0.00028351587,7.388667e-05,1.9593494e-06,-5.6192384e-05,-0.00011722138,0.00012004162,6.699083e-05,0.00012095183,-9.348556e-05,4.886494e-05,4.9375132e-05,0.00013320295,-4.9312963e-05,8.419631e-05,-1.9210642e-05,3.9327348e-05,-0.00011587291,5.309814e-05,0.0001043327,-0.00020737379,3.358298e-05,-0.0001347164,-1.4519751e-06,-4.3500888e-05,0.0002417187,0.00013317555,-4.028682e-06,0.00018741486,-0.00016652737,8.8289984e-05,-6.779172e-05,-0.00012689689,-6.7379755e-05,-1.2005609e-05,-5.2520213e-06,8.726228e-05,0.00010568658,-0.0001394209,1.46311195e-05,0.00013205914,-0.0001797343,-7.6060455e-06,9.438394e-05,8.4246094e-05,-7.83187e-05,-0.00013783248,3.9978928e-05
B152_U47298,-0.00011833472,0.00013901744,-0.00010822723,-1.0570066e-05,-1.0514367e-05,3.1137082e-05,0.00016200167,1.7433045e-05,1.3014015e-05,-0.00010814491,3.126033e-05,-0.00013100405,-2.9872577e-05,-0.00013047965,8.5237196e-05,-4.0652652e-05,0.00016991617,6.681736e-05,1.7695953e-05,-0.0001377057,-0.00020643341,0.00015152902,0.00010710432,5.9491595e-05,6.4489366e-05,1.1109493e-05,0.00010704588,-1.7687825e-06,1.4655021e-05,1.5542008e-05,-0.00010391516,-0.00013360401,7.767375e-05,0.0001445221,8.417236e-05,-5.893338e-05,-0.00010386627,-6.929604e-05,-5.387342e-06,-5.4372944e-05,4.334745e-06,-7.151076e-05,6.484214e-05,0.00023108137,9.70609e-05,-0.00010238377,4.1025993e-05,-9.627942e-05,7.8593526e-05,-0.00022529447
A362_XM_371822_2,0.00010693271,0.00020078209,8.4004394e-05,7.28803e-05,2.095403e-05,-3.3889894e-05,7.815031e-06,6.345876e-06,-0.00013679065,-6.59288e-05,5.740976e-05,-0.00011610668,0.00011750384,1.2933924e-05,6.7312445e-05,-1.0484313e-05,0.00012403082,-1.754463e-05,-0.000110484674,-9.142099e-05,4.450004e-05,8.568617e-05,0.0001465306,-6.822772e-05,4.0181545e-05,3.276341e-06,-8.9228684e-05,-8.5080464e-05,8.516072e-05,-2.5218915e-05,6.794288e-05,-0.00013780707,2.2664555e-05,-0.00019635979,4.3487293e-05,0.00012066032,0.00024698756,-0.00016201202,8.205899e-05,-3.5649045e-05,0.00012638715,4.5416957e-05,-2.7492833e-05,7.54111e-05,5.677056e-05,1.1087981e-05,3.709957e-05,6.686225e-05,0.00013718446,-2.9119097e-05
A509_NM_015213_3,2.3806442e-06,5.0215174e-05,1.5098668e-05,3.7853636e-07,6.3839885e-05,-9.981912e-05,2.8702378e-05,-0.00010267929,-7.1397975e-05,2.4579671e-05,5.2112227e-05,-0.00012438565,-0.000115950585,1.776663e-05,-3.8791954e-05,3.4693516e-05,0.00012826324,0.00026679595,3.7668724e-05,3.1502677e-06,-0.00019683903,1.0386967e-05,0.00018168824,0.00016977644,1.5752752e-05,-5.6625933e-05,0.0003104557,-0.00010935523,1.554399e-05,-7.048418e-05,-4.6740915e-05,4.533811e-05,3.275214e-05,-2.5194224e-05,6.101897e-06,3.8704573e-05,5.8620994e-05,-3.3897184e-05,-6.687524e-05,-0.000114429095,1.1145699e-05,6.353075e-05,8.543174e-05,5.6760177e-06,-9.818933e-06,0.0001517523,3.341033e-05,4.7478472e-05,0.00012153558,-5.105216e-05
A558_NM_015213_1,-8.033469e-05,-4.3584616e-05,-0.00010116223,8.294412e-05,-1.627497e-05,1.1285413e-06,-1.0568921e-05,0.00020887706,8.8422814e-05,-0.0001738528,4.490924e-05,0.00012680866,0.00012380433,0.00014647092,-0.00010053818,-4.2691332e-05,1.9822879e-05,-5.5476547e-05,5.233177e-05,-8.641882e-05,0.00034682636,-6.5123444e-05,-0.00016304577,9.723479e-05,8.442652e-05,-3.786345e-05,-3.2020398e-06,-0.00016494501,-2.7195751e-06,6.602717e-07,1.9679897e-05,-6.739808e-05,9.45829e-05,-1.3247402e-05,0.00023673623,-5.0454277e-05,3.3813012e-05,1.3982283e-06,-0.00018133353,0.0001196374,-9.81387e-05,0.00011318859,-0.00010594953,-0.00011123651,7.944547e-06,-6.0091766e-05,-4.5889945e-05,0.00020454667,0.000117007374,0.00016723134
B13_AH001498_1,-0.00010129077,-0.00032232868,0.0001876268,-4.722766e-05,4.281378e-05,-0.00012280214,0.0001112981,-0.00012274309,9.113488e-05,0.00016520402,-6.415036e-05,-8.582302e-05,7.537614e-06,-0.00010694163,-0.00024178503,-7.6463686e-05,-4.4326545e-05,5.5052464e-05,1.5771555e-05,-7.848758e-05,-7.6137156e-05,-4.9021848e-05,-2.0869545e-06,-9.7209086e-05,-3.0079687e-05,2.6018295e-05,8.547996e-06,7.4649295e-05,-0.00012819226,2.4939663e-05,-6.474145e-05,4.8344347e-05,1.6436421e-05,5.8293717e-05,6.8857844e-05,-1.3206778e-05,-0.0002016908,8.043379e-05,8.874099e-05,-0.0002275291,5.1257048e-05,2.5206873e-05,7.7845245e-05,-6.68994e-05,-9.810904e-05,-1.065471e-05,2.7144604e-05,-0.00010691885,7.577747e-05,1.1575284e-05
A417_XM_371822_1,-7.605533e-06,0.00020344804,-3.2605763e-05,-0.00021084624,1.9524507e-06,0.00013210118,-2.8894885e-06,-6.934892e-05,-3.3164597e-05,1.7782428e-05,1.5196327e-05,0.00021579937,2.1847718e-05,0.000109494365,8.1716295e-05,0.0001813702,0.00013408081,8.242048e-05,-5.036039e-06,-6.592853e-05,0.0002447731,6.9469635e-05,6.209652e-05,1.41869605e-05,-0.0001058198,-0.00022203459,9.7856784e-05,-1.6675072e-05,-4.8086353e-05,-2.2140888e-05,6.9212576e-05,-9.167096e-05,-0.00014222934,-1.8123239e-05,0.00013559002,0.00014317968,-5.4275166e-05,0.00011446102,0.0001627622,1.1674523e-05,-6.140413e-05,8.404126e-05,-0.00010896647,4.857194e-05,0.000110684974,8.192021e-05,-4.996349e-05,2.117069e-05,-1.7733324e-05,2.739742e-05
B395_J03132_1,-3.5266217e-05,2.9807448e-05,-6.124936e-05,-6.355311e-05,8.274476e-05,-7.0970724e-05,6.504247e-05,8.9423476e-05,0.00011331354,0.00026682625,0.00014298949,-3.9970742e-05,0.00010800758,-7.735937e-05,2.4039366e-05,-3.1443775e-05,0.00017404962,-7.15071e-06,-5.115887e-06,0.00012045057,0.00012910388,-3.795405e-05,0.00012616414,-0.0001690776,-2.3099117e-05,0.00013490721,-4.7016376e-05,0.0001343498,-3.8558494e-05,0.00014186015,5.9460763e-05,4.0079696e-05,8.074055e-05,-3.7784124e-05,0.00010077064,-5.9797563e-05,0.0001143101,0.00010127137,-0.00010480027,-8.232877e-05,-5.41242e-05,-0.00010540171,3.8922983e-05,7.7323915e-05,0.00014445565,5.5460056e-05,4.0639825e-05,-5.965661e-05,0.00012798274,4.08986e-05
A498_XM_371822_1,3.6646938e-06,0.0001233834,0.00011517782,-7.8585486e-05,-9.7581105e-05,-1.5573996e-05,0.0001177014,-0.00015988521,-0.000114531766,0.00010309535,7.563152e-05,0.00028968768,-0.00010727906,2.2256098e-05,-7.393886e-05,-6.282875e-05,-4.6395203e-07,-0.000110391244,4.1975654e-05,-5.8026068e-05,-1.6418393e-05,5.12285e-05,-1.6389686e-06,2.1158652e-05,0.00016940852,-0.00017061866,-5.8417034e-05,8.207156e-05,-8.6622706e-05,6.258311e-05,9.8972385e-05,0.00010563911,-1.5429795e-06,0.00011924738,-0.00020103296,0.00013370138,-0.000103817736,0.000106920925,-0.00010362377,2.0991602e-06,-4.5949942e-05,-5.773913e-05,-0.00015208762,7.0361086e-05,-4.2559703e-05,-8.806821e-05,2.1022248e-05,0.00020468388,0.00018606485,0.0001603223
B384_J03132_1,-0.000109613415,-1.27789945e-05,0.00019192867,0.00016525005,4.3290638e-05,-0.00024168332,2.108371e-05,0.00014335051,6.343467e-05,-6.952399e-06,0.00013678128,-2.1765449e-05,-3.261897e-05,0.00022821077,2.3377768e-06,3.4042947e-05,0.00010729577,-2.9584404e-05,6.0009137e-05,9.2532064e-05,0.00016335539,-9.845173e-05,-0.00010756103,-3.1835552e-05,-0.00012292947,0.00020231276,-3.166173e-05,-2.9264767e-05,-3.630168e-05,9.7024604e-05,-5.103167e-06,-2.6917628e-06,6.770027e-05,2.4084055e-05,-0.00015915382,6.466482e-05,0.00010361403,9.05679e-05,-1.1885054e-05,-8.876924e-05,-7.2089715e-05,-6.0449707e-05,-0.00012556031,0.00011308342,2.7716365e-05,0.00012895661,6.015391e-05,-7.7746605e-05,1.20050845e-05,-8.127645e-05
B78_U47298,0.00012881483,-6.524499e-05,-8.1495426e-05,-4.5285702e-05,5.796388e-05,-3.7490954e-06,-0.00013598999,9.329119e-05,0.00017563706,0.00012217765,-3.54937e-05,0.0002220603,-9.886528e-06,-6.677294e-05,-1.6279795e-05,3.899863e-05,3.9893508e-05,7.944451e-05,-5.1435487e-05,-3.5587361e-06,7.6848635e-05,-9.925158e-05,1.5457501e-05,5.718423e-05,-0.00012531107,-7.9990314e-05,0.00014821852,-0.000112213296,0.00028847723,-0.00013629555,-0.00019393266,-8.819976e-05,0.00012744598,-4.802568e-05,-4.375692e-05,-1.0966392e-05,0.000100396675,3.2994853e-05,5.019602e-05,-0.00011543079,0.0001430153,0.00010838705,-1.1299153e-05,3.5255757e-06,-0.00017127772,6.361312e-05,0.00013013998,0.00011107918,0.00014170764,-7.073129e-05
B116_U47298,0.00011275107,0.00014952345,6.12705e-05,-0.00013210381,-9.680648e-05,-3.111189e-05,-5.2023384e-05,4.5778044e-05,0.00018102034,-5.2940566e-05,7.0725335e-05,8.734213e-05,0.0001293739,-8.552617e-05,-0.00013439056,0.00019040667,3.2955337e-05,-1.8199853e-05,-5.5657394e-05,0.00016570259,0.00013395576,0.00013553925,-9.472792e-05,2.331655e-05,6.321008e-05,-5.0183706e-05,-3.252701e-05,4.4180786e-05,-2.0067499e-05,-2.5546757e-05,0.00014269959,-3.5749064e-05,2.541294e-06,-0.00017213362,1.9320989e-05,0.00019840708,6.754497e-05,-2.5207668e-05,6.425688e-05,-2.7538787e-05,9.928072e-05,-1.9397814e-05,-0.00014847245,-6.4074575e-06,0.00015994666,0.0002814513,1.9577672e-06,2.4264551e-05,8.444489e-05,-7.5656484e-05
A583_NM_015213_3,-8.008117e-05,0.00012640191,2.3212171e-05,7.0437025e-05,-0.00012958313,-3.123123e-05,-3.5130743e-05,1.5061902e-05,5.766862e-05,-7.6791264e-05,7.9941965e-05,-3.164691e-05,4.7764556e-06,3.171894e-05,1.8101082e-05,-0.00013495871,0.00010490365,4.2916083e-05,-9.6866075e-05,-3.1321284e-05,0.000119877725,9.870166e-06,2.5131512e-05,0.00037543656,1.0343179e-05,0.00023185367,1.3397423e-06,2.8869183e-05,0.00024066733,2.6332362e-05,6.813661e-05,0.00024093941,-4.705596e-05,4.8477956e-05,0.00011087717,0.000102736856,1.633648e-05,-0.00015921556,-0.00014458023,2.185032e-05,1.098054e-05,-8.385306e-05,9.096823e-05,4.6972717e-05,0.0001406228,-4.967095e-05,5.7600242e-05,-0.00010359252,-1.5098257e-05,0.000121161014
B28_AH001498_1,-0.00019907103,0.00014821692,8.8777706e-05,0.00011076229,2.6044916e-05,0.00018920065,0.00018837817,9.474674e-05,0.00016367187,0.00010273183,-2.9886063e-05,-0.00012094179,-3.1426905e-05,6.872475e-05,6.101411e-05,4.8448786e-05,-0.00011639618,8.4342144e-05,0.00015075532,0.00018839233,-6.1760606e-05,0.000120624994,9.6088945e-05,0.00014653758,0.00014603975,-4.9752147e-05,0.00020910044,7.506867e-06,0.00016709033,1.8027898e-05,1.2029698e-05,-6.2458006e-05,4.58195e-05,4.6660072e-05,1.619682e-05,0.00022106095,-1.32935e-05,1.6979979e-05,0.00018819464,0.00010483196,2.4284376e-05,2.5543242e-05,-9.2794995e-05,-7.2552015e-05,-9.0568965e-06,9.29995e-06,5.483209e-05,-5.7669648e-05,5.084716e-06,0.00021958914
A390_XM_371822_1,6.324894e-05,-2.1444737e-05,9.473933e-05,4.3155742e-05,0.00012888455,0.0002011393,-0.00010119049,0.0002217085,1.5955984e-05,1.2844151e-07,-0.00015387817,1.7761426e-05,-4.173663e-05,8.445777e-05,-7.5839284e-06,-0.00010811538,-2.5694546e-06,0.00018658317,0.00026292505,-4.909357e-05,9.578187e-05,1.0194332e-05,0.00011877658,8.3240935e-05,-7.437908e-05,-0.00014303968,-1.233098e-05,3.719288e-05,-1.8054012e-05,-4.330867e-05,0.00018038487,-0.00010847803,-3.993028e-05,-8.6356245e-05,-3.1042393e-05,1.8118953e-05,-9.104091e-06,-5.920601e-05,-4.4473295e-06,-8.4644445e-05,7.577526e-05,9.636763e-05,-7.9956335e-05,-2.9201401e-05,0.00015168295,3.2796084e-05,7.007411e-07,6.178728e-05,1.1095409e-05,-1.283826e-05
B106_U47298,0.00014737115,0.00021212576,0.00015628563,5.139792e-05,4.7025776e-05,0.00013427096,-7.812402e-06,0.0001371662,9.872588e-05,0.00013693115,5.4485e-05,-9.020232e-05,0.00012395917,5.812549e-05,-2.4179e-06,-5.9259066e-05,6.9141e-05,-3.3624176e-05,-2.6784532e-05,0.00015480461,5.9857026e-05,-0.00011676806,8.504671e-05,-5.5014984e-06,-7.599642e-05,0.0002504026,-8.169953e-05,1.2759157e-05,-0.00014219724,5.8740978e-05,6.669727e-05,7.851531e-05,0.0002685087,-0.00026521488,-7.245062e-06,-5.6762976e-05,-0.00012417178,-5.2853025e-05,-5.038647e-05,-7.582271e-05,0.00016333378,-0.000105614316,0.00016763026,4.2928146e-05,0.00017762158,-2.530443e-05,-5.3207958e-05,-3.248028e-05,8.4292e-05,-7.13394e-05
B159_U47298,-8.087597e-05,-9.065119e-05,5.236222e-06,0.00023511676,8.4327825e-05,4.352616e-05,-3.999193e-05,-5.5873625e-05,-2.0684638e-05,-0.000100755846,2.8396596e-05,5.053785e-05,-0.00021326297,-2.0585983e-05,4.7126687e-05,0.00012869574,-3.5595127e-05,2.4053428e-05,2.0064317e-05,-6.659692e-05,0.00016066425,-0.00011205438,0.00011221606,9.776289e-07,-9.8501754e-05,7.5652395e-05,0.00024077864,-0.00017838435,-1.2463752e-05,6.522133e-05,-5.799056e-05,6.41439e-05,-4.292083e-05,1.3859087e-05,2.1601121e-05,9.0981604e-07,-3.7469337e-05,-6.700841e-05,2.3236327e-05,-8.972155e-05,-3.0921063e-05,9.663173e-05,0.0001027203,0.000102414495,3.8164235e-05,0.0001284696,1.8590257e-05,-5.038598e-05,0.00026428458,9.81087e-06
A542_NM_015213_2,-3.2011896e-05,4.823324e-05,0.00011096506,-9.216965e-05,-8.519011e-05,-0.000114143295,1.442241e-06,0.0001588352,-5.0879604e-05,0.00013420153,0.00012460879,-7.9016114e-05,2.0726628e-05,-2.3887946e-05,0.00021977685,-0.0001327966,-3.1877225e-05,-1.3367351e-05,0.00023874415,-0.0001967589,2.2374797e-05,-5.914698e-05,0.000107881606,8.686502e-05,8.108527e-05,6.191754e-05,2.5571078e-05,9.385263e-05,-1.1117861e-05,9.5940006e-05,1.9450868e-05,4.5733996e-06,0.00023006403,-4.4349214e-05,-0.00015357633,-7.860749e-05,-9.827261e-05,-1.7554464e-07,0.00015814061,7.979298e-05,0.0001076708,2.6514172e-05,-1.47476385e-05,0.000122015925,7.772419e-05,-0.00010858174,-7.7174795e-05,0.00011652098,0.00017347402,9.674137e-05
B408_J03132_2,5.064929e-05,5.3134986e-06,0.00012421103,2.5567992e-05,0.00013673962,2.8857006e-05,0.00021106446,0.00011058697,-7.0219605e-05,4.9686652e-05,-0.00011082592,3.829185e-05,0.00016490681,3.4671102e-05,-7.891112e-05,1.1924716e-05,-3.0172278e-05,-0.0001438759,9.136792e-05,-7.15471e-05,0.00014583163,6.784096e-05,-8.2691426e-05,4.076549e-06,2.6368534e-05,-5.967791e-05,0.000105662955,-0.0001620322,7.2110284e-05,-4.756082e-05,0.00027158958,-4.366737e-05,-9.295464e-05,-6.448034e-05,-4.833534e-06,-5.932078e-05,-1.2486821e-05,7.106546e-05,-2.0701671e-05,0.00017274173,2.2084738e-05,2.7968616e-05,-1.5391943e-05,-0.00012851854,0.00011268595,-0.00016891176,0.00010663613,-2.6399028e-05,1.4222972e-05,4.222366e-05
A437_XM_371822_2,2.8716298e-05,-9.741666e-05,0.00014794641,-6.732941e-05,-0.00022948797,-9.16684e-05,0.000108821805,0.00011509335,0.00013325283,9.0832975e-05,-5.5181023e-05,8.0662176e-05,5.8521095e-05,-7.203155e-05,8.181628e-06,-9.308718e-05,0.0001065438,-0.0001441074,-9.274914e-05,-2.2757638e-05,0.00013646475,-9.236098e-05,3.9724142e-05,0.00013269953,8.8183195e-05,2.073992e-06,2.2119893e-05,5.578338e-05,0.0001174317,-5.16488e-05,-4.0900657e-05,-1.7623885e-05,0.00018463208,0.00017458346,-9.324651e-05,0.00011809265,2.1203314e-05,-0.00015415391,-7.742854e-05,3.2008152e-06,0.00013246358,0.0001525956,-2.8282126e-05,-2.7428481e-05,0.00011465047,7.9803816e-05,-1.9599162e-05,-7.510202e-05,2.510623e-05,-5.5592744e-05
B128_U47298,0.00016731877,5.5490385e-05,-0.00014093322,-8.939053e-05,-2.3030596e-05,-5.9861835e-05,7.2484305e-05,-5.4107546e-05,-0.00014892554,0.00016701188,0.000107902255,-9.946703e-05,-4.358846e-05,3.7092497e-05,-4.462502e-05,7.1208397e-06,-3.1100037e-05,-4.47967e-05,-9.588103e-05,-0.0002049761,-3.4859684e-05,0.000120084514,-1.6089518e-05,0.00019883261,-5.6856083e-05,-1.1153133e-05,6.205154e-05,-7.096546e-05,4.5095796e-05,-0.00024508042,0.000101567886,-5.4768036e-05,-5.9156475e-05,9.632819e-05,1.7665021e-05,-0.0001775828,-0.00012601449,4.186023e-06,-1.0762728e-05,-4.2314176e-05,-0.00010010472,-2.164714e-05,0.0001761277,-8.4379404e-05,-2.2224625e-05,3.1043477e-05,-6.96995e-05,-0.00010276235,-1.6332599e-05,-7.0971255e-05
A520_NM_015213_3,3.4926143e-05,1.49858115e-05,0.0001035367,0.00010632286,7.242648e-05,9.658911e-06,-8.426101e-05,0.00015954269,-5.6196193e-05,-0.00018093409,0.00012261173,0.00023468082,-0.00010542748,-5.2611114e-05,-0.00016901823,4.7379694e-05,-0.00013899138,-3.4642977e-05,0.00012568386,-8.63237e-05,-9.5426054e-05,-0.00013694103,3.0496341e-05,1.2595561e-05,9.191133e-05,-7.560118e-06,3.140823e-05,0.00020616197,0.00020318766,0.00014388758,1.4181374e-05,2.2153603e-05,0.00012226678,-0.00012894142,0.00013350396,-0.00012339906,0.00011457816,0.00013115871,6.626097e-06,-0.00010263654,-0.00012731392,6.68436e-05,-5.821009e-05,1.1574101e-05,3.0571297e-05,0.000109802415,8.908993e-05,0.00020533035,-3.2646072e-05,5.3217318e-05
A551_NM_015213_1,0.00012231246,0.0001647119,3.8526632e-05,-0.00013593654,0.000107165004,9.1211e-05,-8.320897e-05,-1.6231208e-05,-2.7837237e-05,-2.248846e-05,7.9304824e-05,-0.00011254408,0.00016395474,1.4095495e-05,-0.00011231241,0.00014247169,0.00017963279,7.7375935e-06,0.00025817234,5.90893e-05,0.000110326364,0.00011829605,0.00014667033,0.000103109545,0.00017181248,0.00010072469,0.0002318052,8.66286e-05,1.8227203e-05,4.0048213e-05,0.00012821693,0.00014554983,-7.018308e-05,-5.3987438e-05,2.1457277e-05,7.23826e-05,9.8451754e-05,-5.1855943e-05,-7.086678e-05,4.2111446e-05,-1.34527245e-05,2.3505167e-05,-0.000103113875,1.1677514e-05,0.000116608026,0.00024021926,0.00018273156,2.8664841e-05,-8.7887645e-05,-7.430913e-05
A554_NM_015213_1,3.703516e-05,2.0136033e-05,7.476912e-05,0.00010791492,-0.00012879971,0.0002167625,1.0859892e-05,1.067174e-05,5.3762324e-06,9.42714e-05,-2.9209874e-05,9.911348e-05,-7.435037e-05,0.00019894759,6.16067e-05,-0.00016964474,-1.3008175e-05,0.00010400951,-5.8437745e-05,-0.00013992857,8.1103084e-05,-3.2093278e-05,-0.00012001256,0.000117901385,-4.5159784e-05,-6.271555e-05,0.00016569854,-1.5303467e-05,0.00022698952,0.00013570745,9.766927e-05,-0.00012221804,5.4129156e-05,-6.03919e-05,-0.0001784349,0.00013914602,0.00013840366,2.7026654e-05,0.00011326354,-1.0277594e-05,-4.078407e-05,1.9724588e-05,-7.0473856e-05,0.00018572027,-5.915762e-05,-9.9863035e-05,-0.0002057458,-7.9014215e-05,-4.1855947e-05,0.00018663165
B107_U47298,4.8077705e-05,-9.880317e-05,2.4294644e-05,0.00013165009,-8.1886974e-05,-0.0001185926,-7.862202e-06,-9.3605035e-05,-6.213811e-06,7.21433e-06,9.670478e-05,0.00018400369,0.00014266907,5.8172132e-05,4.7395246e-05,1.437767e-05,-4.103889e-05,0.0001674973,-6.1484105e-05,9.1068454e-05,2.433847e-05,-3.6905658e-05,9.408637e-05,-1.6412961e-05,0.00016519107,2.8559909e-05,0.00025719788,7.3663934e-05,-8.035243e-05,-3.0270416e-05,7.928329e-05,4.000253e-05,6.266456e-06,0.00029207292,1.6160582e-05,-1.1414547e-05,1.796566e-05,3.823164e-05,-0.00013944671,-9.720761e-05,9.824213e-06,5.465584e-05,-0.00010652638,0.00010649307,-4.861107e-05,1.15179055e-05,2.2978233e-05,-3.5623078e-05,0.00012606468,1.1430385e-06
B342_U92436_1,0.00017610694,0.0001757811,8.006372e-05,-2.0970007e-05,2.6330485e-05,0.0001134655,3.0201443e-05,0.00018754402,-0.00015048149,0.00012530704,-5.2180745e-05,-2.446331e-05,-1.3728617e-05,0.00023977677,-5.0363757e-05,-3.101385e-05,0.000124806,-1.17487825e-05,-4.6884918e-05,7.958467e-05,-5.478193e-06,2.0113803e-05,0.00011749871,2.74211e-06,0.00019607176,-0.00015451435,-6.432965e-05,5.62118e-05,0.00020832774,0.00012626979,-0.00020142602,7.3369556e-05,8.5518746e-05,0.00017721683,-2.3952394e-05,0.00016332339,-5.4562584e-05,8.9428526e-05,-1.4746233e-05,1.16790925e-05,-0.00018429042,9.471333e-05,7.629928e-05,-0.00015191057,-3.4744276e-05,7.988832e-05,-0.00025173565,0.00011317967,-6.286675e-05,-0.00021149234
B150_U47298,-4.165852e-05,-5.349434e-05,-2.6421332e-05,0.00017196541,0.00017567792,6.063905e-05,-0.00013062735,-9.230406e-05,1.3178023e-05,-0.000121905614,-4.912226e-05,0.00023408022,0.00013957242,0.000106153675,-8.310895e-05,3.3357574e-05,2.9042641e-05,7.940205e-05,5.6037705e-05,7.3145166e-05,7.266794e-05,0.00023470003,-8.0876074e-05,-1.9194991e-05,-0.00017325436,-0.0001409681,-5.568238e-05,0.00020739666,-3.272274e-05,-7.808662e-05,7.6699376e-05,-7.900718e-06,3.849032e-05,4.592029e-05,-0.00011535017,-2.126056e-05,-5.237625e-05,-3.764225e-05,-2.7241038e-05,1.6579526e-05,9.182546e-05,0.00013291916,-0.00012780442,7.4030846e-05,1.3021603e-05,4.578873e-05,0.0002325101,-4.430628e-05,-1.0461101e-05,-3.7929574e-05
B362_U92436_2,5.0172616e-06,0.0002254219,3.579046e-05,-5.1944928e-05,-7.2982402e-06,0.00012755913,0.00026926707,0.00018821046,-2.9596367e-05,0.00013191055,-4.2377756e-05,6.9640126e-05,-9.951909e-05,-4.311716e-05,-2.4434028e-05,0.00012589565,-0.00016539883,0.0001665676,0.000127167,6.2352796e-05,5.6743702e-05,0.00014645718,0.00015900531,-5.636406e-05,4.366669e-05,9.6852724e-05,-9.6279546e-05,-7.06247e-05,-4.7067082e-05,-5.6645156e-05,-0.00010381707,1.7076001e-05,-4.0492876e-05,-7.1803246e-05,-4.8335172e-05,-0.00015160136,0.0001274439,4.7466794e-05,7.8046876e-05,4.001371e-05,-5.044909e-05,-8.546451e-06,0.00013410364,-0.00010667998,-5.58057e-06,-0.00015250691,8.641547e-05,-0.00010536559,0.00019745014,2.6136177e-05
A522_NM_015213_3,-2.4402545e-06,-2.04769e-05,-6.1480337e-06,-0.00010419046,-5.4727978e-05,-0.00017131507,0.00015795311,7.924624e-05,-3.6382713e-05,-3.2643595e-05,-0.000105825005,1.1427194e-05,-4.0642266e-05,-0.0002173121,9.645203e-05,-7.948782e-05,-8.2744686e-05,2.5047768e-05,0.00017934444,0.00015365309,-9.9331155e-05,-0.00010338779,-8.868376e-05,0.00012675714,-1.4031235e-05,-2.0641502e-05,6.967515e-05,-0.00011620659,0.00015580196,0.0002615745,-5.3708914e-05,-2.3176915e-05,-7.2517396e-05,0.00024368375,-4.0798455e-05,3.160877e-05,2.0820102e-05,2.8955907e-05,9.435847e-05,7.5975026e-05,-1.5664622e-05,-0.00019583186,0.00016551108,-4.1721207e-05,0.00017377672,5.011996e-05,0.00013441718,-2.527503e-06,-8.077398e-05,7.422079e-05
A403_XM_371822_1,9.3125615e-05,0.00018328814,-0.00025555323,0.00012897771,9.62196e-05,-0.00021219526,2.1399688e-05,-0.00010638442,-6.551758e-05,0.00017946794,-3.800282e-05,-9.250432e-05,0.00012717176,9.809769e-05,-2.4063855e-05,9.868433e-06,0.0001773003,-5.8767222e-05,0.00014597553,-8.4764164e-05,8.7275315e-05,-2.0797404e-05,-2.6559173e-06,1.8647019e-05,-7.1996285e-05,-0.000114135546,6.968069e-05,5.2162442e-05,6.6479566e-05,3.262114e-05,0.00013028734,-0.00014194203,-8.920041e-05,-0.0001905448,0.00012138418,-4.579028e-05,6.422603e-05,-3.6696878e-05,0.00013558836,1.6459875e-05,4.9463168e-05,0.00010057245,0.00016685479,2.297231e-05,0.00027703925,-6.700354e-05,0.0002421706,0.00021470936,0.00013996233,8.059476e-05
B142_U47298,-5.861097e-05,-2.344461e-05,3.5668407e-05,7.790058e-05,5.8315232e-05,0.00018244413,0.00015283308,-5.5141663e-05,9.613437e-06,-4.4445907e-05,1.0255321e-05,0.00021745969,0.00033203524,1.2358453e-05,9.241919e-05,-0.00010317078,7.530881e-05,-9.052341e-05,5.926003e-05,0.00018857213,1.156636e-05,0.00016334013,2.778898e-05,-3.3963886e-05,8.2038845e-05,-0.00014975834,1.2996723e-05,-2.634769e-06,0.0001296712,9.1888054e-05,7.397615e-05,5.2763415e-05,4.0104438e-05,6.2241714e-05,2.3815326e-05,8.810631e-05,8.686392e-06,-2.5500938e-05,-5.5392356e-05,6.029715e-05,6.1861174e-05,-0.00011067735,0.00014977137,-8.2796425e-05,0.000103987535,-7.5109834e-05,-3.153332e-05,-8.1644655e-05,-0.00011089969,-1.6853892e-05
A499_XM_371822_1,-8.596556e-05,0.0003034236,5.9496222e-05,0.00028768586,0.00011011219,0.00014942,-7.272408e-06,5.841527e-05,-1.1138327e-05,7.948734e-06,-4.266778e-05,0.00018468007,0.00010963906,0.00012619836,0.00013283773,6.21738e-06,-0.00012212602,1.0814004e-05,2.4738729e-05,0.00011418389,-0.00017602097,-2.130706e-05,0.00015841758,5.3587293e-05,-4.671568e-05,2.1905704e-05,-5.5076334e-06,4.3838827e-05,2.4885352e-05,-0.0001571089,-9.8440985e-05,1.9217008e-05,-0.00011800307,-1.6554599e-05,1.4719123e-05,-0.00013703105,-0.00010749142,-0.00015537537,-0.00012393999,-3.2540214e-05,-9.245741e-05,3.5016637e-05,0.00016353485,-5.2120253e-05,-3.3938966e-05,4.8975777e-05,3.1191983e-05,-6.8765046e-05,-2.8651595e-05,-8.158232e-05
A374_XM_371822_2,0.00014322528,7.1100316e-05,-9.157764e-05,-1.2934132e-06,-7.3520746e-06,5.623639e-05,2.5187559e-05,3.847766e-05,0.0001403292,4.6780035e-05,0.00012632052,5.0030358e-05,8.700771e-05,0.00011489393,4.891025e-05,-1.6022253e-05,-6.3235995e-05,-7.830633e-05,-5.7392397e-05,-3.5041771e-06,-4.135999e-05,8.262676e-05,-4.0706007e-05,3.6324862e-05,7.087751e-05,0.00020503195,0.00018030035,0.00015640043,0.00013638969,0.00023128658,-5.3649826e-05,8.544999e-05,-5.2277346e-06,-2.0516443e-05,-9.29855e-06,4.2529256e-05,-5.3643445e-05,0.00010971296,-1.6328783e-06,-0.00024839691,9.493424e-05,7.4792983e-06,0.00028996516,-2.5502699e-05,1.750685e-05,9.9222576e-05,-4.2221993e-05,7.3785e-05,-9.861404e-05,-7.4649106e-05
B92_U47298,0.00014375003,-6.1084e-05,0.0001399505,9.983913e-05,2.8555969e-05,0.00011317211,0.00012458608,-1.8551867e-05,-3.4600886e-05,-2.0681218e-05,7.02303e-05,-1.0475698e-05,-1.6849795e-05,-0.00010511696,0.00016116652,0.00010779254,-6.6865556e-05,3.086645e-05,-1.33945705e-05,-1.5965592e-05,0.00015406677,7.664525e-05,2.1731415e-05,0.00024962096,-7.835808e-05,0.0002583304,-4.4848875e-05,-5.285302e-05,-5.5241235e-05,0.00011330432,0.00012732815,5.6616173e-05,5.2431827e-05,7.0160575e-05,-3.8894937e-06,-4.789278e-05,2.0515047e-06,-5.9517373e-05,0.00015061114,-0.00013196887,4.189295e-05,-2.9834557e-05,8.424422e-05,-2.6499035e-06,-0.00010130541,9.1787515e-05,-0.00014455419,-2.5221147e-05,9.027016e-05,-2.7013326e-05
A452_XM_371822_2,5.9321534e-05,4.6857178e-05,0.00013003968,0.00020688436,6.285272e-05,-0.00013632671,-2.02727e-05,4.654133e-05,-2.3125973e-05,0.0003573137,-6.729509e-05,7.242636e-05,8.687949e-05,-0.00011705387,1.2688451e-05,6.0183393e-05,-2.3057375e-05,-8.630485e-05,-2.263081e-05,8.96404e-05,5.4463166e-05,6.2257364e-05,-0.00015792092,-1.9474057e-05,1.1707039e-06,7.218866e-05,2.184709e-05,8.610771e-05,5.793688e-05,0.00014914112,8.414555e-05,-6.6506684e-05,-3.802007e-05,0.00014302794,0.00016363627,0.00014244081,4.730464e-05,4.84879e-05,8.115436e-05,-0.0002458953,0.00012808456,0.00014412317,-1.8807117e-05,-0.0001406745,0.00012113994,5.9939535e-05,4.259225e-05,-6.8675563e-06,-0.00013523184,8.3459854e-05
B289_U47296,1.6951708e-05,3.8835064e-05,8.857087e-06,0.000113219736,0.00013792758,0.00021489008,0.00011169177,0.00011506743,-0.000111288056,-2.5561018e-05,2.2435283e-05,2.8989547e-05,9.150263e-05,-8.710105e-05,5.3159893e-05,6.7498484e-05,2.9439965e-05,-8.011988e-05,0.00017555198,-0.00013738919,7.260337e-05,8.8150504e-05,6.5106666e-05,8.892547e-05,-8.9384324e-05,4.1239855e-05,4.936066e-05,-0.00010054147,-9.559395e-05,2.6192485e-05,-4.4888016e-05,-0.00021086416,2.7832992e-05,1.8683504e-05,-8.802469e-05,-4.6133384e-05,-0.00016164042,-6.729051e-05,-9.9663426e-05,-4.5973284e-05,0.00014418126,-0.00015011484,-4.1168678e-07,9.043782e-06,0.00016119792,4.182052e-05,-0.00019514865,4.360967e-05,0.00012425442,3.4345452e-05
B415_U47298,8.67731e-05,8.0883154e-05,-0.0001323015,-6.385179e-05,-0.00011568095,2.8492908e-05,8.931392e-05,0.00012354003,0.00020399656,-2.954496e-05,-2.6080192e-05,-8.18651e-05,-1.8945514e-06,1.635087e-05,0.00021552003,-4.1300114e-05,8.2783976e-05,0.00012270277,1.3261485e-05,6.598641e-05,0.000115851806,3.0094634e-05,0.0001671201,-0.00010096316,4.4010543e-05,0.00013043864,9.250005e-05,1.818851e-05,-0.00010402013,0.00013779929,-0.000104566825,-0.00016855585,-6.7455185e-05,1.9999618e-05,0.00019581104,-4.5793862e-05,5.0926355e-05,4.6004483e-05,8.64555e-05,0.00015697833,9.682617e-06,6.27766e-05,-9.2688046e-05,5.0968938e-05,-0.00018749712,-2.863175e-06,2.6054773e-05,0.00018371941,-5.37545e-06,0.00012386708
B105_U47298,0.00017558805,9.566632e-05,0.00012706316,0.00015277517,-4.1574975e-05,7.8408084e-05,7.061697e-05,-4.431529e-05,-5.4883527e-05,0.00018285227,0.00014289681,2.0648684e-05,-3.3683966e-05,-3.9427294e-05,-0.00011361134,-6.642281e-05,9.729915e-05,1.3570797e-05,0.00016462748,3.8745762e-05,7.341203e-05,-5.2333286e-05,-6.335915e-05,0.00017839191,-9.8790384e-05,9.706525e-05,5.909997e-05,-6.6479355e-05,4.672372e-05,0.00018768209,-0.00013497009,-1.5521917e-05,-2.3869861e-05,8.0460646e-05,1.4371726e-05,-0.00012137025,0.00012649578,8.838741e-05,-4.743355e-06,-5.8785165e-05,-2.2999444e-05,-6.953305e-05,0.0001439023,-0.00011998466,1.4743409e-05,-0.00011935126,4.370104e-05,0.000220513,9.829099e-05,4.2191637e-05
A414_XM_371822_1,0.00010068818,-7.7431054e-05,0.00010284384,-0.00015628505,0.00025116518,5.1846055e-05,6.103638e-05,5.477586e-05,9.844863e-05,-7.0515205e-05,-3.0461684e-05,-0.00017023852,7.846217e-05,-4.0034545e-05,0.00012829296,3.3680863e-05,6.6503967e-06,-6.463228e-05,-0.00017059733,1.2015635e-05,0.00013605598,0.00022718647,0.000118021526,0.0001835603,1.217233e-05,-1.3279948e-05,0.00012795205,-2.271718e-05,-8.478674e-05,0.00011160542,0.00018578667,-1.3662643e-05,-4.5334364e-05,-3.840139e-05,-0.000109618944,1.9967552e-05,2.8633278e-05,7.309136e-05,5.9780687e-05,2.4282575e-05,6.9855785e-05,-8.935593e-05,-3.2624637e-05,0.00018043167,4.145311e-05,0.00010420524,-3.786406e-05,0.00014258402,-1.8308474e-05,7.879985e-05
A615_NM_015213_1,5.1109502e-05,1.4064679e-05,-0.00013674705,-3.5358324e-05,0.00015450084,-3.242107e-05,2.64409e-05,9.506146e-05,-0.00011265736,0.0002060702,-0.00013825513,0.000107990214,7.296025e-05,-0.00021814973,-3.9613304e-05,-8.228412e-05,6.3086525e-05,-1.8200013e-05,0.00015358388,6.455284e-05,5.177842e-05,9.604846e-05,-0.0002943872,-6.9218004e-07,8.420064e-05,0.00015182697,2.6037731e-05,9.712777e-05,0.000109034176,8.348896e-05,0.000104624174,-0.00017794606,9.142886e-05,-0.000121025114,0.00027972978,9.71236e-05,0.00012089077,-7.781279e-05,-5.1391007e-06,0.00011491727,-6.4415144e-05,-2.1003527e-05,-0.0001333331,9.899363e-06,0.00012227311,1.7647862e-05,2.2067916e-06,-0.00010082468,0.00010207289,4.9346752e-05
A580_NM_015213_3,0.00012731632,-0.00013221633,-8.880403e-05,0.0001292613,2.4230676e-05,2.729634e-05,2.3820157e-05,5.4383956e-05,7.851558e-05,2.7022517e-05,3.321698e-05,4.5463028e-05,-0.00019453661,2.0263438e-05,1.0937093e-05,-5.1455532e-05,-4.8202208e-05,-0.00015184257,0.00014637732,0.00010257932,-0.00012690766,-2.6690503e-05,-0.0002517468,-0.00015800544,9.9756726e-05,6.789196e-05,-0.0001165235,-4.1911582e-05,0.00021555608,0.00026543284,-5.5525037e-05,4.6600915e-05,4.994517e-05,-6.0688926e-05,2.8157323e-05,-5.4331987e-05,2.811058e-05,0.00010867075,0.00017820229,0.00018077619,7.940949e-05,-3.0008844e-06,-0.0001473796,2.2218881e-05,-8.2923525e-06,-0.00015016989,-6.893627e-05,0.000104928,-0.00017473775,4.020118e-05
B380_J03132_1,5.4008175e-05,5.4429074e-05,4.2652886e-05,-1.8483885e-05,-0.00017119359,0.00012304465,0.00017632601,-0.000105754014,2.496895e-05,3.6217025e-05,-2.038025e-05,-0.00022824373,-5.214515e-05,8.331428e-06,-4.463939e-05,-4.3697702e-05,3.3443546e-05,-2.2869335e-05,5.1738225e-05,-5.843155e-05,-3.2758107e-05,0.00015522153,4.6736e-05,3.770572e-06,-2.3974108e-05,-2.0102918e-05,0.00018099713,-2.9031764e-05,6.331584e-06,0.00016827405,-8.4710846e-05,9.030837e-05,0.0002159147,-9.1210226e-05,6.967999e-05,-0.00018236907,-9.117304e-05,1.9515069e-06,-0.00022228119,-6.715674e-05,-7.799566e-05,0.00022440958,-0.00015854523,-0.00013186768,-0.00012105229,-7.478303e-05,-8.940486e-05,-0.000112833775,-6.795559e-05,0.00010177414
A497_XM_371822_1,0.00010076997,9.9679826e-05,-0.00014168664,0.0001463782,6.05808e-05,0.00013288317,-2.601643e-05,0.0002743555,1.8181934e-05,9.171741e-05,-0.00011201094,2.8683731e-05,0.0001033488,-0.000110003035,7.1359405e-05,7.264799e-05,-5.726514e-05,9.60027e-05,1.8459396e-05,1.00434045e-05,-7.5212556e-05,-0.00014831604,-1.1672661e-05,0.00020685923,5.3055002e-05,-0.00016205102,-1.4814474e-06,-4.8916238e-05,0.00018076786,8.840235e-06,-6.1379196e-06,7.2709496e-05,-4.0892366e-05,3.910189e-05,1.9819734e-05,-2.6627271e-05,9.920373e-05,4.6137735e-05,-2.2918462e-05,-0.000108571374,-8.378323e-06,5.319017e-05,0.00015211274,0.0001121197,7.569966e-05,0.00022357465,-0.00015472645,-0.000106279535,7.942195e-05,2.212528e-05
B140_U47298,5.327656e-05,0.00011756801,-5.102557e-05,-1.0493207e-05,1.1030853e-06,-0.00027315778,0.00012613661,-4.7269823e-05,-2.5904763e-05,6.3858875e-05,9.522692e-05,9.732178e-05,6.7489906e-05,-2.3055913e-05,-0.00025579956,-0.00011020518,0.00013867194,2.8740847e-05,-8.124992e-07,0.00013671313,7.689085e-05,7.3787436e-05,0.000111514906,7.862434e-05,-0.0001787855,-8.144772e-05,1.28844e-05,2.5331612e-05,8.2429666e-05,1.0637485e-05,-0.00019123952,-2.8885526e-05,-2.6832411e-05,-0.00012356557,-0.00013707865,0.00011050288,7.3802636e-05,-1.2856055e-05,-1.7807175e-05,5.3821648e-05,1.5200711e-05,6.660218e-05,9.035811e-05,9.5783915e-05,-0.0001965282,-3.1619835e-05,4.062134e-05,-0.00011423584,6.121625e-05,9.315156e-05
A393_XM_371822_1,3.3750228e-05,-0.00011723124,6.754922e-05,0.00016669536,-4.842083e-05,5.3657215e-05,4.904958e-05,7.773042e-05,0.000111207046,-3.092976e-05,0.00026186745,2.1782973e-05,-2.1779753e-05,-1.653993e-05,-9.881034e-05,-2.8461354e-05,7.7252895e-05,1.9388712e-05,-3.617319e-05,-0.00014953814,-6.416743e-05,0.00010569258,-7.867881e-05,2.6702657e-05,8.27019e-06,0.00010286617,7.4541967e-06,2.577463e-05,0.00011078075,5.175902e-05,-1.2382938e-05,-5.9528043e-05,0.00012551123,-7.9158825e-05,6.779374e-05,9.7258075e-05,6.518302e-05,0.00020805116,8.388002e-05,-0.000114253045,0.00012424204,5.3131625e-06,-0.0001330277,2.3492681e-05,-4.944146e-05,-6.838919e-06,1.4673484e-05,9.38355e-05,-7.0566603e-06,8.767675e-05
A427_XM_371822_1,8.424576e-05,-2.4280827e-05,4.7140496e-05,0.00018661431,1.0590267e-05,0.00026164117,0.00014354571,6.015521e-05,0.0001343232,2.1619975e-05,-9.708481e-05,-2.5746102e-05,-5.494318e-05,6.219472e-05,0.0001525022,0.00011955758,3.21613e-05,7.7560864e-05,7.037207e-05,0.00015627779,-3.1950356e-05,0.00013843774,-0.00014396723,-2.2746552e-05,0.00010467388,-7.2367926e-05,2.7871443e-05,8.904915e-05,0.00017015963,0.00020175632,7.276932e-05,5.0538467e-05,-0.00012000054,-1.735623e-05,1.650925e-05,3.2737717e-05,4.2353666e-05,-3.7793598e-05,0.00016201947,2.7472843e-05,2.9309547e-05,-9.428082e-05,-1.6610215e-05,2.7229833e-05,-9.808613e-05,-0.00013821149,0.00013812636,-4.4728255e-05,-8.989095e-05,4.0337236e-05
B369_U92436_2,1.2771764e-05,-2.7397537e-06,0.00013772232,0.00021462674,0.00016316482,-6.626892e-05,2.4078396e-05,-8.741968e-05,-6.163871e-05,3.6495687e-05,0.00012963779,-1.1308487e-05,-0.00019339198,0.0002526637,9.0000955e-05,-0.00016399243,0.000121841804,4.8267182e-05,0.00015164656,-5.9634517e-06,-0.00011878818,4.838751e-05,0.00015636133,-8.789304e-05,-7.555673e-05,-4.9863233e-05,9.418077e-05,0.000226811,1.5183663e-05,-1.7763541e-05,-8.243232e-05,0.00010033057,-8.0185695e-05,-4.1992946e-05,0.00011998895,-7.366564e-05,7.272244e-05,9.482483e-05,8.942797e-05,-2.223335e-05,-7.162197e-05,-0.0001254249,-5.843757e-05,0.00018883751,4.922076e-05,-5.02266e-06,5.155959e-05,-5.6675104e-05,-8.365365e-05,-2.469801e-05
B81_U47298,9.08424e-05,-6.756328e-05,-8.4346015e-05,6.0120816e-05,-0.0001612953,9.462605e-05,3.9626e-05,-0.00014461203,3.372861e-05,-6.7159584e-05,-7.994097e-05,-0.00010640526,-0.00013181158,0.00010843448,0.00013967822,-5.0949875e-05,0.00021208475,-9.4136594e-05,0.0001007047,-9.5904295e-05,-0.00010823043,-9.5750525e-05,2.1456339e-05,0.00015702234,0.00034251617,-2.6127293e-05,2.714541e-05,-3.8650764e-05,4.0711348e-05,0.00010484579,3.4738594e-05,-0.00011641215,-1.25845345e-05,-0.0001184455,-1.1139388e-05,0.00015821995,-6.586017e-05,-2.2112454e-05,-8.433176e-06,0.00013452227,0.00013948412,-0.00010863505,-1.190019e-06,-1.162091e-05,1.8652883e-05,-9.545491e-05,5.1402505e-05,0.00010626444,0.000108183485,-0.00014146311
A388_XM_371822_1,0.00020581827,-5.954638e-05,8.668398e-06,2.374254e-05,-5.3055708e-05,-0.0001844703,6.8389e-05,-4.333053e-05,9.084238e-05,-7.1649665e-05,3.1999145e-05,0.000116002935,7.518809e-05,2.1651198e-05,-5.2540385e-05,-0.00011344714,0.00012074035,2.590207e-05,0.00013669948,5.8280963e-05,3.3492186e-05,7.097482e-05,-9.712228e-05,-4.7969224e-05,0.0001562393,0.00013846211,1.9232314e-06,8.919612e-06,6.194216e-05,0.00016538281,0.0002178826,6.374964e-05,-3.2234715e-05,-8.38847e-05,5.133847e-05,-0.00010530101,0.00013000052,-0.00023610561,1.0141952e-06,0.00013824868,-0.00014205399,6.62738e-05,2.5170755e-05,-8.408054e-05,-3.623862e-06,-0.00014501857,-5.93596e-06,-5.2536812e-05,-5.7138426e-05,5.016393e-05
B314_X75932,-0.00014309274,0.00010141281,-3.0264277e-06,9.691857e-05,-7.1614864e-05,0.0001136299,1.5199077e-05,-5.976828e-06,6.893605e-05,7.846362e-05,-2.2384707e-05,-2.7329685e-05,6.168547e-05,7.307652e-05,0.00010560566,-4.6792367e-05,-0.00014013272,-0.00013010156,9.690685e-06,0.00013472699,-1.7947651e-06,-7.3674935e-05,-2.1063006e-05,0.00012777296,5.2083273e-05,4.895309e-06,0.00018663354,4.8172795e-05,-0.0002760328,-2.7943885e-05,9.35746e-05,-1.4401306e-05,0.0001924511,-0.00019157871,-0.00021158587,5.8455716e-05,-6.9642054e-05,2.3741617e-05,2.9753299e-05,-7.283621e-05,0.00013520966,-2.9638073e-05,9.030095e-05,-0.000116410636,-5.1502895e-05,0.00014106405,-2.6165042e-05,-0.00020270665,4.336537e-05,-0.00017547666
B50_U47298,0.00017128196,-4.056181e-05,-0.00017129508,9.154486e-05,0.00018351906,-0.0001243252,3.356108e-05,-1.6102027e-05,-1.0113873e-05,0.00012764655,-3.5013512e-05,-5.7500183e-05,1.7476028e-05,-8.732774e-06,-1.9747673e-05,-9.8029595e-05,0.00017713376,-0.00013228322,-1.776767e-05,0.0001396578,9.8369186e-05,0.00010046451,0.00013113831,0.00012442675,-8.068986e-05,7.3505435e-06,5.055525e-07,1.9329176e-05,-0.00022516004,6.64769e-05,5.178496e-05,-1.6238802e-05,4.1130603e-05,-4.6342604e-05,9.5439485e-05,-2.349172e-05,-1.8317607e-05,0.00019488965,-4.2833453e-06,0.0001525413,0.00017609306,6.753293e-05,0.00011824075,-4.238561e-05,-4.5805544e-05,-4.0579325e-05,4.1198306e-05,-9.1414986e-05,0.00013627362,0.00019636357
B80_U47298,0.000110521796,6.531301e-05,9.793373e-05,0.0001442463,0.00019807353,5.2635285e-05,9.995078e-05,-8.165901e-05,-8.588714e-05,2.6504947e-06,-2.0017957e-05,1.4978012e-05,0.00015504591,2.8319713e-05,0.00015365044,7.813594e-06,0.00025419725,-0.00021361704,-5.1517054e-05,-0.00013793592,4.8833284e-05,-0.000109669,2.265812e-07,0.00015726607,9.336012e-05,5.874988e-05,5.9955462e-05,-4.025006e-05,-0.000115308736,2.3611405e-05,0.000111606816,-1.1079473e-05,1.29777945e-05,5.5571534e-05,-0.00011403957,-6.6920154e-05,9.7126656e-05,-1.965145e-05,-6.1788836e-05,-4.4837685e-05,1.8185056e-05,-0.0001758308,7.4685144e-05,0.00010259191,0.00015522064,-1.361591e-05,1.6438533e-05,0.00020986913,-4.685023e-05,-0.00017232184
A460_XM_371822_1,-7.326982e-05,0.00010039117,2.333804e-06,-0.000129761,4.57666e-05,0.00012875581,1.1883779e-05,3.986221e-05,0.00010305807,-0.000110561865,0.00013164878,-5.0515828e-05,5.2376276e-05,-5.6794503e-05,3.3428627e-05,-8.4290885e-05,0.0001153887,4.5424877e-05,0.00014761956,-0.00013815891,0.00010589992,6.0357834e-05,-6.0455527e-06,2.6134045e-05,-3.0676547e-05,0.00022624478,-0.00013228043,1.8717483e-05,8.3358784e-05,2.0146255e-05,-3.613207e-06,0.00017551874,-7.331095e-05,-2.757075e-05,3.0247602e-05,9.466288e-05,-9.36592e-06,-0.00018601152,3.0953368e-05,0.00011373119,-7.482113e-05,3.680526e-05,6.250713e-05,0.0001748998,-0.00015280455,-8.045754e-06,-4.630138e-05,1.2500329e-05,-7.0432645e-05,5.394062e-05
A446_XM_371822_2,-0.00020179171,0.00014494376,-2.4232388e-05,5.8414535e-05,6.888313e-05,0.00010250956,-0.00010574737,-8.213615e-08,1.2921935e-05,-6.691315e-05,-3.2959964e-05,-6.215049e-05,0.00025032298,-7.3724324e-05,3.9881936e-05,-9.646467e-05,9.4222596e-05,4.1271694e-05,4.7223107e-06,-9.738721e-05,6.937389e-05,0.00011557361,0.00014244116,-0.00010079776,7.285218e-05,-2.1918255e-05,-0.0001798132,-9.544259e-05,2.39566e-05,-7.8338075e-05,8.16068e-06,-7.6865465e-05,0.00016640435,1.6468579e-05,3.5996556e-05,0.00024586433,6.631397e-05,6.7418674e-05,0.00012066769,-3.6184156e-05,-1.6947342e-05,3.814046e-05,8.340252e-05,-6.815327e-05,0.00022995195,-7.024486e-05,-0.00016325193,-0.000109641005,-2.8988807e-05,-4.75362e-05
A501_XM_371822_1,0.00016332458,8.280152e-05,-0.00019790912,0.00017487364,0.0001428266,0.00013445552,0.00012909119,-6.91176e-05,3.9463263e-05,-2.2475015e-05,-8.01664e-07,4.331011e-05,0.00010948147,8.797148e-05,0.00011737584,0.00010062913,-4.9772523e-05,0.00014627726,-5.4509375e-05,-0.00013178069,6.571694e-05,0.00012522246,3.9663173e-05,-0.00014447012,-1.571987e-05,0.00018894135,0.00010638682,4.4134154e-05,-9.5173804e-05,0.000100141646,-4.0850486e-05,-0.00012276579,4.7549176e-05,3.3697626e-05,-5.1642775e-05,-0.00018450602,3.667919e-05,3.8368395e-05,4.894456e-05,0.00012408257,-7.5728305e-05,7.174224e-05,7.866137e-06,-0.00016530998,-4.208672e-05,-0.000105061066,-0.000114368166,-0.00013110707,-2.6913562e-05,-4.1905503e-05
B145_U47298,7.9314676e-05,0.00018373822,2.5016529e-05,7.308639e-05,7.279477e-05,0.00013176589,0.00022636646,0.00015215311,-0.00015850608,0.00012712662,-8.012479e-05,4.1956842e-05,5.2458745e-05,0.00015685816,-0.000141045,-0.00014740067,0.00019128033,-1.8889246e-05,0.00013508898,0.00012035229,0.000110104316,3.4926175e-05,4.991011e-05,-0.00012852231,2.1010495e-05,-3.4909262e-05,-6.981412e-05,6.853961e-05,-9.847247e-05,-0.00012254815,5.085769e-06,-1.0718401e-05,0.00012118048,-1.530031e-05,-0.0001664007,5.7070127e-05,-1.21881085e-05,0.00014534607,-0.0001863257,0.0001153154,-6.492579e-05,-1.2822063e-05,-9.995954e-05,-4.908363e-05,-9.6639276e-05,-2.5007892e-05,-6.312481e-05,2.0713305e-05,6.0046685e-05,-3.8282404e-05
A443_XM_371822_2,6.930461e-05,-4.0792332e-07,-4.968036e-05,-7.433371e-05,0.00011342078,7.362119e-05,0.00011234539,4.2382235e-05,5.625801e-05,1.8909504e-05,-0.00011160792,7.679017e-05,-2.1479704e-05,7.630509e-05,-3.084429e-05,0.000115510076,-3.4040702e-05,-0.00013075836,-6.969715e-05,-0.0001535257,-0.00017922268,-2.47396e-06,1.9592593e-05,6.556475e-05,8.881775e-05,-5.4068405e-05,4.4119635e-05,6.0108992e-05,7.7771285e-05,-3.7716785e-05,0.00019759881,-0.0001914488,2.4257262e-05,4.4933568e-05,-0.0001373254,5.9377486e-05,-4.8213307e-05,-4.5565113e-05,-2.5197312e-05,0.00011826116,9.578582e-05,9.115164e-05,0.00016418667,-1.8909082e-05,-9.6551536e-05,0.00020106531,-9.1711554e-05,0.000116921285,4.609209e-05,-3.1626594e-05
A596_NM_015213_2,4.5267752e-05,6.592381e-05,3.186464e-06,-2.7109283e-05,6.380361e-05,0.0001073464,-6.9605485e-05,8.609972e-06,1.1706177e-05,0.00011611516,0.00026594897,0.00014733744,7.8001576e-05,-0.00016050377,0.00013843301,3.2246127e-05,3.0089186e-05,5.3340493e-05,0.00017782662,0.0001537938,7.51256e-05,0.0001461058,-0.00010342994,-3.272467e-05,7.404559e-05,6.262845e-05,0.00015785014,2.7360127e-05,7.4616226e-05,0.00012741695,3.0448611e-05,-4.205231e-05,0.00015757498,-3.2285432e-05,-0.000108363514,1.9497138e-06,7.169774e-05,-5.40919e-06,-4.1546828e-05,0.00011397387,7.8592195e-05,0.00016992654,4.6107736e-05,-7.711026e-05,1.1508651e-05,-0.00013883266,1.7410064e-05,-1.6800292e-05,-9.976997e-05,-0.00012763176
B66_U47298,-2.7955533e-05,4.6237947e-05,0.000145257,4.040854e-05,0.0001075852,0.00018885179,-3.0970994e-05,0.000110811496,-0.00011132382,-7.718636e-05,-4.73838e-05,2.2379509e-05,-3.4559748e-06,-5.583574e-05,-6.614171e-05,5.634776e-05,0.00012865354,-0.0001125638,-0.000102274935,0.00017426933,-0.0001207344,1.7507535e-05,-8.112532e-07,7.984983e-05,0.00015351652,-6.788345e-05,8.434765e-06,0.00015743675,-3.346812e-05,-0.00012235777,7.302552e-05,-5.331909e-05,4.5962817e-05,-0.00019414412,5.5724104e-05,2.5574594e-05,0.0001643689,7.442399e-05,-2.1262664e-05,3.991905e-09,-0.0001788625,0.00012962807,-4.2346368e-05,8.960737e-06,9.282508e-05,-7.5569755e-05,2.8508868e-05,-7.828275e-05,-0.00015683396,3.1755604e-05
B293_U47296,-5.066801e-05,9.0614245e-05,5.59015e-05,-4.7602647e-05,-9.0672365e-06,-7.8550314e-05,-7.6801036e-05,1.2521953e-05,-0.00010023674,2.587756e-05,-8.534767e-05,1.51349e-05,0.00024017073,5.8524478e-05,1.7925262e-05,1.6788203e-05,-2.5937414e-05,0.00012816131,0.00013345471,-8.8559565e-05,-0.00014884477,-5.9390055e-05,-0.00023772825,5.9922222e-05,-0.0001918246,2.7704957e-05,-0.00011452832,0.00023252021,-3.76055e-05,9.956434e-05,5.1252056e-05,2.7317798e-05,-2.9365201e-05,5.8307178e-05,0.00010693186,-5.931095e-05,8.053364e-05,2.132914e-05,4.5608333e-05,-0.000116785544,0.0001712863,0.00014309867,-0.00017484627,-0.0001832525,-4.150071e-05,7.3967974e-05,0.00010807884,-1.6743536e-05,0.00023715971,-0.00016001295
A595_NM_015213_2,4.82615e-05,-2.2636645e-05,-3.065653e-05,0.00013303095,1.5941023e-05,9.278188e-05,8.697109e-05,-4.6054043e-05,-2.5141622e-05,0.00014597701,0.00012357163,-2.471255e-05,0.00014802905,-0.000108776854,8.605859e-05,-9.3816656e-05,-8.727845e-05,4.701541e-05,0.00023551511,0.0001433832,6.498797e-05,0.00023518773,-0.00018284052,9.7613065e-06,8.054492e-05,0.00011372421,-0.00016342728,0.00017174508,8.1138816e-05,-2.2505683e-06,-3.1834075e-05,1.3653292e-05,-0.00013706372,-6.692376e-05,7.2427596e-05,-9.793918e-05,1.43051575e-05,-7.766177e-05,3.393096e-05,-6.497371e-05,9.175606e-05,-0.00014501176,-0.0001567066,5.0922263e-05,9.823761e-05,6.3516304e-06,8.148685e-06,8.90098e-05,4.543367e-05,0.00017144854
A572_NM_015213_3,-2.9654497e-05,5.0655184e-05,5.7870588e-05,-0.00019365578,5.455795e-05,1.3482041e-06,-3.654274e-05,-1.270252e-06,0.00012841678,-2.6722688e-05,0.00020459053,7.876972e-05,-2.6773281e-05,3.8218084e-05,0.00011635649,-6.9502625e-05,-2.7851465e-05,-2.324e-05,-7.86121e-05,2.9621202e-05,0.00010926481,0.000100728816,0.00014375312,-9.599226e-06,-7.8918674e-05,9.080662e-05,-7.991933e-05,-8.574604e-05,7.204881e-05,0.00029710858,0.000105457664,-6.0789396e-05,-9.4550254e-05,-8.168886e-06,-0.00011626165,-9.143764e-05,-5.1953066e-06,-1.1151929e-05,4.7680995e-05,0.00019341988,7.871926e-05,9.745616e-05,0.00014351742,4.5453697e-05,3.0155363e-05,-8.0417485e-06,6.502391e-05,7.843209e-05,-0.00014473111,0.00019418006
A517_NM_015213_3,1.8624622e-05,-3.827747e-06,0.00020435084,6.053111e-05,5.0382832e-06,4.3295706e-05,-4.8070637e-05,0.00015963301,6.703315e-05,1.6165946e-05,0.00016846601,-3.009418e-05,6.8145644e-05,1.792814e-05,-0.00010653704,-0.00016984757,0.00013060255,0.00017728565,0.00016339331,-7.984563e-05,8.118947e-05,0.00017482837,7.902649e-05,-0.0002483592,3.650392e-05,0.00019286014,-6.931199e-05,9.59798e-05,-8.380547e-05,9.0852855e-06,1.142615e-05,-0.0002265409,5.998511e-05,0.0003205683,-1.9277555e-05,-2.9655997e-05,-2.1374188e-05,0.00013843885,-2.8973001e-05,-3.1376435e-06,-5.252537e-05,-4.0846324e-05,-3.6544494e-05,0.00011329451,4.6340636e-05,4.8449343e-05,8.041869e-05,-0.00012988943,8.132049e-05,-7.146439e-08
B40_AH001498_3,6.9184134e-06,7.1566494e-05,8.675208e-05,0.0001455898,2.6518292e-05,4.9187227e-05,-0.00013612657,-0.00016545723,-0.00023364057,6.512537e-05,9.8229466e-05,6.8751065e-06,0.000108617984,-4.6167657e-05,-5.2311887e-05,2.658831e-05,8.5230795e-06,-0.00019098094,0.00014866873,-5.336933e-05,-4.6658657e-05,-3.910596e-05,-1.8023082e-05,0.00019317445,-1.5018347e-06,0.00010961745,3.1596974e-05,-6.5355334e-06,0.00011425015,4.0447092e-05,-7.2074814e-05,0.00011439015,0.00011246227,8.3041064e-05,0.000105468716,-4.9530016e-05,-8.1088656e-05,0.00011892071,-4.4515444e-05,0.00015208183,0.00010793224,0.00016476799,0.00022263032,0.00012575454,-0.00024050784,-0.000110635774,-0.00010716863,0.00012213552,7.0605565e-05,-4.8645885e-05
B15_AH001498_1,-9.9372715e-05,0.0003629439,0.00015988963,0.0001351033,5.330137e-05,-0.00012239312,9.343645e-05,2.3569812e-05,0.00011741948,-8.597272e-05,0.00012009745,-3.9028328e-05,-8.806129e-06,0.00011298707,0.00020585484,0.00010849502,5.8752557e-05,-4.3525608e-05,2.0929316e-05,-7.087204e-05,-0.00010718123,3.975434e-05,-6.499153e-05,3.600957e-06,-1.66015e-05,-5.0456315e-06,0.000113650836,-7.416632e-05,5.68937e-05,-3.4000448e-05,4.440114e-05,-1.9025976e-05,-2.9067804e-05,3.9481292e-05,9.711642e-05,-0.00011041903,0.00023214048,-1.783817e-06,-5.6744477e-05,0.00016999569,0.00015753745,1.93898e-05,-1.3101879e-05,-4.9015787e-05,0.00010628346,9.827525e-05,-1.2498252e-05,-5.4101318e-05,-9.832888e-05,-5.3864922e-05
B283_NM_031313,6.5648215e-05,7.208606e-06,-4.100027e-05,-2.3127975e-06,6.85811e-05,-3.21542e-05,9.039982e-05,3.359819e-05,1.207349e-05,0.000163632,-4.91944e-05,0.00014100733,-9.2901246e-05,0.00010635984,-3.3304113e-06,-2.5795056e-05,3.354631e-05,1.7732149e-05,8.940092e-05,3.7739133e-05,5.2958636e-05,3.2529533e-05,-0.00010697193,0.00012487067,3.8294605e-05,-8.1847406e-07,6.0345992e-05,-1.2834672e-05,0.00015986052,3.8406833e-05,-0.00018818972,2.3996896e-05,3.17947e-05,-2.8450777e-05,1.6624597e-05,-9.736805e-05,-7.246075e-06,-4.073494e-05,-9.354175e-05,-1.16658475e-05,-0.000116881194,-4.872073e-05,1.369501e-05,6.169319e-05,-1.7927943e-05,-0.00016627688,-4.8281552e-05,0.0001532435,1.89183e-05,0.00019533331
B390_J03132_1,-0.0001066424,3.3972476e-05,2.2484004e-05,8.3570805e-05,-5.51996e-05,0.00025061637,-3.1297543e-05,0.00034575522,0.0001979133,4.3379365e-05,-9.047623e-05,-2.5151528e-05,-8.506413e-05,-5.7845773e-05,6.5917106e-05,-1.9311707e-05,2.2938748e-06,0.00018316937,-5.3364918e-05,0.0001542268,-4.2624844e-05,-3.2834903e-06,3.4280896e-05,-9.249016e-05,-5.337984e-05,6.910127e-06,-6.403287e-05,-7.794831e-05,-5.472787e-05,-0.00012130291,-0.00016952147,-0.00015423424,-8.906616e-05,-1.4368559e-05,-3.472291e-05,-1.5713389e-05,0.00015325242,-2.5899477e-05,6.459085e-05,-3.3598255e-05,2.9613904e-05,-0.0001497499,1.6261745e-05,2.6959206e-06,4.839747e-05,1.9349609e-05,-7.0480266e-05,8.957533e-06,1.205677e-05,-5.1794887e-06
A442_XM_371822_2,-3.1640542e-05,3.0284176e-05,0.00014367148,4.106841e-05,7.9141464e-05,4.9959468e-05,0.00024527908,-1.2222293e-05,1.5579595e-05,0.00010437415,-7.512108e-05,4.199953e-05,4.3073043e-05,0.0002938292,1.7480856e-05,-7.619598e-05,2.9321543e-06,1.9078376e-05,2.443432e-05,-8.074094e-05,4.9378308e-05,-3.1011496e-06,0.00016400978,-8.739184e-05,0.00019690912,4.6863268e-05,0.00015381727,3.761548e-05,1.9651126e-05,4.9271322e-05,-0.000114490664,7.2060575e-05,0.0001130996,7.492779e-05,0.00021131351,-2.99303e-05,-1.3061998e-05,0.00011355483,-0.00010906189,-6.853084e-05,5.6000958e-05,-3.655041e-05,0.00011372155,0.00032295348,7.071043e-05,-0.00019025158,-1.5985688e-05,-1.8375868e-06,0.000105733474,-3.3314158e-05
B90_NM_001632,1.6577666e-05,-4.373293e-05,-0.00015087829,6.517723e-05,0.00018353977,0.00013389114,8.3911895e-05,-0.00015019893,5.6544293e-05,-6.147162e-05,9.061811e-06,-0.00010187369,3.4284465e-05,2.8604754e-05,9.6903175e-05,0.00020573096,-7.9808924e-05,-1.3467604e-06,9.9123805e-05,-4.585389e-05,0.00025822164,-0.00017279509,-0.000121867706,8.2874045e-05,0.00020309324,0.00016131689,2.5968931e-05,0.00026419022,-6.8910686e-06,0.00012985311,-8.222046e-05,9.719157e-05,4.2847285e-05,-0.00013177148,-5.916343e-05,-6.23295e-05,-5.8536938e-05,3.710119e-05,-8.0877635e-06,4.1490366e-05,0.000109729044,-6.676056e-05,0.00012834735,5.0579245e-05,-5.3087724e-06,-8.2671184e-05,0.0003677854,2.5268031e-05,0.00013065375,-3.7261445e-05
A474_XM_371822_1,0.00010594079,0.00015598306,0.00016730395,-9.153452e-05,0.00022616122,0.00013220018,2.2828763e-05,0.00015277468,0.000114457434,1.19057395e-05,5.950035e-05,-1.7593147e-05,-4.974448e-06,-2.4252226e-05,-5.3002743e-05,-0.00011078095,0.00018539588,4.609499e-05,-1.474871e-05,-3.2274827e-05,3.9628376e-05,0.00023218052,-3.2781467e-05,-5.25557e-05,3.7737358e-05,-4.2783708e-05,-0.00013704645,5.647972e-05,-0.00010798899,-0.00017193884,-2.4605048e-05,-8.3830186e-05,-8.8563675e-06,-2.5079751e-05,0.00022639747,6.371582e-05,2.1454793e-05,1.2037171e-05,-5.2706746e-05,5.7726073e-05,-4.6316065e-05,4.9906983e-05,-0.0001393568,6.943338e-05,-6.229285e-05,-4.5507724e-05,2.4429559e-05,2.0170533e-05,-1.7791994e-05,4.7908375e-06
A555_NM_015213_1,-0.00014367403,6.3919964e-05,7.0970796e-06,0.00011890728,4.976733e-05,-5.3048017e-05,-9.130933e-06,8.590802e-05,0.00024158834,4.1477346e-05,5.566847e-05,-3.6016052e-05,-0.00018593775,-9.230747e-05,2.3409175e-05,8.588549e-05,0.00012060874,-2.81732e-06,-0.00011627205,-7.51161e-05,8.761902e-06,3.7127982e-06,-0.00014930566,-7.5370976e-05,0.00011401754,-6.0798275e-06,-8.0841644e-05,6.0569026e-05,0.0001747944,1.28223655e-05,1.4999484e-06,-1.1950407e-06,-0.00011322651,-8.378541e-05,-0.00012809719,0.00013394713,-0.0001203488,8.251952e-05,3.322816e-05,0.00014847628,0.00017613376,0.00016527086,0.00015779313,8.507035e-05,-6.4206324e-05,8.5052576e-05,-0.0001345841,-8.448231e-06,7.249489e-05,-5.7589048e-05
A525_NM_015213_2,3.9559643e-05,8.842116e-05,3.0287873e-05,-1.2099084e-05,5.748581e-06,0.00015263988,0.00021575407,-8.789716e-05,0.00010786922,0.0001996625,0.00021441102,9.645734e-06,-8.7690954e-05,4.9501235e-05,-4.3937882e-05,2.5504564e-06,5.612253e-05,0.0001292066,0.00021594431,-4.3478332e-05,1.15632765e-05,-4.4026732e-05,0.0001275923,6.5475186e-05,3.455218e-05,9.619987e-05,5.0395658e-05,0.0002291519,1.4767012e-05,-1.0494366e-05,0.00020356235,4.3857535e-06,8.431878e-05,5.956356e-06,-0.00013904768,-3.116327e-05,0.00012671427,6.705464e-05,3.3128883e-05,0.00016643004,6.57221e-05,3.7460435e-05,-9.634087e-06,-9.044432e-06,-1.709033e-05,0.00015908033,2.161398e-07,2.5755027e-05,9.564571e-05,4.8725938e-06
B385_J03132_1,0.0002064025,-8.2838655e-05,0.00021562498,-4.973529e-05,1.1983173e-05,-9.193967e-05,-5.8203943e-05,9.250548e-05,-0.000109326575,-9.2550974e-05,0.00018820437,5.98022e-05,6.344904e-05,1.6319804e-05,0.00028531626,-3.7532267e-05,5.21118e-05,-8.052981e-05,-4.050937e-05,-3.7712813e-05,0.00027455008,4.8479906e-05,-4.379782e-05,3.0638308e-05,7.505028e-05,7.712935e-07,-0.00011745204,-2.6070824e-05,-9.120878e-05,-8.3976774e-05,3.6326077e-05,3.924604e-05,1.7715132e-05,9.730666e-05,-2.7338156e-05,-0.00010539897,0.00015771536,-4.677255e-05,2.9997816e-05,-5.5482474e-07,-4.0768067e-05,-7.389112e-05,1.4886166e-05,0.00017276677,0.00018754591,0.000107121974,0.00012560784,-3.009068e-05,1.6258948e-05,1.1279923e-05
A559_NM_015213_1,0.00018074265,-5.767192e-05,-1.0597671e-05,0.0001949602,-6.7512825e-05,5.5677567e-05,1.7074177e-05,-0.000112876696,1.2263111e-05,3.2789976e-05,-0.00022486641,7.327223e-05,-5.056365e-06,0.0001054237,-4.5026245e-05,1.8327297e-05,3.4600598e-05,0.00015072506,8.039802e-05,-6.340508e-05,-0.00013379716,4.348936e-05,4.777567e-05,0.00016866517,8.6244116e-05,9.644235e-05,3.487244e-05,0.00022049088,1.9402427e-05,9.4279885e-06,-3.4072116e-05,-4.074485e-05,0.00023126486,6.5558685e-05,0.00017008289,-6.9908765e-07,-0.0001241525,0.00014940731,-7.153845e-05,-9.7300464e-05,1.0731756e-06,0.00018874093,-5.2371965e-05,0.0001741382,5.5329252e-05,4.145462e-05,0.000110630746,5.8629088e-05,4.8049013e-05,-7.900263e-05
A602_NM_015213_2,-9.230516e-06,-2.6877624e-05,0.00017738108,8.010894e-05,4.281299e-05,7.153906e-05,2.0019937e-05,-6.445435e-05,0.00015513942,8.4246705e-05,0.00013336168,0.000116159645,7.7288154e-05,-5.8469766e-05,-0.00011075643,-3.4750217e-05,7.256834e-05,2.6911592e-05,0.00035972463,-0.00018377703,7.615947e-05,-0.00024988042,-0.00010558318,-0.0001340663,1.4660214e-05,0.00012423942,-0.00011499477,0.00012906484,6.045677e-05,2.3471604e-05,-0.0001768885,-3.6407228e-06,-7.530363e-05,-0.00018891794,-1.2002738e-05,4.419746e-05,-3.0748306e-05,-5.1013585e-06,5.275763e-05,0.00025049716,0.00012244338,-1.23042255e-05,5.9051636e-05,0.00010921675,4.789219e-05,0.0002418682,-4.3090447e-05,-4.284988e-05,-4.6458877e-05,4.2936554e-05
A515_NM_015213_3,0.00015395992,2.9987315e-05,-9.933458e-07,2.0552161e-05,-4.9238926e-05,5.5896362e-05,0.00023642568,0.00030350123,-9.640544e-05,-9.19344e-05,0.000106849955,0.00014943264,-7.179099e-05,0.00012921357,1.6269007e-05,-5.7208613e-06,0.00028850432,0.00010831887,-0.00018902868,0.00017903851,-0.00010151561,0.00012471616,0.00014543555,-3.2325515e-05,8.0158753e-07,1.5962029e-05,4.9301365e-05,-0.00013836732,-0.00019624096,-2.002779e-05,2.2217959e-05,0.00022649707,2.7706807e-05,-0.00012317431,6.965338e-05,5.2838826e-05,0.00012396082,8.8352805e-05,-0.00010364327,1.0173354e-06,0.00013837969,-0.00010394157,0.00013879579,0.00013089881,0.00024510414,8.99756e-05,-7.241513e-05,-5.666552e-06,-9.2674716e-05,-0.00014848947
A395_XM_371822_1,5.424478e-05,0.00014197879,8.593702e-05,-4.3536147e-05,-5.8050286e-05,0.00018034964,0.00023455208,6.452023e-05,4.8666723e-05,-1.0930556e-05,0.0001040063,9.547979e-06,1.6722237e-05,-2.487841e-05,-3.7740483e-05,-7.6701144e-05,-5.7119367e-05,0.00015989612,0.00016803207,-0.00013006294,-5.533046e-05,-5.5164446e-07,-0.00012604626,6.1248415e-05,4.818447e-05,3.7260485e-05,8.11207e-05,5.3007036e-05,-0.00011043473,-1.861603e-05,0.0001377199,0.00017300516,6.5655004e-05,6.9911956e-05,1.5155842e-05,-4.0177303e-05,-2.3900677e-05,0.00013440898,-3.8162798e-05,-8.44332e-05,0.00021782154,8.892933e-05,6.2904032e-06,1.0228676e-05,-4.412717e-05,5.271466e-05,-5.9881244e-05,7.231875e-05,4.572688e-05,-0.00013600811
A527_NM_015213_2,-5.8330257e-05,0.0001275113,3.1143616e-05,4.9553088e-05,0.000111331596,0.00026178418,-3.489188e-05,0.00018279787,0.00023695336,6.1084743e-06,6.9859125e-05,6.444734e-05,0.00022959727,9.398391e-05,-0.000118556076,-0.00015887394,-0.0001116327,-2.6376905e-05,0.00015427024,-4.1288888e-05,-1.5433727e-05,3.3953358e-05,7.5022464e-05,6.94257e-05,2.0756772e-05,9.287773e-05,-7.9671285e-05,0.00016198309,-1.9930145e-05,8.552052e-06,-2.495546e-05,-5.976851e-06,-0.00013581442,-2.1411468e-05,6.0774822e-05,7.0079834e-05,1.0527738e-05,0.00020069623,6.186453e-05,-1.7101307e-05,-7.5232536e-05,5.770308e-05,0.00010973375,-5.4505654e-05,-7.187782e-05,0.00022969465,-3.571144e-05,-3.6327343e-05,-0.0001383634,-4.5522036e-05
B126_U47298,0.00022030056,0.00018437485,3.227754e-05,-3.1564068e-06,-7.726451e-05,-0.00016024792,0.00012274031,-6.80313e-05,-2.399559e-05,2.4160686e-06,-1.5517731e-05,0.0001097811,-0.00019906122,2.7828943e-05,0.00018131161,-6.0816634e-05,1.6209537e-05,-8.380042e-06,0.00013208544,9.493039e-05,-4.3726264e-05,-0.000156093,-6.859607e-05,2.4515288e-05,3.227716e-05,-3.9406837e-05,-4.7039877e-05,2.7555117e-05,-8.308249e-05,3.1115964e-05,-0.00014473409,0.00013470434,0.00010420338,9.4664014e-05,-0.0001800228,0.00011277019,-6.9177117e-06,0.00013469566,7.9932746e-05,-5.4566768e-05,-3.591523e-05,1.4583199e-05,0.00011235096,0.00021734767,0.00022727445,4.1372365e-05,3.9489416e-05,7.9468555e-05,8.055759e-05,9.969381e-06
