T296_EGFP,0.0001705305,-1.4354119e-05,0.00023011173,0.000105025,-3.8357422e-05,4.5811455e-05,3.3969212e-05,0.0001523074,-7.89324e-05,0.00012627403,1.9272891e-05,-0.00023002161,0.0002153265,0.00026138962,0.00015819109,-1.0947411e-05,7.823976e-05,6.6204106e-05,8.336565e-05,0.00017812029,3.4462828e-05,6.4030544e-05,-4.460497e-05,8.4876905e-05,0.000119417404,-0.00012193997,-8.357405e-05,-6.969633e-05,-1.6598424e-05,-0.000120662466,-4.041254e-05,9.5243704e-05,0.00010285339,-0.00014610963,0.00018055855,9.6848264e-05,2.5903406e-05,-6.133154e-05,5.3037977e-05,-6.222255e-05,-3.4572684e-05,0.000109268956,5.781414e-05,0.00018618551,-7.24003e-05,-0.00014996731,1.9009494e-05,5.333679e-05,-1.3858803e-05,-1.7117718e-05
T671_EGFP,0.00017347731,3.606715e-05,2.1631595e-05,6.353189e-06,-9.479334e-06,0.00011552932,-0.00019118623,-0.00013606965,-4.9026217e-05,0.00018194289,-0.00012884532,7.5985896e-05,0.00010177032,-0.00013079289,-0.00010223468,-8.997874e-05,1.6611139e-05,1.9409003e-06,-7.6173956e-06,-0.0001141683,-0.00014179593,0.0001324729,0.00011649403,3.0177847e-05,-8.472687e-05,0.00012892291,-4.3974687e-05,0.0001235011,8.098334e-05,-0.00011073994,6.5681044e-05,8.8409935e-05,3.756919e-05,4.961963e-05,-0.000114258124,0.00022324112,4.6741134e-06,0.000111039255,8.983764e-05,0.00012171847,0.00016455665,-5.4767766e-05,9.149319e-05,5.2031643e-05,2.8406279e-05,-6.776301e-06,0.00019953652,0.000104429324,1.8918513e-06,0.000112333
T144_EGFP,0.00012690335,-7.798281e-05,4.7281454e-05,4.9192036e-05,6.630651e-05,0.0001934006,0.00017181195,-1.671632e-05,6.390538e-05,-7.5350516e-05,2.592627e-05,0.0001970534,3.1484902e-05,2.776427e-05,0.0001408796,0.00019627463,-8.355428e-05,0.00019155903,9.574215e-05,-0.00014545691,6.2340274e-05,2.8653427e-05,0.000100747886,0.00011785554,2.9381947e-05,-1.7767912e-05,3.3744895e-05,3.170738e-05,0.00022336398,6.4969354e-05,2.4750194e-05,-6.157321e-05,0.00011191651,0.00011217145,0.0001520371,5.7328656e-05,5.0657283e-05,3.691524e-05,2.547424e-05,-5.326989e-06,-9.783951e-05,0.00011369213,-2.53794e-05,-0.00017891538,0.00019657686,5.122571e-05,0.0001378192,0.00014825884,0.00011945799,-5.8431957e-05
T17_EGFP,-4.586228e-07,-0.00012284915,4.4782737e-05,-4.8001384e-05,0.00018438871,-6.4676016e-05,2.9389501e-05,0.000104794315,-9.1884576e-05,0.00017575594,9.521323e-05,-0.00015266932,-4.3851855e-05,7.714028e-05,7.50798e-05,-6.0489245e-05,-7.8659405e-06,0.00020418587,-4.0519786e-05,5.5935223e-05,-1.6514348e-05,7.950227e-05,-0.00013200157,-4.403111e-05,4.284114e-05,1.4717863e-05,0.0001827528,-0.00020610286,-1.8244767e-05,0.00018056123,9.614507e-05,8.643595e-05,-2.6171996e-05,6.496586e-05,2.6525517e-05,5.0648632e-05,3.778832e-05,-6.584782e-05,4.2817137e-05,6.807554e-05,-2.106764e-06,0.0001090781,-9.664427e-05,-0.000166096,0.00012992532,-0.0001975997,3.59778e-05,0.0002582303,4.7640846e-05,-3.6354457e-05
T437_EGFP,-1.7669292e-05,-0.00010769947,0.00022572542,0.0001358464,-1.7703169e-05,-6.663121e-06,7.5231306e-05,-2.1065249e-05,-8.848588e-05,6.532802e-05,-0.00014840534,-1.5351028e-05,-6.501895e-05,-0.00023791741,0.00015020066,8.544381e-05,-3.2078442e-05,-4.302088e-05,6.306477e-05,7.858174e-05,-4.307528e-05,1.089689e-05,7.905289e-05,-0.00011109851,-4.918248e-05,-0.00016326988,-1.93206e-05,6.471544e-05,4.6702236e-05,0.00018626322,0.00016700252,-0.00021586537,6.693512e-05,-3.4978966e-05,-8.769005e-05,1.6434891e-06,0.000157023,0.00011788524,1.2739531e-05,-4.1975163e-05,-4.7269496e-06,-6.41706e-05,-8.77768e-05,8.468938e-06,-5.4613996e-05,-2.8783892e-05,0.00012025758,-7.664664e-05,0.00022502615,4.6665908e-05
T80_EGFP,-0.00011273054,-5.4456023e-06,6.172874e-06,4.287061e-05,-6.260654e-05,-3.6926085e-05,1.6237937e-05,-1.2135582e-05,5.9249884e-05,0.00021048261,0.000107771804,0.00010334727,-0.00010932341,6.637286e-06,0.00025368787,0.0001096801,5.980371e-06,0.00012817248,9.143458e-05,9.321284e-05,0.00011384764,-5.2863546e-05,-7.0182455e-06,7.713093e-05,4.334904e-05,1.40690445e-05,4.0205232e-05,-7.5746604e-05,-0.000103656916,9.015805e-06,-2.7873019e-05,9.267047e-05,-0.00010843655,9.252149e-05,-2.9005389e-05,0.00015774682,7.550135e-05,0.00014761617,6.89677e-05,-8.331446e-05,-7.6995064e-05,0.00024970743,0.00024220905,-8.942579e-06,2.56801e-05,1.0173405e-06,6.459817e-05,1.3685416e-05,0.000116013434,-0.00016818324
T377_EGFP,4.0012048e-05,0.00019612869,0.000106834465,-0.00014826658,4.230356e-05,7.475233e-05,2.5453106e-05,0.00011854613,-1.8812452e-05,-1.3856946e-05,-9.149629e-05,0.00018058551,-6.3425105e-05,0.00012347286,0.00022684455,-4.433639e-05,-9.651129e-05,-3.184667e-05,-8.820543e-05,-0.00018912228,8.026638e-05,-0.00017739482,-0.00014755719,3.59596e-05,-4.2588683e-05,4.997821e-05,-7.720151e-05,-8.6483315e-06,-9.820639e-05,7.53866e-05,-4.3634307e-05,5.9638667e-05,-0.00024434546,-2.0970643e-05,-9.729189e-05,-3.9301125e-05,2.510456e-05,0.00017037604,-0.00011439417,0.00012428896,9.182185e-05,0.00014357416,-8.9753914e-05,-4.636249e-05,9.974972e-06,-2.055231e-06,6.54233e-05,9.020065e-06,2.9032923e-05,0.0003128036
T88_EGFP,0.00014903196,-7.477346e-05,7.367307e-06,-1.9543824e-05,2.658191e-05,-7.1003883e-06,0.00019100637,0.000121554134,0.00013148841,-6.155906e-05,0.00025832737,-0.00027439478,0.0002154734,4.8118873e-05,-2.3383296e-05,3.6707786e-06,3.779115e-05,-0.00015588847,5.793949e-05,-2.6579084e-05,5.658647e-05,6.999744e-05,-2.9994182e-05,0.00011809727,-6.0890667e-05,6.555262e-05,-3.840925e-05,0.00026895414,0.00020931073,8.547015e-05,-0.00023970801,-3.2324027e-05,-6.265376e-05,-4.1419073e-05,-8.2665116e-05,0.00017073633,-3.3058535e-05,0.00020400697,-0.00013369485,-6.1037154e-06,3.2284306e-06,6.931975e-05,-0.00015692285,0.0001657497,1.2174311e-05,7.741719e-05,3.128174e-05,4.434061e-06,-3.939544e-05,0.00012352513
T476_EGFP,0.00020406794,-4.9155336e-05,-9.8808014e-05,0.00012331287,0.00015364474,-5.2805393e-05,-0.00012195622,0.00014204129,7.300883e-05,7.6279124e-05,-0.00016925248,-1.8860072e-05,2.8186118e-05,4.9094688e-05,6.032361e-05,0.00016555468,6.836906e-05,6.444939e-05,4.697635e-05,-0.00015785525,7.112121e-05,0.00024139935,-2.9529758e-05,-5.5564997e-06,3.5178775e-05,0.00019089981,0.00015629345,0.00010820655,4.0609244e-05,0.00023229506,-7.674011e-05,7.278996e-05,0.00013505195,3.3926077e-05,-0.00010034802,0.00011109537,8.488558e-05,-0.00028474108,0.00024309289,1.0064867e-05,-0.00020853263,-7.500484e-05,0.00014007738,5.4296892e-05,0.0001599892,-3.2869342e-05,6.0088394e-05,0.00015874967,6.4695734e-05,3.321851e-05
T148_EGFP,-8.352248e-05,3.9229686e-05,4.2432735e-06,-5.7844907e-05,3.9038794e-05,5.9915794e-05,0.0002690967,0.00014908546,-1.8935803e-05,5.05559e-05,5.6043435e-05,0.00020407267,-0.00015010014,7.7861914e-05,0.00016122434,-5.320804e-07,0.0001502139,4.9790462e-05,7.5395255e-05,-3.0942945e-05,5.104052e-05,0.00023464778,2.256479e-05,8.648029e-05,2.5233181e-05,7.0368216e-05,-0.00016423274,-6.7155095e-05,0.00011374083,6.875591e-05,-0.00010337935,-1.4133189e-05,-0.00012241336,3.196067e-05,6.108399e-05,2.0237683e-05,5.607246e-05,0.0001592638,-7.8302386e-05,0.00022747777,-3.533794e-05,-8.772069e-06,7.313313e-05,-0.0001987459,2.295289e-05,1.2654235e-06,0.00021538557,0.00027897386,-4.017758e-05,8.6892345e-05
T536_EGFP,-5.5324654e-05,4.3427754e-05,2.2453987e-05,0.00024377838,-0.00018749334,7.876133e-05,-0.00011211148,0.00013601303,0.00018087949,7.896949e-05,-7.236782e-05,-1.942147e-05,-4.1618536e-05,-0.0001636768,-7.451423e-05,6.260656e-05,1.0655529e-05,9.8128534e-05,4.7138972e-05,2.0402553e-05,7.393942e-05,-2.3174189e-05,7.897351e-05,5.671128e-05,8.810095e-05,0.00020765877,-4.9663056e-05,-0.00010192765,4.4205306e-05,9.290167e-05,7.077076e-05,3.226642e-05,4.0469833e-05,0.00023417722,3.9339364e-05,0.0002986587,5.8972237e-05,0.0002582689,-8.3892555e-05,-7.6114695e-05,-9.694148e-05,0.0002140113,4.297616e-06,0.00013754205,-5.379593e-05,3.6915244e-05,-2.8110971e-05,-4.288739e-05,-8.992194e-05,9.602868e-07
T700_EGFP,9.113333e-05,0.00013286457,2.2105532e-05,0.00024788926,8.661349e-05,-6.580944e-06,6.3814405e-05,-2.7981343e-05,0.00016993514,7.977911e-05,8.583338e-05,0.00028535142,-4.419123e-06,8.386384e-05,4.7298236e-05,9.890046e-05,-0.000110831956,8.1436774e-05,-7.443826e-05,-1.7813287e-05,0.00016020882,-1.3338093e-05,0.00013694,8.78466e-05,-5.510894e-05,7.003035e-06,-3.600463e-05,0.00024762604,-0.00011189407,-0.00015752201,0.00017095442,-9.7153126e-05,9.462241e-05,4.010789e-05,-9.759229e-05,1.7041888e-05,-5.1540585e-05,0.00013137919,6.1332765e-05,8.9421475e-05,7.542776e-05,8.9348585e-05,-1.989179e-05,6.39318e-05,-6.394969e-05,8.4023195e-05,8.751616e-05,-0.00014252517,0.00013487744,5.18372e-05
T428_EGFP,8.3696475e-05,1.2010871e-05,3.8695205e-05,-0.00014151691,0.000173107,5.9797167e-05,0.00018517613,0.00022903019,1.4170647e-05,9.16154e-06,0.00010777245,7.40454e-05,3.2105003e-05,2.3690547e-05,1.4801766e-05,7.977775e-05,0.00012754982,6.224149e-05,0.00015720444,0.00015718698,-5.5503124e-06,1.5600457e-05,0.00013500876,1.8081735e-05,0.00012287473,2.1481908e-05,0.00012283347,-7.152923e-05,1.901694e-05,-3.490718e-05,8.8316316e-05,-1.8292538e-05,-4.829047e-06,9.62954e-05,3.246176e-05,2.6149215e-05,-0.0001438969,0.00017376468,0.00021870098,0.00012263536,-3.1970747e-05,9.638892e-06,6.781376e-05,9.979094e-06,-6.0508017e-05,0.00036311545,0.00017619343,-4.5909233e-06,0.00014948675,8.020566e-05
T63_EGFP,-6.334212e-06,-0.000102247344,-6.355183e-06,0.00016902095,-0.00011612593,0.00013485544,-0.000104698,-5.3371532e-05,-0.00014181521,4.9946604e-05,-0.00010112545,-2.5710502e-05,-1.1056221e-05,-3.8311795e-05,8.392261e-06,-0.00011954291,6.133582e-05,-6.365295e-05,2.2698801e-05,-5.9955535e-05,5.4118536e-05,-0.0002216762,2.0182206e-05,-4.312988e-05,0.00011213055,-0.00022329108,-0.00012567358,-1.20918985e-05,-8.873523e-05,0.00027632536,9.3693045e-05,0.00010239854,-4.7302823e-05,0.00011136499,-2.5304242e-05,7.4701784e-05,2.9042458e-05,5.9977163e-05,-4.604141e-05,0.000112253445,-0.00013530457,0.00013358127,-2.0054307e-05,-0.00013909317,-9.100475e-05,-9.104988e-05,3.1173e-05,7.726525e-05,0.00019572371,0.00023175009
T41_EGFP,3.495643e-05,0.0001534479,6.137146e-05,-8.763722e-06,-5.8604305e-06,-4.052717e-05,-6.416347e-06,0.000104365696,-0.00010497871,-1.7307904e-05,3.990651e-05,0.00011589909,-0.00024106553,0.00010311123,-0.0001288541,0.00013508569,-4.9262317e-06,0.00013510775,0.00012890367,0.00023907973,0.00012261748,-6.70317e-05,5.0704853e-05,-3.8768172e-05,0.00010088088,-0.0001793117,4.5679666e-05,-7.2202165e-05,8.342672e-06,-1.732416e-05,9.4702504e-05,9.912448e-05,0.00013918613,-2.8285047e-05,5.5882545e-05,-4.3316726e-05,-1.598773e-05,-2.4488222e-06,-0.00018001904,0.00024976511,3.6769165e-05,0.00018466491,-2.3552991e-05,-0.00011474227,3.508996e-05,0.00021351305,-4.1792468e-05,0.00012490178,6.9397385e-05,3.4874112e-05
T695_EGFP,9.873523e-05,0.00021696139,5.0865906e-06,2.0670448e-05,0.00013688114,-2.1581269e-05,-8.041863e-05,0.00024522215,-1.986856e-05,1.706399e-05,-2.6527083e-05,0.000105479776,-7.439659e-05,2.6941132e-05,-3.815655e-05,7.095545e-05,-0.0002077255,-9.647603e-05,-9.359743e-05,4.1381765e-05,7.696898e-05,0.00014448664,-0.00010649731,5.265772e-05,-9.784272e-05,5.062503e-05,-2.5001162e-05,7.720471e-05,0.00013770381,0.00022176253,-0.000165837,5.7158097e-05,-3.90724e-05,8.450953e-05,0.00010734971,3.7479036e-05,4.1957846e-05,-2.04928e-06,1.1679101e-05,-0.00013341733,0.0001755338,0.0001321182,1.5555977e-05,-2.2510038e-05,1.671377e-05,5.8777663e-05,0.00013405176,5.5341792e-05,0.00018321947,-0.00022622445
T244_EGFP,-5.364406e-05,4.1972226e-06,-6.316094e-05,5.935122e-05,5.8441798e-05,-8.8023415e-05,0.0001851782,0.00014391025,-0.00015461464,-4.364275e-05,8.0916965e-05,-7.367926e-05,2.4230778e-05,-1.08985e-05,0.00015821258,7.296887e-05,3.138412e-05,3.3937864e-05,-8.9179985e-06,-3.1589017e-05,0.0002036972,3.4660163e-05,-4.183282e-05,8.087502e-05,0.00015959695,-0.00018248656,-8.5505344e-05,-0.0001517808,-0.0001589185,0.000103800136,9.5187395e-05,8.564281e-05,-0.00019488562,9.088499e-05,-0.00010375209,4.9026337e-05,-3.392482e-05,4.0260602e-05,9.016518e-06,-6.7816894e-05,2.189365e-05,0.00013657301,-4.0478957e-05,0.00019660388,-0.0001274967,-0.00015006503,-2.7202432e-06,-4.659167e-05,0.00011897657,0.00016259104
T22_EGFP,2.9433044e-05,-0.00014232389,-0.00011479645,9.4669165e-05,0.00024068305,2.487369e-05,-0.00010403118,9.0271606e-05,9.888186e-05,1.5582676e-05,-7.31283e-05,4.1484906e-05,3.2245537e-06,1.0722233e-05,-0.00016045624,-3.107657e-05,0.00011501909,-6.394794e-05,-3.311325e-05,6.4288e-05,0.00017371388,0.000102390375,-0.00020986547,-0.000104555984,0.00012918422,0.00022921992,-0.00010928114,-1.0685529e-05,4.1102594e-05,0.0002321959,4.6401186e-05,9.629403e-05,-1.2649255e-05,4.336984e-05,4.449241e-05,0.000115098,-3.8409894e-06,6.668371e-05,4.1118306e-05,-0.00012007986,-8.8672937e-07,0.0001767683,0.00011792361,-6.013469e-05,0.000112466594,0.00018460341,7.4581854e-05,0.00015955835,-1.02579115e-05,-0.00011013812
T104_EGFP,6.651523e-05,1.4666964e-06,-0.00023801929,0.00014578733,0.0003106092,-0.00014168487,0.000131205,-2.1508098e-05,-4.8702772e-05,-9.576423e-05,0.00015565807,0.000107874585,6.5957385e-05,-9.7741315e-05,3.472191e-05,-1.716663e-05,0.00027861042,5.0270635e-05,1.3600286e-05,-2.178381e-05,-5.5201715e-05,0.00014179497,0.00011441303,-2.759294e-05,6.824382e-05,-4.846744e-05,-9.480076e-05,6.5734434e-06,0.00010646654,0.0001646249,3.1201245e-05,-5.818629e-05,-1.9861127e-05,-0.00013562737,-7.989737e-05,2.3950247e-07,0.0002919765,-2.205164e-05,3.297686e-05,0.00016337704,0.00018313125,-9.602126e-05,-6.250269e-05,0.00026796997,5.0832346e-05,0.00013270386,0.0001374716,0.00013051531,-8.746487e-05,0.00013393514
T418_EGFP,-9.028551e-05,0.00011734646,0.00016071153,0.000109581044,0.00021694868,-8.737742e-05,-7.7778655e-05,-7.894433e-06,7.630891e-05,-4.453688e-05,9.121087e-05,-6.6344015e-05,-3.946034e-05,-1.9006544e-05,5.334925e-05,-1.3618182e-05,0.00015126818,0.00015466809,6.7231165e-05,1.4775532e-05,-3.984521e-05,-0.00010425414,6.902119e-05,0.00010179366,-6.488194e-06,-0.00016730852,-0.00010778195,-0.00010054636,-9.2267095e-05,-7.4031974e-05,0.00023523925,0.00012833712,1.3400399e-05,0.00017308147,0.00017904241,0.00015631849,-0.00014747154,0.00015324788,-0.00013198634,-1.7125369e-05,0.00018718299,0.00010772684,0.0002679678,-6.890481e-05,0.00018315887,0.00011025679,-6.6694825e-05,3.6132886e-05,0.00023159721,7.0120135e-05
T72_EGFP,-5.7745885e-05,8.595295e-05,-5.9425303e-05,2.31316e-05,-2.093992e-05,-1.7745062e-05,-2.928004e-05,-1.9246028e-05,-5.410403e-05,-2.8461182e-05,0.00025008898,4.975315e-05,-0.00017295881,-0.00010437161,-1.1875954e-05,-3.7953596e-05,0.00012658589,0.00021194352,0.00010290728,5.417604e-05,-0.00021252276,5.572624e-05,0.00013940671,-1.2405091e-05,3.8967424e-05,-5.3881882e-05,9.877732e-05,0.00011048227,0.00011214951,1.5660346e-06,8.669367e-05,-2.8361866e-05,5.3246025e-05,5.805597e-05,0.00027207687,-3.563183e-05,0.00024578825,0.00011399335,-0.00014087772,0.00015564462,0.00014810525,0.000113133654,0.00016501792,0.00014524697,-2.9245344e-05,-5.94836e-05,-8.633051e-05,-0.00013785849,0.00014272732,9.6496415e-06
T405_EGFP,0.00016235355,-0.00012322175,-2.6416626e-05,-7.205927e-05,2.8744316e-06,5.6530378e-05,9.7364245e-05,3.540219e-05,-5.7090638e-05,6.621231e-06,0.000159376,-6.4080734e-05,0.00011631465,-0.00010177409,0.00015732617,-5.3660802e-05,0.00014536656,9.274931e-05,2.1033624e-05,-8.2576466e-05,4.9501377e-05,3.5071083e-05,-6.172656e-05,-8.260724e-06,-1.5393061e-05,0.00010791908,-4.568925e-06,3.3955428e-05,-1.620262e-05,0.00013383677,0.00015349493,0.00011474743,0.000104906045,8.433887e-05,-7.266026e-05,-0.0001260517,8.20074e-06,-8.4542735e-05,-2.58793e-05,0.00011790536,8.628733e-05,0.00013713671,0.0003608,-0.00012264327,-1.3702907e-05,0.0001698459,0.0001118676,0.00022213554,6.0725346e-05,-8.8075816e-05
T691_EGFP,0.0001047878,0.00014778819,-6.1932886e-05,3.7600614e-05,0.00017701488,0.00014799523,0.0002075258,0.00016671141,-2.0943437e-06,9.9292985e-05,3.0330342e-05,-1.4681736e-05,3.7091904e-05,6.8528854e-05,0.00015317851,-4.7431753e-05,0.000104007704,-1.1840967e-05,-7.673879e-05,7.7223376e-05,8.328254e-06,8.973211e-05,-0.00013475085,0.00011048717,-0.0001669736,-9.310379e-05,3.8787824e-05,4.7422087e-05,0.00021511303,0.00020047525,5.127374e-05,0.00014096464,1.0595625e-05,7.057778e-05,-5.335528e-05,1.9500143e-05,7.237667e-05,-7.860919e-05,-8.202433e-05,8.9467336e-05,7.707245e-05,0.00014300992,0.000121596495,-2.5864578e-05,9.235566e-05,0.00010296443,-2.0962236e-05,4.7420435e-05,0.00018531895,-9.943905e-05
T435_EGFP,-8.095073e-05,-0.00023684073,-8.6793574e-05,9.9973455e-05,7.001124e-05,-0.000102376696,-4.6391204e-05,3.471264e-05,-0.00010030474,-5.6286037e-05,8.085048e-05,-0.00015165849,0.00014833464,-2.3208819e-05,0.00018412482,-0.00020215566,1.6864187e-05,1.3531916e-05,3.0443836e-05,4.4021843e-05,8.633436e-05,-7.1616494e-05,-2.2416147e-05,-0.00013623694,-1.6839309e-07,-9.492606e-05,8.241585e-05,-8.980358e-05,0.00016535651,-0.00019503613,9.158296e-05,0.00018511113,5.5189008e-05,8.898414e-06,7.913431e-05,0.00017211733,9.715222e-05,0.0001503427,-7.358844e-05,-0.00010265432,3.9103546e-05,-0.00011746409,-4.8750222e-05,-6.586192e-05,-6.6096495e-06,-5.2037303e-05,-0.00018059078,-4.1596184e-05,-5.749501e-05,6.0284125e-05
T268_EGFP,2.794994e-05,-2.2486445e-05,-0.00014758989,0.000109553504,3.3114025e-05,6.8208687e-06,7.0893686e-05,4.2849235e-05,-0.00020932453,9.7715136e-05,0.00015681445,-0.00028115872,-7.8263176e-05,-0.00025539132,-1.3028816e-05,-0.00021488837,0.00018039379,5.515222e-05,9.1496804e-05,-2.796005e-05,-4.392925e-05,-5.755519e-05,-7.460782e-05,-3.8675706e-05,1.4535236e-07,1.1289722e-05,4.3633285e-05,0.00015867015,5.3860073e-05,2.2419085e-06,2.772162e-06,1.3316072e-05,0.00014166615,6.967568e-05,0.00032183135,9.65026e-05,2.178517e-05,0.0002190025,-9.905238e-05,-0.00017687678,-5.7092766e-05,3.609802e-05,-1.2788938e-05,-0.000100467805,0.00012063227,-5.5519296e-05,6.940851e-05,-4.0839826e-05,1.952502e-05,9.396634e-05
T92_EGFP,2.2171123e-05,0.0001408089,4.6452744e-05,2.5079928e-06,0.00029740628,-0.00014562794,3.719701e-05,0.00016038427,0.00014122098,0.00016859581,-7.8390076e-05,4.9692353e-05,3.9271934e-05,0.000115938805,8.08148e-05,-0.000111316775,6.66555e-05,0.00012751004,1.0383718e-05,8.4818654e-05,6.997294e-05,0.00012128723,4.498382e-05,2.4923385e-05,0.0002351976,-0.00017287751,0.00018669367,2.456855e-05,8.504922e-06,0.00015897465,0.00011025206,-0.0001864484,4.613234e-05,2.6795567e-05,0.00016937926,-3.215884e-05,-0.00015920056,-0.000103228536,-7.373453e-05,0.00016519356,-0.00021027599,-0.00020901859,2.541203e-06,-0.00015502877,0.00016551753,-3.7060418e-05,9.299872e-05,0.00012033581,-0.00018879554,-0.00010899668
T570_EGFP,6.575225e-05,-0.00011891496,7.20327e-05,-1.4226026e-05,6.914407e-05,0.00018730086,0.00020707464,2.752099e-05,0.0001452235,-4.715143e-05,9.316564e-05,-1.8980414e-05,-3.8531743e-05,-9.338314e-05,6.467296e-05,-4.012534e-05,4.3312364e-05,7.6205615e-05,0.00020214099,-5.199381e-05,4.4608103e-05,0.0001612074,0.00015279154,6.163695e-05,-4.3830838e-05,-8.599341e-05,3.887944e-05,-1.127099e-06,4.7971687e-05,0.00023176058,1.3187669e-06,0.00024629253,0.00020499298,-0.00010304536,4.726395e-05,-4.1437954e-05,0.0001916643,-6.565234e-05,-0.00013673288,0.00014488373,-4.275135e-06,0.00013080348,0.00012386039,7.937769e-05,-1.9565683e-05,-7.053309e-05,0.00013104673,4.039569e-05,-4.8000875e-05,-1.8799812e-05
T333_EGFP,0.00030656392,0.00014291899,0.0002969906,8.947401e-05,1.5068253e-05,2.4253068e-05,-8.585433e-05,-3.7770835e-05,-4.4926936e-05,-4.3764423e-05,-0.0002096752,6.9014844e-05,-1.9592268e-05,-0.000140553,-0.00012641987,8.032564e-06,0.00013083726,-7.718112e-05,7.624256e-06,7.366233e-05,-0.00021367788,-7.6027565e-05,0.00019004707,1.6268406e-05,0.00010611019,7.83955e-05,4.292705e-05,0.00015452315,9.038466e-05,-4.396351e-05,4.125885e-05,0.00015346808,0.00013422863,6.662782e-05,0.00011989861,0.00014185866,5.1901046e-05,8.024168e-05,-0.00015541664,4.795364e-05,-3.582725e-05,9.964805e-05,5.6857192e-05,0.00011970667,7.93917e-05,0.00026643992,-8.238619e-06,-1.9772277e-05,0.00013539322,-9.735734e-05
T453_EGFP,-1.2000086e-05,-6.525935e-05,8.5472726e-05,-3.3130564e-05,5.650356e-05,0.00015912653,0.00013643625,5.9172296e-05,0.00021050152,0.00013469743,-3.0919524e-05,5.0661572e-05,1.0928507e-05,0.00013921755,-8.0088495e-05,9.786012e-05,6.425237e-05,8.0041165e-05,3.519748e-05,-0.00012067312,-0.00016668638,-0.00010710627,0.00014939651,3.7800568e-05,-0.00010806897,2.5883377e-05,0.00011284378,0.00011834434,-2.94683e-05,2.7796956e-05,5.5730925e-05,0.00010516842,1.1037772e-05,-1.06850675e-05,-6.4906824e-05,-8.2369705e-05,0.00018353833,2.3005881e-05,0.0002529001,0.00014686116,0.00012296469,-3.999509e-05,6.224731e-05,1.1232295e-05,2.924412e-06,0.00022287987,1.8166476e-05,7.7017554e-05,-7.176026e-05,0.00012588224
T336_EGFP,0.0001986343,8.221169e-05,-0.00020771145,0.00021297643,1.0613411e-05,-7.511563e-05,0.000121210054,8.090946e-05,-4.3225642e-05,4.6281002e-05,3.3060947e-05,-0.00015638507,3.8768463e-05,0.00016088173,-6.993924e-05,-0.00017463356,-8.0915874e-05,4.2258613e-05,8.912779e-05,-2.1174355e-05,-0.00015710834,2.3153883e-05,0.000112371396,-0.00019989192,2.236065e-05,0.00018934913,-1.3708098e-05,-0.00010055422,3.5047156e-05,9.1160706e-05,-9.4550596e-05,-1.0874854e-05,-1.0486767e-05,0.00010108469,0.00015223482,1.6723472e-05,5.323878e-05,0.0002874603,-3.7842736e-05,3.988007e-05,2.2867833e-05,-1.6018645e-07,9.438058e-05,-9.4410134e-05,7.63288e-05,8.3532274e-07,9.808322e-05,0.0001619175,-0.00022039765,-0.000117375734
T628_EGFP,0.00024574975,4.2022246e-05,2.8007611e-05,-6.3404266e-05,1.3955663e-05,3.2077605e-05,-6.968417e-05,0.00013293438,0.00013694957,-5.8988284e-05,0.00019003119,0.00019913526,7.559497e-05,0.00017580317,-1.3247348e-05,-0.00012722838,1.031786e-05,-4.2929816e-05,1.1392746e-05,0.00010871909,0.00012523994,5.2203017e-05,3.5615943e-05,4.6009995e-05,0.00016045116,3.1912055e-05,0.00012488119,-4.532614e-05,1.6147309e-05,-1.2399572e-05,3.925851e-05,-0.00015777448,-0.00013423242,-2.5531768e-05,3.0345904e-05,5.1131134e-05,3.5464705e-05,-4.0669307e-05,0.00011607009,-4.6681762e-05,0.00029858982,-7.0350485e-05,-3.473491e-05,0.00011181611,2.1916774e-05,5.989362e-05,0.00010592809,9.805281e-05,0.00010752742,0.00025311654
T99_EGFP,1.7910852e-05,-0.000159783,9.308914e-05,0.00018278885,-8.926435e-06,0.00019764256,-9.266892e-05,0.00013381659,8.2612337e-07,-4.793219e-05,0.0002565905,0.0001313574,-2.0749298e-05,6.177743e-05,0.00012376912,-0.00014800763,-0.00019023572,0.00014653477,-4.2734013e-05,3.489591e-05,0.00022747835,4.741385e-05,0.00011540056,6.0478746e-05,-7.619223e-05,1.1941888e-05,-0.00010437495,-4.464194e-05,4.4662494e-05,-4.0602707e-05,3.40934e-05,4.337571e-05,2.8450228e-05,0.00013567379,0.00017328697,-3.6836213e-05,0.00014014557,7.9383026e-05,0.00022935987,0.00020366964,-7.709597e-05,-0.0002278501,-7.920313e-05,0.00027125308,-0.00012524589,-7.089745e-08,1.0780841e-05,-4.2577063e-05,-0.00013544655,2.1130845e-05
T206_EGFP,-0.00010748791,7.969588e-05,4.2261323e-05,2.6222784e-05,-0.0001737591,-0.0003026593,-0.00018602556,0.00020813978,-0.00015686099,-1.7969545e-05,4.327464e-05,-3.470729e-05,1.7323642e-05,7.5835414e-05,8.924555e-05,-1.0421171e-05,-2.4403473e-05,2.6463471e-05,6.824047e-05,-0.000103845494,0.000121488,-0.00022097677,6.0795574e-05,-0.00010593341,-3.787443e-05,0.00018088448,6.1931474e-05,4.1868327e-05,0.00013265174,4.4762313e-05,0.0001824865,0.00017867646,6.954071e-05,9.773072e-05,6.381738e-05,2.8951665e-05,-5.5821096e-05,0.00012298903,7.488793e-05,0.00010685403,2.123493e-06,-0.00025200986,-4.4580916e-05,-3.6494523e-05,0.00010242073,5.011839e-05,0.0001142569,8.830125e-05,2.6165393e-05,0.00018153885
T263_EGFP,-2.5391733e-05,7.3878746e-06,-7.5524855e-05,0.00013477264,0.00015822769,-1.877934e-05,5.064004e-05,0.00010442804,0.00027579523,-2.9755487e-05,4.634557e-05,-0.00010893428,-0.00017064452,7.6447046e-05,1.0640895e-05,0.00014907372,0.00017366602,-0.00022032797,-6.6376844e-05,-8.5994834e-05,6.9038406e-06,-0.00011122003,-0.00013839554,-0.00013326312,3.308835e-05,1.1566434e-05,0.00011269048,6.452616e-05,0.00012313701,-0.00014478705,-0.000115140916,-0.00010903343,7.76542e-05,-0.00013959853,-9.580799e-05,-0.00010461277,0.000119810335,2.038578e-05,-7.367952e-05,9.9307275e-05,6.575056e-05,0.0002173678,9.74273e-05,-0.00012564231,2.5434158e-05,9.346679e-05,-3.426981e-05,6.17475e-05,1.6781103e-06,5.2691197e-05
T66_EGFP,-5.826847e-05,-3.2807944e-05,3.4717465e-05,0.00021761796,9.885458e-06,-1.3064892e-05,-8.2902596e-05,-8.269233e-05,-2.4426154e-05,-3.7183487e-05,-4.9960094e-05,-0.0001958417,0.000110829176,3.961653e-05,3.50818e-06,0.00012947219,6.170356e-05,-2.784179e-05,-3.4220022e-05,-2.6185297e-05,-5.2725572e-05,6.698698e-05,1.07038995e-05,8.650077e-05,-4.3576998e-05,0.0002005579,0.00023727502,8.1006096e-05,-0.00011050563,0.00020871255,-4.6209563e-05,0.00015431212,0.00010541709,-4.521425e-05,-4.9384125e-05,4.6726946e-05,3.373354e-05,3.647222e-05,-4.9125334e-05,0.000121238736,0.00012911404,9.465093e-06,0.00013414989,0.00017444736,-2.0591711e-05,-8.42257e-05,5.9586375e-05,0.00018978858,-2.4563748e-05,-0.00023545013
T672_EGFP,0.00016965532,-1.3902426e-05,-9.627378e-05,-6.5012514e-06,-0.00011625094,4.5567813e-05,5.1511754e-05,0.00025268432,-2.126288e-05,-3.9261267e-05,-2.1157264e-05,3.750019e-05,0.00013599175,-0.00015322189,-7.788624e-05,0.000107015716,-6.4647975e-05,0.00012048842,4.660434e-06,1.9884348e-05,6.169341e-05,-4.0379953e-05,-0.00013117916,-0.00017598901,-7.131114e-06,4.070116e-05,0.00020689752,1.2586393e-05,-1.3272751e-07,7.463091e-05,6.326362e-05,1.5834536e-05,-6.888888e-05,-4.052369e-06,-4.6313653e-05,5.865458e-05,-0.00013146532,6.5098047e-06,-2.608238e-05,0.00020215097,0.00013206947,5.5777768e-05,7.649492e-05,-9.157754e-05,-0.00022271297,-4.5234567e-05,-8.877797e-05,7.9628124e-05,7.1287424e-05,5.226023e-05
T511_EGFP,-0.00017862242,3.2715438e-05,8.6763e-05,-2.7431346e-05,-1.3590924e-06,4.1459898e-05,1.4283634e-05,4.700801e-05,0.00014271605,0.0002750875,0.000102107486,-0.00010986346,9.374944e-05,0.0002152636,0.00012015454,-1.0857472e-05,0.00012091973,-3.919514e-05,0.00022569564,9.804561e-05,-2.3761826e-05,8.100621e-05,-4.0165985e-05,0.000116254865,8.704985e-05,-1.00036395e-07,9.642146e-05,-6.6589455e-05,8.926047e-05,0.00012859266,-0.00012756471,0.00022076291,5.7357964e-05,0.000343911,1.6442935e-05,1.4532816e-05,5.5212036e-05,-2.1087587e-06,-5.1806288e-05,6.85943e-05,6.3746294e-05,-2.9583276e-05,2.0092197e-05,-1.2982528e-06,7.039723e-05,-2.69916e-05,-2.4296673e-05,6.687232e-05,0.00019064339,2.633756e-07
T449_EGFP,-1.7349952e-06,0.000104871746,9.7485114e-05,8.2029226e-05,5.4563297e-05,0.00016342924,-0.00016899018,4.9020964e-05,1.2281709e-05,4.54652e-06,-0.00016993778,1.1680803e-05,-7.3790056e-06,1.468245e-05,3.547349e-05,8.72111e-05,6.823314e-05,8.7984736e-05,7.409401e-05,-2.5650406e-05,9.76315e-05,2.508636e-07,0.00014893782,0.00024340664,2.6879825e-05,1.7866443e-05,-3.716684e-05,5.0979233e-05,-2.842023e-06,-8.9226865e-05,-4.377488e-05,8.812691e-05,0.00014207223,4.4107976e-05,2.9325043e-05,0.00014062428,5.532494e-05,4.042279e-05,0.00015730568,-0.0002207386,0.00012519998,1.6111744e-05,0.00014780147,1.1191928e-05,-7.9492474e-07,-3.5849254e-05,-1.5379223e-05,-0.0001829183,-2.6352698e-05,0.00010564626
T519_EGFP,-7.2596995e-05,-4.3974607e-05,-4.6807516e-05,0.000106117244,5.7683443e-05,1.2526122e-05,0.00013116733,0.0002199051,6.823951e-05,0.00014995928,5.390166e-05,0.00014853291,0.00016930408,-3.3972152e-05,9.685081e-05,9.602452e-05,0.00025919473,-4.442005e-05,-6.015851e-05,-0.00014537298,7.843749e-05,5.014755e-05,6.701976e-06,-4.173644e-06,4.9896375e-05,4.2162815e-06,0.00013466111,0.00019319345,0.00011492223,0.00020423385,2.1174676e-05,1.4210305e-05,-0.00026232368,9.67945e-05,6.431685e-06,-4.670216e-05,0.00014567595,0.00012094137,7.0457527e-06,-5.5111697e-05,-1.8800896e-05,-8.7313776e-07,3.938664e-05,1.6738279e-05,0.0002684483,-1.2034567e-05,6.3755238e-06,-7.671235e-05,0.000120657896,0.00011923263
T183_EGFP,8.441432e-06,-1.3140885e-05,0.00013492617,7.155966e-05,1.7209653e-05,0.00022830183,0.00010336208,8.532175e-05,0.00012906447,0.00017897371,7.102788e-05,-3.9432674e-05,-6.993979e-06,2.638319e-06,-8.238446e-05,2.0177431e-05,-9.248148e-05,-9.8259516e-05,-6.3475613e-06,3.3521057e-05,-7.5220276e-05,-2.656874e-05,3.8912414e-05,-0.00030885154,-7.2764866e-05,-0.00012302687,6.2510546e-05,-6.9184725e-06,-0.00018849896,7.865501e-05,9.697511e-06,4.3360214e-05,-0.0001050385,0.000104714534,0.00017237758,6.910106e-05,0.00025964886,-8.485171e-05,-0.0001976622,9.905379e-05,6.3704516e-05,-6.1249906e-05,0.00018597383,8.316385e-05,-2.6741611e-06,1.5528976e-06,1.0514713e-06,-7.010511e-05,-2.7472124e-05,0.00016994521
T411_EGFP,0.00014587236,0.00017089813,6.886369e-05,-2.7783128e-05,-2.0529812e-06,-5.5042106e-05,8.217234e-05,0.00018539079,0.00011575484,0.00011109742,6.3036845e-05,5.968311e-05,2.6738644e-05,-5.615646e-05,-4.5193545e-05,-0.000114550014,6.191647e-05,1.7993137e-06,-6.4415304e-05,2.1454127e-05,0.00010705986,5.6128105e-05,-7.189275e-05,-5.6656213e-06,0.000109446766,7.905229e-06,0.00016021213,0.00010508054,0.00013995325,-8.23339e-06,4.1110205e-05,-0.00013550391,8.385201e-05,-5.79673e-06,7.586243e-05,0.00014757154,0.00024575804,-2.3493518e-05,1.5161866e-05,-1.3020665e-05,0.00012356983,-0.00022867211,-5.6057647e-06,-0.0001628456,-0.00011182917,0.00017897299,-9.216848e-05,-0.0001565124,-0.00017020392,0.0003033899
T341_EGFP,0.00012699705,-6.6817294e-05,-7.550887e-06,-3.4151504e-05,-6.208383e-06,5.1702493e-05,-8.32509e-05,0.00023328708,0.0001406205,4.858265e-05,0.0001183241,0.00010990945,0.000101813195,4.0234365e-05,2.9592351e-05,-1.8486986e-05,0.00013581094,7.9121935e-05,-0.00011195176,-0.00017187404,-7.675901e-05,9.2584625e-05,0.00013295466,-1.6870279e-05,9.071203e-06,-0.00021444005,9.909117e-05,-3.0219036e-05,0.00018027317,7.473685e-05,-9.650624e-05,-2.712543e-05,0.00014826062,0.00021088652,0.00022978062,3.2300155e-05,-8.692889e-05,-2.0237267e-05,0.00017122,-2.8534208e-05,0.000260677,-3.4168193e-06,-0.0001988719,4.5074226e-05,-5.338762e-05,0.00014264105,5.453885e-05,0.000111279594,-0.00018967295,-5.1545492e-05
T285_EGFP,4.4011067e-06,-2.3598786e-06,-0.00029468752,-0.000121188685,-0.000114033726,3.827024e-05,0.00011349923,0.00012142756,9.8293756e-05,0.00021883105,-8.200946e-05,-0.00019991599,0.00019894655,1.1224439e-05,2.9431687e-06,6.5003944e-05,-0.00020392965,-8.374289e-05,5.5950673e-05,3.6177257e-06,-9.0188114e-05,2.8004617e-05,-9.140896e-05,8.301688e-05,-5.1771054e-05,9.147093e-05,-3.462488e-05,9.320207e-05,0.00022110177,-1.2292563e-05,-0.00013916315,-4.4492495e-05,4.8396152e-05,-8.495949e-06,6.423611e-05,-0.00026542527,-0.00013425204,-0.00011993974,2.7230355e-05,-4.9000766e-05,0.00010847069,-1.3624265e-05,-0.00014578985,0.0001267065,-4.695672e-05,0.000105148814,5.4096095e-06,-7.776744e-05,-2.8479135e-05,-7.770128e-05
T305_EGFP,0.00036352934,4.3072127e-05,-0.00016378166,-5.4169126e-05,0.00023896845,5.5856544e-06,9.666228e-05,3.3845055e-05,3.059333e-05,-0.00013819533,0.00012996426,0.00013364697,6.17896e-05,-0.00011460143,2.2302962e-05,4.6728173e-06,-6.373841e-06,-7.892184e-05,-0.000107279935,-0.00019098808,9.915618e-05,1.2870606e-05,5.1940584e-05,-4.174932e-05,-0.0001701259,-8.454138e-05,2.5744454e-05,0.00011507638,0.00015986763,-6.347058e-05,7.401608e-05,0.00019324388,0.00012938047,6.836011e-05,8.891807e-05,-3.1067542e-05,4.958448e-05,-6.917826e-05,4.991714e-05,-0.00011787094,0.00023097529,-0.00017625724,5.415161e-05,9.141073e-06,0.00030099083,9.056145e-05,-1.6016768e-06,-3.9269446e-05,2.2809074e-06,0.00013664941
T563_EGFP,5.2441683e-05,-9.7083444e-05,0.00017583375,-8.8078916e-05,9.780755e-05,-6.444722e-05,9.1317444e-05,6.230566e-05,4.8587055e-05,0.00019345852,-5.898224e-05,3.707421e-05,9.121754e-05,-0.00013189991,-9.266866e-05,2.9927234e-05,9.334457e-05,0.00014651612,0.00020425582,0.00011349185,-3.6628884e-05,-5.518671e-05,-3.113076e-05,-9.903259e-06,-8.345246e-05,3.790628e-05,0.00012902335,-1.3788429e-07,1.6102225e-05,5.094321e-05,-2.2616507e-06,3.7575945e-05,0.00014644644,3.7108304e-05,4.7139187e-05,-0.00012347162,-8.675482e-05,0.00013161266,-0.00016536396,-9.637882e-05,1.330089e-05,-7.838045e-05,-7.0892405e-05,0.00013573925,6.477222e-05,-5.2889744e-05,-0.0002135353,0.00018773813,-0.00018289534,-8.9296766e-05
T658_EGFP,0.00022915986,2.3149692e-05,-2.3581522e-05,-2.9049972e-06,0.00019174378,-7.644519e-06,0.0001580815,0.00020180615,9.327922e-05,-6.90487e-05,0.00015130892,-5.175232e-05,-0.000293358,8.3546445e-05,0.00020725693,0.00022918453,-1.8017143e-05,1.4800573e-05,3.875525e-05,-6.6162924e-05,7.068119e-05,-3.074851e-05,0.0001441027,0.00019221687,6.662799e-05,1.6846647e-05,2.0580846e-06,-3.403958e-05,0.000104547165,6.2360596e-05,0.0001238294,-3.26764e-05,-0.00011189702,7.985598e-05,6.3163952e-06,-1.4001037e-05,1.2925514e-05,9.7239645e-05,-5.7755973e-05,4.051582e-05,8.365048e-05,9.984089e-05,0.00012150888,5.6055775e-05,-8.058654e-05,-2.8685221e-05,1.956629e-06,3.0366333e-05,-3.1617405e-05,-4.7516678e-05
T439_EGFP,-6.364968e-05,0.00020352245,0.00019748493,-9.618994e-06,-7.505875e-05,5.896867e-05,3.0318273e-05,-2.6730531e-05,7.707228e-05,-2.2543718e-05,8.433875e-07,-6.412562e-05,0.00020759617,-0.00016541843,0.00015649541,0.0001092583,0.00012615844,-4.7642316e-05,-1.4099288e-05,6.2500745e-05,9.665134e-06,3.410176e-05,0.00014700044,7.5180156e-05,-3.68223e-06,-1.5769181e-05,1.2033954e-05,4.079402e-05,-0.00025312096,0.00017261531,0.0001808365,7.85408e-05,0.00015090093,4.743997e-06,-1.9007168e-05,9.869563e-05,6.662509e-05,-8.320354e-05,6.5709195e-05,-1.4823525e-05,1.7721293e-05,-8.350102e-05,-2.9349716e-05,-4.9642473e-05,6.950953e-05,-8.0488055e-05,9.9838755e-05,4.899643e-05,9.7727585e-05,0.00014510269
T334_EGFP,0.00029406522,0.00011080407,0.00029422177,2.9099912e-05,-1.851795e-05,-4.880883e-05,-0.000109439294,1.8649564e-05,0.00012975447,0.00015592105,0.000116564224,4.4359233e-05,1.3523936e-05,2.0753332e-05,-3.033532e-06,0.00025705775,7.886574e-05,4.588227e-05,6.973873e-05,0.00019404547,-9.757262e-05,0.00021027682,4.5756056e-05,3.769636e-05,7.70169e-06,6.0619004e-05,7.821241e-05,0.00015821808,-8.008728e-05,-5.4046424e-05,-7.273689e-05,9.8466364e-05,0.00015141688,8.3146704e-05,0.00010512577,5.7063142e-05,0.00016487429,-9.1885544e-05,0.00013510766,-3.3375459e-06,-0.000112019006,1.109881e-05,0.00011818406,5.836154e-05,0.00025327993,3.6500544e-05,6.551095e-05,1.6564692e-05,0.00015073818,-0.000113223396
T73_EGFP,-3.2034597e-05,0.00013625954,-7.2641647e-06,-1.9482859e-05,-3.8020964e-05,2.6015276e-05,6.1897204e-06,2.7293789e-05,-9.4615396e-05,-2.7659902e-05,0.00018251431,-4.7919137e-05,0.00016719877,1.2261454e-05,-0.000121029116,-2.5231091e-05,-3.0256931e-05,0.00021745102,-0.00018453457,-7.7917284e-05,0.00012400487,-3.754632e-05,-0.00012475708,-5.7371373e-05,4.4324628e-05,0.0001869445,-5.4466676e-05,0.00015914213,0.00010214484,-9.955375e-05,-2.7943328e-05,3.7616046e-05,-1.6884387e-05,-0.00019971337,0.0001018537,0.00016270514,0.00016239351,-0.00017697642,-5.7176735e-06,0.00020106009,0.00019498297,6.9462665e-05,-3.016883e-05,-2.7583756e-05,2.2113167e-05,-0.0001477847,-3.9060782e-05,-4.773827e-05,0.00022919876,0.00018197419
T187_EGFP,-0.00010364446,7.084285e-06,8.613106e-05,3.9541694e-05,9.362367e-05,-5.880858e-05,-0.0001490217,0.00016800394,-3.0665393e-05,6.357306e-05,3.18012e-05,9.1707276e-05,-0.00013096828,6.551717e-05,0.00018013422,0.0001831469,4.9674953e-05,-4.6977708e-05,-9.403894e-06,-3.2767344e-05,6.334081e-06,-1.4591946e-05,-2.6075046e-05,2.1471156e-05,8.458703e-06,3.900141e-05,0.00022366809,3.7132733e-05,0.000104582345,0.00026905077,-8.8275796e-05,3.3193366e-05,-7.325999e-05,0.00023271519,0.00020436852,0.0001391637,-0.000109255154,9.022292e-06,7.058097e-05,2.863881e-05,8.967136e-05,0.00012998848,9.490594e-05,7.695122e-05,4.5759403e-05,7.575017e-05,-4.60211e-05,-7.113606e-05,4.3181085e-06,-8.816773e-05
T344_EGFP,0.00014727094,-4.7604786e-05,-4.692473e-05,0.00012014179,9.8615776e-05,5.7109726e-05,1.3822844e-05,-6.5464024e-05,2.9132252e-05,4.337414e-05,1.8574457e-05,0.00010166704,0.00017201844,0.00011034899,-6.663338e-05,0.00021070757,2.32884e-05,0.00020784677,0.00022375664,3.2164447e-05,2.232456e-05,-0.00011434923,0.00013360754,-0.00019317947,0.00016366965,3.488896e-05,-2.510005e-05,6.16568e-05,-4.891487e-05,-5.4527292e-05,6.94391e-05,8.81485e-05,5.452087e-05,1.8497465e-05,1.23745285e-05,-0.00016442497,4.071313e-05,-0.00012180628,0.00010939372,1.38473115e-05,-2.0428146e-05,0.00016696565,0.0001401457,-1.8527313e-05,0.00014040628,0.00014764744,-8.0772064e-05,0.00015729028,-1.7995124e-05,0.00025124184
T616_EGFP,0.00013922961,-0.00013165428,5.994772e-05,-5.2820455e-05,0.00012280789,-6.80298e-05,-0.00020272084,-8.182524e-05,-2.009629e-05,4.997944e-05,-0.00012073997,6.240348e-05,-0.000100440215,1.8630648e-05,2.516389e-05,5.7834823e-05,0.00014877532,0.00016433679,4.8251757e-05,3.6441947e-05,5.484698e-05,-1.2583621e-05,9.577707e-05,0.00033307713,0.0002945946,0.00021052109,0.00011948883,6.222794e-05,-6.673698e-05,-2.2971019e-05,0.00017247746,5.1783358e-05,4.628525e-05,-3.2891054e-05,1.3338054e-06,0.00012455089,-6.777312e-05,5.1653435e-05,8.74418e-06,0.00012622314,-1.9348865e-06,3.8227783e-05,-0.0001626909,4.4700573e-05,6.224351e-05,3.2430373e-05,2.6462747e-05,0.0003090572,-0.0001823467,-2.6106261e-05
T666_EGFP,0.00020555004,9.622713e-05,1.2460765e-06,0.00016280249,-9.2909395e-05,0.00018211725,-1.3807608e-05,0.00019972638,0.00012964912,5.2015574e-05,-8.249843e-05,-0.00011523206,-9.177381e-05,-0.00016194965,5.9712456e-05,5.5620312e-05,-8.5132015e-05,7.542819e-05,-0.0001422146,4.8765167e-05,5.0311977e-05,-1.24948165e-05,9.215145e-05,0.00021078832,-0.000115195064,0.00010346402,-6.527025e-05,-9.2542934e-05,8.346401e-05,-4.3942164e-05,7.8084355e-05,-1.7294162e-05,7.2262475e-05,-4.0418017e-05,0.00011834674,-2.3297649e-05,6.771671e-05,-0.00012500705,5.2053205e-05,-5.4768272e-05,0.00010851025,-4.0965744e-05,-1.6843542e-05,4.7584796e-05,8.04466e-06,0.0002108597,3.5992398e-05,-0.00013602573,-0.000111427,2.0814652e-05
T219_EGFP,-1.4876488e-05,0.00015786912,0.00014189216,2.8897766e-05,0.0001447152,-1.8026695e-06,-6.846652e-05,0.00011616554,-0.00010943996,7.719785e-05,1.4372838e-05,0.00014199784,0.00017026452,3.09176e-05,-4.5266373e-05,0.00017995882,9.184009e-06,-9.6061936e-05,-1.828809e-05,0.00010338176,-4.323545e-05,8.110903e-06,7.638863e-05,0.00012570784,4.3167085e-05,4.228081e-05,6.177598e-05,0.00017328474,-5.4054675e-05,0.00018125982,5.618893e-05,0.00010819788,-6.757309e-06,0.00014630808,-1.4819366e-05,2.8907967e-05,0.00027822712,0.00017713342,-6.275403e-05,0.00013917315,-0.0002057942,-0.00010426109,4.1805086e-07,0.00010125805,-7.0552414e-05,-0.00018410843,-6.0081506e-06,-8.0961174e-05,-0.00014456306,5.080752e-05
T491_EGFP,0.000101369675,-1.2430966e-05,-7.557624e-06,6.9946494e-05,4.625542e-05,0.00018675151,0.00011682685,3.7833943e-05,-0.00014146567,0.00012662204,-2.7266151e-05,0.00026163258,-8.07254e-05,0.00018788487,6.5703185e-05,6.555571e-06,5.3447704e-05,-1.3521226e-05,-2.8766184e-05,-6.6054226e-06,-0.0001272658,-7.7548415e-05,0.00022217959,7.3489095e-06,-8.991306e-06,-4.9748458e-05,4.486466e-05,-2.823033e-06,-0.00011273216,-6.2621395e-05,6.217757e-05,7.2854036e-06,-0.00013380815,-6.7709348e-06,6.812617e-05,-2.5963927e-06,2.8041952e-05,0.00011429419,-0.000258379,-2.2749442e-05,5.5400287e-05,0.00012601903,-0.0001869915,7.259905e-05,2.2781405e-05,0.00023174712,-7.939611e-05,0.00016437516,-1.5676442e-05,-1.5372147e-05
T556_EGFP,0.00015653593,0.00018493667,-2.0680018e-05,-1.9973637e-05,0.00014268335,6.778192e-05,-2.892768e-05,0.00018184107,0.00014721397,-2.7584347e-05,-5.0397255e-05,0.000110649686,0.000102699894,0.00021380813,6.2000516e-05,-4.3229407e-05,-1.5992362e-05,0.0001096901,-2.944103e-05,2.9991663e-05,4.2334654e-05,9.106158e-06,9.2446035e-06,3.9873703e-06,4.6352157e-05,5.988962e-05,-0.00012036153,0.00014884872,5.6735335e-05,-4.0372324e-05,0.0001242408,6.772579e-05,0.0001818491,0.00011388922,-4.762154e-05,-4.644233e-06,8.763902e-05,0.0002014018,4.9224047e-05,-5.4628494e-05,-3.5217683e-05,0.00030178894,0.000101870086,4.2103584e-05,0.00013609618,-0.000106048,0.00023199216,0.0001856483,0.00014465106,9.84539e-05
T393_EGFP,-5.952344e-05,-0.00010211395,-1.0092505e-05,0.00010276417,0.0002276742,-8.803101e-05,-1.979341e-05,0.0001798109,7.449446e-05,-8.128038e-06,2.0723777e-05,1.8873778e-05,-0.00014048917,-1.19143415e-05,0.0001790343,5.760179e-05,4.5431487e-05,0.00013503616,-0.00013387417,-7.0240014e-05,0.00021100267,-1.13609385e-05,-0.00021481943,0.000101146405,-0.00013884842,-8.7212225e-05,-2.9798211e-05,-0.00013342484,5.0492265e-05,-4.079203e-05,-0.000108744374,-7.659085e-05,-9.721658e-05,0.00010820792,5.6339493e-05,8.433648e-05,7.5765674e-06,-0.000101556085,-0.00015363903,-0.000100127996,-0.00016017827,-0.00019827757,0.00011283987,-0.00014033026,3.6854723e-05,6.90783e-05,7.304621e-05,7.175966e-05,-7.911279e-05,-0.000104452454
T180_EGFP,-5.853639e-05,5.5234737e-05,2.1982562e-05,-0.0001126315,-5.9182163e-05,0.00016735488,0.00021908562,0.00018117079,1.4230265e-05,3.6741927e-05,0.00015001118,-1.665881e-05,0.00010397063,-1.98072e-05,6.566109e-05,7.708792e-05,-0.00011205109,0.00013842799,3.6819285e-05,-2.0204361e-05,0.00013871246,0.00011210546,6.46873e-05,4.7939055e-05,2.1383215e-05,-0.00011027758,-0.00015432794,-7.840152e-05,0.00022999695,2.244833e-05,4.0188377e-05,-8.553578e-05,2.8303359e-05,-9.803275e-05,0.00020853113,0.00012600688,0.00013696017,-0.000117468946,-8.8057546e-05,-8.32053e-05,3.7249923e-05,-9.834298e-05,0.0001394501,2.1807522e-05,1.1485395e-05,2.7655387e-05,-4.7476682e-05,0.00018890302,-9.47293e-06,0.000111288326
T669_EGFP,0.00016695418,2.5664523e-05,7.436654e-06,5.144969e-06,8.1961836e-05,4.534481e-05,0.0003052184,-8.825489e-05,-6.857476e-05,9.169728e-05,8.724408e-05,-2.8703953e-05,3.360935e-05,-7.318916e-05,9.97516e-05,-9.881167e-05,-3.9933988e-05,5.842092e-05,-7.08004e-05,5.2724976e-05,-0.00016455128,0.00015281592,-5.5310534e-06,-4.2485775e-05,0.00012517531,0.00016606496,7.059723e-05,0.00011681323,-2.1711088e-05,1.0721371e-06,-0.00014926417,3.57656e-05,-4.4901986e-05,-8.668158e-05,2.951433e-05,6.028585e-05,-0.00012088968,-0.00019240615,8.610434e-05,2.9685177e-06,0.00020638788,9.2105416e-05,-0.00012545787,-9.897312e-05,0.00017464624,-7.8886675e-05,1.4088278e-05,2.546117e-05,-2.3480281e-05,1.2169433e-05
T493_EGFP,0.00012555221,0.00012358466,0.00011946071,-0.00012362681,2.232129e-05,-3.9770348e-05,-2.860241e-05,-1.5877775e-05,0.00013215434,5.2290026e-05,9.354182e-05,-9.054324e-05,6.553827e-05,2.7442227e-05,0.0002335076,0.00013000908,1.7129065e-05,9.839475e-05,-2.2768241e-05,0.00010650569,0.00022244509,-4.7388407e-05,8.595363e-05,-2.5270027e-05,2.1278047e-06,-4.1322543e-05,-4.6705834e-05,6.659364e-05,6.4108494e-06,0.00017995622,6.5762615e-05,4.7453843e-05,0.0001148046,5.491825e-05,0.00020070648,0.00015224515,-5.909969e-05,0.00013183166,0.00026280436,8.239438e-05,0.000119942044,5.061099e-05,-0.00014873479,0.0001817362,-8.619098e-05,0.00016718176,-0.00021827473,5.2003445e-05,7.1453214e-05,-6.4677355e-05
T547_EGFP,-0.00013333428,0.00012507617,5.525568e-05,-0.000111747126,0.00011396516,0.00019214778,0.00020955749,-3.9808358e-05,6.875722e-05,0.00011869546,-1.5437929e-05,5.4905908e-05,1.2860241e-05,0.00023622709,0.000109161294,-0.00011742313,2.732555e-05,8.187604e-05,-1.9238436e-05,6.7520596e-05,-3.045009e-05,6.2327476e-06,-0.0001475532,8.8494846e-05,0.0002610431,0.00014609648,-0.000107860906,-0.000101024925,2.120554e-05,0.00023934834,-2.2069062e-05,0.00011945722,-7.0479524e-05,4.096516e-05,0.00019810193,-6.2575455e-05,0.00024698453,9.776632e-06,0.00011731105,0.0001600958,8.140468e-05,1.9782634e-05,6.2223146e-05,1.833118e-05,-8.106678e-05,-7.999823e-05,0.0001244649,-2.0295884e-06,0.000122037396,-7.672999e-05
T29_EGFP,-8.058024e-06,0.00014189584,7.276515e-05,-0.0002799855,-1.7241333e-05,2.663217e-06,6.637929e-05,-9.883902e-05,2.9323326e-05,-2.0253224e-06,0.00018909504,5.918584e-05,-5.0407352e-06,-1.0039288e-05,-4.3303478e-07,0.00011815873,3.166548e-05,-7.1887014e-05,-1.5469567e-08,4.048952e-05,-4.0383024e-05,1.541718e-05,0.00017165802,-3.318836e-05,-3.3242533e-05,3.3916214e-05,0.00022792857,-0.00011331328,3.2180484e-05,-5.544079e-05,-7.2012146e-05,0.00019112077,9.8073244e-05,6.398873e-05,0.00028324264,0.00015596022,0.00017573571,3.4663295e-05,-8.282084e-05,9.6499716e-05,2.6447753e-07,-6.918744e-05,0.00022688358,1.5335165e-05,0.00022802559,4.710108e-06,7.201635e-05,2.6385876e-05,0.00029636413,6.4803025e-05
T440_EGFP,7.0307924e-06,-0.000118767486,0.00025484132,-2.5901729e-05,6.9889666e-06,7.287971e-05,-1.6494927e-05,8.4532294e-05,3.4938355e-05,-1.4453843e-05,2.5095718e-05,-6.159021e-05,0.00010266772,-7.604718e-06,0.00028258853,-2.2997021e-05,2.4984174e-05,0.00016067228,-1.4367272e-05,0.00013278615,3.1551288e-05,1.3000324e-05,0.00015606632,-6.263085e-06,-2.1928583e-05,-3.6749094e-05,-4.946972e-05,-1.4664573e-05,-2.7768516e-05,-0.0002919193,0.00014482312,0.00017225869,0.00016854457,-3.536063e-05,2.5279276e-05,2.113788e-05,-3.504354e-05,0.00012078899,-0.00011149211,-3.3711185e-05,-2.0397107e-05,-5.4232805e-05,4.1402047e-05,4.1092862e-05,-2.0273143e-05,-3.7309983e-05,9.632706e-05,7.714227e-05,-1.32079485e-05,0.0001251187
T5_EGFP,-2.1596758e-05,-7.967627e-05,-4.0491122e-05,2.0807156e-05,4.0410658e-05,7.658424e-05,8.0948594e-05,0.00013486126,4.1838375e-05,0.00019781987,-2.590509e-05,-6.021215e-05,-0.00014068352,0.00028234816,0.00026118444,5.0725972e-05,6.839234e-05,6.528417e-05,0.000105350766,-7.2290284e-05,0.00010083098,2.2018221e-05,-3.8862494e-05,6.474931e-06,0.00011841276,-1.7573482e-05,0.00010648499,0.00017505544,7.839803e-05,3.9508774e-07,8.737181e-05,0.00011575782,0.0002989269,-9.921447e-06,-9.513976e-05,8.382249e-05,-5.7338002e-05,3.6394704e-05,0.00017105692,6.1752814e-07,0.00013178196,0.000111016096,-3.4126937e-05,0.00018838012,-3.345022e-05,-0.00018958101,5.1692907e-05,0.0003615717,0.0002531274,5.980698e-05
T52_EGFP,-5.411535e-05,-0.000105969106,-0.00013993791,0.00016544049,7.485522e-05,0.00014470164,3.1959826e-05,4.517149e-05,-5.704238e-05,-0.000109845554,-1.0107731e-05,7.7102095e-06,0.00022020403,4.371244e-05,7.20006e-05,0.00017828414,2.2840219e-05,0.000106527485,-0.00014729869,1.0793821e-05,-1.0955148e-06,4.469757e-06,2.789914e-05,-4.6405865e-05,2.4739817e-05,3.2614906e-05,0.000100193785,-4.220736e-06,7.38211e-05,4.138015e-05,6.720152e-05,-1.675343e-05,-7.588866e-05,0.00013758328,0.00018475627,2.1345928e-05,0.00020300718,7.840713e-05,9.654903e-05,-8.09277e-05,8.176834e-05,0.00011202021,-0.00016981536,4.6181198e-05,-0.000114422204,0.000101376616,7.546962e-06,7.885726e-05,1.8565619e-06,6.209018e-05
T255_EGFP,-3.326358e-05,-6.172929e-05,3.8741917e-05,9.513856e-05,4.888713e-05,0.00022962892,-0.00011041714,5.3901003e-05,-2.8711815e-05,5.8707967e-05,-7.732471e-05,3.4066667e-05,0.0002915181,0.00011649158,0.00015523571,0.00010243846,8.367092e-05,0.00027314704,4.184935e-06,0.00011127713,5.4287034e-06,0.00010116662,4.0312818e-05,-2.6324658e-05,0.00011476888,9.967438e-06,2.8845134e-05,5.8379148e-05,-0.00017405814,0.000113721406,-2.9605837e-05,0.00019148957,-6.5079084e-06,7.406019e-05,-4.740133e-05,4.6066532e-05,0.00020721764,0.00015831563,-0.00012401701,2.0576375e-05,-0.00014238898,5.9597176e-05,0.00012828532,0.0002462422,8.356051e-05,1.622099e-05,-5.51186e-05,1.9956662e-05,1.3177073e-05,8.0723956e-05
T113_EGFP,0.0001127582,6.1258426e-05,0.00016419496,-0.00016673528,-2.7139584e-05,6.9060654e-05,9.181882e-05,0.000100135505,2.2732818e-05,0.00027036437,0.00017802649,-4.5160225e-05,-0.00030502272,3.7584192e-05,4.8505426e-05,8.9523775e-05,6.128464e-05,4.189579e-06,-5.1897066e-05,-4.7035453e-05,-9.6911535e-05,0.00013951468,8.327231e-05,3.702228e-05,7.6188975e-05,7.970085e-05,1.7283695e-05,6.923476e-05,-0.00019391906,-0.00026402337,3.0090962e-07,-0.00012519807,8.914859e-06,0.000117996664,1.5040858e-05,2.123635e-05,-4.358799e-05,0.00014005412,6.964677e-07,-0.00027254454,0.00011129902,3.09857e-05,0.00021454357,-0.000159017,0.00022890515,-0.0001404836,-5.47601e-06,-9.4819625e-05,9.6235606e-05,0.00010107797
T590_EGFP,-1.2251859e-05,7.3210845e-06,-7.8096076e-05,-4.7797483e-05,3.639129e-05,0.000102047845,-0.00014601549,7.081482e-05,-5.842771e-05,-7.239264e-05,-0.00010933969,-8.572823e-05,9.756586e-05,7.0651713e-06,2.2898505e-05,2.6627826e-05,0.00013947899,2.5363219e-05,-2.3080298e-05,9.613096e-05,1.0391851e-06,4.3912787e-05,5.250017e-05,0.00015026501,0.00018712683,-2.4722936e-05,0.00019293705,0.00020226983,0.00017652848,-5.9651833e-05,3.1707323e-06,0.00011921876,5.629013e-05,-7.1446925e-07,-0.00015123257,3.157441e-05,-0.0001110703,-5.4362565e-05,-6.389817e-05,4.4935376e-05,0.00018007096,0.00017723179,8.635868e-06,0.0003449504,4.2805073e-05,6.509894e-05,-4.7219222e-05,4.5014152e-05,0.00020886862,-6.364652e-05
T448_EGFP,5.7580633e-05,9.6799005e-05,7.551352e-05,5.1626073e-05,-3.8465765e-05,-0.00020550935,-3.4828492e-05,-4.426632e-05,-4.61592e-05,-5.8118705e-05,-8.3958184e-05,0.00017195461,-0.00010300124,-3.9895524e-05,2.2578175e-05,8.810871e-05,0.00017598402,7.763682e-05,2.9801291e-05,4.0471044e-05,-8.0577614e-05,5.9721297e-05,0.00021606631,5.6115245e-05,4.389238e-05,-3.500745e-05,2.6770962e-05,3.7945378e-05,-8.515345e-05,0.00016988732,-7.432373e-05,5.741502e-05,9.173314e-06,9.271806e-05,6.7446695e-06,4.1154188e-05,8.2081846e-05,9.365318e-05,-0.00015985961,0.00014402029,0.00020562741,9.127588e-05,3.4018984e-05,0.0001626207,-8.5792286e-05,-0.000111893976,0.00010955943,-6.152057e-05,-6.676938e-05,-7.201773e-06
T199_EGFP,0.00024200653,9.729213e-05,0.0001661069,2.9454864e-07,2.9083243e-05,0.00012525955,0.000106680614,0.00012814243,-6.871895e-05,9.018386e-05,-5.7948822e-05,-0.00010165151,0.0001419808,6.2584884e-05,9.113415e-05,-9.268781e-05,4.5132936e-05,0.00013592924,3.971266e-05,0.0002502332,-3.4748693e-06,-5.6739456e-05,3.6327765e-05,0.00015252896,3.2738484e-05,0.000118941425,0.00020219763,-7.397841e-05,3.0217667e-05,0.0001001755,5.7927893e-05,0.0002585867,7.244916e-05,2.4290372e-05,-0.00011731528,-9.962031e-06,0.00018022223,3.6620688e-05,-9.287903e-05,0.00023346028,-2.8569518e-06,9.4585215e-05,0.00016999006,-8.089913e-05,5.3071435e-05,4.2993783e-05,7.7750425e-05,0.00012707595,0.0001880974,-6.49113e-05
T218_EGFP,-3.622418e-05,0.00014765779,4.537306e-05,4.7803307e-05,0.00011008238,0.000105397434,-9.19307e-05,0.00012082282,2.7235636e-05,4.438271e-05,0.000106119754,0.00017557845,-0.0001130701,-0.00013419925,-5.9062462e-05,0.00016009841,1.4621836e-05,-4.540757e-06,4.9586233e-05,4.266691e-05,3.9764236e-05,-1.5116994e-05,2.4407032e-05,9.984657e-05,9.0070374e-05,3.4076656e-05,-5.3756576e-05,-2.1918779e-05,3.9559953e-05,-9.393239e-05,0.00026276664,3.527392e-05,-0.00014445042,-3.0088431e-05,0.00015292312,0.000121077275,1.4765612e-05,0.00027123076,7.858575e-05,-6.66079e-05,9.658929e-06,1.3755095e-05,0.00023733085,4.5283752e-05,-3.5636283e-06,1.8020519e-05,0.00012583229,0.00016630458,-0.00026158764,6.836036e-06
T110_EGFP,-3.68569e-05,9.750667e-05,3.437496e-06,-7.648693e-05,-5.3149255e-05,3.273666e-05,7.408989e-05,-0.00014487193,0.00023937586,-0.00021207912,-0.00025614692,0.00019225878,6.561014e-05,1.1733538e-05,5.699819e-05,3.8713344e-05,1.717194e-05,-0.000100721394,0.0001681189,-0.00011544424,-0.0001134492,0.00016561757,8.9479865e-05,1.190687e-05,0.00015500063,-3.097937e-05,-0.00010840828,0.00011942686,-6.2807216e-05,-5.740707e-05,0.0002432896,0.00020369237,3.9664556e-05,9.419401e-05,-7.1852315e-05,0.00011848746,0.00015627421,1.3373135e-05,0.00012756516,0.00022753542,-7.021742e-05,0.0001678856,0.00012907141,-1.5911324e-05,0.0001040899,-0.0001139719,-5.51439e-05,0.00022049052,7.0605274e-05,-3.6609758e-06
T152_EGFP,0.00011781321,-0.00011829006,4.6948815e-05,4.1738855e-05,7.664473e-05,0.00014326324,-0.00010339039,8.797628e-06,0.00013432118,6.382647e-05,-4.7927933e-05,0.00015038019,8.561555e-05,6.678273e-05,-5.549781e-05,8.561892e-05,0.00014588468,9.013505e-05,-8.126096e-05,8.461739e-05,-0.00012861397,-2.5234109e-05,-8.763671e-05,-5.742821e-05,-5.9340287e-05,7.544184e-05,4.3892414e-05,0.00034353163,-5.191671e-05,0.00015458389,0.00015006114,0.00015861167,9.654707e-05,0.00023581179,-9.579531e-05,-0.00010743825,1.6793841e-05,-3.1342515e-05,-7.0852046e-05,-8.4764266e-05,6.370654e-05,0.00037668765,0.00012675617,0.00016442293,4.7649035e-05,2.9147903e-05,2.246702e-05,-3.2058775e-05,-7.0494384e-06,-0.00012130719
T214_EGFP,4.16522e-05,0.00017264357,6.713183e-05,9.00444e-05,0.00012831076,0.00011052542,-7.412574e-05,-8.015179e-05,0.00011329788,5.587451e-07,3.2270764e-05,-0.00020365477,-6.4372376e-05,6.164513e-05,8.166798e-05,-3.973611e-05,3.8619597e-05,0.00016536079,6.681628e-05,-4.531849e-06,0.0001247547,4.6656965e-05,-1.2605966e-05,-0.00017015041,0.00022667015,-4.5286106e-05,7.7378674e-05,0.00013678163,-0.00011669526,0.0002035481,0.00013694454,0.00016404717,4.9573813e-05,-2.7294376e-05,0.0002354618,-8.59366e-05,9.4475756e-05,2.6766393e-05,-9.368444e-05,0.00023000126,0.00017997874,-0.00024469846,9.542422e-06,2.909538e-05,-1.5771393e-05,7.119323e-05,-0.00015759385,-4.291448e-05,0.00019301298,8.177353e-06
T196_EGFP,5.4646447e-05,-1.8711684e-05,1.6687118e-05,5.6484332e-05,7.512211e-05,-0.00023685812,-0.00014745843,-5.575549e-05,3.5178073e-05,-2.6878763e-05,-3.1958905e-05,-9.389828e-06,0.00012731068,0.00014322197,6.0091905e-05,-1.5324398e-05,-0.00021985748,-2.5090229e-05,0.00014913049,-0.00021669295,2.6056507e-06,0.00013447106,6.983217e-05,-3.8824757e-05,1.1184446e-06,0.00028564068,0.0001193058,0.00010967155,5.8189657e-05,-0.00012335941,-7.638458e-05,2.9039165e-05,-8.5953645e-05,3.2872224e-05,-0.00012324672,-4.2574124e-05,0.00012521703,-0.00015197604,9.2187445e-05,0.00025070584,-3.541312e-05,0.00019477255,5.8155572e-05,-0.00014570916,3.590987e-05,5.8448995e-06,-0.00018190677,2.8902477e-05,0.00015258737,-2.2251572e-05
T343_EGFP,0.00012584767,-7.210918e-05,-3.463755e-05,-4.3762953e-05,0.00017180812,6.607286e-05,-9.101906e-06,5.306825e-06,2.2522208e-05,0.00017419313,0.00021493515,-1.2041065e-05,6.27454e-05,9.495505e-05,-0.00012821771,3.135349e-05,0.00010872096,-9.3780516e-05,0.0001284802,5.2746836e-05,2.9895882e-05,-9.6081305e-05,6.2425956e-05,0.00022892,-0.0001539391,0.00016762759,-0.0001420233,5.5778637e-06,-5.8879075e-05,3.7701862e-05,3.2285818e-05,-1.3704289e-05,-6.4189524e-05,0.00015936914,-8.516637e-05,2.8551362e-05,-4.9012895e-05,0.00019687787,-1.0739694e-05,-0.00028912892,9.2940376e-05,-4.5358905e-05,9.740417e-05,-2.829039e-05,3.5877663e-05,-6.375785e-05,0.0001758902,0.00014636476,4.0180345e-05,0.00014667971
T488_EGFP,5.8965154e-05,0.00013129947,2.846446e-05,-4.2745065e-05,0.00020714264,0.00010887009,8.1000646e-05,9.587855e-05,0.00016770084,2.2955535e-05,0.0001680009,-0.00012546655,-0.0001844972,0.00016288945,-6.454748e-05,0.00012296019,-6.985107e-05,-0.00014482363,8.597947e-05,2.9008059e-05,-8.209201e-05,-2.4783016e-05,-0.00010337816,-7.008038e-05,2.8971801e-05,-0.00011866064,-0.00018670494,0.00016949505,2.3298488e-05,-0.00012037143,-7.291007e-05,8.861477e-05,5.8949696e-05,-3.1471573e-05,5.5981465e-05,-1.366916e-05,0.00017234888,0.00014453428,6.548244e-05,-4.3471176e-05,-0.00027498158,0.00012352996,0.00023443282,-9.123231e-05,6.970559e-05,-2.9683495e-05,-0.00022489668,9.2342554e-05,-3.0486257e-05,0.00011094201
T122_EGFP,0.00021484123,-3.9092156e-05,0.00014723763,5.6638793e-05,4.2360916e-05,0.00014276532,2.0421627e-05,0.00023150914,-4.4062443e-05,5.243161e-05,0.00012483443,1.6771999e-05,-5.9086356e-05,2.5420245e-06,-7.5505246e-05,0.0001432648,6.223075e-05,0.00011768523,3.6297082e-05,-9.428968e-05,3.5864447e-05,8.963861e-05,0.00010005075,0.00019723758,-0.00020849978,-3.080506e-05,-2.747574e-05,0.00013667354,0.0001142037,-6.0274728e-05,-8.3306964e-05,-3.6183486e-05,-1.02459935e-05,3.342845e-05,-8.325907e-05,9.574039e-06,0.00015016182,-1.5144418e-05,9.677625e-05,0.00010311944,6.7357745e-05,-1.7005796e-05,7.680756e-05,-3.6626316e-05,0.000110052206,0.00016060792,3.2532622e-05,-0.00015701423,2.1167169e-05,0.00026394555
T299_EGFP,0.00038780077,-0.00019866446,6.190263e-05,2.5601474e-05,9.146604e-05,1.4555406e-05,0.00015158117,0.00018569986,-0.00012852263,5.8404778e-05,-4.0669524e-06,-8.619276e-05,-8.903637e-05,0.00015425046,-2.4307694e-05,0.00010338759,1.2591634e-05,-0.00010954175,-4.7525125e-05,-0.00010042824,-0.00013116392,2.8855147e-05,7.65158e-05,0.00021542207,0.00011540545,0.00021044773,0.00018591231,-4.6897654e-05,3.0134395e-05,-1.7000728e-05,-5.018896e-05,1.589616e-05,-6.341664e-05,0.00013856671,0.00021607544,-0.00014883063,-4.7371366e-05,7.464159e-05,0.00018085007,-0.00014126858,-1.0163499e-05,0.00013131785,0.00013332238,-3.6001602e-05,0.00012935813,-3.919166e-05,4.3903896e-05,-5.6784975e-05,0.00024421336,8.678849e-05
T450_EGFP,9.663153e-05,4.0996576e-05,6.520057e-05,9.6574826e-05,-0.00010048204,3.7651528e-06,0.00014328428,1.0239956e-05,-8.0707934e-05,-8.362174e-06,0.00014117094,3.0201188e-06,1.2795618e-05,1.0388432e-05,5.757058e-05,0.00011505132,-5.069905e-06,9.437884e-05,0.00015582841,3.8362898e-05,-5.103301e-05,0.00024561412,0.00016822545,2.9529527e-05,0.00015640318,-4.585117e-05,-1.8097871e-05,-1.9848232e-05,0.00018653422,0.00013285359,5.1942472e-05,-5.9819045e-06,6.0672162e-05,-4.9032486e-05,3.8103903e-05,7.318159e-05,6.9395435e-05,0.00012999281,0.00012134372,-1.987452e-05,0.00023799301,0.00015338509,0.00016069216,-1.1138074e-05,6.996691e-05,-5.352083e-05,-0.00010679115,3.7023612e-05,-1.7238929e-06,0.00012327383
T251_EGFP,1.2696442e-05,-5.2029696e-05,5.096792e-05,0.00011578027,-0.000110898654,0.0001181971,8.346098e-05,0.00033983737,-7.6191114e-05,9.4416326e-05,0.0001409212,4.2458338e-05,3.174603e-05,7.7074284e-05,-7.818041e-05,-0.00023114936,-8.8343855e-05,-5.8330603e-05,-1.3831829e-05,-7.361802e-07,2.4442767e-05,1.2826569e-05,9.075929e-05,6.6353285e-05,0.00016844641,-8.7984896e-05,0.00014216393,5.1614177e-05,-3.5442794e-05,5.18276e-06,4.0988783e-05,8.623879e-05,0.0001395479,0.00013823755,9.1718466e-05,3.825245e-05,0.0001341917,-5.2656483e-06,0.00020463338,0.00023790842,5.5585254e-08,1.6205337e-05,3.419383e-05,-7.8151315e-05,-0.00016346537,-9.211637e-05,0.00018544713,2.8492745e-05,5.87962e-05,-9.9062585e-05
T198_EGFP,0.0002036051,4.459122e-05,0.00011982122,0.00016039971,5.0734765e-05,6.495176e-05,0.00013206013,0.00013562574,0.00015990128,0.00010246167,9.61534e-07,0.0001526692,1.3306323e-05,-4.680501e-06,-0.00018315754,0.00010405769,0.00010523818,-0.00010345342,-1.4820405e-05,-4.488964e-05,-4.9596216e-05,9.042736e-05,-0.00019658131,-6.501941e-05,-0.00012372657,-5.04437e-05,-8.620816e-05,-6.309514e-05,-0.00011339554,4.713182e-05,6.0935643e-05,0.00016293977,0.00011349435,0.0003095719,2.720664e-05,-0.0001241941,-2.9859271e-05,9.5758114e-05,0.0001645916,0.000111849105,2.3574434e-05,3.415726e-05,4.3202097e-05,0.000113704795,-4.3304513e-05,1.45320855e-05,-0.00015605628,0.00017912684,-3.997376e-05,7.174923e-05
T330_EGFP,0.00019191328,0.00019676764,6.338516e-05,0.00023158945,-0.00022889234,0.00017924355,4.8010323e-05,-9.136204e-05,-0.00010494079,-5.3098474e-06,1.891988e-05,-0.0001233103,0.0001637779,-6.21403e-05,0.00010620722,4.7456568e-05,0.00013483826,-1.6523809e-05,5.1028233e-05,2.0869782e-05,6.508655e-05,-1.8079132e-05,9.077571e-05,-7.8843026e-05,0.0001421691,0.00012367686,0.000111179885,-1.2500097e-05,1.4652077e-05,-2.5812644e-06,-1.8335453e-06,8.515852e-05,-0.000119986624,0.00024374851,0.0001380866,-2.414424e-05,1.1104008e-05,0.00012504343,-2.6858356e-06,-1.28623105e-05,1.933965e-05,-1.0163514e-05,-7.335028e-05,7.691926e-05,0.000153856,-5.6437784e-05,3.2407686e-05,-3.830246e-05,-4.852194e-05,6.853404e-05
T345_EGFP,7.4811345e-05,-2.1599993e-05,-5.7308316e-06,-0.00011985963,0.00012032925,8.0852406e-05,9.612686e-05,-7.85354e-05,0.00013002711,-3.3436867e-05,4.408613e-05,0.00012313394,-8.5700114e-05,0.00023369626,8.328956e-05,0.00018326277,-0.0001609886,-9.3428534e-05,-3.637905e-05,-1.1227741e-05,0.00023824172,0.00016037165,8.634976e-05,-1.7931055e-07,-0.0001337634,-6.236412e-05,-8.717792e-05,0.00015936827,0.00012201716,-5.6154026e-05,-0.00010854113,6.116884e-05,-7.3408405e-06,-5.212301e-06,2.6584266e-05,2.3259303e-05,2.7607399e-05,5.4677603e-05,7.421046e-05,-0.000118228345,7.95311e-05,6.429583e-05,6.7696055e-05,-6.5920744e-06,0.0002609725,0.00021890925,2.961821e-06,0.0001802759,3.569755e-05,0.00023005148
T67_EGFP,-4.3341366e-05,-7.225648e-06,-0.00012368892,9.382851e-05,6.6468405e-05,1.801005e-05,0.000121542784,-7.183341e-05,0.00011923246,4.2555956e-05,5.373292e-05,-8.0299054e-05,5.496976e-05,0.00028930616,1.1806491e-05,1.4632751e-05,0.00016583131,2.0391137e-05,-0.00011116956,0.0001669709,-2.0181713e-05,-4.094808e-05,-2.5223995e-05,9.7849006e-05,6.698431e-05,0.00014248346,0.00013699551,-0.00018198193,1.908992e-05,4.618336e-05,1.6428927e-05,8.486218e-05,0.000107087646,4.4846747e-05,0.00017715708,-8.199152e-05,3.0280275e-06,1.2598556e-05,-0.00010290825,-8.00562e-06,-1.901542e-05,-6.9873146e-05,5.4465105e-05,0.00010082304,-3.8133392e-05,0.00010619421,0.0002605517,1.6123255e-05,0.00029703876,-4.4710327e-05
T371_EGFP,8.601647e-05,-3.9747676e-05,7.644635e-05,-4.121502e-05,-8.807544e-05,0.00012060868,-4.6290526e-05,0.00017802666,4.4214e-06,-3.0277463e-06,9.672158e-05,-8.538619e-05,1.8487734e-06,8.495504e-05,0.00017195477,4.6256417e-05,8.437338e-05,-6.738036e-05,0.00017810124,-0.0001327176,-0.00011994767,3.5243287e-05,1.6726503e-05,8.745602e-05,4.0733226e-05,-0.00010146111,4.416372e-05,-0.0002796969,5.940373e-05,0.00015609349,6.215934e-05,-4.4246233e-05,0.000108371125,5.017861e-06,1.2326929e-05,-5.8971138e-05,2.6828653e-05,5.8816742e-05,-1.0395569e-05,-5.921676e-05,-5.1956646e-05,0.00010714532,0.00026518732,-3.847545e-05,0.0001031619,-0.00012427624,0.00014834893,-4.75297e-05,-7.5189346e-05,-5.1884817e-05
T157_EGFP,-8.150299e-05,9.81343e-05,0.00012768432,0.000102351056,3.4985565e-05,9.521099e-05,4.5793236e-05,0.00020490559,-2.220984e-05,5.5777087e-05,-0.00022034267,-0.000114051894,5.7108897e-05,0.00012979266,0.000112519876,5.3250285e-05,5.2115658e-05,-0.00015592243,3.5569825e-05,6.725435e-05,-5.7816833e-05,-3.1415715e-05,4.002783e-05,7.7540695e-05,-7.3482755e-05,0.00023005076,-5.8436104e-05,7.506312e-05,0.0002936662,6.476356e-05,4.397658e-05,0.00011309275,-0.000119555254,0.000106001455,-1.8050578e-05,8.830317e-05,-7.456099e-05,-1.79822e-05,0.00013080997,3.7748476e-05,0.00018656957,-2.3785199e-06,0.00016515388,9.720877e-05,8.1956496e-05,-4.8612634e-05,0.00013621191,-0.00015026852,0.00012340129,-6.815663e-05
T231_EGFP,-4.4249424e-05,1.2245782e-05,-2.054702e-05,3.3988046e-05,1.8500468e-05,0.00012375563,-0.00012292399,0.00024688983,0.000121288125,-3.9411043e-06,0.00011021316,5.572927e-05,0.00015714308,3.4301356e-05,-3.4385812e-05,-7.8108016e-05,0.0001538687,8.2722996e-05,-7.5542725e-05,-6.8183795e-06,7.776026e-06,-4.4797394e-05,-8.115388e-05,8.0230195e-05,7.300675e-05,7.9448975e-05,0.00017881817,0.00011247318,0.00012233664,-0.00013332602,-0.00027466234,-5.7324698e-05,-4.2653028e-05,-1.8887773e-05,9.908759e-05,1.1809487e-05,-6.812393e-05,9.532531e-05,-5.5421533e-05,-7.771741e-05,-0.00016470675,6.8213485e-05,8.138955e-06,-0.000109185574,0.00014171388,-7.707807e-06,0.00023690485,0.00014923062,-3.6590503e-05,-3.4112494e-05
T386_EGFP,2.781001e-05,-3.725803e-05,0.00014105359,4.943519e-05,-0.00022667434,-3.819459e-06,0.00024904005,-0.00011677993,7.240186e-05,4.9002778e-05,3.88565e-05,0.00019020603,-9.189672e-05,9.701904e-05,-0.00012384226,0.00012319742,-4.2460884e-05,1.9668773e-06,0.0002209276,-1.9349744e-05,0.00016112733,2.605251e-05,9.459658e-05,-0.00010810753,0.00012510858,-4.4256714e-05,-6.146651e-05,0.00015458775,-1.945579e-05,7.273762e-05,-0.00012538787,8.27651e-05,-0.00013397807,-8.6230546e-05,-3.2646167e-05,-7.743647e-05,-0.0001315111,-0.00016917354,-3.0653187e-05,0.00020317077,-2.0014593e-06,-1.245688e-06,0.00017417084,0.00030366622,2.7779135e-05,3.5853096e-05,0.00010467296,-0.000108577566,-5.4123855e-05,0.00012675668
T20_EGFP,6.7160094e-05,-0.00010622805,-3.9306407e-05,7.332139e-05,4.2171894e-05,0.00026965886,0.0002123295,-0.00019392723,6.644581e-05,0.00016085675,-7.188647e-05,-0.00014445987,-3.5804576e-05,-0.000117066746,5.3280743e-05,-0.00011649602,-5.1283615e-07,4.583387e-05,9.999085e-05,-3.4049805e-05,8.814258e-05,0.00010325091,6.7772984e-05,0.00015314738,4.6397803e-05,-2.6771171e-05,0.00010495129,0.00014748532,1.01814485e-05,-8.368742e-06,4.8134178e-05,7.713623e-06,1.9446195e-05,4.952759e-06,6.896917e-05,7.754431e-06,7.556099e-05,5.2417246e-05,2.2635788e-05,-7.455851e-05,-3.339486e-05,0.00017694806,0.000117003445,0.00013845901,6.509395e-05,1.3422679e-05,0.00012833423,-0.00023304397,0.00012174028,-7.5203294e-05
T429_EGFP,0.00011119269,-3.9165814e-05,-0.00010676927,0.00020805743,-1.1741204e-05,0.00014501903,-9.2807604e-05,0.0001036679,-0.00017871668,8.79633e-05,8.8410896e-05,8.3211526e-05,3.4369066e-05,-5.6660545e-05,1.0254079e-05,9.8025936e-05,-2.9444109e-05,-0.00024670074,-0.00020747459,6.133758e-05,-0.00015930382,9.123388e-05,6.300697e-05,0.00013591914,-2.770517e-05,7.70691e-05,-4.5402518e-05,8.675304e-05,-3.964352e-05,1.1800635e-06,3.1333335e-07,-1.8635332e-05,0.0001618404,4.134177e-05,3.8872025e-05,0.00018886257,-4.647439e-06,4.915786e-05,-8.374455e-05,2.4818906e-05,-3.3299162e-05,-0.00023813813,0.00012501582,0.00025600573,0.00012978741,-0.00016621279,1.9854791e-05,0.00010048152,6.520375e-05,0.00015751323
T16_EGFP,-5.5459677e-05,-4.5760564e-05,-7.741777e-05,0.00012126735,-3.413493e-05,9.97799e-05,5.180243e-05,4.749149e-05,0.00010881463,-6.378562e-05,-0.00013982765,9.338956e-05,-7.778634e-05,0.000259969,2.94348e-05,2.6862783e-05,0.00022973598,5.3182057e-06,0.00012946187,7.8398305e-05,-1.5842532e-05,1.3353396e-05,6.226521e-05,0.00012805221,-4.038781e-06,0.000121122444,0.00015894623,-8.3232306e-05,0.0001758122,1.9497302e-05,-5.4265493e-05,1.2416096e-05,3.5715926e-05,-4.6114834e-05,8.648744e-05,4.7905192e-05,7.52683e-05,-0.00014359564,8.084354e-05,-3.7212587e-06,-0.0002591497,-0.00010522883,-5.4059394e-05,8.253531e-05,4.5773442e-05,-8.402177e-05,4.5779867e-05,-0.00013710072,-8.7086104e-05,9.5778894e-05
T595_EGFP,0.000110506466,0.00014631922,-3.5601566e-05,-1.0086843e-05,-0.00010369519,-8.88405e-06,-1.8479035e-06,-0.00017843602,0.00011658836,8.4499174e-05,-7.248056e-05,0.00016414793,-2.08497e-05,-0.0001137739,-2.9069895e-05,-5.5832385e-05,-5.724346e-05,0.00017176225,5.0833565e-05,0.00013891715,-3.0226067e-05,-2.2322663e-05,0.00013779508,0.00021869656,-0.00019057441,5.6620767e-05,-5.2819356e-05,-6.481865e-05,-4.7338017e-05,-0.00014798681,4.6193367e-05,4.2099713e-05,-9.777189e-05,0.00015500044,7.8368375e-06,-3.3568165e-05,8.852825e-06,-0.0001204862,-0.00017265897,-4.4370074e-05,2.2630244e-05,4.8852802e-05,3.0067496e-05,-4.008539e-06,8.9468645e-05,3.740075e-05,-3.1384825e-05,-4.0743995e-05,-6.343708e-05,-4.76534e-06
T286_EGFP,5.862898e-05,-7.435978e-05,-4.3489912e-05,0.00011140861,3.2474327e-05,0.00022094436,-0.00024392076,6.176908e-05,0.00016830361,0.00024585766,-1.9196521e-05,0.00021469731,0.00012668638,4.1018506e-05,2.0605978e-05,0.00011495717,-7.239794e-05,-0.00016478151,2.8562266e-05,3.2658605e-05,8.191068e-05,6.901226e-05,-7.1592665e-05,8.756926e-05,0.0001191995,1.622734e-05,6.4823644e-06,7.033963e-05,0.00017916564,-0.00014211927,9.352861e-05,8.176825e-05,-8.863197e-06,5.784129e-06,0.00012495808,0.00023892205,4.625292e-05,-0.00016992619,-3.361878e-05,5.8841e-06,0.00010773035,6.720025e-05,-0.00022262747,2.2245491e-05,0.000106606676,7.235402e-05,1.686973e-05,3.3031876e-05,-1.3406239e-05,-9.380438e-05
T205_EGFP,-0.00016471978,5.600869e-05,-9.314847e-05,0.0002133062,-0.00018995916,0.00027249783,2.9510124e-05,-5.6180033e-05,-0.00015996768,8.794804e-05,0.00011477943,-4.439909e-06,6.303506e-05,5.282956e-05,-4.8537673e-05,-8.730129e-05,3.3181054e-06,-8.766846e-05,3.3182463e-05,2.3117336e-05,-0.00022173456,-0.00017105284,-3.2209227e-05,-8.02815e-05,7.9895275e-05,-6.1336315e-05,5.788727e-05,-3.8723025e-05,-6.2537154e-05,0.00023289416,-8.9826906e-05,0.00026279982,2.0140344e-05,0.00010663504,-0.00016205874,-3.486982e-05,0.00016443999,4.3800268e-05,7.365169e-05,0.00011857943,0.0001120358,-7.9480924e-05,-4.995298e-05,-5.9062666e-05,2.0567504e-06,0.0001433273,8.334292e-05,-8.9116744e-05,0.00023404472,1.9064088e-05
T269_EGFP,-1.9046473e-05,-7.538767e-05,-0.00015757231,1.2366709e-05,9.178129e-05,0.00010477957,-6.8765235e-05,0.00023947393,-0.00019442358,0.00019746444,-0.0001766348,-5.5240973e-05,2.4097477e-05,0.00021276825,-0.00015399492,-4.7518308e-05,2.98494e-05,0.00014966191,0.00012526252,9.508944e-05,-2.632074e-05,0.00011079228,9.2574584e-05,7.878092e-06,-1.2914353e-05,9.111911e-05,0.0001215711,0.00018577332,5.176656e-06,-6.426726e-05,-3.1178638e-06,0.00026850848,0.00015274347,-7.5074195e-07,-8.449913e-05,-4.8204816e-05,0.00022560915,7.1972972e-06,-6.720754e-05,-0.00011430263,-0.00012563475,-4.1509524e-05,9.562774e-05,5.678848e-05,-0.000112923844,0.00016532236,-8.5476066e-05,3.454637e-05,3.1781907e-05,-3.400382e-05
T458_EGFP,-2.739103e-05,-1.8454488e-05,5.6964596e-05,6.844537e-05,-0.00010486016,0.00010992434,-0.0001077658,0.00012811131,2.7355416e-05,-6.294635e-05,0.000108516884,5.5797915e-05,4.774783e-05,0.000101061,-8.1194616e-05,0.000100656536,3.423357e-05,0.0001363716,0.00013566266,0.00020050528,3.752561e-05,0.00010556719,-2.2258248e-05,-7.76197e-05,6.124558e-05,1.0529477e-05,3.686581e-05,-5.0753584e-05,-4.738343e-06,1.850016e-05,-2.5504934e-05,-8.645155e-05,3.2491753e-05,-0.0001166858,0.00014156621,1.5578195e-05,3.8576956e-05,-9.561584e-05,-7.3830466e-05,1.1219489e-06,4.7226986e-05,-5.7432415e-05,0.000120742916,0.00021048643,1.777406e-05,8.6056425e-05,0.00014145643,0.00021727789,-0.00012553761,1.9566682e-05
T135_EGFP,-4.3251603e-05,-1.69885e-05,0.00015457855,-0.00019762274,-0.00020396891,-0.0001365969,8.787309e-05,0.00014884584,2.3711991e-05,-0.00010688163,9.4309624e-05,5.0802002e-05,0.00012150393,-0.00013206288,0.000105037754,-4.5691263e-06,-4.805247e-05,7.8692865e-05,0.00019475368,4.536415e-05,-2.4763769e-05,0.00011651751,3.0621624e-05,-3.1392156e-05,1.1089514e-05,0.00014419157,0.00010374438,3.7404252e-06,0.0003798613,4.5427794e-05,-7.2975425e-05,9.677656e-05,3.472416e-05,-4.897484e-05,-3.7076068e-05,8.458108e-05,-0.000102493614,0.00019478856,-2.4101295e-05,0.00022968011,-9.541032e-05,4.993803e-05,6.6465924e-05,-3.4807354e-07,4.51029e-05,0.00015827177,0.00012314154,9.4324336e-05,0.00012279076,0.00010569779
T310_EGFP,0.0003157416,0.0001773431,-2.4660234e-05,-6.1774976e-05,-2.6103557e-05,5.1370273e-05,6.0344337e-05,-0.00016008622,0.00030490145,0.00022461763,3.488265e-05,9.900905e-05,3.37237e-05,7.263994e-05,0.00013576575,-2.6017568e-05,-8.422416e-05,-1.0639727e-05,-0.00013627642,-4.2162646e-05,-2.758747e-05,7.313994e-05,0.00010990882,0.00013485766,1.1832773e-05,-9.131552e-05,-0.00013584136,-8.2928807e-07,2.367853e-05,-0.00011303597,-0.0001596477,6.0202066e-05,0.00011890119,-8.8431276e-05,0.00014247233,2.5274847e-05,7.9972204e-05,1.6811657e-05,-7.452783e-05,2.9997966e-05,7.976784e-06,-0.00015126352,9.643271e-05,0.00012488187,-1.2581964e-05,-0.00014050724,2.799829e-05,4.2944877e-05,7.294758e-05,5.3329522e-06
T531_EGFP,9.029476e-05,0.00012100622,1.565749e-05,-5.462883e-05,9.835738e-05,-2.1319564e-05,0.00020797495,0.00010187534,0.00021714083,2.767718e-05,0.00015621165,0.00016779345,-0.00014735643,0.00011986362,3.842892e-05,6.9687914e-05,-0.00014564136,-1.3045776e-05,9.04556e-05,-0.0001567751,5.3570515e-05,7.847753e-05,1.3438413e-05,4.5204015e-05,-7.5712655e-05,8.492006e-06,0.00018430845,0.00010622013,9.443368e-05,-2.0004707e-05,9.76901e-05,0.0002615951,-0.00016329566,0.00017583018,-0.00011168826,-0.00012268768,-0.00019890552,9.118763e-05,-0.0001882987,-4.47258e-05,0.0001120268,7.189797e-05,-1.7163306e-05,5.9536236e-05,3.4172357e-05,-3.884531e-05,7.8065525e-05,-2.5572675e-05,6.119765e-05,0.00011125413
T664_EGFP,0.00022396183,-6.0674147e-06,3.3404176e-05,3.9299075e-06,-1.5087348e-05,0.00019064308,0.000103847786,0.00011805798,-0.00030566775,-8.175837e-05,0.00010825488,0.0001432399,1.4715594e-05,-3.766896e-05,1.60985e-05,9.1079295e-05,3.575393e-06,9.4077186e-05,-0.000119486554,-8.62705e-05,-0.00014050436,3.0915966e-05,2.6112373e-05,-0.00011065056,-0.00012160747,-5.6097037e-05,0.00016277982,0.00011598538,0.00010950412,1.411722e-06,3.0439549e-05,-4.2685668e-05,2.7778426e-05,6.114172e-05,-4.622714e-06,0.00017909889,1.1371108e-05,-9.200481e-05,1.6725478e-05,4.131392e-05,-6.4766406e-05,0.00015989681,9.2706556e-05,-1.27191715e-05,0.000109639754,1.2593627e-05,-0.00016422884,7.042382e-06,0.00012305612,-3.923797e-05
T475_EGFP,5.86314e-05,-0.00019921787,-4.647695e-05,0.00024773163,0.00019132317,-8.606748e-05,-5.6592526e-06,0.0001619411,5.9170914e-05,0.00010896104,-8.3758816e-05,0.00013666667,4.3410688e-05,3.0055502e-05,3.9910647e-06,-4.6136898e-05,0.00014800976,5.841851e-05,8.1364444e-05,-4.5342327e-05,0.00013886474,5.4860964e-05,4.937414e-06,0.0001900046,4.885973e-05,-4.5533965e-05,-0.00025190588,-2.6000043e-05,-5.4274915e-06,0.00021724244,0.00017227497,-3.0763338e-05,9.238063e-05,9.1064576e-05,-0.00016264859,8.772533e-05,-1.5575126e-05,-2.8138837e-05,0.00012572233,0.00037492302,0.00018503061,5.5923043e-05,0.0001449851,-7.621013e-05,6.41368e-05,0.0001283318,-3.179633e-05,8.832715e-05,0.00025691322,-1.0607209e-05
T274_EGFP,0.0002569119,-9.836478e-05,-1.0667719e-05,-5.5125885e-05,-0.00010375493,-0.00013528686,-3.0415793e-05,0.00019531503,-0.00033104693,0.0001334375,5.297417e-05,-3.2593573e-05,5.9914426e-05,-0.00011535085,-0.0001221892,0.00014156259,-9.231597e-05,0.000113989656,1.0644394e-05,-3.6995898e-05,3.1282594e-05,-7.831946e-06,-9.3860726e-05,-6.9549315e-06,0.00012336895,0.00015078363,2.8046154e-05,7.087892e-05,8.5060485e-05,-6.842863e-05,-8.1274484e-05,-0.00016983034,-5.9734924e-05,-0.00020272148,-7.029034e-05,3.7923637e-05,-5.651511e-05,6.2574305e-05,-5.0161776e-05,0.00014776598,0.00019736367,6.654334e-05,0.00019952451,-9.953309e-05,-7.195787e-05,5.144202e-05,2.2592683e-05,-0.00014732176,-1.5263427e-05,-6.392749e-05
T469_EGFP,5.1753046e-05,0.00013545991,0.000108317734,0.00028280693,-8.9206405e-05,-1.6347489e-05,-0.0001413311,-1.3064565e-05,-3.6497855e-05,0.00010004172,1.6132204e-05,-5.898065e-05,0.00020228319,9.705518e-05,0.0001028561,-1.3394623e-05,-2.688099e-05,5.9160277e-05,6.7533794e-05,0.00010423059,-8.604314e-05,0.0001938069,0.00014605223,0.00010717312,6.010825e-06,8.9546265e-06,-6.1367933e-07,0.00010974563,-4.3021762e-05,-9.624713e-05,0.00023242192,0.00024630147,5.6837915e-05,4.0991476e-05,-2.356627e-05,3.410624e-05,-6.274436e-06,9.358847e-05,3.3354976e-05,3.9287306e-06,6.661665e-05,-1.5384298e-05,-0.00019533123,-5.13141e-05,-5.4249933e-05,-0.0001412737,-0.00014586288,-8.4442996e-05,4.751225e-05,0.00017193847
T11_EGFP,7.818256e-05,-0.00011198818,5.0226852e-05,-0.00010271737,2.1884302e-05,0.00013216464,-0.00012318206,0.00020403753,-1.1678861e-05,-3.598926e-05,-4.9182574e-05,-5.2926052e-06,3.8612798e-05,7.825898e-05,-4.0551146e-05,-4.5740788e-05,0.00016109145,7.508292e-05,-0.00017753484,-4.1485036e-05,7.215888e-05,-9.89129e-05,-0.00019238447,3.2568383e-05,2.8031218e-05,8.04601e-05,1.1641957e-05,-3.351291e-05,-0.00016098448,-0.00016546428,-4.575238e-05,-8.7331166e-05,0.00013009214,0.00031563343,-9.411531e-05,-7.9896665e-05,9.172927e-05,0.000109325236,7.633235e-05,7.794306e-05,-0.00010125056,-0.00012008375,-2.7807382e-05,0.00016286249,0.00027918417,2.7347716e-07,2.7278978e-05,1.0883468e-06,-0.00015914481,1.4773326e-05
T390_EGFP,-2.1687358e-05,8.42521e-05,0.00011041514,0.00017347999,6.255e-05,9.583386e-05,3.6064266e-05,0.00024107604,7.8820536e-05,-5.0992494e-05,0.00013960779,4.7946392e-05,-0.00012744445,7.028059e-05,9.871357e-05,-4.8635728e-05,-8.214268e-06,-3.656007e-05,0.00013417548,-0.00014515322,0.0002554827,-0.000100138444,0.00017676594,-0.000108045555,-8.29915e-05,6.543158e-05,-8.915279e-05,-8.631874e-06,8.885679e-05,0.00016356319,-0.00013667051,3.003216e-05,-8.772885e-07,-3.3662127e-05,0.00010376458,-3.548535e-05,-8.7834924e-05,6.291845e-05,0.00014368708,-0.000116329036,0.00026836203,0.00017704668,1.0805473e-05,-0.00010578636,0.00021336044,6.272518e-05,3.4957422e-06,0.00018008106,0.00011850285,-8.055577e-06
T13_EGFP,5.546264e-05,4.0188417e-05,0.0001838499,-4.0551855e-05,3.998408e-05,6.325028e-05,-6.774361e-05,-5.204836e-05,-0.00012822694,-5.3013056e-05,0.00017399837,-8.8498375e-05,5.6522298e-05,1.2059051e-05,3.1935248e-05,-9.059701e-07,0.000116375384,-7.7286066e-05,-9.093836e-05,-9.404943e-05,-8.3422405e-05,-8.021829e-05,2.0850022e-05,0.00018349545,0.00016514461,-0.00022953437,0.00011197354,-0.0002479834,-1.8075856e-05,7.6265256e-05,-1.0336829e-05,6.4654356e-05,-4.8483274e-05,-1.0288058e-05,4.0639516e-05,-5.759295e-06,-0.00012672412,0.00010530284,0.00015967782,-0.00013561844,0.00013507748,5.8520967e-05,-0.00019268229,-0.00014208983,-0.000180002,4.9648952e-05,-5.3507065e-05,-6.283598e-05,-3.1254127e-05,-3.069467e-05
T541_EGFP,-2.0654537e-05,-8.5648455e-05,0.00019863794,5.4490287e-05,-0.000119540484,1.2750754e-05,-0.00019408288,-0.00014524565,0.00010062172,4.7463116e-05,-3.1476895e-06,9.418399e-05,0.00014072211,-2.130885e-05,0.00012544414,-0.00016132489,0.00012883033,4.083877e-05,-8.1412836e-05,0.00012937945,-9.60333e-05,-7.790732e-05,-4.6965644e-05,-1.4192472e-05,-4.0464724e-06,1.6510638e-05,-0.0001493572,0.00014622654,-0.00019899831,-0.00013815603,4.6145105e-06,-9.767679e-05,0.0002299505,-0.00010606858,2.8326062e-05,8.47694e-05,-2.532435e-06,-0.00011767274,-7.420493e-05,1.1611701e-05,5.7854177e-05,0.00019166367,0.00013368695,9.945643e-05,-0.00012934075,0.0001228807,-0.00023806986,2.0792455e-05,3.8432496e-05,-0.00020340696
T367_EGFP,-4.324143e-05,1.7589233e-05,0.0001550318,5.6282515e-05,0.00015060199,-1.2551417e-05,0.00016843122,0.0002033139,1.8313276e-05,6.909112e-05,8.347199e-05,0.00015140556,0.00013382734,0.00011291801,7.4458876e-05,-3.835171e-06,-4.9927035e-05,-0.00021635897,0.00014474594,3.2072065e-05,-2.2960858e-05,9.311238e-06,6.773065e-05,6.0676917e-05,0.00012570966,2.6055382e-05,0.00014824439,-5.2178e-06,-6.542371e-05,0.00014675775,0.00017095779,-7.452226e-05,-7.2335046e-05,0.00016206333,-4.9521157e-05,2.8087557e-05,-2.1973245e-05,0.00020329896,1.5630965e-05,0.00010211447,-5.4896023e-05,0.0001912026,-3.8775488e-05,-0.000119347176,5.186218e-05,-1.365063e-05,-2.045205e-05,-7.6112674e-06,0.00024146588,-3.2846925e-05
T184_EGFP,-1.1134295e-05,-4.5499288e-05,-6.864372e-05,0.000127031,0.00018487991,-0.0002376974,1.9077039e-05,9.6800686e-05,0.00011731058,3.673257e-05,-4.0128085e-05,0.00012470993,3.811758e-05,4.0238934e-05,-5.7891342e-05,3.628108e-05,-8.023875e-05,-0.000106640335,-0.00017887181,-6.958656e-05,-5.7011584e-06,7.621035e-05,2.4900413e-05,-0.00022184664,-0.00018415917,1.859627e-05,6.751337e-05,-0.00015434437,9.453741e-05,-3.0928255e-05,0.0001374449,-2.7448443e-05,6.7170724e-05,0.00015225448,8.111521e-05,0.00022565562,-2.3935667e-05,-2.0962052e-05,-5.3943993e-05,0.00026150592,0.00018523989,0.00013053224,8.562968e-05,-1.1708682e-05,9.6485055e-05,4.0682327e-05,-0.00011276225,8.317109e-05,0.00012526102,0.000102112215
T486_EGFP,1.2126532e-05,-4.1548414e-05,-1.9596679e-05,9.316001e-05,3.569364e-05,0.00015824361,0.00014012308,-4.0305884e-05,0.00013607297,9.854405e-05,0.0003321674,3.2386448e-05,0.00011137049,2.0516729e-05,-4.094391e-05,1.0029901e-05,-6.343295e-05,0.00016221343,0.00011709771,5.4607706e-05,2.4639934e-05,-7.475049e-05,0.00015847893,7.151009e-05,8.645578e-05,4.5435652e-05,0.00010716242,-0.00010153704,0.00027313933,-9.4627816e-05,-1.1341294e-05,0.00017374838,0.0001718577,4.3116608e-05,-0.00013605964,-1.7359056e-05,-4.77946e-05,-5.4975473e-05,9.084524e-05,0.00022581336,-0.00018912146,0.00015377026,-0.00011910134,-0.0002671658,-0.00029580574,-0.00022001412,5.4195512e-05,-5.6914152e-05,-0.00011156816,7.08704e-05
T178_EGFP,9.859979e-05,8.028324e-05,6.7708745e-05,-5.2706273e-05,0.00023273317,-9.618729e-05,-0.00017074858,1.3305347e-05,9.091631e-05,-0.00014192142,7.4398275e-05,0.00015531685,0.00011525574,0.00012323176,1.7570166e-05,-0.00010066292,0.00015046923,-1.4208012e-05,-5.2841162e-05,7.1814e-05,0.00013400016,6.9541224e-05,3.1904714e-05,-1.3858178e-05,8.2069375e-05,-7.975854e-05,-1.0730955e-05,0.00028087042,-7.739098e-05,-9.488332e-06,0.00011686426,-4.6750167e-05,-6.8662564e-05,-4.659247e-05,7.633793e-05,0.00015330968,-0.00021665666,-1.2412001e-05,3.5472505e-05,2.8898241e-05,9.584632e-05,6.407414e-05,0.0001584094,3.1267256e-05,0.00020001648,5.7485704e-05,-6.2518534e-06,0.000110965135,2.3882072e-05,-2.7615184e-05
T346_EGFP,5.7797573e-05,1.5017272e-05,0.00011546022,3.273843e-05,-0.00016057592,0.00012460515,1.1453491e-05,5.0390234e-05,1.0897616e-05,-3.9687634e-06,0.00016211826,0.00012218332,1.6607693e-05,0.00024636652,1.50370315e-05,0.00019103807,-0.00015894562,2.3337501e-05,-5.7577225e-05,0.00017002452,-0.00012528633,3.9252143e-08,7.773613e-05,0.00010849473,-0.000108640736,2.1607899e-05,0.00011564358,0.00023924645,9.26733e-06,-2.41647e-06,-3.1328727e-05,-0.00012655195,5.772497e-05,-3.965406e-05,8.289901e-06,2.2527072e-05,0.00013189092,3.5415174e-05,-1.841077e-05,0.00013568859,-2.3427332e-05,4.0087947e-05,-6.848827e-05,2.0330599e-05,0.00036084323,7.04401e-05,3.5230844e-06,0.00017129855,0.00014497396,-0.000117252
T465_EGFP,-3.722457e-06,-3.3245342e-05,0.00012252294,0.00019361716,0.00011276371,-3.2769192e-05,8.2211416e-05,0.00010337337,-6.2629835e-05,2.937735e-06,1.2898303e-05,-1.3331843e-05,0.00013701423,8.3753366e-05,-1.5552205e-05,2.714691e-05,0.00021061972,3.104899e-05,-7.3353214e-05,0.00011410572,0.00013566247,0.00016484987,9.8421726e-05,4.27131e-06,4.7327507e-05,-3.6925343e-05,2.310499e-05,0.0002247808,-5.142836e-05,4.4876368e-05,0.00029570205,-1.6088321e-05,0.00022772819,-0.00014669521,-2.6954963e-06,1.2795432e-05,-0.00016403892,5.6545727e-05,-0.00016312908,-2.6035636e-05,7.007091e-05,-0.00012142161,5.6955996e-05,-1.8270008e-05,1.844848e-05,1.6979368e-05,-0.00018683953,-9.4593175e-05,-0.00023797485,8.979874e-05
T460_EGFP,7.326949e-05,-7.496337e-05,5.0089897e-05,-7.8959834e-05,0.00014692439,0.00012321863,0.00012241378,2.3946066e-06,-1.5167534e-05,9.017701e-05,-2.8726092e-05,-5.439666e-05,5.2956926e-05,-4.52374e-06,-5.176601e-05,0.00011486836,-9.053906e-05,-6.249315e-05,-1.901801e-05,-2.2259042e-05,0.00016410093,-0.000103212304,9.9341516e-05,0.00010798533,1.7152668e-05,2.1531754e-05,-0.0001154662,-6.5219783e-06,-3.3326036e-05,-0.00014636353,-0.00019573483,0.000126054,-4.576459e-06,9.786278e-05,-0.00023784461,0.00019372503,9.8967634e-05,-3.542109e-05,7.271384e-05,0.00013625626,-2.2625822e-05,-3.2060558e-05,-2.1735337e-05,-2.0331374e-05,-7.753874e-05,4.5495464e-05,-5.3858734e-05,0.00014407486,-8.871239e-05,-0.000108162516
T30_EGFP,1.4817406e-05,-5.7377703e-05,-3.419439e-05,0.0001697714,4.1486887e-06,-3.5792396e-05,-8.4987674e-05,0.00015153503,6.5648965e-05,2.0031935e-05,-2.0509851e-05,0.00017415716,9.375676e-05,-5.956046e-05,0.00014512439,0.00010965943,2.737232e-05,1.1467013e-05,8.4568084e-05,8.016647e-05,1.2744067e-05,7.061414e-05,-0.00017614919,7.7097044e-05,0.00011778547,8.351493e-05,-6.9710455e-05,0.00014091306,-0.00012880939,-2.3237359e-05,0.000102513855,0.00015944011,-7.4558586e-05,0.00013880424,-7.927951e-05,0.00013831671,-9.982673e-05,8.924336e-05,-0.00012661864,0.00021373734,0.00026696592,3.451073e-05,9.9206554e-05,0.00011749019,0.000120347635,0.00020820984,0.00021177248,0.00013266204,3.5839395e-05,0.0001387672
T557_EGFP,0.00016132634,0.00016752521,5.2910218e-05,-1.0584346e-05,0.00018180981,7.0385095e-06,-2.1035821e-05,8.2724066e-05,0.00011502572,0.00017213363,2.764485e-05,0.0001223751,9.196059e-05,0.0002028777,8.098194e-05,-9.336641e-05,8.030356e-05,9.782817e-05,6.5912325e-05,2.0115702e-05,8.357108e-05,2.559958e-05,7.040785e-05,8.317292e-05,5.195588e-05,3.2503845e-05,-4.9508676e-06,0.00013321656,3.2286414e-05,-3.3573022e-05,-9.734826e-05,5.499348e-05,-2.7824006e-05,-7.781243e-06,-9.6834e-05,-0.00020090597,0.00010955836,0.00021477764,-1.8446617e-05,6.227705e-05,-3.0335312e-05,2.243667e-05,0.0002630275,-0.00015478035,8.0367034e-05,0.00013994788,2.660778e-05,0.00017523929,7.680388e-05,-8.6784166e-05
T620_EGFP,0.00013441063,0.00020092788,8.0436344e-05,-0.00010877646,-4.830481e-05,0.00023830272,8.0551945e-05,-2.0931499e-05,-1.7204724e-05,0.000104347084,-6.953892e-05,6.359696e-05,-0.00010953182,1.3458525e-05,9.185839e-05,5.0600993e-05,7.0558766e-05,0.00013899727,0.00018659167,2.962409e-05,-3.2534455e-05,3.476139e-05,-0.0001591127,0.00017084891,-0.00022957356,0.00023214272,0.00018794651,0.000108396984,9.726444e-06,0.00013749725,0.0001505171,8.887346e-05,0.00013770536,0.000102642014,-3.8261305e-06,0.00012101404,5.968147e-05,5.3539115e-05,4.393589e-05,-7.6236654e-05,4.1872412e-05,2.406706e-07,9.856897e-05,0.0002040264,-0.0001910923,-9.117688e-06,0.00018671584,6.408161e-05,-3.583681e-05,-0.00011205044
T106_EGFP,9.032195e-05,-0.00024247238,8.954548e-05,-9.102654e-05,0.00027035465,1.8726425e-05,-1.1068234e-05,-0.00013296293,-1.7190134e-05,0.00012757057,-5.745761e-05,0.00021967263,-3.913963e-05,0.00016939294,-5.460927e-05,0.00021441255,7.9530226e-05,9.374966e-06,3.4108e-05,-0.00012063762,-0.00011191149,8.450426e-05,-0.00011357726,-0.00013749023,-7.8617944e-05,0.00010731866,1.56423e-05,-6.0806113e-05,4.847649e-05,-0.00017532415,-4.901442e-05,-2.1841995e-05,-9.807114e-05,-0.00016468982,0.00015735436,0.00010116285,-0.00019254327,-0.000102846134,-1.5516316e-05,0.00016851685,-1.892138e-05,-7.147952e-05,0.00015185884,0.0003001526,-6.718971e-05,3.5037436e-05,0.00017135854,3.401627e-05,-0.00019495816,0.00015932864
T679_EGFP,0.00020983057,2.967316e-05,-0.00021319508,-8.8334215e-05,-9.950276e-07,-2.4906449e-05,0.00014040188,-0.00013231582,3.766534e-05,0.00014451731,6.609978e-05,-3.7069628e-06,-6.19582e-05,2.017418e-05,4.5229906e-05,-9.951967e-05,6.5418375e-05,7.955971e-05,-7.897531e-05,-9.429555e-05,0.00012800134,0.000119171025,0.00015469726,0.00017254136,-2.2572947e-05,4.3177747e-06,4.5656147e-05,0.00011263339,7.982325e-06,-2.422138e-06,8.324411e-05,-7.859027e-06,-6.6376146e-05,-1.5859729e-05,0.00016799317,5.7789643e-05,0.00022042634,-8.701985e-05,5.7899448e-05,1.7272278e-05,0.00011626794,0.00011980659,6.2877785e-05,5.7178077e-05,3.8011545e-05,-4.5708803e-05,5.518839e-06,0.00017652342,-5.289831e-05,-0.00022954948
T254_EGFP,-1.736503e-05,1.6779317e-05,6.755185e-05,3.701545e-05,-5.6690737e-05,9.997244e-05,-0.00017489259,0.00018821924,0.00020154032,5.6110643e-05,-3.058354e-05,0.00020120118,-2.2415996e-05,0.00012418166,9.944926e-05,-0.00018541023,-7.034542e-05,-0.000192721,-8.120061e-05,0.00011325841,-2.4364503e-05,0.00016690133,-1.1839942e-05,2.5669711e-05,5.2751177e-05,0.0001770176,2.4183359e-05,6.0790127e-05,6.7409324e-05,-0.00013908614,0.0001403532,-4.246632e-07,1.2301332e-05,0.0001121042,0.00010239018,-5.2480897e-05,8.468872e-05,0.00023402927,0.00012086099,0.00016938853,9.837286e-05,-8.68792e-05,6.742622e-06,-4.8463062e-05,0.0002478614,3.6491358e-05,-2.4709178e-05,-9.839626e-05,0.00010588615,0.000112137
T149_EGFP,-6.151817e-05,3.621861e-05,-2.3534929e-05,3.2470645e-05,8.771526e-05,-8.7638204e-05,0.00019817571,6.3559215e-05,-3.8556307e-05,3.8084676e-05,0.0001266301,0.000111336005,-5.121325e-05,-0.00011846524,0.00029052317,0.00014173027,-9.697892e-05,0.000110781184,-5.2824737e-07,0.0001965904,-2.9598967e-05,0.00013000752,5.8204434e-05,-0.00022824582,-4.4240423e-06,-0.00013436395,3.3454184e-05,-3.4709887e-05,1.437844e-05,5.4456275e-05,-7.5175194e-05,-0.000115703115,-0.00012208211,5.423483e-05,9.634476e-05,-9.186855e-05,4.8971448e-05,-0.0001331476,0.00014179453,5.2794763e-05,6.234785e-05,0.00013443945,0.000121414625,-0.00012677028,0.00023007931,0.00013730912,-0.00022425344,3.0958137e-05,0.00014006364,-5.1048057e-05
T170_EGFP,-8.8312656e-05,6.912625e-05,8.490369e-05,0.00021147476,-6.303677e-05,0.00018008128,0.00023654477,7.1202536e-05,5.5075718e-05,0.00017032682,-3.1543088e-05,1.2021354e-05,0.00019413765,2.6375534e-05,-0.00014582064,0.00010589531,0.000110194436,0.00022990782,-0.00010411258,2.7192704e-05,7.983505e-05,2.644428e-05,1.8410909e-05,1.6997417e-05,0.00019966031,9.584892e-05,0.00019853406,5.5961376e-05,6.1490464e-05,2.8703147e-05,-8.5510896e-05,0.00023664939,3.940986e-06,-4.332853e-05,-7.0239084e-06,8.9872905e-05,1.3994903e-05,6.1052842e-06,4.39792e-05,-0.00012970183,-5.633139e-05,3.623963e-05,0.00013811392,0.0001018053,1.0974794e-05,-7.448521e-05,0.00026610945,-8.105732e-06,-0.00010868062,-0.00023361121
T514_EGFP,-7.052119e-05,4.843953e-05,1.3448594e-05,0.00022743864,4.6948408e-05,-3.7416405e-05,0.00016794215,7.3430165e-05,0.0001489108,-0.00021854036,2.026481e-05,0.0001046573,-3.123147e-06,-7.859182e-06,-0.00012118124,2.4248433e-05,7.135649e-05,0.00028355088,3.070277e-05,6.192051e-05,1.3789474e-05,2.6541355e-05,6.7370805e-05,-6.355221e-05,2.486758e-05,5.5636916e-05,0.00010168048,0.0002547203,-0.00013384315,-5.502961e-05,-5.6563917e-05,8.478704e-05,-0.00019875236,-9.685882e-05,0.00019892464,-2.143449e-05,5.3765452e-05,1.9155419e-05,0.00010979355,0.00012128674,9.5072566e-05,-1.3586053e-05,-3.590523e-05,9.5820316e-05,-8.515218e-05,-3.9487277e-05,0.00019917043,0.0002360993,-0.00010161857,-8.440171e-05
T610_EGFP,2.7209635e-05,9.179155e-05,-0.00011011664,6.1092556e-05,0.00015762863,0.00010902879,-4.2328625e-07,0.00016245626,-7.733211e-05,4.0237148e-05,0.0001040367,-8.106411e-05,0.00012724422,2.84986e-05,3.0390615e-06,0.00013081745,0.00014329916,0.000110971276,0.00010889432,7.504311e-05,0.00020602014,0.00011455156,0.00013026624,-2.477963e-05,6.664365e-05,-8.003279e-05,9.241156e-05,8.707982e-05,-0.000111120025,9.6960845e-05,0.00015298856,0.00014359364,-2.3962919e-05,-1.4432027e-05,6.8429974e-05,0.0001222381,5.5368993e-05,-9.242103e-05,-7.0451184e-05,-5.3853753e-05,0.00012798043,0.0001959689,-8.44915e-05,-0.00021510039,7.954298e-05,-4.1121966e-05,9.222012e-05,-5.8585727e-05,-6.98224e-05,9.162967e-05
T421_EGFP,0.00011537335,0.00026413795,4.628415e-06,0.00011951562,4.435961e-05,0.00016919518,4.4572927e-05,-5.9721136e-05,2.572281e-05,7.397696e-05,9.8292934e-05,9.4843235e-05,-3.6480382e-05,-9.665829e-06,1.0631238e-05,8.044373e-05,-9.933944e-05,-9.294964e-06,-7.828107e-05,7.515212e-05,0.000105901665,-1.3677633e-05,0.0002561634,3.952073e-05,-0.00013142171,2.7089372e-06,-7.083027e-05,-3.3937995e-05,6.6736175e-05,3.5391407e-05,-5.0072213e-06,6.588309e-05,4.878327e-05,3.835516e-05,-0.00011146698,-5.8505444e-05,8.156351e-05,4.1768857e-05,-5.7778518e-05,0.00015996836,0.00018439803,0.0002720998,5.8285113e-05,-0.00016311563,-1.4072499e-05,7.3716576e-05,8.04472e-05,-0.00012107961,-5.5386357e-05,-1.2147667e-05
T314_EGFP,-0.00015895693,0.0002480291,0.00013480366,-5.910765e-06,4.941308e-05,-0.000114970135,-7.499517e-05,-8.063588e-05,0.00013683128,0.00020411072,5.0504743e-05,2.5654288e-05,0.0001224929,1.997986e-05,2.2501808e-05,7.039683e-05,0.00010196987,5.7348698e-05,1.5215259e-05,0.0001525757,7.418941e-05,0.00023487589,-7.1691434e-06,0.0001769304,-2.9707035e-05,-4.64433e-05,3.5859317e-05,2.1200458e-05,-7.260535e-06,-0.0001538585,7.9349375e-06,0.00011917575,6.902984e-05,-3.0067988e-05,-0.00022964392,0.00018425695,4.0178784e-05,-1.2168928e-05,-6.450279e-05,-7.0708884e-05,6.388366e-05,-6.219289e-05,-2.977339e-05,6.869464e-05,3.3983717e-05,-0.00014342178,1.8486699e-05,1.7762211e-05,5.2693445e-05,0.00010492114
T565_EGFP,4.8467038e-05,-0.00017433423,0.0002340417,-5.371522e-05,9.7429765e-05,-0.00014518322,-8.3404e-05,-0.00010442433,-0.00011714395,0.00014493184,-2.0797925e-05,2.6989674e-05,-8.720059e-05,0.00010485803,-9.862193e-05,-3.285041e-05,6.769519e-05,5.6764504e-05,-6.369229e-05,-6.661967e-05,-3.4435772e-05,-8.057587e-05,-1.0337955e-06,0.00019909377,-7.2080154e-05,-0.00017043728,2.0927247e-07,-9.0850815e-05,-6.6453904e-05,0.000103808314,-4.2757416e-05,-9.652981e-05,4.7670583e-05,0.00013316692,0.00014319715,0.00015872423,-0.00010277356,-9.158166e-05,0.00012900993,-0.00019306476,6.637069e-05,0.00023546471,-5.8434103e-05,0.00011074565,-0.00015496163,0.00023639505,-1.4993324e-05,7.677316e-05,5.3013267e-05,1.9887439e-05
T227_EGFP,3.0558378e-05,2.832593e-05,0.00017947565,-0.00014636935,3.6679336e-05,9.963063e-05,2.7095959e-05,-9.844332e-05,-3.6986155e-05,8.033403e-05,0.00025235885,7.809165e-05,4.6033598e-05,-3.6614598e-05,-9.5542426e-05,0.00013401295,8.243954e-05,9.093819e-05,-8.637689e-05,-4.4109456e-06,-1.5592572e-05,5.7437524e-06,0.00016580959,9.1092654e-05,-9.930598e-05,-0.00027080986,-6.2086154e-05,-4.265617e-05,-7.8110075e-05,7.699243e-05,0.00023304582,4.988218e-05,5.4989164e-07,1.8929004e-05,0.00013796483,2.3056231e-05,-2.300953e-05,6.481966e-05,-4.936711e-05,-7.883599e-05,0.00017091773,-1.586927e-05,0.00024644725,-0.00012256157,5.1761097e-05,0.00016644046,-4.4055272e-05,-6.9542395e-05,0.00012960311,4.5474444e-05
T634_EGFP,0.00021152644,0.00017220633,-3.0310484e-05,1.1639242e-05,3.249978e-05,5.232651e-05,0.00011881991,5.8900576e-05,-2.8342769e-05,9.304225e-05,-8.190608e-05,0.00027717065,-3.88291e-05,-5.090362e-05,6.529207e-05,-1.8126868e-05,5.201795e-05,9.295358e-05,0.00013935062,-4.9239803e-05,-3.9230636e-05,-0.00016548495,0.00015059361,-8.4180676e-05,6.207894e-05,-0.00011618877,-5.4011605e-05,-1.3287059e-05,0.00017441968,0.00014713834,0.00010322581,5.071581e-05,0.00012903968,2.1574735e-05,-0.00010818693,8.138322e-05,6.901075e-05,3.059535e-05,8.2567085e-06,0.00018644863,2.244446e-05,0.00012513777,-2.1729054e-05,-7.2073544e-06,-7.817774e-05,2.3629316e-05,0.00023192835,-1.1427436e-05,0.00012285053,-5.4572418e-05
T420_EGFP,0.00016555696,-3.1670936e-08,0.00024508437,9.30565e-05,8.5293024e-05,0.00018300199,-6.930353e-05,-4.171307e-05,2.4650597e-06,-0.000102432714,-6.903492e-05,-0.00012740378,0.00013170687,4.373714e-05,-5.6387275e-05,-6.346131e-05,-3.5828948e-06,5.305602e-05,9.0392066e-05,5.5039494e-05,-2.9936837e-05,-6.38236e-05,0.00018933583,-4.1399002e-05,1.13126625e-05,0.00019461093,2.4805116e-05,7.2506045e-05,7.1090817e-06,2.8061992e-05,0.00022655161,-4.9591836e-05,-0.00013208423,-0.00011218305,0.000110479814,-0.00014733721,0.00034557813,0.00018217604,-1.47668325e-05,2.8502425e-05,2.3928986e-05,6.882596e-05,0.00011136794,-2.4959341e-05,-0.00022790914,-0.00012218016,-0.00016927773,-8.5003594e-05,8.236459e-05,0.00023760369
T626_EGFP,-0.00012639332,1.9931555e-05,0.00013198864,5.6927245e-05,-3.0767143e-05,4.5113153e-05,-1.0022338e-05,-4.0829796e-05,0.00012990722,-0.00018181147,8.699226e-05,0.000102476864,0.00019422571,6.473464e-06,-0.00010580001,5.4252814e-05,1.2683871e-05,9.07477e-05,5.4612825e-05,0.00023116614,-0.00014772626,-4.594896e-05,0.00022528661,4.897973e-06,0.00011191651,3.4734087e-05,0.0001676,-9.316117e-06,0.000100587284,1.639291e-05,0.00011116928,9.612764e-07,0.000152039,1.24746575e-05,3.6865327e-05,0.00015889888,0.0001103236,0.0001665825,-0.00021819779,-0.00012462087,-5.458457e-05,0.0001523399,-0.00021068162,-1.4708772e-05,4.9489423e-05,6.230703e-05,5.9261085e-05,-0.00018380288,3.2055523e-05,0.00010293258
T315_EGFP,-8.6358086e-05,0.00029383213,0.00015120606,2.2931215e-05,-7.663358e-05,0.00022083177,2.5514631e-05,2.378958e-05,-1.2520877e-06,-9.849002e-05,2.4536304e-05,2.6355634e-05,6.897551e-05,0.00021734273,3.5539942e-05,5.668166e-05,5.800484e-05,-0.000112912334,0.00013490499,6.4106294e-05,4.5673303e-05,1.242625e-05,0.00016255045,-6.0375565e-05,-0.00018086565,9.1393034e-05,-9.20768e-05,-4.0912996e-06,-0.00011441431,-5.4007563e-05,4.7301324e-05,-0.00011599269,-6.727356e-05,-0.00014505471,-1.0861595e-05,-0.00024107815,0.000118085554,-4.054094e-05,7.735474e-05,2.5271987e-05,2.2274671e-05,-1.01818205e-05,-8.933817e-05,-5.3094704e-05,6.862392e-05,9.9177254e-05,-8.516929e-08,9.814096e-05,-1.361789e-05,-4.9049482e-05
T544_EGFP,-0.00017776727,0.00019559289,2.2888229e-05,5.7731253e-05,-0.000115584415,-4.613167e-05,4.8379745e-05,0.00013579603,0.00016255028,8.936771e-05,-4.2074047e-05,-0.00011029241,1.6760738e-05,-0.00011018965,0.00012010531,0.00026594487,4.3797307e-05,0.00012292941,8.821006e-05,-4.001412e-05,1.2917547e-05,7.224363e-05,0.00017396109,-5.6136927e-05,-0.00013364632,-1.0587243e-05,0.0001677743,-6.762258e-05,-5.2264742e-05,4.1842275e-05,3.6158308e-05,5.682076e-05,7.521731e-05,-0.00011418335,4.8775815e-05,9.266745e-05,0.000119212564,0.00010212387,-0.00028213626,0.00031747637,-7.3899195e-05,-7.264339e-05,5.4342436e-06,-4.328645e-05,9.0057685e-05,0.00016940931,-1.2503255e-05,-0.00012669133,0.00012475648,-0.00012970547
T339_EGFP,9.884838e-05,-3.5986257e-05,0.00010101466,-5.803746e-05,0.000116481555,-6.386659e-05,-8.530237e-05,0.00017350435,8.104654e-05,-1.7676331e-05,0.00023261484,-4.0118743e-05,5.9516846e-05,-2.5811045e-05,3.8729675e-05,-0.00013291198,0.00023128644,8.191482e-05,0.00010447433,0.00011521624,9.958047e-05,8.093671e-05,-8.725863e-05,3.5436606e-05,1.8430774e-05,-0.00010913132,0.00028306438,-3.8001e-05,-5.8672234e-05,9.780386e-05,-3.6488113e-05,-5.0148097e-05,9.1163856e-05,-0.00016548637,0.00024538912,0.00013142577,-1.5298952e-05,-2.6558426e-05,-9.745885e-05,-2.9056087e-05,3.2998545e-05,0.00010133727,-8.282045e-05,0.00013084998,0.00020225099,0.00017419942,2.4890836e-05,0.0001121396,-5.1844298e-05,0.00018120723
T604_EGFP,5.735213e-05,9.800192e-05,9.962172e-05,8.273162e-05,0.00013722517,-0.00016458267,-7.6527285e-05,0.00020434127,-1.9515705e-06,1.9196379e-05,0.00017791917,0.00016341348,0.0001229216,0.00010842603,0.000113545706,4.725419e-05,6.756582e-05,7.656006e-05,-5.240333e-05,1.3020225e-05,-0.00011642988,0.00014320797,3.4380337e-05,3.004e-05,1.629296e-05,-0.00014600827,-7.6526034e-05,9.083919e-05,5.133494e-05,-7.046381e-05,0.00013570109,1.5450893e-05,0.00015604711,9.77187e-05,0.00014852952,3.4949305e-06,0.00023409573,-1.1941201e-05,-9.711827e-05,-0.00014332349,3.580939e-05,0.00011154002,-0.00013939732,6.243486e-05,-6.059317e-05,0.00010537643,0.00011686428,4.7141486e-05,-1.9387688e-05,-4.9053204e-05
T322_EGFP,0.00014345042,2.3648186e-05,0.0003120331,-9.6505e-05,0.00011202837,0.00017996336,0.00020642734,6.0176426e-05,4.9427246e-05,3.6370206e-05,0.00015918148,0.0001168284,6.0951923e-05,-5.855857e-05,9.659884e-05,3.0414965e-05,-0.00010646417,5.057284e-05,-4.482192e-05,2.73454e-05,7.428515e-05,0.00018643384,-0.00016049569,3.4222627e-05,4.555273e-06,-3.506804e-05,-1.103329e-05,-8.134432e-05,-5.7631125e-05,8.600468e-05,0.00013282818,-0.00019615766,-2.556154e-05,-8.087931e-06,5.562986e-05,-0.00014114274,1.5225417e-05,6.091332e-05,1.7485218e-05,-7.701597e-05,-1.8333396e-05,0.00012535283,-5.9054095e-05,-0.00012919228,-5.6284134e-05,3.219423e-05,-1.186946e-05,0.0001533026,-6.544783e-05,6.419495e-05
T202_EGFP,0.00016294922,1.3455946e-05,0.00012240281,0.00011399577,-1.2849493e-05,0.00013224012,0.00031690998,0.00010182716,-1.7285607e-05,-8.240383e-05,3.3581113e-05,0.00014011197,-8.498968e-06,-0.00012339342,0.00017746097,3.8621292e-05,0.00012135947,0.0001540207,-1.7764183e-05,5.6446162e-05,9.859755e-05,4.283328e-05,0.00022808986,0.00021432142,-4.0809453e-05,9.0984824e-05,4.4626693e-05,4.9943387e-06,-0.00013817011,0.00010516591,-9.463583e-05,8.413321e-05,0.00024278519,2.4392664e-05,4.7217352e-05,-7.234331e-06,-0.00011776261,1.8431727e-05,5.4290827e-05,-0.00013052658,0.0002180804,3.4688233e-05,4.028949e-05,-3.2804484e-05,0.00018047712,6.361111e-05,-4.696289e-05,0.00014419496,9.700158e-05,-0.00010167869
T587_EGFP,3.365286e-05,-5.7222915e-05,4.4255048e-05,5.6694833e-05,0.00018558277,0.00015127518,-0.00012709621,5.743856e-05,0.00011894888,3.8806855e-05,3.30237e-05,-6.115311e-05,0.00011525877,3.655716e-05,-3.2706386e-05,0.00018910691,4.9942315e-05,-1.00059e-05,-6.562539e-05,2.8600454e-05,-8.622774e-06,3.6257374e-05,-9.78328e-06,0.00015044774,7.067833e-05,6.8179065e-06,0.00023984363,7.676539e-05,9.697245e-05,0.00011305347,3.4169756e-05,-2.2849119e-05,7.2821684e-05,-9.82934e-05,4.0435687e-05,8.067421e-05,7.8893914e-05,8.841896e-05,0.00021763222,0.00014484943,-3.6600988e-05,-0.00012891898,-0.00015003946,-0.00017814279,2.6809855e-06,0.00012210543,0.00014450087,-8.295714e-06,9.850716e-06,3.784374e-05
T94_EGFP,-5.300486e-05,2.8409688e-05,1.6453901e-05,-3.306716e-05,-0.00023105848,0.0003808534,9.896872e-05,-2.4231285e-05,4.242741e-05,0.00011150454,-9.8948716e-05,-0.00013764968,8.8805355e-05,1.8249953e-05,7.680762e-05,-0.00011031492,0.00013259315,-3.0580133e-05,-6.181244e-05,-8.839246e-06,4.1876185e-05,-5.2302104e-05,5.6610468e-05,2.7173824e-05,6.5072665e-05,-1.9829018e-05,-0.00025552564,0.00019907292,-4.911866e-05,0.00013733431,0.000109299166,-0.0001670565,9.054514e-06,0.00017791888,3.500631e-05,8.9733025e-05,7.4983895e-05,7.757344e-05,-7.608191e-06,0.00013484001,4.8554895e-05,-5.066672e-06,0.00032954878,-1.0377096e-05,-8.973821e-05,0.00016072346,0.00013102235,1.2911988e-05,0.00016601171,5.58368e-05
T230_EGFP,3.2187743e-06,0.00015726857,1.627224e-05,8.906304e-05,-0.00017321238,-3.9615723e-05,-4.5451092e-05,4.578034e-05,1.0564538e-05,7.164438e-05,-0.00014848533,-0.000108203785,8.98826e-05,-6.861089e-05,5.2612024e-05,0.00018514636,-4.6643974e-05,-2.5331277e-05,0.00017242086,-5.5522847e-05,-6.9216544e-06,-7.460868e-07,0.00011558601,0.00020095061,7.087997e-05,0.00021503195,9.986487e-05,7.054021e-05,9.596963e-05,-2.1663685e-05,0.0001625663,4.9318827e-05,-2.297381e-05,3.419554e-05,-4.9678463e-05,-0.00012783639,-0.00014457482,8.493118e-05,7.597291e-05,0.00010462969,0.00019991919,-0.00016812739,-2.9930017e-05,2.573425e-05,0.00013676877,4.4291563e-05,-0.00027663272,-3.5769448e-05,-7.004998e-05,0.0001257316
T328_EGFP,6.740985e-05,0.00015502983,0.0003099203,-2.0875126e-05,-4.577856e-05,0.00019202306,8.7882225e-05,0.00018171131,-0.0001861005,4.9821218e-05,-3.432855e-05,8.859572e-05,0.00017069154,9.8287856e-05,-6.358587e-05,-1.5286172e-05,9.3454815e-05,6.267561e-05,8.65811e-05,-3.2270094e-05,-1.552865e-05,2.8185757e-05,0.00012370024,2.6450925e-05,-7.8984805e-05,2.9685732e-05,-0.0002235563,1.2291126e-05,-1.852264e-05,8.862242e-05,-7.870507e-05,2.9027435e-05,0.00010222646,-0.00011807638,-0.00018622531,-1.1204152e-05,0.00010316973,0.0001792152,-2.1023805e-05,-0.000103915765,8.84443e-05,7.620792e-05,0.0001833426,4.4688903e-05,4.4974564e-05,7.189399e-05,-0.000108580876,-1.6055355e-06,5.9983236e-06,3.444838e-05
T26_EGFP,0.00013415553,-9.353209e-05,0.00018157843,5.1926312e-05,-0.00010252666,8.077713e-05,3.6377427e-05,-3.5463831e-06,0.00010706247,-2.2526057e-05,0.00020551255,-3.5744943e-05,3.7271944e-05,1.3736217e-05,-9.878527e-06,0.00013664807,0.00010989737,-5.1554314e-05,0.00012408223,2.3885308e-05,5.762433e-05,0.00017423533,-0.00024463295,9.7534066e-05,-2.5978394e-05,0.00011489081,-9.090277e-05,-4.3635984e-05,0.00015605881,0.0001752187,1.8923072e-05,0.000109296074,1.28957045e-05,1.457468e-05,0.00016806171,0.00010812907,1.9261613e-05,2.0598097e-06,9.688866e-05,-5.463406e-06,-0.000117269745,0.00013504796,-6.830015e-05,0.00021524596,-0.00022503214,0.00013850434,9.029943e-06,-0.00012575022,0.0002900958,5.7462814e-05
T171_EGFP,2.9169929e-05,5.905156e-05,8.663341e-05,-2.262181e-05,3.885133e-05,0.00018786684,-0.000144194,-3.915383e-05,0.00018073973,0.00024527998,3.7457667e-05,-1.6067399e-05,-1.5412273e-06,8.209863e-07,5.662955e-05,-3.8230857e-05,7.053579e-05,5.8937396e-05,2.2937687e-05,-0.00025913288,-0.00010927241,4.1878673e-05,0.00013018369,7.637767e-05,5.649843e-05,-0.000120273005,8.9710884e-05,-0.00012894078,4.4218712e-05,-2.7676135e-05,-3.2696364e-05,-8.457394e-05,0.00012637263,2.4914725e-05,-1.50412925e-05,-0.00018231745,4.6203746e-05,7.5766235e-05,-0.00018648656,-3.0373023e-05,-9.53326e-05,-0.00021287745,0.0001309934,1.5258651e-05,1.283447e-05,-0.00020518986,3.285405e-05,0.00013685958,-3.613006e-05,-2.3929068e-05
T153_EGFP,-0.00010164608,6.877471e-05,2.922138e-05,-0.00017696214,0.00016857697,0.000102455895,0.0002458279,-1.4761828e-05,-7.463522e-05,-2.4163528e-05,-1.8055904e-06,4.9585287e-06,4.9088256e-05,2.7118682e-05,2.7569462e-05,7.0915476e-06,-3.7495258e-05,-6.811556e-05,-0.00011237788,9.178793e-05,4.322203e-05,-2.8615037e-05,-4.401106e-05,-1.7922584e-05,-1.164944e-05,-0.00013146059,-7.198742e-05,9.415878e-05,-6.594006e-05,-1.1619357e-05,0.000112898095,0.00040245225,0.0001335642,7.3908886e-06,0.00016863711,8.72714e-05,0.0001137835,8.499828e-05,-4.3337324e-05,0.00018153926,0.00016558648,1.0584159e-05,0.00017165297,-9.638473e-06,8.503725e-05,9.766712e-05,6.212043e-05,-0.00010561394,0.00023075416,1.3658563e-05
T64_EGFP,-4.9920593e-05,-7.607552e-05,-0.00011618723,8.4461746e-05,8.382083e-06,-0.00019722656,7.8076795e-05,-4.1162053e-05,4.4492193e-05,0.00018562918,2.3366147e-05,-1.8346065e-05,-1.0247463e-05,2.88648e-05,3.996954e-05,4.2220694e-05,5.484552e-05,1.5501568e-05,0.00020536387,0.00012018004,7.0404065e-05,3.7631256e-05,0.0001231159,7.8924146e-05,-8.9438894e-05,0.0001781809,0.000120062075,0.00023053355,0.00012985832,-0.00015120635,8.4658335e-05,-4.9703514e-05,-8.7578075e-05,7.0076705e-05,-2.0045693e-06,9.9852856e-05,0.00011968045,4.2258882e-05,-9.3597715e-05,-4.4232296e-05,6.2160885e-05,0.00014864287,6.1427665e-05,4.939865e-05,-6.32715e-05,5.9700782e-05,4.2947086e-05,-0.0002081514,1.9420904e-05,0.00027964413
T21_EGFP,7.8226214e-05,-5.946911e-06,1.1879652e-05,8.558386e-06,-8.011875e-05,-1.8420562e-05,0.00026919573,-3.3173797e-05,0.00027738616,2.943177e-05,-6.392352e-05,-0.00021589607,-0.00014876282,9.389764e-06,-5.3774413e-05,0.000112870264,-6.853453e-05,0.0001474222,2.6272288e-05,0.00015823664,0.00014475502,-9.2153714e-05,-7.1379177e-06,-7.831845e-06,2.113937e-05,-2.8626831e-05,-1.2313074e-05,0.00010086647,-9.536769e-05,0.000119700715,-3.067951e-05,-2.1706084e-05,-1.2855178e-05,5.4359236e-05,-0.00012725881,3.5220994e-05,7.286918e-05,7.166437e-05,9.4863106e-05,-3.1822692e-05,2.240267e-06,0.000108760796,0.00016068133,-2.1797465e-05,5.512687e-06,0.00016535203,0.00022813416,0.00014264771,-0.00013237716,-1.9358542e-05
T594_EGFP,6.589867e-05,9.779036e-05,0.000104445004,-0.00018553007,-8.718971e-05,-4.7957434e-05,2.8021495e-05,5.5059503e-05,-5.7324916e-05,0.00019603925,-5.335541e-05,6.64882e-05,-1.6220738e-05,-0.0001583689,0.00011363777,-9.5241325e-05,3.9768944e-05,-0.00010811561,-0.00011151766,-0.00013844416,-6.323344e-05,4.523795e-05,-7.6999226e-05,0.00010682113,8.0807724e-05,0.00012505699,-0.00023351671,-8.200435e-05,9.690845e-06,1.7077853e-05,0.0002220889,-4.2305885e-05,7.350658e-05,6.3400534e-05,8.375001e-05,-2.3031142e-05,4.861141e-05,6.354735e-05,7.0688875e-06,-0.00010847007,3.798006e-05,0.00015214727,-7.60255e-06,-3.0687457e-05,-3.684426e-05,-2.6623806e-05,-1.9664547e-05,-4.3212454e-05,0.000111974296,2.5941688e-05
T635_EGFP,0.00010196144,0.00020783843,-0.000110575515,6.533184e-05,1.117699e-05,5.821746e-05,8.59273e-05,-6.2271094e-05,9.661889e-05,5.9617967e-05,-0.00010008117,-2.8120829e-05,0.00018913527,7.477998e-05,1.8396426e-05,-0.00014155914,0.00018149923,-5.0776882e-05,-3.6326055e-05,-7.567027e-05,0.00014687222,0.00019481983,0.00014491523,-1.3200434e-05,9.248008e-05,6.5485256e-05,-1.47418e-05,9.789671e-05,8.063509e-06,-3.3708266e-06,-0.0001538011,0.00020130842,-6.3230094e-05,-8.592131e-05,-3.852616e-05,-1.5978112e-05,-0.00010928658,-2.1992144e-05,-0.000106315274,-7.2860734e-05,-2.1715257e-06,-1.4592756e-05,0.00019432663,5.8291225e-05,8.6564825e-05,2.922899e-06,0.00015036392,-0.00016740405,-4.2025546e-05,0.000116787895
T642_EGFP,0.00021094679,0.00010000596,-1.9395357e-05,0.00019049036,-2.1330556e-05,0.00014164658,4.6427696e-05,0.000105174746,7.019004e-05,-7.248741e-05,-0.0002247374,7.219247e-05,-7.587582e-05,0.00013249714,7.0070375e-05,3.3171913e-05,-0.00022437196,8.549612e-05,-3.487269e-06,1.8060835e-05,-5.6535206e-05,-2.8345125e-05,0.00013357065,-3.5111712e-05,-4.969727e-05,0.00024042018,-1.7246013e-05,8.9726316e-05,-2.4441912e-05,-3.5256206e-05,3.873897e-05,-2.9310939e-05,1.4094807e-05,0.000116195915,0.00013357762,0.00021508256,-4.1191783e-05,-0.00014004446,0.0001557654,0.00015847526,-3.63804e-05,-4.7626923e-05,1.063412e-05,-0.00011621751,-0.00017821063,-3.9156497e-05,0.00011323928,3.684156e-05,-3.7553036e-05,2.9285359e-06
T373_EGFP,0.0001399426,-1.8690007e-05,-5.8307112e-05,4.5147845e-06,-1.9527466e-05,0.00010433768,6.801318e-05,-0.00012647371,8.3638144e-05,9.829935e-05,0.00016522083,0.00011216237,3.3536e-05,-0.00010224061,4.3916225e-05,0.00021110682,0.00012892422,-1.7671371e-05,-5.5331708e-05,-9.315327e-05,2.8366076e-05,-0.000196539,-9.88874e-05,-5.0269555e-05,-2.417272e-05,1.0863794e-05,7.5189666e-05,-7.328345e-05,0.00016957159,0.00011213603,-0.00015987133,-4.8098907e-05,0.00016152502,-6.565172e-05,2.4499506e-05,0.000116800875,-0.000120159304,6.233265e-05,1.63353e-05,6.9857015e-05,3.6390036e-05,-4.6381614e-05,-6.121554e-05,0.000118394455,-0.00017397485,-4.7164973e-05,-9.404101e-05,-3.0780844e-05,1.6853928e-05,0.00018821693
T457_EGFP,3.0568506e-05,3.751969e-05,-1.0815923e-05,6.859491e-05,5.7671677e-05,-5.4902403e-06,0.00015248003,-9.107701e-05,0.00013085685,-6.0011283e-05,8.260943e-05,8.9823225e-05,4.364458e-05,0.00010983516,-6.4977525e-05,6.402343e-05,1.0929682e-05,0.00019920706,0.00010073008,5.2933116e-05,-0.00018836025,9.986673e-05,3.9027407e-05,-0.00015655337,-7.105888e-05,4.1241074e-05,-4.4181652e-05,-2.7774106e-05,3.0747407e-05,-2.6546111e-05,9.5515155e-05,5.6434503e-05,7.431113e-05,-5.604984e-06,0.00013900077,-7.5297816e-05,5.0741197e-05,-9.073386e-05,2.1358743e-05,-7.5057665e-06,7.739945e-05,0.00015470956,0.00019053511,-6.387972e-05,1.5278378e-05,1.2453627e-05,-1.657088e-05,0.00018838371,0.00022029466,3.224022e-05
T283_EGFP,1.3393732e-05,0.00018025188,-0.00010179431,-0.00012652187,2.1738719e-05,-0.00010154973,6.137828e-05,0.000333128,-5.2381503e-05,0.0001758781,1.0496512e-05,0.00015085893,-0.00013086745,-8.647293e-06,-7.56049e-05,-0.0002014133,-0.00014952413,0.000103542785,-2.2376382e-05,-1.2324434e-05,-5.5419725e-05,-5.1820145e-05,1.5100685e-05,3.5483245e-05,-2.654564e-05,9.102595e-05,8.759489e-06,1.9268231e-05,0.00029063944,5.5284647e-05,-0.00013252863,-0.0001031405,0.00010841912,1.5504344e-05,-1.3002803e-05,6.2894855e-05,9.642771e-05,-4.453156e-06,8.3242376e-05,0.00016072331,0.00014925575,-0.00011668401,0.000105795356,0.00015943794,-0.00013007568,8.155158e-05,-2.7141381e-05,-2.9769078e-06,-5.0851795e-05,1.7519063e-05
T623_EGFP,0.00013225802,-0.00015517997,3.8424692e-05,4.404844e-05,4.724126e-05,-2.9827608e-05,-0.00018401214,-3.3921522e-05,2.2987611e-05,0.00016024505,0.00011581657,4.3472308e-05,-5.5238415e-06,8.8316534e-05,-5.535632e-05,-0.00010225065,3.0997882e-05,0.00018764702,0.00022021074,9.606199e-06,6.63318e-05,0.00012904272,0.0001241524,5.0512488e-05,-3.245616e-05,-0.00022477447,0.00013791786,3.434386e-05,0.00016109996,-2.2912865e-05,-2.9628001e-05,0.00012404575,0.0001442277,-7.593184e-05,4.1810606e-05,6.4991786e-05,-0.00015580324,0.00020307244,6.6345216e-05,2.2960747e-05,2.9297968e-07,-0.00026490394,-5.052101e-05,0.00011409593,-0.00016870289,0.00014355706,0.000112739544,-0.00011923667,-1.6941432e-05,5.7370624e-05
T678_EGFP,0.000172442,-9.3081e-06,-0.00016962139,-0.00011681647,3.2301163e-05,0.00010430127,-1.743892e-05,0.00016523461,5.2983127e-05,-2.8293127e-05,-4.5652552e-05,0.00013696555,2.7212945e-05,0.00013980757,9.3063296e-05,-5.247967e-05,-1.3948833e-06,-7.1699134e-05,-0.00016690347,8.699783e-05,4.450543e-05,0.0001593052,9.213046e-05,0.00020866787,1.06095695e-05,3.0636835e-05,-0.00013144716,4.9645387e-05,1.9782437e-05,0.0001014671,-6.643675e-05,-8.147014e-05,-4.8339378e-05,2.2475773e-05,4.7740006e-05,4.0812432e-05,0.00021809248,0.000101385274,-7.645789e-05,5.5201886e-05,0.00016067705,7.555884e-05,-2.9744588e-05,5.160411e-07,0.00013042173,7.416736e-05,8.0813414e-05,0.00010814492,6.112559e-06,-0.00025295228
T359_EGFP,0.00018751282,3.89515e-06,-7.200172e-05,-0.00010931046,-5.1849776e-05,-1.642235e-05,-5.331667e-05,-3.1951065e-05,1.8558001e-05,9.2786664e-05,-3.0580977e-05,0.00011994934,0.0002055856,0.0001493781,-0.00014436002,0.000113740665,0.0001833938,-2.7530594e-05,-3.0708292e-05,1.5839443e-05,0.00012188056,0.00013805459,-2.132912e-05,0.0002155253,7.549394e-05,-0.00015016002,-4.9233718e-06,-0.00028547697,5.3110587e-05,0.00018061318,5.81618e-05,-0.00012819335,0.000118901626,8.3732e-05,5.779733e-06,0.0001137229,-0.00015444364,6.7319466e-05,0.00015996763,8.8063854e-05,-0.00021889579,-6.9188565e-05,0.00014197781,7.6154065e-06,8.1395454e-05,-0.00011566344,-4.561296e-05,-0.00017090322,5.1592456e-06,-4.7540565e-05
T151_EGFP,5.3193045e-05,-0.000100910685,2.5338719e-05,2.69745e-05,0.00010229702,0.00015562297,6.9756774e-05,0.00018310036,2.7483067e-05,0.00010439349,0.00014906298,1.89053e-05,-2.398699e-05,3.8398443e-06,4.7829577e-05,-5.576554e-05,9.380767e-05,7.237743e-05,0.00017197471,-0.00019526336,-9.343431e-05,3.9464296e-05,-7.4223844e-06,-4.8347545e-05,3.478593e-05,0.00014856849,3.192914e-05,6.944492e-05,0.00030395587,3.431043e-05,0.00025666994,-5.814533e-05,8.818943e-05,5.7521604e-05,-0.00012443132,-3.2017673e-05,-0.00011620408,0.0002237032,-5.7387195e-05,0.000100275094,-0.00013546589,-3.5079498e-05,0.00015824712,-7.858465e-05,0.0001361558,0.00016735816,0.00019881308,8.747896e-05,-4.5253015e-05,-7.263776e-06
T165_EGFP,0.00026775085,4.855837e-05,0.00015882001,6.976826e-05,-8.391331e-05,-5.6907916e-06,4.9295842e-05,9.560736e-05,0.00010260908,-0.00010213302,-0.0001350424,-5.3771186e-05,0.00013086668,0.00012551105,-0.00010986455,5.1032853e-06,-5.458576e-07,-9.543485e-06,6.7581685e-05,3.998789e-05,-1.7957533e-05,0.00019933922,-8.701403e-06,2.0291156e-05,7.484684e-05,0.00018513206,4.628602e-05,-8.235402e-05,1.0259566e-05,2.8292858e-05,-0.00014843787,2.5296238e-05,9.5649775e-05,3.4395543e-05,-6.445854e-05,7.734409e-05,0.00021673212,-2.6435127e-05,-6.2987616e-05,8.502535e-05,0.00010923278,-0.00014138763,-9.618551e-06,0.00019631215,9.459716e-05,-6.81585e-06,5.4766184e-05,1.5401532e-05,2.2021552e-05,-2.050453e-05
T508_EGFP,0.00023986478,-0.00010793728,8.679088e-05,2.6578547e-05,3.8036746e-05,3.5433528e-05,1.4847434e-05,0.000116651456,-4.4183173e-05,-4.573197e-05,1.526462e-05,0.00014713596,9.647219e-06,0.00017057327,-3.745974e-05,9.939176e-05,0.00010059199,-2.2043374e-05,-2.9148054e-05,0.0003617256,-2.3415896e-05,7.386353e-05,-0.00016512739,0.000106349944,0.00013511407,8.581747e-05,0.00016356188,3.298518e-05,0.00017122431,1.942427e-05,-0.00016970997,-0.00011796801,-8.1971724e-05,0.00018579776,-4.556209e-05,1.3699964e-05,0.00011489242,6.2012905e-06,-9.3036026e-05,-2.3718642e-06,-1.707955e-05,0.0001089309,3.7232257e-05,0.000184818,2.5251664e-05,0.00017112309,7.878626e-05,7.640173e-05,-0.00013850372,-0.000122055746
T225_EGFP,2.488357e-05,5.146e-05,7.2191535e-05,-0.00014738605,-4.096338e-05,6.242978e-05,0.00016348009,3.144277e-05,5.989298e-05,5.24283e-05,3.0386418e-05,0.00018075545,-0.00010611549,-1.9110478e-06,7.803682e-05,0.00019583337,1.4595659e-06,4.6669615e-05,1.9281533e-05,-0.0002363385,0.0001812871,-1.249522e-07,-0.00019015615,-0.000211863,7.3780575e-05,-9.634614e-05,9.658486e-06,0.00016246374,-8.919261e-06,6.264698e-05,0.00014561003,0.00012439588,-6.86073e-05,-9.057601e-05,-2.2674096e-05,2.7086806e-05,1.6854283e-05,0.000106360756,5.8659483e-05,0.0001464157,9.5782736e-05,2.487261e-05,8.3544455e-06,-0.00016710482,-8.474341e-06,0.00019855313,5.201715e-05,-0.000113152986,0.00015526976,5.048356e-05
T522_EGFP,1.9855546e-05,0.00012353474,-3.4364286e-05,2.526337e-05,-8.068873e-05,3.098998e-06,0.000160832,8.292639e-05,0.00017801869,0.0002716082,-5.1951985e-05,4.440359e-05,-0.00011166491,-1.12772295e-05,-7.1041155e-05,-6.4922504e-05,0.00012429093,-4.035608e-05,0.00012595957,5.6236044e-05,-6.142672e-05,0.00021082655,-3.313957e-05,-5.3788437e-05,2.617846e-06,0.00010554895,7.590406e-05,-4.2689175e-05,0.00017138926,0.00013858473,0.00012620658,0.00020900805,-2.6724849e-05,3.665184e-05,0.00022307175,0.00015233051,-6.5655346e-05,9.1106325e-05,8.212723e-05,2.9245068e-05,1.2743155e-06,5.6346107e-05,0.00013048209,-5.005525e-05,0.00017335411,0.00010085318,0.00018120182,0.00019544843,8.626417e-05,-6.9947475e-07
T320_EGFP,0.00018445456,5.629367e-05,0.00027145768,-0.00012127448,0.00012002433,-8.478071e-05,-2.0925252e-05,0.00016629387,0.00017674806,-3.3543223e-05,8.159164e-05,8.78114e-05,0.0001857549,5.758637e-05,5.313212e-05,-5.3077074e-06,-4.8554473e-05,5.101874e-05,2.1035716e-05,-0.00016078651,0.00019588375,0.00010853844,5.5871522e-05,9.0437476e-05,1.809784e-06,4.213563e-05,-5.1133837e-05,-5.8584337e-05,-6.0789098e-05,8.225653e-06,9.325523e-05,0.00012840744,1.3191874e-05,2.4405688e-05,2.2091068e-05,3.823197e-05,0.00019242574,-4.115378e-05,0.00014080263,-2.6582725e-07,-0.00018155374,-1.3674042e-05,6.7965906e-05,7.733142e-05,1.5097466e-05,-2.3365026e-05,-2.787078e-05,9.9992816e-05,0.000160433,-4.138004e-05
T121_EGFP,0.00023427044,-7.553754e-05,-1.7368802e-05,-9.373353e-05,-9.291672e-06,0.00016858554,0.00022774625,5.5655095e-05,7.401401e-05,5.300313e-05,-6.296281e-05,-9.616329e-05,3.765289e-05,-3.1623e-05,6.880329e-05,-3.9429866e-05,-4.687464e-05,3.4114684e-05,0.00017192269,-3.5127923e-05,6.88891e-05,-0.00012797082,7.579787e-05,0.00020453102,-0.00017973181,-8.883974e-05,3.5366204e-05,-5.5990735e-05,0.00011709042,0.00010836345,6.2949686e-05,-2.0335945e-05,-5.5217275e-05,-1.6116223e-06,0.00012314992,-7.3719966e-05,-0.00013065636,-2.162842e-05,-6.17878e-05,3.8641545e-05,4.1597127e-06,0.00014929325,3.809923e-07,-0.00016464575,-1.2872404e-05,-8.3405655e-05,-7.908952e-06,-9.430183e-05,-0.00012148174,0.00020741888
T641_EGFP,0.00022636054,0.00013062292,1.8300405e-05,0.00015049877,2.6459578e-05,-4.967062e-05,0.000105899286,1.5137676e-05,7.584379e-07,-0.00023717318,0.0001458975,-9.147079e-05,4.435073e-05,-9.2973096e-05,0.00010659846,-4.0707444e-05,-0.00015073406,-0.00013049037,-2.7761705e-05,9.523714e-06,5.5782593e-06,0.00020389179,1.9088402e-05,3.3624037e-05,-8.00715e-06,0.00012086225,-0.00017811793,2.908476e-05,-5.578149e-05,-9.98182e-05,2.998225e-05,1.09511275e-05,0.00022158718,-7.415646e-05,3.07724e-05,8.83273e-05,-3.365879e-05,-3.907254e-05,0.00023547199,0.0001124423,-6.301179e-05,6.321486e-05,8.602076e-05,0.00010105151,0.00014558049,1.8968443e-06,-5.6353172e-05,0.00010199093,-5.96298e-05,-5.0732404e-05
T352_EGFP,-2.2954908e-05,0.0001246969,-4.800212e-05,0.00010173001,-8.508986e-05,0.00017655431,0.00014987294,-8.0422e-06,-5.9128735e-05,-0.0002457261,-9.4080235e-05,-7.0444075e-05,1.7877184e-05,-2.2078908e-05,2.2058399e-05,-4.7916805e-05,0.00016177254,9.140541e-05,-3.2813223e-05,6.408604e-05,7.123349e-05,0.000119034565,-2.9075607e-05,-0.00015391,-0.00030017,3.3337918e-05,9.678127e-05,-0.00010626548,6.819217e-06,-9.510175e-05,1.7001248e-05,-3.4801626e-05,-6.488628e-05,0.0001454293,-7.547638e-05,0.00018813908,0.00011635491,-5.8301182e-05,-8.150368e-05,-9.366987e-05,9.770993e-05,-5.335601e-05,-0.00013766454,-0.00012568598,3.421671e-05,7.2924995e-05,2.6536927e-05,-0.00016042052,2.1444954e-05,-0.00022237873
T483_EGFP,1.3236806e-05,8.758653e-06,-0.00019982984,6.2478444e-05,1.9660456e-05,3.6200152e-05,5.753536e-05,7.433762e-05,0.0001269682,3.8896123e-05,0.00021135133,7.556222e-05,0.00018952646,-5.582647e-05,-4.92219e-05,-1.7596634e-05,0.00022155463,0.00019965158,3.3869805e-05,5.743929e-05,4.1777694e-05,2.1648462e-05,-0.00018196672,9.856549e-05,5.212796e-05,-9.576647e-05,-0.00013324783,0.00014895976,1.8905044e-05,9.577753e-05,-7.750093e-05,-0.00019073352,1.8579516e-05,-8.929937e-06,6.7116096e-05,4.5932786e-05,2.8881883e-05,-3.7208978e-05,8.2590595e-05,9.026497e-06,0.00029159596,0.00020048342,3.1020914e-05,0.00020601085,0.00022953369,-9.2873444e-05,-5.760636e-05,2.8560074e-05,-5.2334242e-05,1.0513623e-05
T611_EGFP,6.196762e-05,6.4097534e-05,0.00017977587,8.0944825e-05,0.0001000564,-2.7002026e-05,2.0682322e-05,0.00024000264,2.9751953e-05,-4.21509e-05,0.00012018679,0.00013072665,-3.911885e-05,3.771944e-05,8.0823025e-05,-0.00011161891,8.4012565e-05,0.00023596012,3.3040043e-05,1.8787614e-05,8.631066e-05,-2.7685925e-05,6.779145e-05,0.00014621252,5.7261837e-05,4.4256976e-05,-8.8354194e-05,0.00012750408,0.00016467938,6.761951e-05,8.903181e-05,-3.8117818e-05,-1.4124975e-05,5.0158425e-05,2.7097964e-05,0.00013738938,8.054256e-06,-9.8347526e-05,-5.5430246e-05,0.00017920333,0.00012335273,-0.00026880705,-0.000121431214,-5.6486933e-05,0.00012843765,4.0772753e-05,-0.00011280712,0.00019632903,-1.1788598e-05,-3.2637578e-05
T338_EGFP,3.4513847e-05,-0.00012975054,-3.551599e-05,-7.91115e-05,-9.678972e-05,-0.0002095497,-0.00012307883,8.7643115e-05,-1.7952547e-05,9.845828e-05,-0.00015254412,-4.781505e-05,3.958197e-05,9.343863e-05,-3.237297e-05,0.00013919105,-0.00013586995,0.0003352763,6.860791e-05,3.427695e-05,-0.00016646279,8.2264785e-05,-6.0241742e-05,-6.885903e-05,1.72264e-05,8.299173e-05,7.61756e-07,0.00019340261,-3.2086486e-05,-0.00013581013,0.000115625386,4.009154e-05,4.2676504e-05,-4.0356073e-05,0.000101778154,-7.5349846e-05,0.00018492802,-0.00013149131,-1.3933482e-05,1.979274e-05,3.685474e-05,-8.927629e-05,5.8295715e-05,0.00016950596,-0.00013590128,0.0001889689,8.481927e-05,0.00019038918,0.00015442214,-1.8635961e-06
T573_EGFP,0.00011587334,-0.00013256902,7.7092336e-05,-0.00011504055,7.27329e-05,-1.976719e-05,0.000114375434,0.00019360994,3.886952e-05,-0.00014228397,-6.77717e-05,2.6236934e-05,7.107844e-05,2.1543678e-05,9.5978736e-05,2.272514e-05,4.914786e-05,4.4882163e-05,8.8314635e-05,0.00013985991,-0.00010690927,0.000111598085,0.00015438306,-6.211118e-05,1.4354944e-06,0.000111746376,-9.923718e-05,0.00016515872,0.00014851295,0.00014794609,0.00021686553,0.00017672045,6.299543e-05,0.00019862028,3.482405e-05,-0.00013197662,-7.273613e-05,2.7801601e-05,4.934391e-05,-3.4813593e-06,5.8779465e-06,0.00015643639,3.4371642e-05,-1.623074e-05,0.00013931563,-0.00010298135,-0.00019625317,-9.739145e-06,-6.8269226e-05,0.00017104199
T309_EGFP,0.00031778624,0.00013779404,-2.9072047e-05,4.8115733e-05,0.00019601111,-0.00018179929,-5.3674783e-05,-0.00011816874,0.00016210465,0.00026001484,6.7553134e-05,-4.5139208e-05,0.00016037858,0.00018619746,1.24768885e-05,4.854079e-05,-5.2786086e-06,5.970631e-05,6.5369066e-05,4.2666366e-06,4.138905e-05,1.8282472e-05,6.211734e-05,0.00016759102,-0.00019224768,-0.0001633033,-3.1151918e-05,0.000155982,8.584486e-05,5.2841235e-05,-7.639291e-05,9.833538e-05,9.68723e-05,5.2788524e-05,3.5101624e-05,1.1664817e-07,3.3391603e-05,-6.2562e-05,0.00022055261,2.2884928e-05,-9.7182645e-05,5.4247575e-05,6.9114605e-05,-0.00013137634,2.2931701e-05,1.0484535e-05,0.00010988823,2.970322e-05,5.1342828e-05,-0.0001273075
T382_EGFP,1.3357284e-05,-0.000120786695,0.00018172522,-6.51919e-05,5.068482e-05,5.5592554e-05,5.536183e-05,0.00015862849,6.3506035e-05,0.00010618824,-4.0014296e-05,-9.851875e-05,-3.0168472e-05,7.5879148e-06,-2.102408e-05,-0.00016149745,0.00011854596,0.0002772454,-4.724515e-05,5.040808e-05,8.022718e-05,6.918878e-05,-0.000114349335,8.7584165e-05,-5.9392398e-05,-5.448506e-05,2.4502244e-05,9.31589e-05,-8.181247e-05,-1.044714e-05,0.0001466605,9.240366e-05,2.1517291e-05,0.00021401349,-2.6031237e-05,6.600687e-05,6.875487e-05,1.5866619e-05,-2.0777521e-05,0.0002834198,-0.00033130977,-4.074844e-07,-9.3234696e-05,6.718426e-05,-0.000101291735,-0.00011738198,-0.00014787997,-4.0549923e-05,0.00029598502,0.00021943044
T221_EGFP,6.600565e-05,-4.9441564e-06,9.858864e-05,0.00010874961,0.000102547056,-6.04435e-05,0.0001057364,-6.9517714e-06,3.2648259e-06,0.0001896295,0.00010839645,-0.00014723506,-3.7123315e-05,-4.7968097e-05,-9.989379e-05,0.000103712686,-0.00020056989,4.8873295e-05,-2.4273622e-05,-0.00014715471,-0.00017477847,-5.5661043e-05,0.00012309814,5.3400232e-05,3.5145626e-05,2.5964513e-05,3.6746736e-05,6.735367e-05,3.5285637e-05,9.51433e-06,6.701014e-05,0.00023339971,3.748307e-05,8.590942e-05,2.6421465e-05,-8.1008766e-05,-0.0003248368,6.0002814e-05,0.00012783156,-2.4987705e-05,8.217698e-05,-3.5183077e-06,0.00013582653,-4.212318e-05,-0.0001740675,0.0002526469,5.7902967e-06,0.00023621206,6.1031784e-05,-6.369787e-05
T445_EGFP,-0.00013234974,9.850253e-05,9.802914e-05,0.00014200258,3.0674626e-05,0.00012881224,-7.287334e-05,7.509105e-05,0.0001262636,2.2659317e-05,0.000109542336,-1.4075458e-05,-0.000120126315,8.019275e-05,-9.858206e-06,6.271127e-05,0.00016245813,-3.7600148e-05,3.712183e-05,1.1450016e-05,6.733114e-05,-5.1732914e-05,0.000101587,0.00018435487,-0.00014895535,5.7053603e-05,0.00011416232,5.3850657e-05,0.00014457,-0.00014816674,-7.4642754e-05,-5.322262e-05,-7.6672004e-05,-2.167731e-05,-3.149426e-05,-0.00019232374,-5.3864856e-05,0.00021486268,0.00018188285,-3.7391e-05,-8.6923625e-05,-0.0001494518,0.00014561748,0.000108002176,-7.8134355e-05,0.00018512073,0.00017148284,-0.00012947273,-0.00012130309,0.00024360893
T102_EGFP,4.7154543e-05,7.555052e-05,5.6366734e-05,8.780771e-05,0.00024290782,0.0002732906,-0.00016396205,-5.208146e-05,-8.67735e-06,-0.00016822101,-0.00012574311,7.4344985e-05,-0.0002033748,-0.000118613534,-4.704696e-05,6.793263e-05,-2.8520462e-06,-9.7495256e-05,0.00011500097,0.00014876903,3.1499847e-05,-3.463934e-05,0.00011912551,0.00019202367,7.9952435e-05,9.681751e-05,2.567316e-05,-3.0980744e-05,-0.0001407215,4.6662466e-05,-0.00016753939,-1.4004197e-05,8.205781e-05,0.00021549995,6.223231e-05,0.00010658187,2.9989458e-06,-2.336898e-05,0.000110494955,0.00035070593,-2.2796743e-05,-1.3706414e-05,-3.8444585e-05,0.0002599894,0.00015983236,2.929725e-05,-2.7722754e-05,6.616717e-05,0.0001890525,0.00012985313
T340_EGFP,0.00012369659,-8.236005e-05,-6.0955463e-05,4.9715277e-06,-3.3217926e-05,-3.6399615e-05,1.1038309e-05,0.00029854916,7.120795e-05,5.3006897e-05,-8.4817344e-05,-5.393629e-05,4.2092333e-06,4.753295e-05,6.596428e-06,3.9545623e-05,0.00013584782,-0.00014115396,0.0002094183,-5.6454395e-05,-4.491459e-05,4.5673576e-05,-8.651965e-05,-2.1055996e-05,0.00027869365,-5.356677e-05,6.6768716e-06,0.00013861404,0.00012543304,-0.0001155124,-9.761377e-06,5.479712e-05,0.00016861629,0.00017242933,0.00021332678,0.00010376225,0.00017183392,-0.000115224495,9.724042e-05,0.000104395345,0.00019910772,3.6740503e-06,7.403314e-05,-0.00020151678,-5.047664e-05,-0.0001958519,0.00015836368,-0.000116458876,-8.876025e-06,-1.6826494e-05
T69_EGFP,7.2684255e-05,-5.5566074e-05,-7.936076e-05,-1.8466677e-05,-1.4568526e-06,-0.0001939833,-6.009458e-05,3.1963475e-05,2.1538224e-05,-9.620458e-05,-6.285617e-05,0.00024480253,0.00019031174,6.8396206e-05,5.7653553e-05,9.362726e-05,6.7916124e-05,3.6766876e-06,-0.00012509074,-0.00020823101,-0.00010771012,1.3616722e-05,-0.000114493465,0.0002978325,7.156472e-05,-4.3189484e-05,6.530433e-05,-8.9949004e-05,5.4105487e-05,7.911868e-06,-0.00012200121,0.000109054345,-8.916048e-05,-4.77345e-05,-0.00018561314,0.00013039135,0.00011650074,4.878895e-05,6.91116e-05,4.375655e-05,1.1369395e-06,-0.00012640528,0.00023251995,-4.7997946e-06,7.172983e-05,9.214487e-05,-8.2610364e-05,-1.5988924e-05,-4.2594696e-05,1.4331926e-06
T655_EGFP,0.00020606392,3.3313783e-05,-4.358858e-05,4.851479e-05,0.00023576742,7.3015566e-05,0.00010810786,0.00018930766,-5.8991584e-05,1.636709e-05,8.337453e-05,0.00018514793,0.00020979485,-4.806346e-05,-2.870341e-06,-0.00010344094,-0.00012601583,0.00025826684,4.383849e-05,2.1427551e-05,2.4206414e-05,9.454064e-05,-0.000101147096,9.189151e-05,-3.277387e-05,7.050782e-05,-1.884659e-05,0.00015939947,0.00010813794,-7.094415e-05,0.000120709716,-0.00015820918,7.1034454e-05,-6.0753795e-05,6.432169e-05,2.3123559e-05,1.0404958e-05,-4.2450374e-06,5.686859e-05,0.00015052491,-0.0001258744,-4.283528e-06,4.222645e-05,-0.00021165817,4.965632e-05,8.864944e-06,4.038722e-05,1.99037e-05,5.093065e-05,2.4837811e-05
T424_EGFP,9.291445e-05,5.7579768e-05,8.096645e-05,8.296297e-05,-0.00019816188,2.163765e-05,0.00015289152,-4.692395e-05,2.1949323e-05,-4.603851e-05,7.4232885e-05,0.00014990839,0.00017744984,-0.00016459527,0.00013493533,0.00012247812,0.00013732832,0.00014095283,-2.8075216e-05,2.6998188e-05,0.000111268484,9.432364e-05,0.00013421719,3.4117264e-05,-2.9361112e-05,-5.3150412e-05,7.3459654e-05,-2.3606083e-06,0.00013794702,6.717459e-05,0.000115963805,0.00010209022,8.442219e-05,-0.000119227676,0.00013955214,-0.00011477262,2.5071564e-05,0.00010642834,2.0751595e-05,-0.00016375884,-0.00018521183,-4.4024233e-05,-6.247479e-06,0.00024039748,2.0401292e-06,-2.1782791e-05,4.586116e-05,-0.00017837828,1.2987051e-05,0.00021945957
T78_EGFP,-0.00016592794,-8.535915e-05,1.5479978e-06,2.186171e-05,6.015581e-06,3.4620748e-06,-1.6777558e-05,2.311427e-05,0.00025996895,8.7950924e-05,-1.6109856e-05,0.00010054459,2.0205294e-05,-7.581565e-05,0.00019990542,0.00012787343,-0.00013930892,-8.881327e-06,3.1493786e-05,0.00010401005,-7.0664806e-05,-3.2921515e-05,-2.6969774e-05,5.554828e-05,4.743529e-05,-5.7491055e-05,-5.1034745e-05,0.00012087457,9.82693e-05,6.618835e-05,4.7824582e-05,4.0942246e-06,0.000101638565,3.5912322e-05,9.999523e-05,-4.9425885e-06,4.177656e-05,-6.954823e-05,6.5096e-05,-0.00014603205,1.0059447e-05,0.00013840394,9.1927555e-05,0.0003115949,0.00022470721,-0.00013977115,2.2770395e-05,-5.1706913e-05,0.00013402797,-7.564827e-06
T670_EGFP,0.00016904733,4.7086276e-05,-2.5600046e-05,1.7458275e-05,2.4163972e-05,4.1241587e-05,0.00022859317,-0.00023569335,-2.452065e-05,0.00012046323,-7.955886e-05,-2.6339405e-05,5.3459262e-05,0.00011714344,-6.0161175e-05,-7.712654e-05,-6.947145e-05,-3.6025387e-05,2.9092284e-05,-3.1795713e-05,-0.00013205479,0.00016479194,1.0876187e-05,-6.369035e-05,0.00013921916,0.00014028442,0.00014284324,-8.48928e-05,9.687235e-05,-1.7781773e-05,2.9979632e-05,3.1342635e-05,0.00016151441,-0.00016562287,-6.0051818e-05,1.984439e-05,-5.9417893e-05,-7.594264e-05,7.3145085e-05,0.0002208006,-8.203904e-05,-0.00018183241,-4.0366678e-05,-2.6409936e-05,-7.978675e-05,-7.7684774e-05,0.00015608862,-9.689493e-07,8.4295454e-05,7.9660786e-05
T138_EGFP,1.19224305e-05,-5.8245554e-05,-0.00011715067,2.9230652e-05,0.00014863988,5.7172005e-05,-7.177755e-05,0.00019704517,0.00011669449,0.00030953632,2.6664713e-05,-9.753787e-05,9.2207214e-05,1.8330735e-05,6.8685964e-05,-2.1341935e-05,-3.690964e-05,0.00010373151,8.4021485e-05,-1.3957889e-05,0.00020344013,0.00010242952,8.471085e-06,8.506239e-06,-0.000118416225,-4.880069e-05,0.0001291398,-0.00025510727,0.00021542737,0.000121624355,0.00011117581,-0.00013063727,0.00014558397,-6.181847e-05,2.5739026e-05,-0.00011603705,1.2880478e-05,2.6176796e-05,-1.6952938e-06,2.5299762e-05,6.0456132e-05,8.523134e-05,0.00012375937,5.7998714e-05,-3.9170163e-06,0.000108583634,9.709923e-05,-0.00010916275,9.933423e-05,-0.000115907475
T480_EGFP,9.043543e-05,-8.509604e-05,9.0815294e-05,0.0001595768,0.00012718097,-3.626887e-05,2.6053032e-05,5.4473432e-05,-2.9970788e-05,7.3593525e-05,0.00013400741,4.7722562e-05,-0.00011815929,0.00016479222,-4.2020172e-05,0.00011361658,-1.1241822e-05,-0.0001391286,0.00015306979,0.000121885605,-2.1727177e-05,-0.000104095336,0.00024866496,0.00020764432,3.895725e-05,8.083916e-05,-4.469125e-05,0.00030742103,7.705345e-05,-4.2533147e-06,-0.00012535276,5.9082864e-05,-0.00024283693,-7.253304e-05,0.00015584538,-8.0443126e-05,2.1001923e-05,-3.6016072e-06,-8.30723e-05,3.0789088e-05,-4.3408258e-05,-0.00012650716,-0.00013843118,3.669821e-05,0.00020232877,-0.00010931719,5.2051033e-05,-0.0001245102,9.3892544e-05,0.00010287604
T394_EGFP,4.6782766e-06,0.00015062028,-0.00010514474,6.591231e-05,0.00013555874,-1.40477005e-05,0.00016785119,0.00017059855,5.4764754e-05,0.00010346612,1.9334348e-05,-3.2085834e-05,6.86068e-05,-0.00018052084,3.6782245e-07,-0.00010458096,-0.00020498603,-2.9238103e-05,0.0001514463,-8.2187995e-05,-6.2495856e-05,-0.00014939187,0.0001774882,1.4594473e-05,-0.00023067903,5.3918475e-06,4.340687e-05,8.657292e-05,-0.00013116175,-2.4305773e-05,-4.891992e-05,4.428986e-05,-1.8597691e-05,3.5142133e-05,0.00019607962,-1.5919488e-05,-6.765926e-05,0.00010345608,0.00013435347,-0.00016594454,-6.4776556e-05,0.0001515289,-0.00017451697,-2.9184335e-05,6.8328955e-05,-0.00018179641,-6.293558e-05,2.827467e-05,-9.364718e-05,7.2387893e-06
T260_EGFP,-7.3235926e-05,0.00015124978,-2.704689e-05,-0.00012368808,9.7926706e-05,8.1417864e-05,8.359424e-05,8.3987085e-05,8.1421684e-05,0.000120517245,3.681803e-05,0.00010552338,2.0562344e-05,0.00017055497,8.233215e-05,-1.3005215e-05,-7.985447e-05,3.616247e-05,-8.8291315e-05,-5.451112e-05,-2.176868e-05,0.00010647685,0.00015861522,2.6585285e-05,-6.739289e-05,0.00021670896,-0.00018941316,0.000105367806,0.00017956008,2.5941761e-05,1.131257e-06,-0.000102484846,0.00025743822,8.715504e-05,-6.8955575e-05,3.948007e-05,8.6616594e-05,5.4515867e-06,-4.0004263e-05,0.00021955838,-9.384811e-05,-1.6400214e-05,-3.661718e-05,6.5207394e-05,-0.00015128536,-4.9110433e-05,-4.577197e-05,-2.2397973e-05,8.739554e-05,7.900056e-05
T284_EGFP,3.251314e-05,-9.105759e-05,-7.469218e-05,0.00017482428,-3.8439073e-05,-0.00016176736,-6.5820786e-06,9.7419506e-05,0.00015159663,9.194244e-05,4.8616785e-05,-0.00025518538,0.00012156646,4.791608e-05,-1.9901707e-05,0.00013470599,-0.000125166,-0.0001227672,0.00018229749,-1.825308e-05,1.4181197e-05,0.00015300784,0.00016212881,-8.1035265e-05,4.482225e-05,-0.00012160097,-4.7735864e-07,-0.00011530174,-0.00016823327,-0.00017972787,3.6552512e-05,0.00010772253,-7.807549e-05,0.00021470612,-7.6081546e-05,0.00012075456,-6.328383e-05,-5.544627e-05,-8.032703e-06,5.9923237e-05,0.00022236146,-2.8090866e-05,8.429148e-05,-3.3652774e-05,-2.6654761e-05,-3.3371514e-05,-7.0988746e-05,1.6774544e-05,-4.305081e-06,9.697475e-05
T676_EGFP,0.00020093619,2.1859698e-05,-9.4710485e-05,-0.00019376466,2.3338564e-05,7.774887e-05,1.676658e-05,-0.00012687867,3.6701473e-05,-0.00012067476,6.275289e-05,4.0193354e-05,-4.3748816e-05,0.000106810265,0.00010269082,-1.46994835e-05,-5.822117e-05,9.3861505e-05,-1.14378545e-05,0.00017040914,0.000117177726,3.9924762e-05,2.132133e-05,0.00021887274,7.968979e-05,-3.045942e-05,-4.926414e-05,-8.986258e-05,0.0001040574,0.00019306406,-2.250845e-06,-0.00010116847,7.7306155e-05,2.8477047e-05,6.9669295e-06,-1.4757193e-05,0.00012596826,0.00019966737,4.006345e-05,0.00015474687,9.480415e-05,5.647601e-05,8.9343426e-05,0.00014521035,8.602133e-05,-4.326144e-05,-0.000113266346,1.7335435e-05,3.5607947e-05,-4.598996e-05
T496_EGFP,0.00016348093,-0.00011291608,2.082885e-06,0.00014370464,-2.811103e-05,7.085448e-05,8.33717e-06,-7.573507e-05,4.8841004e-05,2.0689851e-05,0.00013667282,-1.7177355e-05,-5.918737e-06,0.00018117848,0.00016788821,-5.476109e-05,8.3621606e-05,9.9273624e-05,-0.00013669225,0.0002446113,-6.707223e-05,-0.00013212783,9.97556e-05,5.3954962e-05,-6.619849e-06,-0.0001154152,-3.0702126e-05,-0.00010575911,0.00010277228,-3.9749625e-06,-5.0830946e-05,-2.8354466e-06,-3.815752e-05,-3.0315938e-05,2.3873641e-05,9.8203986e-05,0.00030278528,-3.5280125e-05,0.00012350712,0.00010574537,1.4831462e-05,0.00018477306,0.00015980077,5.7175806e-05,0.0003025839,2.9619183e-05,5.996682e-05,0.00010912423,0.00018826746,-2.515688e-06
T289_EGFP,0.00021288422,-0.00016208191,1.6335796e-05,6.5377164e-05,-0.00010786059,-9.141617e-05,-6.874335e-05,0.00014155419,0.0003111088,7.397314e-05,0.00013439961,-7.632468e-05,-2.5974512e-06,8.327173e-05,-7.05402e-05,-4.3459473e-05,-0.00019286138,-8.250644e-05,6.4153784e-05,1.7345508e-05,-7.388676e-05,9.898667e-05,0.00015393308,3.4769306e-05,6.536048e-05,5.141045e-05,-9.459276e-05,8.173633e-05,-3.0675368e-05,0.0002317637,0.00014787732,0.00014626882,-6.1420105e-05,-0.0001430005,-6.886312e-05,-4.531102e-05,-0.00010094778,5.3506587e-06,0.00011919623,6.607031e-05,-0.00014706915,3.2150223e-05,0.0002089522,7.7271616e-05,5.0763094e-05,2.8697868e-05,4.6016943e-05,0.000112970716,-4.528173e-06,-4.2835145e-05
T220_EGFP,-1.9701109e-05,0.00017949696,8.614992e-05,-6.38119e-05,8.803069e-05,-4.563411e-06,-2.0001685e-06,7.038675e-05,-0.00019530962,-0.00012613078,2.0528201e-05,-6.225309e-05,6.585456e-05,0.00010952269,-1.5266414e-05,0.00014220098,-0.00018298117,-0.00012864043,9.065639e-05,9.6607066e-05,4.0308427e-05,-6.580468e-05,1.2456001e-05,-0.00015516541,-3.666222e-05,-0.00010938171,2.8127448e-05,-2.3007995e-05,-3.1277982e-06,-0.00012472359,-8.276391e-05,0.00020480253,4.4444958e-05,4.0196195e-05,-8.551901e-05,0.00013057684,0.00013857856,-0.00014162,8.2590166e-05,-2.3272753e-05,-0.00013729632,0.00014417147,1.0697436e-05,0.00028033444,-3.952223e-05,1.3986427e-05,0.00021823542,-0.00013906466,-9.760536e-06,0.00017160943
T57_EGFP,5.909212e-05,-2.301553e-05,-2.8340266e-05,0.00018158293,5.6448538e-05,-8.6645305e-05,1.5551568e-05,-0.0001975382,6.3202795e-05,2.609839e-05,-2.8366603e-05,0.00013987241,0.00014371099,5.708658e-05,9.277673e-05,3.3729258e-08,-0.00010351662,5.802944e-05,0.00019959726,-6.8262634e-05,7.400234e-05,-4.677433e-05,0.00011891648,3.520216e-05,0.00010200754,1.0164557e-05,-0.00013031131,0.00015549872,0.00021311027,-2.0270287e-05,0.00012496322,-2.9188064e-05,8.247537e-06,0.00019351304,7.5444346e-05,-3.2289565e-06,0.00013576933,5.86574e-05,-2.5278605e-05,1.6021762e-05,3.5881763e-05,0.00013228355,-8.972022e-05,7.063496e-05,-8.21441e-06,0.00013288246,3.3463657e-05,3.71367e-05,-8.38752e-06,-3.2620268e-05
T375_EGFP,8.012308e-05,5.020564e-05,0.00013963145,-7.4646e-05,-4.693439e-05,0.00011035561,-3.8372702e-05,0.00012540595,0.00016206109,-1.7071588e-05,0.00011119907,0.00021638657,-0.00013602439,2.9493236e-05,2.5034711e-05,0.0001539244,-0.00017582545,0.00011943103,-5.063714e-06,7.545454e-05,-2.2822507e-05,0.00028605654,-5.4090862e-05,-2.578896e-06,0.0001734703,8.7763096e-05,1.7400389e-05,0.00010710563,-0.000104827,-1.6305481e-05,0.00011890248,-0.00020275851,-3.2041127e-05,9.9067984e-05,-0.00014902363,-6.194301e-05,5.7228954e-05,5.3278756e-05,-4.9164093e-05,-5.220313e-05,3.1080053e-05,-2.5149588e-05,-6.1515835e-05,-0.00010665364,-0.00015005222,8.866566e-05,6.117668e-05,-2.2548227e-07,-9.6931144e-05,9.131501e-05
T372_EGFP,8.8180175e-05,-8.681882e-05,-5.4022552e-05,3.4698434e-05,-1.2947069e-05,-0.00011631951,-7.9309095e-05,0.00016754592,7.680828e-05,-1.7621784e-05,0.000103400576,6.109544e-05,6.629286e-05,-1.1616679e-05,8.288038e-05,-0.00017815483,0.00017158664,0.000103322025,1.4672826e-05,1.6177035e-05,0.00016001523,-0.00017109382,4.8653616e-05,-3.155055e-06,-2.6839398e-05,-7.06794e-05,0.00010042463,-0.00016975225,-9.933753e-05,9.5748896e-05,-0.00012403684,0.0001237824,0.00017175509,0.000110762834,-1.1190451e-05,7.4202703e-06,4.537701e-05,5.6040182e-05,-8.415677e-06,-5.7272073e-06,9.000368e-05,-0.00012524272,9.244255e-05,-4.060438e-05,-6.589641e-05,-0.0002163969,4.480843e-05,6.2984773e-06,8.935654e-05,0.00015199749
T133_EGFP,-8.764976e-05,-3.4569246e-05,-8.59772e-05,-4.414941e-05,0.00010799356,-0.000100733145,-0.00010835826,0.00014486407,0.00021310954,-7.242336e-05,7.171485e-05,0.00018279605,-8.938564e-05,1.0389373e-05,2.6191248e-05,7.18123e-05,0.00019426292,3.4296845e-06,-4.909628e-05,0.00018517434,6.680889e-05,-1.3674842e-05,1.2704652e-05,5.3405598e-05,0.000102416765,7.380696e-05,0.00018285702,-0.00012234855,0.0001858937,0.00022192283,0.00013624031,0.00016034872,3.3473978e-05,8.242956e-05,-2.4457884e-05,0.0001175805,-3.0106907e-05,8.405572e-05,4.4537633e-06,0.00015246164,-1.7552575e-06,-0.00018562133,0.0001952639,0.00018125349,-9.599755e-05,-9.442188e-05,6.812103e-05,-2.131992e-05,8.9017354e-05,-3.571612e-05
T395_EGFP,-2.2160215e-05,0.00014923878,-2.5079482e-05,-1.6357722e-05,0.00016243014,8.369058e-05,2.1220336e-05,0.00025763,-1.6324162e-05,1.4898719e-05,-2.5139037e-05,6.0975042e-05,1.3220183e-05,8.417857e-05,0.00017866459,2.2934966e-05,0.000159472,3.9120216e-05,-7.9072604e-05,0.00016342732,0.00012458365,-0.00023953014,8.0590224e-05,0.000135843,-8.0652884e-05,-7.2842646e-05,0.0001369769,4.4981665e-05,0.00011003027,7.5333364e-06,-3.5562225e-05,-2.3700049e-07,-2.8616718e-05,-6.814592e-05,-5.9146412e-05,0.000121549056,-7.4410724e-05,-0.000107223575,0.00018293837,4.7517562e-05,-0.00015704558,-0.00016640122,0.00013104422,-4.2389696e-05,7.343159e-05,-0.00017252528,8.43961e-05,6.763368e-05,8.6537395e-05,-5.349897e-05
T192_EGFP,-1.5381105e-05,4.622214e-05,-7.1721945e-05,-0.00010618465,0.00011561219,1.3580391e-05,-8.752012e-05,-5.7160865e-05,-0.00015540977,8.835324e-05,-3.84141e-05,-7.644698e-05,7.0579816e-05,-0.00017080903,9.030396e-05,0.00019248849,0.00010950227,-3.981323e-05,5.6691184e-05,2.11903e-07,-0.0001406119,1.8276849e-05,0.00013233631,0.00012665422,5.940553e-05,-2.2805785e-05,6.2389474e-05,-4.039723e-05,-9.730387e-05,0.00013933636,-2.6709347e-05,0.00020528497,-9.751737e-05,-8.45289e-05,0.00012415563,-6.8919464e-05,-0.00013417305,-0.000103709484,0.00013899396,-6.231075e-06,-3.3876317e-05,-4.576497e-05,-5.0773197e-05,0.00014869467,5.83273e-05,-9.7485594e-05,0.0001393059,0.00018749943,0.00017927094,9.782717e-05
T242_EGFP,-6.0727154e-05,-2.8270317e-05,-4.0028895e-05,8.6335574e-05,0.00020755453,-1.3646073e-05,-8.959577e-05,-1.2387557e-05,-1.5217112e-05,0.00028351575,-4.8525373e-05,-8.5594445e-05,3.6707865e-05,8.0349084e-05,2.2344608e-05,2.899303e-05,-6.976577e-05,-7.852573e-06,-9.100504e-06,8.0980855e-05,0.00016848504,9.862606e-06,-9.945468e-05,8.09133e-05,5.0423365e-05,0.00019353005,-3.590544e-05,-4.0115916e-05,0.00026175193,-0.000107243875,1.9359542e-05,4.0421677e-05,-6.879112e-05,0.000108358494,-7.776662e-07,-6.8009176e-05,3.1420368e-05,-2.3045413e-05,3.9188024e-05,-0.00012006334,-2.7991955e-05,0.00011027574,-0.000106325024,-2.197123e-05,0.00019583847,4.523364e-05,-6.7657193e-06,5.9371312e-05,-5.976999e-05,-4.024223e-05
T347_EGFP,0.000114544026,2.401539e-05,6.795744e-05,6.491117e-05,-0.00019429899,9.364447e-05,-7.627698e-05,1.7396947e-05,9.544888e-05,-5.7934707e-05,1.0800523e-05,9.794366e-05,2.654358e-05,-0.00018143865,5.3526543e-05,-0.00027335685,-4.1726842e-05,-6.4709006e-05,0.0001617752,0.0001853936,0.0001227165,7.764315e-05,9.473165e-05,7.898144e-05,8.473473e-05,0.00019063003,-6.096327e-08,5.8508052e-05,-0.00012340401,0.00012254158,-3.3138895e-05,7.296663e-05,5.828212e-05,3.479717e-05,-3.883128e-05,0.00016475587,0.00014003814,3.963289e-06,4.9013845e-05,4.3003342e-06,8.448312e-05,0.00015111078,-6.040217e-05,-0.00014336189,0.00020307911,0.00021016166,9.519097e-05,-1.860553e-05,-3.8361995e-05,0.00023913714
T147_EGFP,-6.483981e-05,-6.595826e-07,5.110874e-05,7.698944e-05,3.3146098e-05,2.7751998e-05,-0.00022753864,0.00010678751,0.00014437726,2.7380027e-05,0.00019212409,0.0001321382,0.00010369485,5.387328e-05,-3.8339003e-05,-1.8383416e-05,0.00023603173,1.2358102e-05,4.914056e-05,0.00014471446,-2.3523267e-05,0.00017547817,0.00015567649,-7.069932e-05,4.8796723e-05,9.610588e-05,9.514976e-06,-0.0001481934,8.379074e-05,-0.00011539338,-0.00012321529,-5.0052677e-05,3.5017252e-05,4.3896666e-06,0.00010130986,-0.00018597642,0.0001127976,4.222518e-06,3.9508963e-05,-0.00014644426,0.000114627044,-5.2767315e-05,6.9389986e-05,-4.134807e-05,0.00010047327,0.00012076496,-3.7928923e-05,0.00021546677,0.00016674897,0.00015681585
T362_EGFP,9.413668e-05,-5.950012e-06,9.507611e-05,-3.2854692e-05,7.14824e-05,-8.0699705e-05,2.3065273e-05,0.0001329831,1.5768184e-05,-0.000106880056,-0.00014624199,0.00010732478,0.00018903594,5.230561e-05,-4.1283096e-05,9.6664015e-05,0.00014569472,3.4138443e-06,-6.681298e-05,0.0001127691,1.9758643e-05,-6.9408896e-05,-2.368747e-05,0.000104641804,-0.00020181018,7.870187e-05,9.659179e-06,0.00022335768,0.00016081202,-0.000122024874,-4.036922e-05,-0.00035701078,-5.0146205e-06,-0.00010717182,-1.678651e-05,-6.204922e-05,4.9712904e-05,8.50724e-05,-6.248386e-05,0.00027885466,-4.5938115e-05,-9.87522e-05,7.6682525e-05,7.5929114e-05,-7.5917706e-05,2.2881783e-05,0.00010687537,-4.8351343e-05,0.00017649762,1.4870292e-05
T204_EGFP,0.00014121948,-0.00010413737,-4.745283e-05,0.00012501195,-8.002719e-05,0.00034206006,0.00014076897,-8.442986e-05,-5.5809393e-05,-8.3319064e-05,-0.00013850717,0.00016978562,-7.8509665e-06,2.1431388e-05,6.480393e-05,8.213137e-05,0.00012518269,5.3540523e-05,9.0902286e-05,0.00018804407,0.00020937364,9.803456e-05,1.9012083e-05,0.00012914189,-6.9882703e-06,7.041711e-05,1.20849245e-05,-0.00010033716,-0.000114570095,-7.4140135e-06,0.0002740745,8.2685234e-05,7.076119e-05,2.3584325e-05,2.9290377e-05,0.00021186295,-2.6382446e-05,0.00014532116,2.1569616e-05,6.279417e-05,4.5230336e-06,-5.72323e-05,-1.29754435e-05,0.000101357975,-1.5809155e-05,-0.0001913217,0.00011924178,0.000107000415,-8.494813e-05,0.0001046547
T332_EGFP,0.00026253297,0.00018354274,0.00033137493,0.00018319023,3.8130394e-05,5.081193e-05,2.6243222e-05,-0.00020306704,7.025615e-05,-9.272581e-06,6.0746415e-06,-7.852332e-05,2.5755027e-05,-0.00012440352,0.00010061699,0.00010118024,-1.1800312e-05,8.829292e-05,-0.00020489708,-4.7269295e-05,-0.00015782833,9.3331444e-05,-3.699844e-05,0.00015322761,-0.00013095146,6.3340603e-06,8.570674e-05,0.00014191608,0.00011603123,-3.3805514e-05,-5.4002998e-05,3.681122e-05,0.00015388722,0.0001234553,-9.060208e-05,7.064662e-05,-5.6429553e-06,0.00018217832,-3.899889e-05,-3.1051864e-06,-0.00020024653,5.546015e-05,8.224326e-05,1.3865499e-05,0.00015719248,-1.8614675e-05,-9.8933626e-05,0.00012132141,9.7827775e-05,9.745284e-05
T427_EGFP,0.00010530997,5.0306986e-05,7.511246e-05,3.7235448e-05,-2.6603593e-06,0.00026533587,-5.063934e-05,0.00024897468,-7.508864e-05,5.0450883e-05,7.768675e-05,3.1187205e-06,7.580761e-05,-6.5803224e-06,-2.9022312e-06,-1.780269e-05,-7.0313545e-05,0.00018041427,1.6090471e-05,9.363725e-05,4.605746e-05,-0.000101990074,-0.000110729,0.00016568087,0.0001150944,-4.167819e-05,0.00015623757,4.1265597e-05,-9.834177e-05,-9.1102615e-05,6.5353015e-05,2.6631698e-05,4.517907e-06,2.29457e-05,-7.1096096e-05,5.7272453e-05,0.00022009219,4.634281e-05,0.00014817918,-0.00022240361,2.3343577e-05,6.718976e-05,8.24387e-05,4.751903e-05,-6.004223e-05,-7.071078e-05,-0.00027630382,0.0001320868,5.86038e-05,0.0001752112
T83_EGFP,-6.547361e-05,6.2133346e-05,-2.2942098e-05,2.7894005e-06,5.479642e-05,-7.378594e-05,2.493323e-05,-5.139441e-05,-2.750366e-05,0.0001277603,0.00035859022,0.00013329291,-8.865345e-05,-4.28822e-05,5.877119e-05,8.580017e-05,5.869125e-05,-4.0928513e-05,-2.4122694e-05,-0.00015297635,0.00010776936,-9.241029e-05,7.83204e-05,-1.4767551e-05,7.254885e-05,-0.000112459486,-1.0319713e-05,0.00012783991,6.4026735e-06,0.00010964697,8.2874656e-05,0.00017181388,-7.827303e-05,-4.2908825e-05,-8.96114e-05,0.00012459628,-0.00016576414,0.00011000341,5.7776033e-06,8.228677e-05,0.00015566051,1.3508821e-05,-4.0454383e-05,-4.2494747e-05,-5.191496e-06,-5.4613753e-05,0.00019325964,0.00012688182,4.494219e-05,-0.00014629425
T599_EGFP,6.93058e-06,0.0001746266,2.7031549e-05,3.68697e-05,4.73682e-06,-7.0303664e-05,-3.9021455e-05,-0.00018595268,0.00016999868,0.0001661949,5.505674e-05,4.1739346e-05,-4.9401217e-05,-5.144444e-05,-0.00011788533,-2.176643e-05,-3.3369426e-05,-2.7075428e-05,-0.00019335019,0.00011248358,-3.8767303e-05,9.1361304e-05,9.686277e-05,0.00018419215,3.6000604e-06,0.00013126728,0.00010724966,0.00021475584,1.67462e-05,-6.088519e-05,5.596926e-05,-1.6594522e-05,-2.2979983e-05,-4.19473e-05,-0.000105593106,0.00013898288,-2.5494719e-05,-2.633208e-05,0.000104617735,0.00013707856,0.00021722571,-0.00018108707,0.000106985586,9.660445e-07,-3.0828945e-05,-9.045548e-05,0.00010649236,-4.6667465e-05,0.00026665014,0.000121895704
T647_EGFP,4.5921766e-05,-0.00012246674,0.00013012327,-5.816925e-06,-2.4232197e-05,-0.00021540963,-0.00016443818,-6.731498e-05,1.5160966e-05,0.00017627646,0.00010067195,1.2864165e-05,0.00020596887,1.5870197e-05,-0.00015892557,1.6132686e-05,4.9081213e-05,-0.00012629096,8.1667706e-05,0.00010584462,-0.00016282796,8.985283e-05,3.721918e-05,3.7437276e-05,-0.00020680542,-7.802379e-05,0.00010472872,-0.00012299414,0.000117559146,-0.000116530355,3.9194565e-05,-3.6199388e-05,-6.809806e-05,0.00015880095,0.00012537483,7.883429e-05,-0.0001473236,0.0001973451,7.629658e-05,-6.8724665e-05,5.521681e-05,-5.6054047e-05,-8.036714e-06,0.00022254726,1.4493185e-05,-2.213063e-06,-0.00012053016,4.3768203e-05,-2.9986075e-05,8.627403e-05
T292_EGFP,-0.00017480123,-0.00012015942,-0.000119781274,-5.3653886e-05,-0.00011741071,-5.9936956e-05,0.00028414789,6.3898275e-05,0.00014870329,0.00019781328,-7.8841e-05,0.00010174493,1.9552841e-05,-0.000108775515,-5.320658e-05,-7.886612e-06,0.00020831655,0.00013201458,1.7503937e-05,0.00012263129,0.00010251332,4.4840832e-05,8.459949e-05,-0.00011410964,-4.8115344e-06,-0.00016490942,3.334986e-05,0.0001073711,-1.610132e-06,-0.0001976517,3.5064907e-06,-0.00011494895,8.655629e-05,3.1812764e-05,8.9078974e-05,0.00015334557,-4.7327085e-06,6.2511936e-05,3.4441095e-05,8.032012e-05,-1.814398e-05,0.00018770884,8.651642e-06,-0.00014762937,0.000105482795,1.9066142e-07,0.00019254356,6.107069e-05,-2.2950449e-06,2.5576555e-05
T87_EGFP,-5.8003094e-05,-4.054216e-05,3.797014e-05,-6.2822255e-05,5.8306876e-05,1.6262089e-05,-0.00011635451,3.9974882e-05,0.0002409366,6.175856e-05,5.5747096e-05,4.679396e-05,0.00035170192,6.4905864e-05,-7.052449e-05,-6.12955e-05,2.7909584e-05,-0.0002042433,-7.188995e-05,-9.776577e-05,7.388823e-05,-0.00012569004,-0.000103341445,-2.5998457e-05,0.00015964558,6.220865e-05,0.000187739,0.0001616137,0.00023639137,-5.3180258e-05,4.4098913e-05,4.7297024e-05,9.230991e-05,6.568484e-05,0.00014706411,0.00010117319,-3.9658313e-05,8.485562e-05,0.00022800223,6.228466e-05,2.1941667e-05,-5.3488075e-05,3.0451734e-05,8.332818e-05,0.00021474362,-0.00013580525,-4.746914e-05,0.00011583877,5.624223e-05,4.0007064e-05
T559_EGFP,7.524198e-05,0.00024364679,5.190916e-05,-1.1092925e-05,1.3332328e-05,0.00014901762,3.4027347e-05,-7.4975964e-05,0.0001096602,-0.00010054732,-6.4577536e-05,4.444721e-05,-3.598328e-05,0.00019069578,-0.00023669835,-4.2204432e-05,1.5569676e-05,0.00015656957,6.536437e-06,2.2516711e-05,-9.714961e-05,2.3442715e-06,4.3205568e-05,-8.332924e-05,5.384338e-05,-3.093429e-05,2.4716326e-06,-7.9279824e-05,-0.00011888546,-2.4333625e-05,0.0001715751,-4.798764e-06,-7.140159e-06,-0.00016971341,7.998726e-05,0.00018512817,1.889718e-05,0.00017426346,0.00016209115,-5.070478e-05,0.00019924407,-0.00011598047,1.6665594e-05,0.00011820651,-4.5484103e-05,0.00013518002,8.182668e-05,0.00010669342,-0.000117823445,0.00031893188
T85_EGFP,-2.0391466e-05,3.3973272e-05,5.5086977e-05,3.319268e-05,-3.702511e-05,0.00020463153,3.5176374e-05,4.1961386e-05,0.00028767562,8.296144e-06,2.5946023e-05,0.0001746149,8.2857165e-05,-0.00013436322,-5.9926242e-05,2.857021e-05,5.4327043e-06,0.00016315171,7.4035e-05,7.386313e-05,1.5894784e-05,4.1629417e-05,6.187307e-05,0.00010479571,3.5562841e-06,6.649395e-05,0.00023054291,4.318714e-05,1.3059869e-05,-0.00015509687,-2.187825e-05,0.0001128339,0.0002557223,2.3859584e-05,0.00018115784,-0.000100891404,-2.9478459e-05,-0.000111162044,1.301141e-05,-0.00010327735,2.9385586e-05,-7.590947e-05,-8.0608545e-05,-4.100146e-05,5.910289e-05,3.9942966e-05,-7.2088583e-06,0.000115092625,0.00021211745,5.84408e-05
T238_EGFP,-5.4725115e-05,-0.00010405179,0.00014012618,-1.4614912e-05,2.2647891e-05,1.1307193e-05,0.00023109523,0.00020550551,-1.1318346e-05,2.5829891e-05,0.00014487018,6.379006e-05,0.000113648835,0.00013049718,6.739213e-05,-5.780864e-05,0.00010134514,7.3257645e-05,7.0419264e-05,6.7988e-05,8.978638e-05,-8.5383355e-05,1.8526558e-06,-0.00016879333,0.000112085494,-0.00016618572,-4.2057374e-05,-2.5828727e-05,-8.1803024e-05,-0.00017505455,-1.5225086e-05,5.3797612e-05,9.563359e-05,4.1499505e-05,-3.5361703e-05,3.573929e-05,0.00013602183,0.00018548296,1.9295234e-05,0.000107715015,-0.00013606393,7.5693475e-05,-1.5837899e-05,-4.064861e-05,4.5857963e-05,0.00020623553,3.065321e-05,-6.774526e-06,-1.8605206e-05,-0.00017549847
T115_EGFP,-0.00013804644,0.00022593794,-7.4319687e-06,7.345346e-05,-0.00012643376,-0.000100835656,0.00020828148,0.00012592578,-3.465084e-05,4.6204907e-05,4.9549046e-05,-8.588387e-06,0.00018418631,2.3888222e-05,6.8075075e-05,-7.4915064e-05,3.1665648e-05,0.00017313885,-8.27486e-05,-3.290534e-05,0.00024413332,-2.6899457e-05,-2.4040253e-05,-5.301279e-05,9.495864e-05,-0.00010344969,-0.00023569667,-6.3051566e-06,6.6987166e-05,-0.00014591053,0.00011388825,1.0156745e-05,-5.3165008e-05,-0.00015843421,4.2249674e-05,0.00012696547,9.201242e-05,-3.3248925e-05,0.00017431894,-0.00015405432,-3.3052431e-06,-0.00015438643,-9.879678e-05,0.00014059835,3.2610595e-05,0.00013729035,3.3273915e-05,0.0002542205,0.0002623373,7.1347626e-05
T8_EGFP,-9.4265866e-05,4.2828735e-05,1.5304913e-05,0.00011728995,0.00010995762,0.00024308021,-7.980753e-05,2.9168748e-05,-3.069733e-05,-2.130798e-05,0.00012771148,6.5904525e-05,-4.712693e-05,0.00014822432,7.2568786e-05,9.396481e-05,-4.602947e-05,9.077381e-06,0.00016476847,-5.7497567e-05,9.699042e-05,0.00019063818,0.000111421505,9.686802e-05,-4.9278653e-05,1.3291947e-05,-4.516619e-05,8.8121764e-05,-0.00018121328,-0.00022923917,-3.083222e-05,-6.586434e-05,0.00019895664,9.7728225e-05,-3.467357e-05,7.2561736e-05,-6.264296e-05,6.168266e-05,0.00010558226,0.00022514332,6.289781e-05,-6.1689294e-05,-0.000120485485,5.836243e-05,0.00011503551,6.0901886e-05,0.00028442586,0.0001424544,0.00022094259,3.7482343e-05
T335_EGFP,0.00026946104,0.00014088686,0.00019121998,0.00022425858,1.9836407e-05,-6.696541e-05,2.6774986e-05,-0.00012469073,9.331615e-05,0.00013562478,6.546323e-05,-3.8421484e-05,0.0001123744,5.0659935e-05,0.00023199143,-0.00012563601,3.6880127e-05,4.446705e-05,-2.239145e-06,-0.00013517746,-0.0001261608,-1.4473261e-05,9.742641e-05,0.00015142772,8.015733e-05,0.00016529943,-6.545775e-05,0.00012846412,-5.6008696e-05,0.0001350476,-6.6304885e-05,-4.0114483e-05,-1.41172495e-05,-2.8062688e-05,0.00014141802,3.4504967e-05,4.182415e-05,1.3795253e-05,0.00026845315,-0.000107247586,-1.37760535e-05,1.4339055e-05,-1.5626665e-05,0.00012758629,-1.4650845e-05,-0.00018973516,-3.90992e-05,-3.7995014e-05,0.00016271077,3.1473977e-05
T374_EGFP,0.00015569865,7.763703e-05,2.51962e-05,5.8254747e-05,-2.2322178e-05,0.00010012448,5.8866015e-05,-8.3476785e-05,-4.4326593e-05,0.00013972635,-3.6042115e-06,0.00015795615,-8.642854e-05,2.2727358e-05,-2.1568912e-05,0.000258286,7.542725e-05,-0.00014959837,-0.0001156643,2.6432217e-05,0.00021032845,9.0985006e-05,9.17145e-05,-2.2217435e-05,-9.944538e-05,2.0369856e-05,-3.3218763e-05,8.5552456e-05,-8.971309e-05,0.0001366827,7.0906453e-06,0.000112873204,-0.00021780498,-6.275497e-05,4.5731525e-05,-8.7297536e-05,-6.858732e-05,-5.1789025e-06,4.2069432e-06,2.669062e-05,-5.4885595e-06,-0.000109225446,0.00014548363,-0.00012242272,-2.2982156e-05,0.00012883257,-7.191676e-05,-3.925889e-06,-0.00013645788,8.8824556e-05
T534_EGFP,-3.8378172e-07,9.48581e-05,0.00026532414,0.0001037562,6.6871235e-06,0.0001364052,-0.00013167094,7.002725e-05,2.7511769e-05,5.4138432e-05,-2.9750892e-05,0.00015218617,-4.172912e-06,-1.4166079e-06,9.5281066e-05,0.000160568,-5.3606283e-05,-4.657599e-05,-6.143381e-05,6.13971e-05,-7.447511e-05,7.1509756e-05,9.359499e-05,-0.00011857639,0.00017426295,-4.601159e-05,-5.570114e-05,2.6859686e-06,0.00018975798,-5.3930064e-05,-2.3698734e-05,1.7857843e-07,-6.139228e-05,9.220643e-05,8.385837e-05,5.3264273e-05,0.0001164799,0.00028886026,9.713363e-05,0.00016496415,-4.5574893e-06,3.4377746e-05,-0.00020966714,0.0002692519,8.339645e-05,3.3265525e-05,-4.47488e-05,-0.00013721976,0.00017244028,0.00011485853
T141_EGFP,-3.8301543e-05,-2.3376604e-05,-2.3772739e-06,-8.299156e-05,-2.4532512e-06,0.0003437865,0.0001277704,-9.057584e-05,0.00012177949,-5.075623e-05,1.6712875e-05,0.00012860955,-5.03223e-05,4.276232e-05,4.7814e-05,-8.0906975e-06,0.00015577946,-0.00012119154,0.00016187718,-4.271678e-05,-0.00013650679,-5.0675546e-05,0.00020017917,-0.00013295158,-2.6274498e-05,0.0001265527,9.170502e-05,0.00021158736,-0.000111155045,-0.000124685,-7.341968e-05,-6.05975e-05,0.00019643975,4.785404e-05,-6.03746e-05,-8.776042e-05,-7.7228106e-05,0.000104726234,-1.4833597e-05,-3.1060164e-05,7.136325e-05,-1.0875955e-05,0.00016441748,0.00013748652,8.2522805e-05,-0.00014131216,0.00015866097,-7.257003e-05,0.00011299834,7.454743e-05
T222_EGFP,-1.9477606e-05,9.0885886e-05,0.00011307276,4.838649e-05,0.00022259896,0.00023154922,8.6605454e-05,2.9741772e-05,-0.00013443799,0.00013529135,1.8778934e-05,7.2758194e-05,0.00010708505,0.00012910781,-2.8957373e-05,7.2086834e-05,6.5240584e-07,0.00016475949,0.00010710363,-7.5163334e-05,-2.4902934e-05,3.6250723e-05,8.422704e-06,-0.000104915285,-7.5516444e-05,1.4622686e-05,0.00011280461,6.99274e-05,4.6118537e-05,0.00014109693,7.684103e-05,2.924411e-05,6.9038935e-05,0.00035362545,-7.9577316e-05,-2.4420657e-05,0.00017795029,0.00014646004,-0.00016288445,-1.05290555e-05,2.8575849e-05,6.8186644e-05,0.00010502662,7.487707e-05,2.5782841e-05,-0.0001076907,0.00012580586,0.00012419105,-3.111014e-05,0.0003670606
T674_EGFP,0.00019525526,6.2982894e-05,-9.653489e-05,-5.598514e-06,0.00012217404,-0.00017250098,9.473491e-06,0.00014777285,1.6704809e-06,-7.5588316e-05,6.552458e-05,-4.623533e-05,-4.2724754e-05,-3.8521423e-05,-7.826486e-05,-5.0033195e-05,-0.00013549342,4.3685322e-05,0.00016016718,6.931987e-05,-9.876047e-05,3.719489e-05,-1.25349525e-05,-5.5596673e-05,-7.32633e-05,0.00021961912,-0.00015132145,8.095276e-05,3.832047e-05,1.6784155e-05,-4.3331227e-05,7.3166e-05,0.00023895537,4.9510145e-05,-5.4578446e-05,8.4685854e-07,0.00015175338,1.8344545e-05,0.00013986872,6.315884e-05,3.2373187e-05,2.2765105e-05,0.00014207436,-0.0001350995,2.6507078e-05,7.548446e-05,-2.7889386e-05,-0.00010365068,7.921612e-05,-0.000105732965
T598_EGFP,0.00014265938,-5.239091e-05,2.52117e-05,0.00010327159,3.0238072e-05,-4.011546e-05,9.156591e-07,-4.7842146e-05,-8.588112e-06,0.00022368632,8.983768e-05,-5.493919e-06,0.0001410824,-3.95643e-05,2.9569706e-05,0.00014575846,0.00010860128,6.665708e-05,-7.60953e-05,9.385543e-05,0.00019984778,-0.0001198599,7.052083e-05,-0.00017973667,8.961968e-06,-3.243345e-05,0.0001516539,-7.944777e-05,4.244681e-05,-1.018167e-05,0.00019768169,-7.56139e-05,0.00015361841,0.0001544795,0.00015303741,1.4281938e-05,-6.673602e-05,-4.2525902e-05,-5.050259e-05,8.9088986e-05,0.00014585121,3.3399698e-05,7.4946192e-06,2.4610727e-05,-8.3898965e-05,0.00014487044,-2.1803544e-05,0.00017260568,-0.00010883972,-9.825649e-05
T10_EGFP,4.927801e-05,-0.00013061783,0.00012377417,-6.386328e-05,-8.97362e-05,0.00013521076,0.00017041096,-2.4776078e-05,-4.399302e-05,7.6689474e-05,-4.7156518e-05,1.7370929e-05,-5.1865543e-05,9.773023e-05,2.9429842e-05,-0.00011134979,7.043038e-05,-0.00010484395,-5.5278088e-06,-4.8682065e-05,4.5477806e-05,0.00020515078,-0.00012723057,-0.00012094517,-0.00020883195,0.00016382757,7.456824e-05,-2.8567703e-05,0.00011606744,4.0205738e-05,8.463005e-07,-7.52546e-05,0.00021237832,-2.2393406e-05,-8.9929505e-05,-5.3627093e-05,0.00029434965,-0.00025259168,-4.8933638e-05,0.00021297079,5.204416e-05,-5.6486144e-05,-1.4999797e-05,-1.9244471e-05,0.000121201214,0.00014521247,0.00016150268,0.00017562996,-8.397496e-05,-7.044714e-05
T690_EGFP,4.38792e-05,0.00016943863,0.00013909937,0.00017665539,-0.000113126436,0.0002619015,-1.2173114e-05,-3.5307992e-05,8.46176e-05,1.0778618e-05,-2.0916024e-05,2.396229e-05,9.4493465e-05,2.451175e-05,0.00012874702,-0.00015409078,-2.2226342e-05,3.2977037e-05,5.8804348e-05,-8.609984e-05,5.593706e-07,-6.127604e-05,9.389301e-05,-5.0414357e-05,-6.389713e-05,0.00011788215,9.624967e-05,-0.000112297785,0.00021963702,-0.00016540781,6.251652e-05,4.593891e-06,7.917109e-05,2.857551e-05,-6.6554654e-05,-5.14783e-05,-8.494588e-05,-6.0061964e-05,-3.4205517e-05,-0.00017878054,0.00012096717,-0.00012229028,1.17913105e-05,8.124945e-05,-8.743418e-06,3.5887864e-05,-2.8241038e-06,6.066659e-06,0.000113759306,-6.809402e-06
T48_EGFP,-0.00012240898,6.148299e-05,-2.2843536e-05,2.8953866e-05,-6.6090106e-06,4.1865074e-05,-0.00026188703,1.0196021e-05,-8.195483e-05,6.1364175e-05,0.00019997246,3.1369065e-05,-8.5540276e-05,1.5630207e-05,0.00013026402,-0.00016928316,0.00012434761,-0.00016582395,8.2460836e-05,9.717451e-05,-4.98895e-05,-3.081843e-05,0.00013192838,-8.261766e-05,5.158912e-05,1.3960994e-05,2.2739609e-05,0.00013553271,8.571489e-05,9.854025e-06,3.277317e-05,-0.00015093733,0.00016105022,2.8076374e-05,2.9187855e-05,0.00010830937,0.00017671214,-9.8575845e-05,6.504406e-05,-6.4999986e-05,8.765712e-05,4.2253912e-05,0.00015754001,0.00010934615,0.00013954304,-9.2515795e-05,9.689429e-05,-4.4919685e-05,0.00010217271,-3.899464e-05
T665_EGFP,0.00013790482,0.00012117332,4.5226375e-06,8.904037e-05,0.00021411439,-7.879965e-05,0.00021362818,-4.719268e-05,0.00015008124,-0.00014397266,-5.2180563e-05,7.192421e-05,-6.926125e-05,-0.00020111799,-9.1108515e-05,-4.518279e-05,-0.00010308484,2.0833193e-05,9.842387e-05,8.357039e-05,-6.2918596e-05,2.757157e-06,9.691671e-05,-2.9067585e-05,7.3823444e-06,0.00022775814,-0.00012494028,6.5892185e-05,9.0581e-05,-5.4147826e-05,5.193267e-05,9.489407e-05,-4.969531e-07,2.1664047e-05,-7.119237e-05,3.800974e-05,2.0691755e-06,0.00012863691,-2.5185487e-05,-6.686115e-05,-4.30253e-05,0.00012972573,2.4142124e-05,0.00016514177,5.827187e-05,6.490837e-05,5.3613887e-05,-3.9866693e-05,-0.00010882427,0.0001393589
T287_EGFP,4.9222086e-05,0.00015023063,-0.00012185943,-0.00016953515,-8.374471e-05,-1.699215e-05,0.00016093734,-1.8817402e-05,7.833464e-05,0.00022519013,-6.402787e-06,-0.00016620665,0.00019444441,2.055001e-05,-5.507811e-06,0.00012668932,1.9207353e-05,-3.3825709e-06,-0.00016136657,-0.00012076511,0.00014156745,-2.436296e-05,-6.4213804e-05,0.00012598623,-4.3424785e-05,-6.259887e-06,6.0188922e-05,0.00015809613,0.00020546978,9.9577686e-05,0.00010562714,0.00017015642,4.654682e-05,9.622135e-05,-4.425045e-05,0.00014802614,0.00017422809,-0.00011603431,-3.252262e-05,-3.2802433e-05,9.433184e-05,-0.00019157991,5.6525263e-05,-6.042663e-05,0.00012004057,-4.459859e-05,1.2838949e-05,3.1019343e-05,8.808669e-07,0.0002136022
T139_EGFP,-2.544663e-07,-2.9577777e-05,5.800454e-05,9.509604e-06,9.292888e-05,0.00012684986,0.00014541797,0.0002875382,-0.00015048456,0.0001754767,2.1823384e-05,-0.00010147947,-2.8956776e-05,-2.4304249e-05,-0.00014497119,-7.989797e-05,1.189551e-05,-5.4162097e-08,-9.92428e-05,6.811817e-05,0.00020267241,2.7170152e-05,0.00014141157,0.00014692539,0.00014560432,2.8698332e-05,-2.475719e-05,-1.1752174e-05,0.00029187882,0.00012952198,-4.916529e-05,-0.00015771268,1.6274086e-06,3.1335752e-05,-0.0001240894,-3.61725e-05,8.683434e-06,-9.235952e-06,-2.0794687e-05,-2.6997322e-06,-8.873189e-06,5.0730887e-05,0.00017847789,4.9179922e-05,8.6397995e-05,0.00016697535,-6.18955e-05,6.4828746e-05,-0.00017171924,5.0481525e-05
T329_EGFP,0.00020803644,0.00010124358,0.0002280294,-4.0815565e-05,2.7510558e-05,0.00027463573,-0.00013784294,-0.000101970036,0.00018490244,-9.457912e-06,9.282052e-05,0.00016895427,-1.2013558e-05,1.9645482e-05,7.5586424e-05,4.979548e-05,7.1802315e-06,7.2382616e-05,0.00011511612,-4.7585694e-05,-3.622687e-05,-2.70507e-05,-9.935987e-05,-0.00012815552,-6.516033e-05,0.00017578278,7.8655095e-05,-0.00014231143,4.468241e-06,9.956074e-05,2.5281073e-05,1.0947249e-05,-9.249063e-05,0.00013748735,-7.29091e-05,-0.00016248845,0.00017962446,-8.408244e-05,-3.5070283e-05,3.74161e-05,-2.0028625e-05,4.8707654e-05,-1.6840711e-05,0.00013516821,1.215805e-05,-3.539747e-05,5.6015888e-05,-6.772405e-05,0.00010093656,0.00015946437
T461_EGFP,-6.2992774e-05,-6.851221e-05,5.5565546e-05,0.00015122815,4.903366e-05,1.2943093e-05,-9.039219e-05,0.00010554098,-8.048609e-05,4.570805e-05,-4.1008687e-05,-3.4624412e-05,-5.6294604e-05,-0.00011718169,-7.0174897e-06,-7.555371e-05,1.7479171e-05,-3.5637113e-05,-4.645862e-05,-0.000108943284,0.00011422373,0.00014926077,8.111106e-05,6.655557e-05,-5.149836e-05,2.5697042e-05,-3.600793e-05,-0.000106608604,1.2204072e-05,-5.4752913e-05,-0.00020237139,-0.00015818093,-0.0001944156,0.00012283772,0.00011707944,0.00018349692,-1.3511926e-05,-9.1507274e-05,-0.00012472381,-0.0002112116,-0.00013892207,-9.916353e-05,-6.684307e-05,9.657445e-05,-0.00012584779,0.00012455977,0.00025418747,-7.471617e-05,0.00021122118,0.0002499487
T675_EGFP,0.00018944667,5.4606393e-05,0.0001564132,0.00017060482,1.8251152e-05,-7.6700606e-05,5.7630064e-06,0.00016136172,1.9122885e-05,5.267812e-06,7.173442e-05,-1.6964623e-05,-2.8732886e-05,3.2991459e-06,7.135862e-05,-6.80527e-05,0.00012840146,0.00013329918,6.0687704e-05,-8.728277e-05,1.5604626e-05,1.10039455e-05,-6.621374e-05,-0.00017002877,4.9169244e-05,-4.0725627e-06,-9.5722426e-05,0.00012651071,7.501237e-05,0.00013781959,6.727787e-05,1.5727583e-05,5.9833605e-05,8.036097e-05,5.877352e-05,0.00025940192,8.4042826e-05,4.4205903e-05,7.07721e-05,-4.77713e-05,-0.00011631513,0.00018564994,-9.0199654e-05,-2.5178626e-05,4.1791733e-05,1.2396223e-05,4.7593712e-05,0.00014567633,-2.3573966e-05,6.09455e-06
T277_EGFP,0.00018697626,-0.00015433539,-3.817034e-06,-0.00016609654,-1.2075687e-06,-0.00014642016,0.00013240524,1.3199134e-05,0.00023125566,0.00024852916,0.00029357965,0.000103988954,2.7607846e-05,2.3651373e-05,1.38732175e-05,-9.849156e-05,2.9863095e-05,3.4132132e-05,0.00010460246,3.4100925e-05,-3.1000098e-05,0.0001257629,2.6104321e-06,2.2230102e-05,0.00010169132,-6.339319e-05,9.683685e-05,4.953698e-06,0.00016606884,-3.0516427e-05,-0.00010119402,-0.00012222833,0.00011314208,-7.6730525e-05,-9.7735516e-05,0.0002951696,0.00017659258,9.9139725e-05,-3.4397002e-05,-5.328426e-05,7.2028255e-05,8.625569e-06,-0.00013679845,9.404963e-06,-5.5692803e-06,4.00659e-05,0.00012713301,0.0001870211,-2.2882883e-05,2.9757777e-05
T564_EGFP,0.00013985779,0.00012270344,-0.00010080063,9.957966e-05,-0.000102265294,-0.0001526074,-7.02009e-05,-7.5776125e-06,0.00017489496,2.5226605e-05,0.00020457275,7.7419245e-05,-0.00020148471,-7.7711025e-05,6.473361e-05,1.2554916e-07,2.4325722e-05,4.893362e-05,-6.495485e-05,-5.4855453e-05,6.967974e-06,3.289475e-05,3.2196636e-05,-3.3075783e-05,0.000111354115,-5.0177e-06,9.5615884e-05,8.091598e-06,4.7561432e-05,4.863486e-05,6.990797e-05,1.5612546e-05,-0.00016401646,0.0001412821,0.00018943335,-7.785889e-05,0.00015755958,-2.4453402e-05,1.8557685e-05,0.00010868501,-9.9594756e-05,6.591855e-05,3.5563047e-05,0.0001373029,0.00019142483,-0.000103632774,-0.00015612386,-6.540679e-06,0.00016760653,1.2095474e-05
T275_EGFP,-0.00013235779,-0.00013471917,-1.2449808e-05,8.177053e-05,-0.00011136574,-2.832905e-05,1.1048852e-05,-7.2173555e-07,0.00039626227,0.00018855261,6.372909e-05,8.624619e-05,1.1013283e-05,-4.2480464e-05,-0.00015642082,0.00015000808,0.00010949805,1.705179e-05,-3.9761722e-05,-3.88617e-05,-0.00013485047,-0.00013713357,4.5866564e-05,6.437e-05,9.3315495e-05,-8.0229234e-05,0.00025801937,9.9666344e-05,-7.064135e-05,-4.55601e-06,-4.4001704e-06,-2.3250566e-05,-0.00015107646,-2.7056443e-05,0.000118556854,-0.00021787835,0.00025507892,-0.00014806943,-1.9636993e-05,-8.078888e-05,-8.69403e-05,7.4679905e-05,-5.9469647e-05,-7.644215e-05,-0.00013807256,1.4853896e-05,1.4012758e-05,0.000113639355,4.280112e-06,-2.2761784e-05
T201_EGFP,0.00014332088,9.623661e-05,-5.3729967e-05,8.211386e-05,0.00011138189,0.00024899933,0.00018533877,-8.777207e-06,0.000119517135,7.617002e-05,-4.80439e-05,-1.131596e-05,0.00019039406,5.0691742e-05,0.00012528322,-0.00011173978,-0.00018134918,-4.732612e-05,-9.429634e-05,-6.858202e-05,7.975555e-05,-5.976589e-05,0.00012629744,0.00025710204,2.9638082e-05,0.00018388379,-0.00010800825,-2.1773545e-05,0.0001372819,-0.00015469494,-3.1761952e-05,-0.00023859058,-4.547323e-05,0.00013073033,-2.975897e-05,-4.3624664e-06,-9.872575e-06,9.482084e-05,0.00017165877,0.00018788652,2.370716e-05,8.93515e-06,-3.4227338e-05,1.7896802e-05,-7.5452044e-05,-0.00017214002,7.759852e-05,0.00010700069,-7.606803e-05,-0.000105956686
T213_EGFP,0.0001396126,5.2215488e-05,-0.00011691089,6.888621e-05,6.415932e-05,1.9715339e-05,5.927982e-05,0.00028522205,6.060407e-05,5.9833823e-05,-0.00012923275,-7.012115e-05,-1.4238357e-05,-7.366746e-05,1.947871e-05,-9.703334e-05,0.00020908288,0.00022914466,-2.0805099e-05,-3.2883774e-05,-5.535172e-06,3.2648026e-05,0.00010996078,2.7144531e-05,-3.556626e-05,-0.00018622841,-0.0001041252,5.4290755e-05,2.7941147e-05,3.2084146e-05,0.00017398711,-8.9614e-05,8.718087e-05,0.00022347776,0.00024085889,1.9162906e-05,0.00016946087,-0.00016411702,0.00014140696,0.00022986323,-3.223209e-06,0.00022127503,5.004796e-06,-3.336461e-05,4.8499667e-05,-4.630543e-05,1.2314729e-05,-0.0001427241,4.9736795e-05,0.00014429545
T75_EGFP,-5.692919e-05,2.9857479e-06,1.0239618e-05,-7.7722376e-05,-4.3091382e-05,2.5535706e-05,-1.4946409e-05,0.00012470168,-0.00017603049,0.00017303776,5.9677917e-05,0.00016711935,6.344059e-05,-3.3228527e-05,-3.301385e-05,-0.000114139824,-9.916345e-05,-7.4152575e-07,0.00012278598,-0.00013432684,-9.7834745e-05,-0.00014138361,-9.706639e-06,-8.668731e-05,0.00013521822,-0.00019971581,-3.1816002e-05,0.00011587541,-1.3233374e-05,-0.00013648797,0.00017185594,7.6119206e-05,3.3866567e-05,-7.888892e-06,-2.2112145e-05,4.2917058e-05,2.4520012e-05,1.2496654e-05,0.0001256839,0.00028030036,0.00028101468,0.00017787777,0.00011117674,-0.0001655052,9.893212e-05,0.00010576352,-1.6063306e-05,0.00018748418,-2.2097342e-05,-7.7102224e-05
T425_EGFP,0.00010511,-1.4723982e-05,-6.816037e-05,6.110861e-05,0.00028292625,8.880966e-05,-8.91369e-06,-1.8015378e-05,0.000103585415,-4.0419956e-05,9.42911e-05,1.1913786e-05,0.00021061291,2.4224708e-05,2.1442775e-05,-6.8061316e-05,-8.704811e-06,0.00011707225,-0.00010599796,0.00016491127,-2.069282e-05,-5.5562243e-05,4.7709465e-05,1.1211479e-05,-9.676015e-05,9.1289054e-05,5.244204e-05,-1.2279587e-05,-0.00014126745,8.1353595e-05,4.3339427e-05,-4.3044587e-05,0.00010116075,8.28723e-06,-4.947767e-05,-9.085591e-05,8.162866e-05,5.2136278e-05,0.00014711845,0.00017656661,0.00019678102,9.1779046e-05,-8.4679115e-05,-0.00013566317,-6.075642e-05,-0.00015073597,2.8756322e-05,-4.1139385e-05,8.999901e-05,0.00016918566
T173_EGFP,-0.0001071424,2.705507e-05,6.3766565e-05,3.1021325e-05,0.00020903154,7.463026e-05,0.00019824867,-0.0001651307,-8.5122025e-05,-3.628905e-05,-3.651021e-06,-1.8678218e-05,5.0644798e-05,0.00015969347,-2.8939601e-05,-1.7212007e-05,0.00017516273,-2.8253766e-05,7.506941e-05,-5.0405586e-05,6.148716e-05,1.7441322e-05,-4.664234e-05,0.000119670614,0.00017773008,9.59421e-05,5.586035e-06,3.908609e-05,0.000111527945,-0.00010340313,6.6940294e-05,-6.2462226e-05,-3.745583e-05,1.2200957e-05,7.4958465e-05,-0.00026428525,-5.076789e-05,0.00018436009,5.7748344e-05,7.81838e-05,3.619931e-05,0.00012944613,8.950571e-05,8.617459e-06,2.8049206e-05,3.3171647e-05,9.0292466e-05,-0.00015271673,0.0001732072,-0.00015713205
T27_EGFP,4.3551234e-05,0.0001614601,0.00024417994,-3.0957817e-05,-0.00015275198,8.639924e-05,6.0486338e-05,8.965149e-05,0.00012173821,0.00013082591,4.3700984e-05,-1.3414665e-05,0.000107816486,4.0402796e-05,2.8054003e-05,9.438216e-06,0.00012588564,-0.0001391804,0.00016237643,3.8370752e-05,0.00015095185,-4.9143215e-05,6.7687375e-05,0.0001172993,7.487115e-05,2.2623124e-05,9.121774e-05,8.440504e-05,0.00012458423,8.7243636e-05,-0.00021981892,8.949026e-05,0.0001081879,4.7486898e-05,2.0350948e-05,0.00013398263,0.00016148802,-0.00017324652,-1.6681304e-05,-9.052152e-05,-9.4674426e-05,5.8073587e-05,6.3073014e-05,2.5747075e-05,6.366778e-05,-0.000239852,0.00021884486,-9.555802e-05,-0.0002764013,-2.769075e-07
T175_EGFP,3.9022534e-06,8.6084e-05,5.0568826e-05,9.096508e-05,4.885269e-05,0.00022801438,0.00019055436,-3.1745414e-05,0.00013228564,-0.00010704098,-1.92833e-05,-0.00010452194,-6.964565e-06,3.4065626e-05,-1.9206554e-05,0.00013814821,-0.000112003116,-3.437629e-05,2.2455517e-05,8.320436e-05,0.00017366944,-0.00012494955,4.2194908e-05,5.4309607e-05,6.579043e-05,-5.1786425e-05,9.82896e-05,1.9738345e-05,-0.00011220997,-0.00010989097,-0.00014296753,0.00015582914,0.0001849097,0.00029139585,0.00017316034,9.066402e-05,8.4773914e-05,-0.00011801887,-2.8068931e-05,-0.000104583174,0.000102295635,3.878137e-05,3.7219055e-05,-0.00010088686,9.616015e-05,3.670661e-05,-8.453811e-05,3.6765905e-05,-5.5014843e-05,-3.9571765e-05
T272_EGFP,0.00023430592,-4.6748464e-05,-4.8913425e-05,5.017085e-06,0.00012090005,0.0002670963,-5.8496526e-06,0.00022732212,0.0002238761,0.00019831985,7.640948e-05,4.4953154e-05,-2.4426638e-05,5.534728e-05,-0.00017506431,-1.1053919e-06,0.00013072882,4.956505e-05,-7.966832e-05,0.00014072198,7.276835e-06,5.3116244e-05,9.5045616e-05,-0.00011617576,-5.95796e-05,7.274875e-05,3.060786e-05,-2.5357087e-06,-7.947401e-05,0.0001030813,-7.460732e-05,-0.00011934358,4.523021e-05,-9.235356e-06,0.00019555405,-5.1377592e-05,0.00015679051,0.00011481544,0.00020495249,-4.521242e-05,-8.812577e-06,-0.000120311226,3.8567185e-05,-0.00014947107,-0.000109259825,8.233745e-06,1.5559252e-05,0.00018186407,0.00011623959,0.00015241819
T366_EGFP,-3.558464e-05,8.204381e-05,-2.9471405e-05,8.317196e-05,0.00010436333,2.9051544e-05,8.385986e-05,7.816906e-05,0.00013916472,0.00017830131,0.00012628736,0.00010475187,-2.3388988e-05,0.00012831361,-1.6022019e-05,-0.00017261716,-8.572048e-05,0.00015921555,0.00012468269,3.6848698e-05,3.4425193e-05,9.1691574e-05,8.8372275e-05,-4.3824868e-05,0.00020426916,1.4279537e-05,-4.52232e-05,-8.6767715e-05,0.00023016537,3.7626105e-05,1.1944139e-05,-0.00014657844,-0.00017278483,-0.00011049353,-5.9446258e-05,-7.2210416e-05,7.298286e-05,0.00012601052,-0.000102397156,4.0195453e-05,0.00028343702,-6.6445355e-05,-6.699355e-05,-4.9101487e-05,-0.00010734081,-0.00014979097,0.00012073402,3.5306152e-06,7.055496e-05,-0.00012442654
T162_EGFP,0.00030026134,8.6370936e-05,8.4509375e-05,5.1166803e-06,-4.620868e-05,0.0001376361,1.4368584e-05,0.00012008232,0.00012452183,0.0001279765,7.137721e-06,7.609674e-05,-8.880196e-07,0.00010308219,2.6455273e-05,9.0573536e-05,-3.7147518e-05,2.8999991e-06,-0.0001114927,-0.00013597411,1.08451995e-05,4.9152655e-05,0.00026818167,8.475018e-05,-1.74213e-05,0.00012707603,-6.0407825e-07,-2.7771477e-05,-1.4005579e-05,-2.2762146e-05,0.00016605377,0.0001422368,3.1149742e-05,5.41627e-06,9.721063e-05,0.00010764138,8.422245e-06,0.00013819075,0.00013086273,9.688377e-05,0.0001283852,1.6411153e-05,6.0771363e-05,-0.00011211071,-0.00016112498,-3.7244747e-05,-0.00019802747,-7.967167e-05,-1.6712776e-05,3.344488e-05
T42_EGFP,3.1714088e-05,0.00015058368,6.200064e-05,-3.685796e-05,0.00011944778,-3.625934e-06,-1.4611057e-05,7.01906e-05,-2.2964277e-05,6.445977e-05,-0.00011771792,0.00020166299,-4.8787006e-06,-9.9730016e-05,0.00019736469,-6.228178e-05,0.000108244785,0.00012495546,7.473817e-05,-0.0002583485,-3.268565e-05,1.2183071e-05,0.00016066668,-6.365522e-05,8.805608e-05,4.421301e-05,9.8273296e-05,0.00014031486,-1.581774e-05,0.00010913005,0.0001439821,-0.00011347457,8.2275765e-05,-3.1569474e-05,-5.0614726e-06,6.875927e-05,4.8259985e-06,4.2027863e-05,-0.0001054594,0.00022946653,9.501664e-05,9.727437e-05,0.000108471926,-4.091018e-05,-2.2506798e-05,0.00017183118,8.5100975e-05,0.0001392008,7.785103e-05,4.7913116e-05
T188_EGFP,-0.00010064931,9.075203e-05,2.2591212e-05,0.000101955244,2.9575926e-05,-6.7134264e-05,8.832288e-05,-3.630084e-05,-0.00018376269,7.387218e-05,-6.8489724e-05,-0.00025186423,-1.1279876e-05,4.9930502e-05,-0.00010093415,-0.00012458971,-0.00014897407,-6.212081e-07,3.6854628e-05,0.0001305742,8.151027e-05,2.7405169e-05,2.9225961e-05,7.425359e-05,5.078413e-05,-0.00010812885,7.89036e-05,-8.115764e-05,6.453522e-05,-3.6060956e-05,-0.00015546351,0.00010226034,4.727532e-05,-0.00017969101,5.551164e-05,0.00015719149,-7.348599e-05,-0.00018229173,-0.0001151376,7.145889e-05,0.00014098104,0.0001002226,-0.000104880804,0.00016365506,3.4738407e-06,7.7586235e-05,-5.195624e-05,-1.2544876e-05,8.0697006e-05,6.8886504e-05
T150_EGFP,4.0066992e-05,8.628802e-05,5.353535e-05,6.454692e-05,-0.00015436775,0.0001803334,0.00012593436,3.4642467e-06,-7.689769e-05,-3.571533e-05,-5.8529633e-05,0.00018074854,0.00012318032,-7.023417e-05,7.8782075e-05,0.00020652945,-1.3053681e-05,0.00024918155,5.358141e-05,-0.00015786775,1.0769006e-05,2.5250542e-05,-7.570667e-05,0.0001537137,3.8812414e-05,8.1656566e-05,3.6003253e-06,-6.495673e-05,0.00019923277,-1.4542744e-05,8.6749584e-05,-9.835671e-05,2.0066047e-05,0.00011212794,3.422272e-05,0.00016529157,3.7819057e-06,-0.00018727338,0.00019085497,9.326837e-05,-5.3405744e-05,0.00010436641,2.6126816e-05,5.1300594e-06,4.0536495e-05,5.4537075e-05,-0.00020417702,0.00011279842,-5.8085254e-05,5.268571e-05
T525_EGFP,2.935047e-05,6.164753e-05,-3.8617818e-05,-0.00015718058,-0.0001558451,-0.00021195736,0.00017042033,8.280945e-06,0.00025920974,-0.0001273232,6.91385e-05,-0.00013685405,-3.2856682e-05,0.0001427067,8.4094034e-05,-0.00020243507,5.1589184e-05,-1.550482e-05,-1.1664115e-05,8.857878e-05,2.3607314e-05,2.5762884e-05,0.00010746221,-0.00013257112,5.935202e-05,-0.00016094634,-8.088385e-05,6.7873676e-05,6.056932e-06,0.00025745787,4.3495984e-05,-6.9557527e-06,6.653187e-05,-5.5393124e-05,-3.817478e-05,9.2179405e-05,-7.7289704e-05,3.076311e-05,0.000184589,0.00012400899,-8.020495e-06,3.5789057e-05,9.0993715e-05,0.00034792032,9.635921e-06,3.17332e-05,-4.336749e-05,-7.645442e-05,0.00025117595,8.327288e-05
T228_EGFP,4.050181e-05,6.264873e-06,0.00016735651,-0.00015521485,1.72594e-05,4.5485696e-05,-2.6967524e-05,-0.00010056457,3.907766e-05,2.586003e-05,0.00025393363,-0.000105478735,-9.654761e-05,3.9507704e-05,5.2699794e-05,2.4833907e-06,6.3411455e-05,7.849425e-05,-4.02003e-05,2.9089546e-05,-9.3169554e-05,5.5593817e-05,3.5443933e-05,0.0002596466,4.111857e-05,0.00021795848,0.00017400457,-0.00010089742,-8.024067e-05,-8.896106e-05,-1.9836609e-05,-0.00012999086,9.17856e-05,5.462177e-05,-0.00011802393,0.000100704056,2.4049868e-05,0.00022882037,1.3079132e-05,-0.00017098644,4.6769197e-05,-0.00018374216,0.00016744218,-0.00018409034,8.9497764e-05,0.00011281484,0.00010895204,-2.9359471e-05,5.7438017e-05,-4.9010814e-06
T229_EGFP,4.3252116e-05,0.00019893574,3.9524813e-05,-0.000112018606,3.3163944e-06,-2.8511673e-05,-5.302459e-05,-0.00011636077,-5.43429e-05,2.247372e-05,0.00020174007,-5.8412217e-05,-0.00014179535,9.7928736e-05,0.000109972956,1.0950532e-05,0.000103639584,-2.2196173e-05,-9.345955e-05,-5.4828608e-05,3.2859745e-05,-9.51837e-06,6.950693e-05,0.00024647568,2.567823e-06,8.258797e-05,0.0002762031,1.7198392e-05,6.186378e-06,-0.00017249795,-4.4152697e-05,9.667981e-05,8.43634e-06,-7.4601965e-05,-5.076001e-05,0.0001847708,6.6406064e-06,-2.6450264e-06,-3.5988778e-05,-0.00019480858,8.593184e-05,-9.934932e-05,-0.0001642583,0.000102388265,0.00016690654,1.4056465e-05,0.0002485641,5.062393e-05,0.00016312557,-5.8180492e-05
T193_EGFP,0.00011415741,-5.310791e-05,0.000100897734,-7.78887e-06,-5.7588218e-06,0.00011621805,0.0001331333,2.4856432e-05,-1.24261105e-05,-0.00012718444,-2.2707918e-05,3.2268365e-06,3.2033142e-05,3.6254143e-05,2.8347415e-05,3.8604634e-05,0.00013896576,-0.00018919661,1.0229287e-06,-8.784431e-05,-0.00017129657,-0.00028784113,8.262261e-05,-6.762246e-05,0.000114846196,-0.00018854471,-2.4970828e-05,-2.5567791e-05,0.00013543158,-7.5500957e-06,-6.6132907e-07,-1.1032588e-05,2.628302e-05,0.000110278415,2.7284144e-05,0.00020928077,-6.1023704e-05,-1.0441281e-05,-6.8227964e-05,-3.280546e-05,0.00014947478,-5.2612966e-05,1.607693e-05,5.594989e-05,0.00013608967,3.9887596e-05,0.00022572392,-0.00016697399,-9.01531e-05,8.784774e-05
T249_EGFP,-3.1433996e-05,-6.6564215e-05,5.2752766e-05,4.2176125e-05,0.00023906447,-0.00012860699,0.00016394333,0.00020347517,0.00012883657,2.1800659e-05,0.000111397276,0.00010951747,8.727111e-05,-0.00010596529,-7.455119e-05,0.00010597873,9.222639e-05,-0.00013564245,-1.2584921e-05,-0.00019881985,6.325742e-05,6.509576e-05,0.0001301773,-2.6382544e-05,-1.3241225e-05,9.6540625e-06,1.2071148e-05,4.5080207e-05,0.00011694313,-6.2313105e-05,0.00018672466,-2.2745025e-05,0.0001437936,-2.5756206e-05,2.271234e-05,0.00011298954,-1.7343595e-05,0.00013281417,0.00020662793,-0.00011613029,-6.826069e-05,0.00012282917,0.00015555121,1.1230543e-05,7.233112e-05,-0.00018537308,0.00018046939,-0.00015491457,-6.022583e-05,5.8687092e-05
T271_EGFP,0.00024506304,3.6753956e-06,-1.389099e-05,-7.300661e-05,0.00013986732,0.00023508276,-5.9267553e-05,0.0002349798,-0.00012570608,0.00015529594,-4.075761e-05,8.845406e-05,4.24079e-05,0.00015744203,-0.00017819874,1.1197368e-05,0.00027314262,8.712229e-06,-9.913818e-08,0.0001523097,3.465028e-05,-3.231717e-05,-0.00012945457,2.1435098e-05,-9.763352e-05,7.570933e-05,3.6510333e-05,3.573549e-05,-1.2195758e-05,-5.8638193e-06,-0.00019723113,-8.723533e-05,-2.111129e-05,-6.825527e-05,-0.00015091247,3.710615e-07,-5.3744585e-05,-0.00021936542,0.00010850603,0.00018453479,-4.4239882e-06,1.0465847e-05,0.00018171853,-0.00013161066,-6.1554834e-05,-8.419233e-05,0.00010970688,-6.657808e-05,0.0001331696,1.0435354e-05
T155_EGFP,-3.1443764e-05,0.00020976181,1.1838097e-05,1.1614729e-05,5.1854175e-05,6.4847e-05,0.00034461214,6.61245e-05,7.2297815e-05,0.00014619691,5.1129005e-05,0.00010059399,5.2780247e-06,0.00010620949,0.00010064805,0.00011811842,7.021088e-05,-7.3106644e-06,3.7560538e-05,3.1482356e-05,1.0016938e-05,5.889067e-05,0.00016109215,-1.5911059e-05,4.257458e-05,-9.448019e-05,-0.00019700885,4.936114e-06,-3.285792e-05,-0.00015333449,7.7272656e-05,1.7027553e-05,1.5576767e-05,-1.3134155e-05,3.2937987e-05,-7.7914956e-05,8.6180204e-05,0.00027423317,0.0002907092,0.00012643385,9.5715724e-05,-7.866036e-05,1.9055215e-05,0.00012365697,-3.0278428e-05,-0.0001607634,5.646477e-05,9.714363e-05,-0.00013669007,1.1691093e-05
T651_EGFP,0.00021697891,-4.850466e-05,5.9982896e-05,7.755751e-05,1.1043464e-05,9.626769e-05,5.560963e-05,4.0393348e-05,-0.00010832239,-0.00028690227,4.0747138e-05,0.00010268245,0.000100950216,0.0001951117,-1.9411633e-05,0.000116432515,-2.0595222e-05,-3.807697e-05,-8.621261e-05,0.00020428492,2.6764377e-05,-6.219686e-05,-5.657312e-05,-0.00016685821,0.00010804632,6.1923756e-06,6.675982e-05,0.00011208551,-6.0279463e-06,0.00012456208,-2.198262e-05,0.00010006588,-0.00018649707,4.6296234e-05,-5.2899548e-05,0.000107085754,0.00012780486,2.410718e-06,-1.3388381e-05,-4.603218e-05,7.353658e-05,-7.105013e-05,-8.0941696e-05,7.950588e-05,0.00018262162,-7.51447e-07,-4.1361356e-05,-2.2836164e-05,0.00014877353,-1.4291637e-05
T137_EGFP,-1.1965956e-05,-2.5552281e-05,3.0369758e-05,3.4817414e-05,0.00015550989,3.2588403e-05,0.00028529175,0.00026062943,-0.00014118216,-3.2300104e-05,8.51805e-05,0.00011659618,-1.7314826e-05,-0.0001097801,-4.9418824e-05,1.027116e-05,-4.0807307e-05,-5.065777e-05,-0.0001340548,-3.3297176e-06,0.00018331909,3.612608e-05,9.00446e-05,4.3455944e-05,0.00016853552,0.00023000548,0.00018045859,0.00012872012,-0.000150947,7.277335e-05,9.6271295e-05,0.00010059625,-1.4319475e-05,6.268475e-05,8.1619335e-05,0.00012622832,0.00011413978,7.2488685e-05,-6.226168e-05,-2.09767e-06,4.2287447e-06,0.000100312485,0.00018874509,7.83991e-05,6.545136e-05,-1.9546392e-06,-0.00018095551,-5.8504713e-05,0.00016231496,-0.00012664314
T212_EGFP,4.1188556e-05,4.45808e-05,8.208688e-05,3.7592272e-05,6.1288476e-05,8.859642e-05,0.00017146983,-4.009451e-05,0.000222433,2.791972e-05,5.637107e-05,0.00023751965,-3.9597657e-05,-0.00014684659,0.00016117933,-0.000114756855,8.078796e-05,0.000109745306,5.1875802e-05,4.051751e-05,-0.0001510679,-3.6848614e-05,-5.53964e-06,0.0003043686,-0.00023793109,0.00011850746,-4.6185046e-06,-2.324014e-05,3.8912785e-05,-2.3962764e-05,-3.643273e-05,-8.055507e-05,8.273585e-05,0.00011395191,8.3141575e-05,-0.0001807235,-1.034528e-05,2.931207e-05,0.00019260285,2.02954e-05,-0.00022437546,-0.00010779396,-1.4110895e-05,-9.71902e-05,-0.00013485995,-4.1316347e-05,7.032797e-05,4.7792993e-05,0.0002672192,0.00023888977
T61_EGFP,3.7951297e-05,-0.000110152316,0.0001492449,0.00022699285,9.056169e-05,-2.3292385e-05,0.00015103558,9.458875e-06,1.9211948e-05,6.830855e-05,0.00010766441,-3.8511705e-05,4.1469557e-05,6.6773378e-06,4.4029657e-05,8.84648e-06,9.228248e-05,-4.211428e-05,0.00021376288,0.00012620284,0.00022680228,6.1236016e-05,-0.000174444,-7.140618e-05,-0.0001617067,0.00017325483,-1.4172312e-05,-1.0859851e-05,0.00012797187,-0.00013692857,8.369452e-06,1.6858117e-05,0.00014428374,-1.5373033e-05,-0.000108853455,9.561075e-05,9.565013e-06,-5.306827e-05,-2.4778321e-05,-3.740751e-05,-9.829795e-05,-0.00010431972,-0.00011952583,-0.00014309344,2.6925013e-08,4.5942346e-05,0.00010012713,0.00014168744,3.946317e-05,0.000112362904
T369_EGFP,4.953855e-05,-6.8081405e-05,4.9414273e-05,6.7927525e-05,-1.6561033e-05,4.7810903e-05,0.00010387325,0.00018071894,0.00015421327,3.836712e-05,9.0947615e-05,-5.306687e-05,0.00015459472,6.325223e-05,-1.859302e-05,0.00012428752,2.6720369e-05,0.00010567832,0.0001232376,0.00020975301,4.657814e-05,2.969138e-05,-8.924193e-06,-9.992367e-05,-0.00016395673,0.00011048722,5.8631973e-05,0.00010962428,1.169517e-05,-0.00010515558,-6.0632974e-05,0.00019368932,5.9791797e-05,-7.901425e-05,-6.050414e-07,0.00026013266,5.8524543e-06,-8.988626e-05,0.0001262036,9.018919e-05,0.00011646568,-0.00015448393,-0.00010026958,-3.3770964e-05,-6.36986e-05,-3.8956758e-05,9.991458e-05,-0.0001309145,-2.2163988e-05,2.3203353e-05
T109_EGFP,7.493405e-05,-4.3762502e-05,-7.126967e-05,-8.407555e-06,3.548704e-05,-6.0413995e-06,2.2950813e-05,6.238283e-05,-6.9292684e-05,-0.00027894168,0.0002761945,0.00022346499,0.00022975578,-7.086739e-05,0.00011201352,-3.621207e-05,-8.3511455e-05,-1.4690632e-07,5.0770905e-05,-0.00014422798,-1.4432109e-05,6.0653445e-05,0.00016552772,3.9277038e-05,1.4469447e-06,-2.1537384e-05,5.0697134e-05,0.00018539887,8.7680455e-05,0.00014920782,-6.6598244e-05,-3.238002e-05,0.00024772703,-8.285487e-05,-0.00010522788,-4.5689445e-05,6.458699e-05,0.00019039132,-1.2346148e-05,-2.9119087e-07,-0.00010066774,-0.0002932775,0.00020242142,0.00011683582,6.0458733e-05,0.00020681912,2.9354521e-06,0.00011945044,0.00012269667,-2.6839778e-05
T605_EGFP,0.00022811271,0.00017301626,-1.8823629e-06,-6.8759764e-05,-4.482649e-05,0.0001396522,0.0001030682,0.00011563114,8.132331e-05,-7.0981034e-05,-3.124572e-05,2.1442289e-05,-0.00023908264,-1.101498e-05,0.0001222555,6.759016e-05,-7.5537406e-05,-3.9857176e-05,5.3515787e-06,4.55284e-05,0.00015254327,6.735078e-05,4.2102074e-05,5.0840743e-05,-6.769145e-05,0.00015470342,5.092952e-05,3.722855e-05,3.855275e-05,6.9475645e-05,0.0002042982,1.1023003e-05,0.00017558517,0.00010838753,-0.00013455271,-9.752977e-05,-9.244717e-05,-7.251548e-05,6.693323e-05,-5.201556e-05,-0.00017130875,0.00016777616,0.00016435244,-5.221646e-05,-2.0591215e-05,0.00015388995,-3.1008167e-05,-1.8919294e-05,-5.078142e-05,2.675305e-05
T540_EGFP,-6.8697665e-07,-8.4212494e-05,0.00016755033,1.6207643e-05,-0.00015507126,7.128162e-05,0.00019681365,4.380329e-05,7.0303904e-05,-5.089064e-06,5.30276e-05,9.077942e-05,-3.723989e-05,-8.6776134e-05,-0.00020598131,0.00027012464,-7.161709e-05,0.00010861942,5.7697143e-06,-8.878329e-05,0.00016512854,7.3390795e-05,-5.5376026e-05,-4.7245787e-05,-8.788432e-05,5.6071312e-05,1.6968274e-06,0.00013493933,0.00014955694,-3.9898376e-05,0.00019574602,0.00012589946,4.5145036e-05,-0.0001512476,0.000113797294,-8.110058e-05,-4.8497957e-05,0.0001266117,-3.7207123e-05,-1.8123192e-05,0.000120690274,-0.00010754515,0.00014877098,0.00015844362,-0.00014184418,-7.274609e-05,0.0001972872,-7.3337396e-05,1.39037975e-05,-0.00010495277
T4_EGFP,-8.342978e-06,-3.0264344e-05,0.000108833665,3.219957e-05,1.7553642e-05,-3.0901014e-05,9.7525684e-05,-4.3024764e-05,0.00015095687,0.00012923313,-0.00014912237,1.466108e-05,-0.00016106736,4.3353175e-05,0.00016616694,0.00029033437,6.780078e-05,-5.446765e-05,-0.00011815724,-7.902162e-05,0.00012326201,-7.445589e-05,-2.532639e-05,0.00020306409,0.00018947366,1.8399864e-05,0.00016542732,7.095309e-05,3.3148055e-05,0.00022725908,4.36727e-05,-5.6282963e-05,0.0001340399,0.00018350102,0.00010594395,5.3395976e-05,3.2644193e-06,-0.00015584243,5.8849535e-05,8.858413e-05,-7.250568e-05,0.00021963211,7.4687814e-05,-3.0129274e-06,0.00013975738,-4.0553405e-05,-2.4872943e-06,-0.00035847514,0.00019778441,4.6300902e-05
T378_EGFP,5.3866803e-05,0.0001552403,-6.9390735e-05,0.00011458808,-0.0001366698,0.00010542548,0.000121932186,0.0001275579,8.983863e-05,2.5174437e-05,0.00014975808,2.8892602e-05,-0.00015882013,0.00015345233,8.3212144e-05,7.480612e-05,-0.000121143865,-2.8940483e-05,2.8714423e-05,-2.6496711e-05,0.0002015034,1.6917145e-05,0.00026824142,-7.737544e-05,8.9521935e-05,0.00013397203,7.78165e-05,-9.3614755e-05,-6.738501e-07,-5.209434e-05,2.4912697e-05,-4.217234e-05,-9.522332e-05,4.9791193e-05,-0.00013189732,9.73035e-05,-1.1844346e-05,4.3670712e-05,-4.4227705e-05,9.773028e-05,1.8828176e-05,5.1858944e-05,0.00010207027,8.7862965e-05,-8.386509e-05,0.0002654436,-3.3108656e-05,-0.000224356,8.684253e-05,-1.5959944e-05
T253_EGFP,-2.2589125e-05,2.2808947e-05,-6.818031e-05,-6.6006905e-06,3.5357214e-05,3.5347726e-05,0.00036083467,-6.5512686e-05,-1.8120143e-05,1.0100562e-05,-0.000187876,0.00010442537,0.00013168977,1.9684065e-05,2.0183063e-06,4.5399378e-05,9.981528e-05,-7.649317e-05,-4.787451e-05,-2.5310123e-05,8.975361e-05,0.00013585256,-8.174626e-05,0.00010185712,-0.00011083381,0.00011669385,-4.8579004e-05,-4.458119e-05,6.937316e-05,0.00023164005,-8.549021e-05,0.00017999836,0.00011555149,0.000111308575,9.391262e-05,-0.00023966623,-0.00013856504,0.00021201232,-0.0001129743,-0.00012375788,6.7835485e-05,0.00010708206,-8.765942e-06,0.00015455866,3.473931e-05,-3.4274792e-06,-9.5705014e-05,-1.4394974e-05,-7.478176e-05,-4.1073443e-05
T550_EGFP,-0.000113016176,-5.7361514e-05,-2.1617778e-05,4.9999115e-05,0.0002664582,0.00016356845,-0.00019374315,-6.416644e-05,0.00010999822,7.407407e-05,-9.730862e-06,5.8005942e-05,8.92309e-05,-4.875753e-05,-0.00012010263,0.00017953682,0.00012967255,0.0001952832,6.8724024e-05,6.7725787e-06,6.863447e-05,-5.292295e-05,0.00010178778,9.080561e-05,0.00016458302,-4.7630863e-05,-5.3672757e-05,-0.00024323058,0.000128392,4.8398438e-06,0.00020311869,-5.052823e-05,4.0644783e-05,-0.00012143993,4.8827605e-05,-1.4961273e-05,0.00016328918,-5.4053875e-05,0.0002388869,-9.7623306e-05,7.055406e-05,0.00019771741,-0.00010905796,0.00017057983,-6.1116974e-05,9.853624e-05,0.00012370369,-9.378276e-05,-3.806401e-05,-2.2792074e-05
T464_EGFP,-7.636522e-05,3.856794e-05,0.0001822409,0.00011398672,0.00011466682,3.44745e-05,-0.00010834031,0.00012671776,-2.9099903e-05,4.413878e-05,7.424944e-05,-0.00017085533,1.4455325e-05,-1.954683e-05,-4.042533e-05,8.630499e-05,-8.664395e-05,-9.1333604e-05,6.732644e-05,2.5000823e-05,4.3677235e-05,0.0001876585,2.76436e-05,-0.0001332708,4.7717735e-05,-7.923231e-05,0.00021967194,5.507803e-05,0.00017719819,0.00022407189,-0.00019668479,-3.465029e-05,-0.00010790649,1.1304528e-05,9.166723e-05,-1.0983289e-05,-0.00017401857,-0.00013517801,-4.609603e-05,6.113883e-05,0.00014092456,0.00016767139,-9.360984e-05,-0.00011810185,1.012955e-05,0.00018228179,4.0232233e-05,0.00015954106,3.7817408e-05,-6.425834e-05
T236_EGFP,3.2094522e-05,0.00010880432,7.866159e-05,7.6866505e-05,8.422529e-05,4.951001e-05,2.4522127e-05,-1.842861e-05,3.1363907e-05,0.00015544251,0.00024427884,-0.00010482389,0.00014047502,0.00016991574,-0.0001624038,5.5421726e-05,-2.8101393e-05,-9.38588e-05,7.26966e-05,5.1869913e-05,7.602852e-05,0.00018448281,-8.2812556e-05,7.685775e-05,8.221527e-06,-4.904175e-05,-7.727892e-05,5.9193506e-05,8.9893336e-05,-0.00013384485,-0.00017002986,0.00015298657,0.000114090326,2.1260419e-05,-5.1178777e-06,9.727172e-05,6.554245e-05,-3.4641591e-06,7.4824275e-05,-6.694374e-05,0.00016315264,0.000110183086,0.00012026851,1.4275744e-05,0.000107658736,-2.9141336e-05,3.2550714e-05,0.00018593922,5.154073e-05,0.000115894094
T524_EGFP,-1.3168684e-05,6.906676e-06,0.00019310559,0.0001100757,3.2760494e-05,0.0001531991,7.294534e-05,0.00013177669,0.00025987803,-0.00011572843,6.7373526e-06,0.00013860242,-0.00010725582,-7.55239e-05,9.9648736e-05,-9.43593e-06,9.54606e-05,-7.4553163e-06,4.203471e-05,-0.00017333921,2.3964638e-05,0.00013556506,3.9845487e-05,-8.023668e-05,1.6595317e-05,0.000118566284,-0.000113971706,-8.767184e-08,-0.00017798919,5.5701934e-05,6.127866e-05,1.5939451e-05,0.00014512116,8.4471496e-05,-0.00019395356,-0.00018619199,-8.2641476e-05,6.448529e-05,6.314892e-05,-0.00011371004,0.00010505232,-1.1988882e-05,6.2979896e-05,2.6525044e-05,0.000117293996,-2.8640214e-05,0.0001301419,0.00015102875,8.372603e-05,0.00021839935
T74_EGFP,-4.762922e-05,5.9033253e-05,-3.4377605e-05,2.024472e-05,5.3606338e-05,-4.376227e-05,0.00013857208,6.8403126e-05,-2.6378375e-05,2.5917543e-05,-0.0001338387,7.8162455e-05,5.4164917e-05,-4.9906903e-05,0.00014160114,0.00015538711,9.1473245e-05,0.00011300231,-7.091703e-06,-0.00017096601,0.00022554107,-6.879379e-05,7.525934e-05,7.107197e-05,0.00010065382,3.6408535e-05,-8.910932e-05,-0.00013129768,7.9625745e-05,5.1573494e-05,0.00013879637,0.00029445658,-0.000118156684,-6.119256e-05,2.6763026e-05,-7.6277654e-05,6.366081e-05,-4.5483594e-05,0.00023452207,0.00013117392,-0.00016644696,-3.4331195e-05,-0.00015420986,0.00013515817,-4.550686e-05,0.00012760439,0.00027383462,-9.3254e-05,-1.47608025e-05,-4.855076e-05
T543_EGFP,-0.00012468983,0.00019867923,9.2131995e-05,-3.301034e-05,4.0382427e-05,-0.00012494033,-0.00020079335,-0.00011341613,-1.0860506e-05,3.2937893e-05,0.000107552485,4.20802e-05,-0.00012200592,-0.000107627544,1.4219761e-05,0.0002745685,5.159397e-05,-1.24651915e-05,2.406285e-05,0.00011175323,-0.00018371921,1.783146e-05,3.5951452e-05,6.318037e-05,5.600381e-05,7.7411714e-05,-9.3829185e-05,4.4083983e-05,5.1980427e-05,-7.80669e-05,-1.5278587e-05,0.00010805991,0.0001099667,9.8298966e-05,5.1726664e-05,0.0002745764,8.9147856e-05,0.00019737656,4.425499e-05,-0.00022515407,0.00014582236,0.00020264,-1.5496014e-05,-6.99831e-05,3.2451808e-05,0.00019241442,9.981887e-05,2.177006e-05,-0.00018718287,-8.455398e-05
T224_EGFP,4.146005e-05,0.00010685339,0.00014094995,-0.00014976999,-3.646286e-05,0.00020628893,5.5919943e-05,0.00011038687,-0.0001012209,-1.7170516e-05,9.13004e-05,-7.691635e-05,4.372568e-05,2.5676029e-05,-8.50398e-05,0.00014298019,-4.297485e-05,-4.5996254e-05,9.35322e-05,2.5807505e-05,0.00015722441,-9.985391e-05,-7.205672e-05,-0.00013473791,0.0002914219,9.99704e-05,0.00010516713,-4.4809426e-06,-0.0001091204,0.00013256754,-2.701648e-06,-7.488941e-06,-1.3804504e-05,4.39548e-05,-4.7765385e-05,0.00011615685,-3.3219145e-05,-1.22933525e-05,-7.9389254e-05,0.00022431051,-9.522332e-05,-7.429251e-05,-4.313819e-05,5.3360134e-05,0.00016299661,4.4883305e-07,-0.0001056587,0.0001627543,-2.0153315e-05,-5.840932e-05
T472_EGFP,-0.00021359824,0.00017235927,0.00019957832,4.4571712e-05,0.00016419953,2.3037333e-05,7.8727135e-05,7.646393e-05,0.00017794428,-0.000116524316,2.7440632e-05,-2.4166271e-05,7.1935365e-06,2.8820301e-05,-3.5170913e-05,0.000106240775,-1.3179229e-05,5.536359e-05,-0.00013603734,0.00013380797,0.000119661025,-0.000112440604,-9.176128e-05,7.044579e-05,0.00012315343,1.9236506e-05,-3.174016e-05,0.00010285448,-2.1174399e-05,6.590745e-05,0.00014720834,-0.00027174526,0.00011056729,8.533817e-06,0.0002519823,4.7199155e-05,-2.4895919e-05,-6.157112e-05,-6.0302467e-05,0.0004822313,-0.00013734738,2.3378932e-05,-0.000103016275,-2.4036133e-05,2.585211e-06,-0.00019659045,-3.8702492e-05,1.1878496e-05,0.00027437112,-9.7510594e-05
T38_EGFP,-2.7480433e-05,3.1284864e-05,0.0001376438,-9.085688e-05,-6.3930485e-05,9.1679154e-05,1.4861319e-05,0.00012487794,-2.4887477e-05,-7.3973664e-05,0.00016813833,7.087349e-05,1.475037e-05,3.8399627e-05,-1.0663836e-05,0.00013047636,-8.989952e-05,8.1785445e-05,0.00012305018,-0.00011331736,0.00015807222,0.0001396266,-8.5980944e-05,-2.076162e-05,-0.000108056105,2.8621438e-05,0.00011428227,-3.7270438e-05,-0.00011298779,0.00014822755,-0.00027859642,8.558418e-05,-9.622706e-06,7.2675786e-05,3.9842766e-05,-5.5377244e-05,-1.1691057e-05,6.620353e-05,-0.00010494873,8.806611e-05,0.0002902639,2.9306833e-05,6.412348e-05,-8.415192e-05,4.432443e-05,-1.2784289e-05,-0.00014528404,-0.00019780562,4.0276977e-05,4.7229845e-05
T348_EGFP,0.00015018859,-6.164514e-05,-2.6552023e-05,0.0001333279,-2.6463313e-05,-8.7223874e-05,0.00010768069,7.8973906e-05,-2.6440175e-05,0.00010915461,4.928941e-05,0.00010912677,8.0180274e-05,-0.0001237876,0.00011171413,-0.0002610711,-7.4107236e-05,9.568758e-05,0.00018386597,7.6814824e-05,0.00010392733,-8.826299e-05,-6.621903e-05,0.00011860484,0.00013732018,-0.00012446332,0.00018060539,-3.0514526e-05,0.00012784149,-4.5295503e-05,2.5191388e-05,-8.689692e-06,0.00012475731,4.6286717e-05,0.00010064971,-6.0623097e-05,1.5816486e-05,-5.1833722e-05,-5.536657e-06,-1.4295347e-05,2.062066e-05,-7.768666e-05,-0.0002388234,1.6454278e-05,-0.00019331086,-3.2677413e-05,-0.00017519928,0.00021368662,0.00021467327,-4.1703137e-05
T582_EGFP,4.216944e-05,0.00010803801,0.0001843041,3.1436924e-05,-2.7325332e-05,4.2228643e-05,7.994115e-05,1.59279e-05,9.745559e-06,0.0002296341,1.9498071e-05,-3.2442713e-05,1.83543e-05,6.168507e-06,0.0002472499,4.472607e-05,-5.3996835e-05,0.00014128203,-9.5724856e-05,-7.391677e-05,-3.5736698e-06,6.988993e-05,5.5673532e-05,-0.00019675297,8.500263e-08,-1.8284198e-05,0.00014259072,-6.0737613e-05,-0.0001403357,-0.000100475045,0.00020956741,0.00016808389,0.00021413008,0.00011338951,-8.3531515e-05,8.6577485e-05,-2.1868587e-05,-4.179193e-06,1.9915735e-05,9.2599425e-05,1.1240136e-05,4.04779e-05,5.584144e-06,8.475651e-05,-0.0001519373,0.000118379976,2.540378e-05,6.9737776e-05,0.00018728348,-5.6017143e-05
T194_EGFP,-4.37935e-05,2.0110876e-05,0.00010826675,-1.2720718e-05,-0.00010416258,7.366197e-05,9.481847e-05,0.00021358662,-1.1791278e-05,-2.901418e-05,8.735482e-05,7.993578e-05,-4.3991153e-05,-0.00015965721,-4.777302e-05,-9.293977e-05,7.699889e-05,1.5981195e-05,1.6965523e-05,-0.000112138674,7.2240575e-05,-0.00015577943,-8.157938e-05,2.6752681e-05,-8.974048e-05,-9.520839e-05,-1.1672615e-05,-9.6226075e-05,2.7457569e-05,0.000115656854,0.00024266435,-4.7419417e-05,-3.4837863e-05,8.21393e-05,5.3832042e-05,0.00014910575,-0.00018879694,8.513838e-06,-0.000104324645,-0.000113115704,0.00010154094,1.2579575e-05,-0.00020170675,0.00016169419,0.00018007928,-0.00019994823,0.00012864427,-5.356457e-05,0.00011108858,-1.7874807e-05
T392_EGFP,-7.8075e-05,0.000103681145,0.00012849492,0.000112711925,0.000103816,8.339565e-05,-6.711068e-05,-0.00014944217,-0.00019219627,-8.266631e-05,-9.900887e-05,3.4795055e-05,9.7589385e-05,8.697644e-06,6.435506e-05,4.806808e-05,6.070571e-05,6.8601505e-05,-0.00012137381,3.064577e-05,0.0002465787,1.7313625e-05,7.8870864e-05,0.00025691238,-1.4500915e-06,9.5187694e-05,5.053052e-05,-9.1436144e-05,-0.00011792642,1.4858081e-05,0.00019505704,-7.9443336e-05,-3.447553e-05,7.3211476e-07,8.614423e-05,-1.4610687e-05,5.05245e-06,9.592317e-05,3.1888617e-06,1.6671112e-05,0.00034243945,-0.00015398583,-1.8184943e-05,-5.7304846e-05,0.00012104977,4.9347298e-05,5.805438e-05,-1.1230906e-05,5.726397e-05,-9.139036e-06
T388_EGFP,-2.4231853e-05,4.540844e-05,7.840472e-05,-9.280613e-05,0.00024881677,1.0274191e-05,0.00017160391,-5.4770586e-05,-4.2027397e-05,0.000121052246,-4.3016676e-05,5.104916e-05,0.0002255992,-0.00011900399,-7.709149e-06,4.423427e-05,-0.0001090225,0.00013112414,-0.00010214552,-0.00018786603,-9.230886e-05,-0.00014109258,0.00019037533,1.3367399e-05,-3.0189038e-05,-8.7425135e-05,1.9374627e-05,0.00024692854,-8.608864e-05,-2.8339286e-05,-4.4366738e-05,1.35346945e-05,2.9237692e-05,2.03141e-05,-1.5924832e-06,-0.00012173928,2.4969862e-05,-0.00011773236,-0.00018459621,-5.157044e-05,-6.597258e-05,8.4428284e-05,0.00011028603,0.0003245519,6.811681e-05,-2.935362e-06,6.286973e-05,0.00017008481,0.00012236073,-0.00026576634
T86_EGFP,-3.7470985e-05,1.1310817e-05,0.00013519856,8.496522e-05,7.9973455e-05,-4.5467856e-05,-0.00010362091,0.00026378664,0.00015989914,-6.7528475e-05,3.551418e-05,-0.00015290493,0.00013269026,-6.831961e-05,0.00015221768,9.2266856e-07,-7.874511e-06,4.4988838e-06,-5.062901e-05,6.9591864e-05,-0.00019398777,2.1920592e-05,-3.2069907e-05,4.3728796e-05,2.3270884e-05,0.0001292812,9.45439e-05,3.653525e-05,0.000104055754,-5.0154857e-05,7.623843e-05,1.3239942e-06,-0.00015857015,-0.00015700562,-7.014835e-05,0.000131571,2.6859245e-06,6.0199774e-05,0.0003130091,3.581169e-05,0.00014894946,-4.999884e-05,6.282606e-05,4.178577e-05,-0.00016389352,8.257597e-06,0.00012250265,1.043971e-05,0.00016185404,6.973656e-05
T46_EGFP,-8.011592e-05,-6.208552e-05,0.00015681973,6.1027524e-05,0.00015375583,0.00014799254,0.00018878105,8.795137e-05,0.00014276299,4.9736118e-05,-2.7790732e-06,-3.043982e-05,4.782701e-06,4.9649618e-05,-1.5450407e-05,-9.527616e-06,0.00025790313,-0.00013469187,-6.184342e-05,-3.1425563e-05,0.00010114987,5.9238293e-05,3.8961676e-05,3.245095e-05,0.00028460982,9.131862e-05,-2.4335148e-05,2.5383668e-05,-2.7287218e-05,5.1460473e-05,-9.399429e-05,-5.687938e-05,0.00015749468,6.915279e-05,-3.520281e-05,6.567994e-05,5.6768386e-05,0.00010714628,1.1735457e-05,-7.768523e-05,-0.00011797804,-2.983149e-06,0.00020595665,-0.00013499378,-0.00010691451,0.000116734416,-5.7835496e-06,-2.1793732e-05,-8.982308e-05,-4.581375e-05
T381_EGFP,-3.803003e-05,0.0002261497,-1.0743404e-05,8.8919165e-05,2.5150614e-05,9.231506e-05,0.00011938432,-6.0662096e-05,0.00014053068,-0.00012955962,4.2349876e-07,-4.337076e-05,4.6858615e-05,-6.338806e-05,-2.7266657e-05,-0.00010807845,-0.00015895275,-9.0060916e-05,5.0520277e-05,8.548771e-05,0.0001773432,0.00011897325,0.00013414885,6.0943683e-05,4.214731e-05,0.00013877712,-1.213759e-05,5.450869e-05,-5.4400723e-05,1.4328931e-05,-0.0002831255,-0.00011564931,0.000106764375,-1.1003466e-05,-1.7351322e-05,2.3145118e-05,-9.190678e-06,6.0022685e-05,0.00011208375,9.200793e-05,-0.00031837184,-3.263466e-05,7.624393e-05,0.0001629674,3.9176072e-07,-4.90451e-07,-0.00019540191,0.00017751307,0.00019910862,6.311104e-05
T660_EGFP,0.00026177525,-3.6959696e-05,4.079835e-05,-6.50971e-05,-8.833861e-05,0.00020445402,0.00019469624,0.00013706418,-0.00016048535,-0.00010994292,0.0001192874,6.5127215e-06,0.0001583343,-5.5465942e-05,1.4923857e-05,0.000114288574,0.00017285568,-8.023071e-05,-0.000113532406,5.2710384e-05,-0.00016285553,-4.4107313e-05,-7.108633e-05,0.00019345438,2.6600655e-05,4.288782e-05,7.4967243e-06,0.00014157408,0.00014707472,-2.1131993e-06,8.509703e-06,0.00011878465,5.5079032e-05,-0.00014570901,0.00012117568,7.481242e-05,6.8995265e-05,-0.00011588602,8.913698e-05,-1.9759114e-05,2.2661448e-05,0.00013533275,-7.998998e-05,3.2000367e-05,0.00010342506,3.5886627e-05,-5.068077e-05,1.234329e-05,1.551786e-05,3.3940945e-05
T633_EGFP,0.00025593457,-3.2782616e-05,7.5601805e-05,3.5414247e-05,9.361452e-05,5.6335768e-05,0.00013871759,0.00010315445,4.766295e-05,0.00016933121,8.128587e-05,9.2201706e-05,-4.113898e-05,0.00019737185,0.00012337332,-1.90539e-05,1.055723e-05,5.6674256e-05,5.153468e-05,0.000142979,-8.949315e-05,6.355141e-05,4.9292994e-05,0.000108840206,0.00017919684,-0.0001647584,0.00019443527,8.864475e-05,7.873384e-05,9.137021e-05,7.417243e-06,-3.5506728e-05,6.9697155e-05,6.260007e-05,-7.3411225e-05,-1.4453813e-05,-2.4244748e-05,4.8687867e-05,5.7862242e-05,-6.8673544e-05,4.9274953e-05,0.00011549207,-3.0159441e-05,-4.3543838e-05,0.00022581826,-4.784917e-06,1.9706746e-05,9.0972615e-05,-0.00019908942,0.00022734495
T589_EGFP,3.9068218e-05,-8.993394e-06,0.000129814,0.00011699902,0.00015491503,-9.336638e-05,8.559655e-05,-6.1055007e-06,-7.7832214e-05,-0.000115062634,1.1339568e-05,2.8250777e-05,1.4928702e-05,4.9588827e-05,0.00016860156,-2.4059527e-05,2.515203e-05,0.0001898399,9.138954e-06,1.4242856e-05,4.623411e-05,5.7225225e-05,0.00015415798,3.3072763e-05,0.0001164549,4.3944372e-05,-3.9891773e-05,-8.586895e-05,-8.128451e-05,-0.0001499817,0.00010340822,-4.1512125e-05,0.00018656653,-2.9218172e-05,0.00013511523,5.629774e-05,0.00013496386,-9.942193e-05,7.005337e-05,9.0139816e-05,-3.5456048e-06,-1.08784825e-05,0.0002830819,0.00034457596,1.6363594e-05,4.857425e-05,2.7168855e-05,6.971335e-05,0.00019770791,0.00016447465
T368_EGFP,-3.8320155e-05,2.2697748e-05,0.00012771928,-7.512823e-06,2.3945799e-05,0.00018732078,0.00015146578,0.00013084871,0.00014844128,0.00019240411,-1.5444311e-05,-2.2261635e-05,6.208336e-05,5.3928245e-05,2.178664e-05,3.9581697e-05,2.3246648e-05,-0.00013815204,-0.00019383522,9.898776e-06,-7.426047e-05,-4.6183715e-05,-7.232399e-05,-3.6147605e-05,0.00016875991,0.00013878076,0.00011018903,7.680653e-06,-0.00021487214,-2.8287956e-05,-0.00013938805,-2.4092362e-06,-7.1053815e-05,-5.5832093e-05,0.00010362385,3.663416e-05,0.00029303422,0.00016804831,-2.8337246e-05,0.00012300536,-2.3160672e-05,-1.1038053e-06,3.364586e-05,2.6869826e-05,-2.1247723e-05,0.00015183778,-1.8304143e-05,2.8176159e-05,-9.492505e-05,8.371922e-05
T208_EGFP,-0.00024720127,-5.7776317e-05,-0.0001375276,0.00024980685,5.297227e-05,0.0001486462,3.216118e-05,-0.00010589235,-5.819004e-05,-4.48771e-05,-0.00016216513,5.881015e-06,4.2152376e-05,0.00013870615,-0.00013174916,-0.000102114485,3.6924216e-06,0.00019592204,6.26739e-05,5.7506157e-05,0.00011433797,1.8247623e-05,-1.4968621e-05,-0.000107587235,9.402785e-05,0.0003484094,-8.032697e-05,-0.00017633168,-2.313674e-06,-7.0192546e-05,-6.711659e-05,5.5952354e-05,9.092523e-05,0.00011263184,0.00011398323,0.00011824492,5.4184817e-05,-0.00015674016,4.0439383e-05,-6.2862664e-06,-1.4522562e-05,1.6905519e-06,0.00017913243,1.0233723e-05,-7.1175135e-05,2.8463259e-05,-0.000121093704,0.00013467761,2.2384194e-05,-3.5056364e-05
T65_EGFP,-5.7124747e-05,-8.1439284e-05,-0.0001229746,-8.748329e-05,4.249079e-05,-9.944454e-05,-0.00015965701,6.762848e-05,1.5648533e-06,-2.1924769e-05,7.5092845e-05,-5.5241708e-05,7.409174e-05,1.5226225e-05,1.8336993e-06,9.734209e-05,4.0751755e-05,-0.00013480755,8.067153e-05,7.198851e-05,-6.0557264e-05,-8.10894e-06,0.00024269203,0.00020140619,2.8459635e-05,1.1043602e-05,-0.00013984762,0.00022309607,-0.000103192324,3.817744e-05,0.00014642563,4.505416e-05,9.984206e-05,0.00019821161,2.395907e-05,8.968443e-05,-1.858489e-05,-1.376228e-05,3.4826753e-05,0.00011792227,0.00013038432,9.910448e-06,4.4319146e-05,-5.2294537e-05,-7.843509e-05,1.8322991e-05,7.737142e-06,-0.00025840945,0.00016193216,-0.0002025762
T682_EGFP,0.00016992059,2.2836699e-05,-1.629406e-05,-0.00022559935,-7.28648e-05,-2.0803238e-06,2.628908e-05,0.00015959934,0.00023810068,-3.0408528e-05,-8.632883e-05,5.5265937e-05,-5.4156368e-05,0.00010083583,0.00012778626,3.4648492e-05,2.0631565e-05,0.00012566584,3.0875413e-05,0.00020785826,8.283983e-05,2.9765013e-05,3.7753074e-05,0.00010470323,-7.569359e-05,0.00015278104,-7.376663e-05,0.0001629048,-3.8014965e-05,0.00021377417,2.2275703e-05,-5.7122605e-05,1.8308506e-06,3.239391e-05,-2.8985618e-05,-4.2278505e-05,-5.3992375e-05,0.00019586249,-0.000101185855,-8.234751e-05,3.7448866e-05,1.0822698e-05,-1.4426304e-05,-4.5254597e-05,-3.809378e-06,2.4510646e-05,2.640678e-05,7.0739996e-05,6.0738686e-05,7.9351616e-05
T523_EGFP,4.6252302e-05,-7.106931e-05,7.348807e-05,-2.9396713e-05,-1.1577307e-05,9.1392154e-05,0.0002021597,9.17223e-05,0.00017873631,0.00023469563,7.319423e-05,8.552048e-05,0.00015371352,-8.339491e-05,-8.583653e-05,2.0803378e-05,5.129368e-05,-9.811045e-05,0.00010029175,4.7079146e-05,0.00020418402,1.5622149e-05,-4.0381114e-05,6.287484e-05,4.7417852e-05,0.00011979895,7.8919715e-05,-0.00019650903,3.927787e-05,2.8011713e-05,3.424083e-05,-4.53999e-05,0.0001348486,0.00024867873,2.0188694e-05,-0.00019423936,2.1358352e-05,6.192103e-05,5.325997e-05,6.494156e-05,2.5662555e-05,-3.978021e-05,9.557295e-05,0.000102873964,8.969791e-05,0.00012560798,0.00017208797,-7.5895034e-05,-9.718423e-06,0.00019188621
T6_EGFP,8.86866e-06,-2.1507445e-05,0.0001646163,-5.6154196e-05,5.3461765e-05,7.0658425e-05,0.00019495747,0.000103376224,0.00010219677,0.00012559418,0.00022205368,-0.00011824806,-0.00012859386,0.00011496436,5.3431988e-05,0.000116286385,-0.000111859365,0.00015896001,0.00010701338,-0.00013302352,8.1551e-05,-4.0026942e-05,0.00015581248,-2.578734e-05,0.00014679099,-4.0256196e-05,8.640703e-05,0.000109964254,-3.6855954e-06,6.5688524e-05,-1.646597e-05,0.00014942128,-7.791497e-05,2.807799e-05,4.6589972e-05,1.9992445e-05,2.3420285e-05,0.00014203518,-1.342653e-05,-0.0002468684,0.00013630374,-5.421539e-05,2.1003772e-05,0.0001311809,-5.9074362e-05,-0.00017164675,0.00022448608,0.00010313457,0.00033781008,0.00026662287
T108_EGFP,-4.6784196e-05,2.6710217e-05,-5.936679e-05,0.00013583049,4.3043645e-05,3.2678956e-05,8.025296e-05,-0.00022802106,-6.557335e-05,5.0902883e-05,0.00031691632,0.00017305373,0.00019159936,7.3676034e-05,0.000101396596,2.1425058e-05,-3.1933174e-05,6.337363e-05,-7.155739e-05,5.1581916e-05,-4.6362533e-05,0.0002501272,3.781032e-05,-3.2017717e-05,8.898833e-06,1.9226913e-05,5.1733386e-05,-6.9962452e-06,-7.983031e-05,0.000112947324,8.859086e-05,3.458058e-05,1.2281494e-05,0.00029040035,2.4216657e-05,-3.5501585e-06,0.00019866225,9.22701e-05,1.0515585e-05,0.00012434201,-6.4117965e-05,6.7664754e-05,0.00013465079,0.00017252051,0.00012945176,-0.0002446671,5.679184e-05,0.00024380311,0.00012294721,9.223326e-05
T680_EGFP,0.0002237561,-3.802222e-05,6.67063e-05,-9.8936594e-05,-0.00012831406,-3.385068e-05,-2.2677406e-05,0.00026731382,8.942297e-05,-5.498258e-05,3.5067464e-05,2.0408443e-05,-9.468048e-06,-5.2191906e-05,-9.113738e-06,7.3006646e-05,-1.1207763e-05,0.00017063758,0.00012376237,-0.00013356058,-2.5896763e-05,-9.353018e-05,-1.6802152e-05,0.000111479254,0.00015514197,-6.635381e-05,5.2657793e-05,-7.193789e-05,5.0852123e-05,3.654246e-05,8.407472e-05,0.00014818959,9.75668e-06,-3.0326848e-06,-0.00012000556,-1.5264006e-05,-0.000117933385,-3.2850846e-06,0.00023115613,0.00011191482,2.0951916e-06,-5.6792833e-05,6.9560934e-05,-6.9573296e-05,-9.71328e-05,1.481607e-05,5.7485442e-05,-0.00019087775,-0.00016988473,5.3428987e-05
T490_EGFP,9.204549e-05,-3.9934093e-06,5.4052147e-05,5.906283e-05,9.820337e-05,0.0001925923,0.00016567636,3.448567e-05,0.0001405119,4.70769e-05,-0.00011970268,-2.2840819e-05,-3.0394063e-05,0.0003129531,0.00010849051,2.6093925e-05,4.101688e-05,-4.456045e-05,0.00011225958,-0.000105802916,1.9291116e-05,2.8521517e-05,9.9588025e-05,8.947041e-05,-0.00014320503,-5.0486975e-05,-7.578051e-05,0.00018900433,2.3709952e-05,8.387227e-06,0.00013550789,8.699094e-05,-4.7074915e-05,2.2680579e-05,1.4629316e-05,-7.094455e-05,0.00011315877,0.0002103295,7.170931e-05,3.3911172e-05,0.00022824109,9.7319644e-05,-0.00015722578,0.00015826474,0.00016501128,6.687693e-05,0.0001085388,-0.00012225444,-5.861089e-05,-5.5298324e-06
T477_EGFP,0.00019106631,-7.743329e-06,0.00011728779,8.519921e-05,0.00012105698,0.00015821747,3.6540107e-05,-9.0053596e-05,9.824303e-05,0.00017218944,-5.9708393e-05,3.2987544e-05,-8.520747e-06,-1.1143956e-05,-8.03695e-06,3.2488377e-05,0.00030886885,0.0001264368,4.758863e-05,8.368772e-05,-1.9303685e-05,2.6371908e-05,0.00011940085,0.00015657299,-3.5452675e-05,-5.6066536e-05,-0.00022216002,-9.226521e-05,0.00021035249,7.5795506e-05,6.46148e-06,0.00021949134,-9.169168e-05,-8.033856e-05,2.9321447e-05,-0.0001007796,-0.00012217855,-8.108243e-05,-1.2013797e-05,6.157715e-05,0.00015903953,6.024564e-07,-0.00018311596,0.00021938841,9.7026415e-05,8.1514714e-05,-0.00010129236,0.00018018084,8.8881294e-05,-5.9881088e-05
T169_EGFP,-0.00012604054,6.822256e-05,2.8191018e-05,-8.025086e-05,-2.336726e-05,0.00033313123,9.350748e-05,0.00012735215,5.484563e-05,1.2289339e-05,0.000100256635,-3.5282847e-05,9.661694e-05,1.7687902e-05,6.309735e-05,3.302103e-05,8.417073e-05,0.000100812766,0.00015662721,0.000110565576,0.00016177843,0.00021033797,-1.092911e-05,5.169474e-05,7.177309e-05,-0.00013523751,-0.000119588214,3.5506746e-06,7.190883e-05,7.532931e-05,0.00016448594,-0.00014689463,9.365315e-05,0.00012320638,-1.2894861e-05,3.116913e-05,0.00013580301,-4.1923322e-05,4.0944946e-05,-9.521178e-06,-0.0001061532,0.00017746941,0.00014612704,0.00013613165,-2.3010238e-05,9.018798e-05,4.4138433e-05,0.000102643986,0.00016147317,3.211475e-05
T560_EGFP,0.00011275523,0.00022391797,3.9573522e-05,-6.2863204e-05,-5.017699e-05,0.0001377753,0.00012691485,-4.548972e-05,5.4728807e-05,-9.427973e-05,0.00014717932,1.3505283e-05,0.00015911456,0.00022180588,-3.97117e-05,0.00013614818,0.00011152029,6.599302e-05,2.4684061e-05,-5.3522404e-06,4.2422535e-06,3.9411687e-05,7.838248e-05,6.901955e-05,-3.726381e-05,-4.3282438e-05,-1.452757e-05,-3.7166352e-05,-8.182126e-05,0.00018409171,6.556178e-05,-5.7891117e-05,-9.795068e-05,0.0001945515,5.2192036e-06,0.00017846069,-1.0017077e-06,7.281174e-05,2.7725622e-05,-7.024654e-05,0.00026018606,8.497337e-05,-5.94933e-05,4.9926603e-05,-0.00010265104,9.2825816e-05,4.902079e-05,4.5837514e-05,-0.00015021901,-0.000114903436
T90_EGFP,-5.4848835e-05,0.00020295293,5.3457316e-05,-0.000114927345,-0.00020533685,0.00010063049,0.00038804224,4.3466815e-05,0.00011502177,-0.00017266689,-5.9215225e-05,9.1688846e-05,7.481615e-05,-1.5258648e-05,-8.310829e-05,6.584583e-05,6.8275906e-05,-8.929101e-06,4.85775e-05,-0.00012536862,5.154122e-07,0.0001650397,-0.000100813144,7.627611e-06,8.8543464e-05,8.525692e-05,0.0001395013,-1.2638151e-05,5.1701383e-05,-1.9243746e-05,0.00012536933,7.856941e-05,5.9900714e-05,0.00010134517,0.00011764525,0.00013177637,4.734585e-05,4.2972395e-05,0.00019664707,-2.0247107e-05,-0.00020118289,-5.628362e-06,2.3407076e-05,0.00017607842,-5.360091e-05,0.00020038369,2.3570645e-05,-6.951426e-05,-3.6215653e-05,0.0001074589
T542_EGFP,-0.000103654296,0.00020340893,9.754821e-05,3.907066e-05,5.848746e-05,0.00019897622,-8.230292e-05,-0.00017547248,6.608325e-05,6.7310735e-05,7.039678e-05,0.00011290444,-0.00015633368,5.7325455e-05,0.000104641804,0.00015153753,9.4205265e-05,0.00011618528,9.178526e-06,-1.5879185e-05,0.00011991692,-0.00018182225,-3.3101085e-05,9.627655e-06,-9.603976e-05,3.42738e-06,8.2706705e-05,0.00017885318,2.3099961e-05,2.5299352e-05,5.1833962e-05,-3.2311986e-05,0.00014052622,1.1002997e-05,-0.00012317176,-0.00025368648,0.000104275045,-0.0001585156,-0.00010177792,0.00019084256,0.0002169685,7.291183e-05,8.126764e-05,5.6581684e-05,-4.591034e-05,0.00016705488,9.041877e-05,-0.0001695164,-0.00014480094,3.053285e-05
T555_EGFP,0.00018937812,0.00019232903,-4.629034e-05,2.857249e-05,-6.2317515e-05,-2.8475073e-05,0.00017992404,9.603736e-05,0.00014677308,2.2668275e-05,0.00017491405,9.767079e-06,0.00016527988,6.124342e-05,0.00018146833,-7.182493e-05,-4.113889e-05,2.5877473e-05,0.00010339502,2.1053198e-05,5.791899e-05,-2.076283e-05,-0.0001125361,6.505742e-05,-7.578059e-05,2.746887e-05,1.25321085e-05,0.00011952154,0.00016206686,-3.879996e-05,7.913133e-06,-7.7458695e-05,1.3990488e-05,0.00016707579,-4.774577e-05,0.00016340803,0.00014755053,-4.9706665e-05,-8.393584e-06,-0.00026344816,-0.00010260719,0.00021594854,6.126389e-06,0.00024115737,-0.00014747409,-2.6995687e-05,2.9304145e-05,-8.2308296e-05,-2.3257795e-05,-0.0001678095
T376_EGFP,5.368286e-05,0.00017754841,0.00014907242,-4.9818947e-05,1.8842058e-05,0.00010678247,4.8857575e-05,2.1906391e-05,0.00017912095,6.298598e-05,0.00017027977,7.9530895e-05,9.7961725e-05,4.521308e-05,-0.0001625844,8.982012e-05,-0.00023506719,0.00011880261,-2.2922544e-05,6.1273815e-05,0.00011097057,0.00024108186,7.407685e-05,-0.00017943392,0.00011135483,-4.6106383e-05,-2.9420291e-05,2.3153212e-05,2.1071244e-05,-0.000111856345,-9.936515e-05,-7.220874e-05,3.881352e-05,9.751379e-05,0.00013792988,3.859557e-05,4.272788e-05,9.3285686e-05,-9.922602e-05,-0.00013161059,6.333759e-05,-9.103235e-05,-0.00015136812,4.3542626e-05,-0.00017966487,6.0449016e-05,-1.5667312e-05,-5.5058532e-05,0.00021706807,-7.573768e-05
T571_EGFP,8.502437e-05,-0.00014707059,-6.911615e-05,6.515444e-05,3.6693928e-05,0.00018876539,0.000120767,6.2069696e-05,2.508307e-05,-0.00013372711,0.00014229867,3.4373206e-05,7.749632e-05,6.3094994e-05,-3.812402e-05,4.0598854e-05,5.0527033e-05,2.776913e-05,-8.12253e-05,3.7080037e-05,-0.00017289554,-0.00016161233,-3.8680406e-05,8.355241e-05,0.00010873855,0.000163564,4.6868787e-05,-0.0001219475,6.584547e-05,-5.0979343e-05,0.00024018537,-0.0002794767,8.414511e-05,0.00013857627,0.000102715174,8.4815394e-05,-5.3661215e-06,5.0038097e-06,0.00014019784,0.00014567518,5.3537024e-05,0.00012297693,5.63586e-05,-7.89602e-05,0.000100145066,-0.00013451552,-8.023999e-05,0.00010923756,-8.247465e-05,5.751429e-05
T355_EGFP,0.00011074436,7.673113e-05,-0.00010629012,6.891546e-05,8.316907e-05,9.2043985e-05,0.0001239151,-0.00011347238,-0.00032512363,2.6875743e-05,0.00011200413,-3.134637e-05,-1.3622388e-05,-1.3384783e-05,-4.8009555e-05,2.9745304e-05,6.191724e-05,5.5390203e-05,0.00013007717,5.8945818e-05,3.846141e-05,-0.00012377341,-0.00013394555,3.3662844e-05,0.00033844574,-2.1004664e-05,-2.9808716e-05,6.3368214e-05,1.6671584e-05,0.00017908672,4.8283346e-05,-0.00011396888,-3.7314194e-06,9.721271e-05,-0.00010010402,-2.723513e-05,0.00015172154,-3.2498614e-05,0.00014118715,-7.5837524e-05,0.00028741348,-0.000109464934,5.837081e-05,0.00010125977,-7.419546e-05,-1.233271e-05,-7.409426e-05,-0.0001785916,8.566526e-05,-0.0001694702
T302_EGFP,0.0003505894,-9.5975636e-05,-0.000112874586,0.00014016328,0.0001809112,-4.247602e-05,7.66954e-05,-2.3137523e-05,6.917047e-05,-0.00011776726,-7.716658e-06,0.0001677056,-3.3939436e-05,6.888409e-05,0.0001462256,4.6019417e-05,2.1546522e-05,4.8153554e-05,0.00023847334,-3.8453974e-05,-2.7540711e-05,-2.1352707e-05,-7.653042e-05,-6.026971e-05,-3.1677828e-05,-8.500934e-05,0.00022538981,-0.00010786058,-6.1593106e-05,-0.00023418246,-0.00010709256,-8.254693e-06,1.9819046e-05,9.971425e-05,8.83231e-05,0.00013577926,-0.00014572802,5.3333726e-05,0.00018007815,-7.895758e-05,-7.546565e-05,-0.00011083901,0.00018972838,0.00011898049,7.874938e-06,-6.017177e-05,-9.399831e-05,5.197186e-06,0.00023398404,-4.6330068e-05
T408_EGFP,5.9375297e-06,0.00014514803,0.00013693782,-4.8638753e-06,-0.00010247216,4.143927e-05,-1.643486e-05,0.00015032021,7.1021655e-05,-0.00011839991,0.00013032577,0.00013440226,5.9614176e-05,-8.236537e-06,5.3356753e-06,-4.0830382e-05,4.4337332e-05,9.8882534e-05,4.6553596e-05,1.5484102e-07,3.443865e-05,-6.0973005e-05,-6.212824e-06,-8.409802e-05,-4.312253e-05,5.4026426e-05,9.4020375e-05,9.868366e-05,9.319331e-05,-3.0024945e-05,-3.1622625e-05,6.0648174e-05,8.923063e-05,0.00010238967,-1.4726312e-05,6.440912e-05,1.8352664e-05,0.00028676886,5.8253204e-06,0.00027133097,-0.00010887924,0.00013797148,0.00016618258,5.804038e-05,-0.00014097811,0.00017812473,-0.00019359624,0.0002751943,-3.378933e-05,-8.501902e-05
T409_EGFP,-6.1964776e-05,0.0001738519,0.00010838437,3.825345e-05,9.410652e-05,-3.6944755e-05,6.877294e-05,-1.861869e-05,0.00021544404,-5.202976e-05,8.642417e-05,0.00011793533,0.00013133789,7.063226e-05,1.8675899e-05,-4.9478273e-05,-4.3937063e-05,5.716862e-06,-5.006862e-05,-6.943789e-06,-0.00016497492,4.8402737e-05,-6.089814e-05,-1.4688168e-05,9.5457384e-05,9.5729636e-05,1.6495957e-06,0.000100878126,-6.881176e-05,-5.6774235e-05,-8.07614e-05,-0.0001066175,0.00011899659,0.00010114458,-1.6624538e-06,-0.00015885415,4.552633e-05,0.00025899682,0.00013946988,-0.00013930266,0.00016145055,9.155321e-05,6.4043874e-05,0.00015092471,-3.3830027e-05,1.949389e-05,0.0003350874,0.00020888985,2.504513e-05,0.00014540424
T509_EGFP,0.00024153574,3.7746668e-05,5.748326e-05,-3.586284e-05,-5.585991e-05,-3.9577422e-05,0.00015972018,-2.4115812e-05,-4.4492444e-05,5.022829e-05,-1.6691821e-06,0.00012202626,0.00016283145,0.00013409392,5.0730458e-05,0.00015396989,5.0236315e-05,5.8957423e-05,0.00023717682,1.2245473e-05,-0.00011900736,8.054267e-05,0.00016222631,0.00010968665,8.0374186e-05,0.00018039958,-0.00015359132,-3.9220286e-05,9.517771e-05,-1.4360568e-05,-0.00024897288,-9.915755e-05,-0.00022588695,0.00017176353,0.0001012801,-9.65668e-05,-2.382084e-05,0.00011534623,-4.613676e-05,8.80593e-05,-4.3843498e-05,-7.018999e-05,-7.2711024e-05,-4.6986315e-05,-8.231859e-06,-6.812824e-05,-5.02629e-05,-2.3761439e-05,-4.889551e-05,-0.00021636035
T630_EGFP,0.00023829675,1.8539069e-05,7.459539e-05,0.00010495481,-0.00011674445,-7.576136e-05,-7.998841e-05,0.00012514644,6.827144e-05,-1.1435684e-05,6.978028e-05,-5.994994e-05,0.00036898616,1.7756749e-05,-1.7546274e-05,-2.000707e-05,-0.00011554912,-4.89155e-07,5.161576e-05,7.136025e-05,0.00015971404,6.1569575e-05,0.00010678163,0.000106646374,-3.8504175e-05,-0.00014633076,-3.1631953e-05,7.346219e-05,7.034403e-05,-5.201222e-05,-3.16905e-05,3.3493077e-06,1.5467604e-05,-0.00013256056,0.00016660521,-0.0001417211,3.0048493e-05,8.359634e-05,-3.3444554e-05,4.3073935e-05,-4.5867033e-05,0.00025848823,-3.87203e-06,1.5426513e-05,4.4706227e-05,4.324574e-05,4.637297e-05,4.827231e-05,0.00018856564,0.00018022906
T71_EGFP,0.00012890538,3.513589e-05,8.315275e-06,-8.727614e-07,5.8883586e-05,-0.00016793278,-5.7558016e-05,5.3604937e-05,-2.7088015e-05,7.4432246e-05,-0.00011787636,-7.942782e-06,0.00020584915,0.00012548966,-4.037757e-06,0.00027846603,7.978153e-05,-6.3030806e-05,0.00011231911,9.2858565e-05,0.00019378791,0.00015526207,5.1664392e-05,2.365551e-05,-1.6557939e-05,-0.000103808314,0.00013156662,-3.6163087e-07,0.0001030186,7.540004e-05,0.00021737732,-3.085268e-05,-2.9167026e-05,-5.1966028e-05,1.3815036e-05,-0.000108135,-6.2451996e-05,0.00017743111,0.000115679155,-0.00013163988,4.940829e-05,-0.00018382265,-0.00011709519,-0.00015849112,-1.84833e-05,-0.00010627416,3.7713784e-05,-4.9612954e-05,0.00019122653,8.7943605e-05
T689_EGFP,-0.00018763925,6.8025765e-05,-9.9860394e-05,0.0001155021,0.00017192065,0.00027111068,-2.6205382e-05,3.8922312e-06,-4.4461918e-05,-6.699973e-06,9.3210465e-06,4.9145317e-05,5.4275486e-05,7.3467374e-05,0.00018015016,7.811908e-05,0.00012395435,3.4542347e-05,3.0248664e-06,-9.115249e-05,1.6868684e-05,-6.871802e-05,-5.6426208e-05,-0.00013368636,-5.2665324e-05,0.00023097536,0.00013704543,-7.5400596e-05,-4.8429094e-05,0.00010116376,6.1972154e-05,5.314461e-05,-3.120773e-08,7.0447684e-05,-5.743788e-05,-0.00010141769,-7.175512e-05,-7.589475e-05,0.0001345993,9.87083e-05,-1.49723455e-05,7.2976014e-05,8.670542e-05,2.1013002e-05,-2.4491808e-05,7.214987e-05,-3.72622e-05,-2.540707e-05,-0.0002017972,0.0001770904
T25_EGFP,0.00016392217,-3.09965e-05,-0.00011061813,0.00018876021,0.000110009256,3.6562615e-05,-5.4373362e-05,3.9088485e-05,0.00010669514,7.281377e-05,0.00013212736,6.537633e-05,-1.3447448e-06,1.9511508e-05,-4.8106376e-05,0.00013364853,5.7969646e-06,0.00016147419,0.00012315268,-7.315213e-05,-5.1347262e-05,-0.00015125568,-0.00013037736,3.1020187e-05,-0.00011527524,-3.1471474e-05,0.0002728148,-0.000100510566,0.00015836993,0.00014767797,1.0899798e-05,1.3791355e-05,-0.00010316169,0.00015619803,8.5855725e-05,-1.0190787e-06,-9.4574636e-05,-7.619495e-05,7.3168876e-06,-0.00014796315,-9.621811e-05,2.679451e-05,4.2893025e-05,9.6003714e-05,-8.351046e-05,7.125946e-05,7.4573814e-05,0.000411653,1.713037e-05,6.656459e-05
T615_EGFP,0.00014688954,-0.00010061954,8.473748e-05,2.33942e-05,-7.439938e-05,-8.286666e-05,0.00023914897,4.8450107e-05,-3.848405e-05,0.000113838345,-5.6916862e-05,-7.499363e-05,8.4759035e-05,-3.8842507e-05,-1.2906814e-06,0.000114443734,0.000100039615,0.00015238914,-4.3536973e-05,6.6709166e-05,-6.8181216e-05,-0.000105189734,-0.00018929817,-7.807042e-05,-0.00034323503,0.00017218356,0.0002068354,5.5936565e-05,8.610964e-05,4.017348e-06,4.8073896e-05,0.00019345547,3.5208403e-05,-0.000103878505,8.935052e-06,-6.0434544e-05,0.0001366818,-2.6952202e-05,0.00011613728,-6.470952e-05,6.56525e-06,5.5046516e-05,-4.536336e-05,-8.7269924e-05,7.616267e-05,2.0053699e-06,-1.0113897e-05,0.00035076626,-1.2323566e-06,-0.00018353513
T380_EGFP,0.00012858487,6.7381254e-05,0.00013203456,8.629933e-05,0.00014722478,0.00011034928,6.492976e-05,-0.00016250639,-1.5420161e-06,3.0011388e-05,-5.8712456e-05,8.653421e-05,-7.745951e-05,-8.79061e-05,0.00022230641,-6.538438e-05,-3.9180748e-05,0.00015638674,-3.7431244e-05,1.5843512e-05,0.00019614122,0.00020463338,-0.00017829084,2.4445242e-05,-4.0015693e-05,3.9325154e-05,0.00015436928,2.2527409e-05,-0.00014397895,-0.00010709865,-8.1193495e-05,1.7020844e-05,3.340889e-06,5.2620868e-05,-0.000111917296,2.8132923e-05,-0.00013811473,-8.288261e-06,0.000104740946,8.9272646e-05,0.000106619176,9.386689e-06,9.829617e-05,3.124309e-05,0.00011095348,-4.651375e-05,-0.0002609831,-0.00028834937,9.969513e-05,0.00011253877
T365_EGFP,3.7686445e-05,4.375312e-05,9.037029e-05,-0.00012887105,6.8062385e-05,4.052494e-05,0.00019984668,5.651274e-05,0.00019449857,-4.1351625e-05,7.193009e-05,-3.4621717e-05,2.1479162e-05,8.2885774e-05,-0.00010004456,-5.343095e-06,9.131197e-06,-0.00010932878,-9.989606e-05,0.00014848055,3.5184974e-05,8.412395e-05,-6.7015426e-05,6.515216e-05,0.00024192837,-8.219614e-05,-2.990342e-05,-2.4369267e-05,-0.00020168237,0.00025703138,5.7056288e-05,4.259711e-06,7.356876e-05,8.000577e-05,2.7696287e-05,6.139237e-05,7.6318924e-05,0.00028036736,0.00011123704,-0.0001424784,-5.1495503e-05,-3.5271365e-05,3.1218726e-05,2.0485426e-05,0.00011882361,0.00013275075,9.791204e-05,0.00012553681,-7.624345e-05,0.0002803918
T403_EGFP,0.000105596235,5.889641e-05,4.408352e-05,0.00018318003,2.134823e-05,-8.533434e-05,-4.3518317e-05,0.00011415514,-0.00013133313,0.00015863724,1.6155655e-05,-9.840587e-05,3.5470886e-05,8.927567e-05,-6.1704515e-05,-6.236769e-05,-3.1484873e-05,1.3199864e-05,1.5552896e-05,9.0112975e-05,6.848638e-05,0.000114622424,2.772618e-05,4.1651674e-05,3.4494617e-05,-4.780278e-05,0.00021940436,-0.00025545803,4.8789807e-05,7.157592e-05,4.3177388e-05,-9.637687e-05,0.00017605604,9.003915e-05,-3.48481e-05,8.94278e-05,0.00019345983,-4.4617907e-05,-2.858195e-05,3.197618e-05,0.0002305683,1.1502616e-06,4.164921e-05,0.00022409593,0.00014250689,0.00015229327,6.644104e-05,-7.040031e-05,-9.779807e-05,0.00016271372
T158_EGFP,0.00016425777,-7.093449e-05,3.9640847e-05,-7.142548e-06,-7.2381976e-05,7.6354345e-06,0.00017653774,0.00020535363,1.619693e-05,-0.00015610285,-3.5827077e-05,-0.00014270133,-0.000112477945,-1.0986266e-06,-8.9010966e-05,0.00018195838,6.749988e-05,-0.00010857975,5.0197104e-05,0.00011752092,5.3689153e-05,-0.000102889826,-1.33008125e-05,-3.7197748e-05,0.00010751624,-4.12243e-05,9.8802775e-06,1.5067918e-05,-0.00018319793,0.00024012117,-3.3431992e-05,1.546889e-05,5.4041542e-05,2.0573389e-05,3.1415715e-05,0.000117253636,-0.000111417176,6.676241e-05,3.957024e-05,-9.694055e-05,5.1953008e-05,0.00013985182,0.00022054873,0.00018224114,8.844318e-05,9.621787e-05,5.053387e-05,-4.8386493e-05,-8.190057e-06,4.6393932e-05
T276_EGFP,0.0002679056,6.8464746e-05,-9.939669e-07,9.57448e-06,-0.00012814696,0.0001853838,9.533492e-05,9.43709e-05,5.5472865e-05,1.7361815e-05,-6.424513e-05,0.00039362183,5.3353022e-05,-8.558983e-05,0.00012100136,-1.459918e-05,-6.072666e-06,5.951833e-05,0.00012084901,-6.0908296e-05,1.2300448e-05,2.6149723e-05,-7.392836e-05,6.027494e-05,-0.00019833344,0.0001338786,-7.8674326e-05,2.5015723e-05,1.4794691e-05,0.0002544454,2.9090832e-05,5.302839e-05,-4.483369e-05,-0.00010866918,8.637264e-05,3.4459368e-05,-0.000116008014,0.00019470885,-3.576703e-08,6.198743e-05,9.289611e-05,0.00016792044,-1.3005861e-05,1.4696314e-05,-5.8764777e-05,1.4004047e-05,0.0001248084,9.050766e-05,1.7788478e-05,-0.00012830214
T324_EGFP,0.00021500733,1.0574981e-05,-0.00020283405,7.399406e-05,7.506657e-05,0.00017575707,0.00025690862,0.00013151365,5.8104208e-05,0.00012792465,0.00014474898,-3.85555e-05,0.00010164421,7.408247e-05,9.964834e-06,9.60782e-05,5.9534665e-05,-3.9568462e-05,-1.5217731e-05,0.00013786214,-0.00011840456,4.2380998e-05,-2.0053267e-05,-9.010178e-05,-2.0193438e-05,-0.00010281938,-9.7995755e-05,7.4291995e-05,9.663973e-05,0.00010581207,1.3697514e-05,-0.00011681243,-6.0247046e-05,-0.00010028337,9.936242e-05,-0.00013247158,9.293088e-05,7.716719e-06,4.721547e-05,9.803546e-05,5.7322934e-05,3.587944e-05,-6.7098874e-05,-0.00017779392,2.9367297e-05,7.873534e-05,-3.155806e-05,0.00015059361,-4.8441598e-05,-9.032088e-05
T673_EGFP,0.0001593512,-9.146532e-06,1.9659086e-07,0.00014440912,0.00020262564,-5.4192173e-05,5.772401e-06,0.000104825325,1.064489e-05,-9.696249e-05,9.675142e-05,0.00011448626,-2.1128793e-05,-1.5177965e-05,-6.495303e-05,1.2183118e-05,-2.6328833e-05,9.3112845e-05,-0.00016178332,-3.947496e-05,-2.5599791e-05,-5.057767e-05,-0.00014618499,-0.00013411553,0.00016215873,-8.612737e-05,0.000103325314,-2.8752038e-05,9.899006e-05,-6.053891e-05,1.0705245e-05,1.7856339e-06,1.8515011e-05,0.000102217324,7.666329e-05,-7.667533e-05,-6.0999577e-05,0.00012474426,0.00013666993,8.751014e-05,0.00014640449,7.3172116e-05,-2.0373282e-05,-4.3178647e-05,0.00019342096,6.982137e-05,0.00011520814,-9.953041e-06,6.306581e-05,0.0002510793
T62_EGFP,-4.411907e-05,-0.000108891734,-0.00010964388,0.00022919981,5.783554e-05,-1.3667152e-05,7.966632e-05,5.0715116e-05,9.901779e-06,-0.0001107647,7.821252e-05,-6.383771e-06,-3.2878794e-05,-4.7961523e-05,2.7394883e-05,7.128231e-05,5.4587053e-06,0.00020713193,-5.9456026e-05,0.00015364136,-0.00012366266,-0.00019664956,2.9391247e-05,-0.0001729613,2.6136804e-05,8.956894e-05,0.00017267457,0.0001238389,3.2168239e-06,0.00017502133,4.0211067e-05,-2.7789289e-05,6.922752e-06,0.00020986972,-5.9575486e-05,8.823174e-05,8.557817e-05,-3.6081794e-05,-0.0001074891,5.567807e-05,-0.0001727876,-9.179464e-05,0.00011159112,-2.438485e-05,0.00014270407,3.9296443e-05,0.00012219866,1.2511203e-05,0.00011236398,1.5281508e-06
T650_EGFP,0.00012824936,0.000109659704,1.943722e-05,0.00015035796,0.00013958036,-7.184428e-05,9.317025e-05,0.0002535265,-8.614965e-05,-2.9359102e-05,-6.163427e-05,2.0574631e-05,0.00022779,-2.3689506e-06,-7.191971e-05,-7.349985e-05,-8.354941e-05,0.00017243146,2.165697e-05,-7.1304207e-06,6.511007e-05,0.00022075,2.8132043e-05,3.3484695e-05,5.281612e-06,-0.00017749502,-0.00014903939,-0.0001344316,6.0024144e-05,0.000121181714,1.6904719e-06,-0.000104939645,3.7910304e-05,4.1680605e-06,-0.00012317153,0.00012711273,-9.319565e-05,-0.00020416125,6.798644e-05,-8.98299e-06,5.318221e-05,0.00011946741,8.584641e-05,-5.83258e-05,4.6124565e-05,-2.0027122e-05,-3.7345148e-05,-4.939161e-05,7.9150224e-05,7.835106e-05
T262_EGFP,-1.4779389e-05,2.9485518e-05,2.0451602e-05,0.00013101065,-5.7219713e-05,-0.00012902597,0.00015803237,-5.4019896e-05,6.06122e-05,0.00018932337,7.9545935e-05,-6.168741e-06,-2.1307013e-05,-1.0205259e-05,6.2996194e-05,0.00021218398,0.00023519807,-7.084851e-05,2.2233648e-05,-1.4172726e-05,-9.126739e-06,-4.192141e-05,5.6430028e-05,0.0002160683,6.535444e-05,-6.81356e-05,2.5518377e-05,0.00025633673,-2.7342878e-06,0.00010216988,0.0002512699,-4.718701e-05,0.00012191569,6.8316986e-05,-9.8663135e-05,-0.00016714608,7.2704286e-05,0.00023373374,0.0001208869,-0.00010002135,1.3829754e-06,5.877812e-07,-0.00010332281,-2.6526099e-05,0.00012210224,4.8592996e-05,-6.0228893e-05,6.88666e-05,0.00010082065,4.7333764e-05
T526_EGFP,-5.8358215e-05,-2.2539842e-05,-1.4437817e-05,-0.0001320335,0.00013259304,-6.122524e-05,0.0002919547,-5.3316385e-06,0.00017767177,0.000120743935,-1.8181681e-05,0.00027994107,-7.015395e-05,-2.6773143e-05,0.00012424977,-0.00014057056,-0.00017291756,-1.6615844e-05,5.397756e-05,4.119595e-05,-2.7349157e-05,-4.1779873e-05,3.148769e-05,3.7727834e-05,4.1511186e-05,9.374962e-05,-0.00016605784,-6.5144064e-05,0.00017251108,0.00014856378,-8.24797e-05,-3.0265654e-05,4.0615065e-05,0.00013259424,6.641068e-05,0.00012225883,-1.1755765e-05,0.00013487492,0.00022684805,5.837259e-05,0.00023837427,0.00022700115,-1.1581634e-05,-3.231687e-06,6.6568624e-05,-0.00013704701,3.6596113e-05,3.1627536e-05,5.6824618e-05,0.000165266
T701_EGFP,5.6097266e-05,-3.853906e-06,0.0002230718,5.5224158e-05,0.00018798515,3.4441633e-05,5.545809e-05,1.4999803e-05,0.0001614474,0.00010306976,-6.727212e-05,7.288576e-05,0.00025215614,5.3431533e-05,3.234475e-05,0.00011522111,-3.5005778e-05,0.00013110488,-0.00013006186,-0.00013468672,2.7365148e-05,-1.355034e-05,9.566083e-05,0.00014744635,-9.566913e-06,6.941096e-05,-0.00011557224,4.106569e-05,0.00016289593,-3.2288022e-05,0.00012693349,-6.499709e-05,-0.00017686437,-0.00022515611,-2.8732718e-05,4.7381272e-05,-1.1577751e-05,6.794756e-05,0.00014613598,-7.3019874e-06,-4.014276e-06,-0.0001661673,2.0777079e-05,2.1893258e-05,-0.00010273544,-0.0001230288,7.6182136e-05,-5.7174468e-05,-8.498247e-05,-4.1178257e-05
T387_EGFP,-1.9723388e-05,6.780694e-05,-9.671318e-05,3.742259e-05,0.00028175296,9.319077e-05,-9.674151e-05,-8.6478474e-05,0.00012850638,-3.2705982e-05,-9.739138e-05,5.4416178e-05,-8.623856e-05,0.00012636521,0.00015547004,-7.396721e-05,4.1526106e-05,-0.000102527716,0.00014519838,-0.00017792537,0.00014504668,-0.00015486682,0.00017789258,-7.111462e-05,-1.4723519e-05,-6.9768364e-05,1.968755e-05,3.490025e-05,0.00024654614,-7.7394274e-05,7.204265e-07,-4.5651042e-05,2.9313522e-05,2.9944462e-05,-2.963498e-05,-0.0001093816,1.4057184e-05,0.00012342888,-0.00010036649,-3.214635e-05,0.00013506933,0.00029270924,-0.00023480675,-2.803039e-05,-0.000108034335,-3.1662865e-05,2.9862642e-05,0.0001701644,0.00012273254,-5.264958e-05
T583_EGFP,7.1875555e-05,-8.52709e-05,3.3582968e-05,0.00018305915,-2.0161267e-05,-7.116924e-05,-6.525292e-05,-0.0002128756,0.00012166488,6.3890056e-06,-8.916444e-05,-1.868237e-05,2.1223118e-06,-4.996351e-05,0.0001655564,6.499283e-05,-4.0781022e-05,-7.2433926e-05,8.493729e-05,4.548506e-05,-3.3594486e-05,5.8952333e-05,-0.00012005898,0.00014836685,0.00020468698,7.062146e-05,6.6647466e-05,9.624996e-05,3.5538815e-05,0.00028257447,-3.260785e-06,-0.00011505443,0.0001004825,-4.0806266e-05,-7.6099395e-06,7.1360046e-05,5.715056e-05,-3.074488e-05,0.00017482047,4.396211e-05,9.509936e-05,-0.00014475783,4.8759965e-05,2.4603618e-05,-0.0002019394,-4.744935e-05,0.00015267657,-7.85383e-05,-3.1209333e-05,1.123223e-05
T572_EGFP,9.321436e-05,-7.82484e-05,7.3837364e-05,0.000103563536,-1.8718749e-05,0.00010679037,0.00017027931,9.173998e-05,-2.9513994e-05,0.00013297317,2.9219464e-05,-0.00010435774,-9.520332e-05,-0.00010298755,0.00011990885,-8.311407e-05,-0.00010325562,7.4622265e-05,2.0468233e-05,0.00015473415,0.00017922341,-8.883756e-05,6.0631668e-05,-4.5833905e-05,-7.675147e-06,-8.506829e-05,9.607106e-05,0.00015421194,-9.062804e-05,8.914698e-05,-0.00011620695,0.00027930175,-1.1700406e-05,0.0001355627,0.00010973857,9.595031e-05,9.7369775e-05,0.00019859632,8.5337735e-05,4.440067e-05,-5.659512e-05,0.00016532485,5.5680786e-05,2.8785938e-05,3.537266e-06,4.75255e-05,0.00017864384,9.8138946e-05,2.1529846e-05,3.784914e-05
T466_EGFP,-2.5595496e-05,-1.4156955e-05,0.00012050246,0.00012052206,0.00016966889,7.296553e-05,0.00017448139,4.755682e-05,2.817943e-05,1.9853924e-05,9.777056e-05,9.947431e-06,6.350122e-05,-1.6693793e-05,-3.9801553e-06,9.756484e-05,0.0002223359,6.892723e-05,-8.021777e-05,9.214015e-05,0.00018590491,-2.8585653e-05,0.00016395768,0.00013440773,9.935265e-05,4.881997e-06,2.417728e-05,1.487851e-06,5.3894677e-05,0.0002556705,0.00022316263,-0.00022216569,-1.1790963e-05,-1.3365964e-05,3.3293996e-05,4.8916016e-05,2.0478894e-05,0.00015347387,-4.8041158e-05,5.181077e-05,5.287354e-05,-0.00019643137,-9.330939e-05,0.00012186909,-0.00021899634,-4.8347378e-05,9.213739e-05,-4.599693e-05,0.0003148178,-0.000118458076
T546_EGFP,-0.00016253839,0.00015821785,4.7612457e-06,2.9901987e-05,0.000115329516,0.00014508869,-0.00012536182,0.00015989295,0.00021506305,-0.00010666945,4.7359612e-05,6.1985746e-05,6.846017e-05,-4.258889e-05,0.00018513844,0.00016247586,0.00015085196,6.1807295e-05,-0.00012033671,0.000124484,-3.6255124e-06,9.339371e-05,0.00014369901,4.8013e-05,-0.0001253604,-4.4265693e-05,0.00012535938,1.1473628e-05,0.000151578,-0.00022104301,6.842738e-05,-6.0045975e-05,1.7884491e-05,-6.741054e-05,-9.815455e-05,6.106893e-05,0.00010303269,0.00038410028,-0.000120284756,0.00016352908,2.2648454e-05,-2.6813497e-05,-3.962777e-06,8.4996376e-05,-6.750695e-05,7.614385e-05,-2.2009259e-05,-0.00012683189,-1.5755777e-05,0.00014055718
T58_EGFP,-6.442506e-05,-9.027724e-05,0.00016207213,-0.0001880188,9.366203e-05,-7.538406e-05,1.8596204e-05,0.00015784593,3.5728466e-05,-4.4733742e-06,-7.3338386e-05,4.8858066e-05,9.666976e-05,5.70884e-05,7.678789e-05,-0.00012092001,2.7366903e-05,1.8014078e-06,3.1190302e-05,-7.7821285e-05,-0.00021034633,0.00012952751,-3.8384012e-05,0.00021068237,0.0001724847,6.890963e-06,6.211629e-05,0.00010276192,4.128923e-05,0.00018672322,2.17574e-06,7.262016e-05,7.924657e-05,-3.9490835e-05,-0.000118433134,6.3336585e-05,0.00014417493,6.980283e-05,-8.101453e-06,3.5270703e-05,4.291843e-05,0.00012956781,-0.00010164206,6.278993e-05,-0.00012350116,5.150268e-05,4.03276e-05,2.0041954e-05,-9.178303e-06,-7.632981e-05
T2_EGFP,-2.2018286e-05,6.017971e-05,0.00015745385,4.2322812e-05,0.00015273417,0.00028971033,2.4931063e-05,-9.09725e-05,-3.6393413e-07,0.0002049848,0.00011271215,8.826751e-05,3.930319e-06,0.00010067272,4.1570496e-05,0.00013551691,0.0002383703,-0.00010201378,-7.5658725e-05,3.4758075e-05,0.00010184387,0.00014267246,-3.3803968e-05,5.0816485e-05,-0.00014414126,0.00014021916,0.00017609808,2.0230304e-05,0.00018467961,-8.0690756e-05,0.0001398395,-4.645852e-05,7.1682865e-05,2.77148e-05,2.8785538e-05,8.853462e-06,-0.0001378685,7.7128025e-05,0.00011842485,-0.00016693509,3.408626e-05,9.663414e-05,0.0004185534,-5.731032e-05,0.0002914662,4.2930296e-05,-5.0613977e-05,-6.9487345e-05,1.8990753e-05,-0.0001301064
T627_EGFP,-4.8015263e-05,0.00012121691,7.498202e-05,-7.4234435e-05,-5.9934424e-05,-6.2937535e-05,-9.1051465e-05,0.0001388774,0.00019038764,3.8793187e-05,-0.000102411825,0.00021932402,-9.44728e-05,2.7509686e-05,0.00014698853,-2.3334185e-05,0.00011309561,8.184405e-05,-0.00016344435,-0.0001041373,-4.454474e-05,5.162762e-05,-5.2162286e-05,-7.313034e-05,-9.704538e-05,0.00010599418,-9.828378e-05,-4.0712195e-05,-3.223158e-05,7.75011e-05,5.6645313e-05,0.00010049196,0.00013242036,0.0001250965,-5.4082186e-05,-2.4376388e-05,0.00010109755,-3.401732e-05,0.00017199459,-6.572759e-05,-0.00012464667,0.00018703038,8.890841e-05,-0.00011708757,9.3424285e-05,0.00016200636,0.00013489586,-1.7234157e-05,0.00012381507,-0.000113767404
T400_EGFP,0.000174138,-0.00012939761,-7.344151e-05,6.953161e-05,2.515524e-05,0.000107635344,0.00013762026,1.4073451e-05,0.00020323404,6.248235e-05,-8.5896136e-05,0.00011083059,-5.270272e-05,-0.00011461003,0.00011728344,2.7220789e-05,7.8939236e-05,0.00012899694,8.6713946e-05,9.196616e-05,-0.00013683962,1.3292178e-06,0.00019000778,7.513773e-06,9.1260124e-05,0.00017162884,-0.000118470045,3.4307115e-05,2.4565885e-05,2.9049044e-05,-0.0001336562,4.142387e-05,0.0001796587,8.69834e-05,-3.099295e-05,-3.386438e-05,-8.772561e-05,0.00011397345,0.00013803544,0.00012522591,-7.0693975e-05,-2.4508554e-05,7.548679e-05,0.00012721035,0.0001362646,-0.00012258795,5.8792677e-05,-0.00021307069,-0.00020745708,-0.000113554815
T132_EGFP,-9.905385e-05,-2.7322412e-05,0.00010281725,-9.612996e-05,7.686243e-05,6.945598e-05,0.00015924957,0.0002063021,0.00014462521,-3.5435318e-05,0.00010216732,7.34886e-05,2.083091e-05,0.00016582415,-6.693072e-05,0.00015414432,8.100835e-05,1.5900674e-05,0.00011805041,-9.8510616e-05,-4.295616e-05,0.00012977992,-4.2861964e-05,1.40955635e-05,0.00014319338,9.802841e-05,0.000107618485,-6.2420436e-06,0.00012985348,0.00022309322,-0.00016782389,0.000118128984,6.37885e-05,0.00013981221,-8.1952276e-05,-0.00013284697,-2.0220828e-05,0.00025062737,0.00013053873,5.8856884e-05,-0.00018730311,-2.1970167e-05,1.024254e-05,4.251276e-05,6.57637e-05,0.00014742816,0.000101726044,7.823195e-05,-1.0118226e-05,9.356138e-05
T360_EGFP,7.292499e-05,9.239517e-05,0.00010176146,8.305743e-05,0.00013111207,-0.000114630806,-6.4729385e-05,4.761958e-05,9.267582e-05,-7.469611e-06,9.3092596e-05,1.6062733e-05,0.00013260964,-0.00018273084,7.264887e-05,0.00017840028,0.00013659686,-4.186199e-05,-3.8333546e-05,7.0326955e-06,6.001892e-05,0.00018464825,-4.100415e-05,-1.9107512e-05,4.943417e-05,0.00024086228,0.00019975945,0.00012653992,0.00014983714,6.330972e-05,6.13896e-05,0.00024732397,-0.00019125933,4.822921e-05,-0.00022629954,9.329764e-05,-2.6483289e-05,0.0001816514,-0.00013289016,-1.0175098e-05,-4.260922e-05,0.00013199245,0.0001151981,7.326014e-05,0.00010199582,-1.8358971e-06,-0.000108552405,-5.7507197e-05,0.000104113235,-0.00011063836
T304_EGFP,0.00032406114,6.225817e-05,3.3366512e-05,0.00012504218,-4.518031e-05,-0.00032774324,-7.332334e-05,-9.509117e-05,-0.00016287866,-0.00017476539,0.00012471272,0.00014880906,1.3681878e-05,7.135002e-05,5.029993e-05,-5.9460253e-05,-0.00015597168,-0.00010048174,-2.7314138e-05,4.5111392e-05,0.00011108139,-2.7370754e-05,-3.5067325e-05,5.3919653e-06,0.00018285538,2.2097514e-05,-3.856571e-05,0.0001206137,-4.6080986e-05,3.607985e-05,-0.0001586989,0.00012483003,-0.00014986267,-5.7590147e-05,-0.00012423091,-7.639085e-05,-4.7954276e-05,-1.6447686e-05,-0.00011696212,-0.00011792492,0.00019391016,4.7951216e-05,-6.268811e-05,0.0001686728,0.00026836968,2.3243481e-05,5.1198578e-05,-6.306451e-05,3.921517e-05,9.265466e-06
T389_EGFP,-7.499829e-05,8.3248015e-05,0.00018533945,0.00012562014,4.5969544e-05,6.530343e-05,-5.3218955e-05,-0.00014799816,7.3632196e-05,0.00017083918,-5.816834e-05,0.0002338633,2.7859882e-05,-4.1286617e-05,1.7402948e-05,9.415343e-06,1.03654065e-05,-1.1612992e-05,0.00013900996,-0.0002711832,0.0001446433,-9.102889e-05,-4.4837874e-05,-0.00013428199,-1.8413577e-05,0.00011179949,2.391531e-05,-0.00020027022,-8.1783015e-05,-0.00012316313,-9.467698e-05,-4.125809e-05,2.964674e-05,1.5904767e-06,0.00012055245,9.365372e-06,0.000117639174,-1.3968497e-05,9.831504e-05,0.000115469,0.00011795574,-2.6392549e-05,0.00018401592,0.00027702903,2.1799928e-05,8.953663e-05,0.00013647192,1.8360716e-06,1.0706809e-05,-0.0001715696
T76_EGFP,-0.00010588155,-3.1728585e-05,-2.928568e-05,8.7068256e-05,-7.316486e-05,-9.511731e-05,-5.393272e-05,6.043968e-05,-0.00013999935,-0.00015954908,6.8278237e-06,4.490167e-05,3.0371277e-05,9.825283e-06,0.00013137399,1.3242688e-05,0.00021501521,-6.904427e-05,-0.00012468756,0.00014834675,-4.187002e-05,1.1707815e-05,-0.00021270597,5.2829266e-05,5.8694027e-06,0.00014549954,3.7636767e-06,0.0001969243,8.754887e-05,-4.009305e-05,-4.745764e-05,5.9391827e-05,6.809454e-05,0.00030398174,5.465507e-05,5.4451488e-05,6.64989e-05,1.8495502e-05,4.766898e-05,0.00016795007,6.619613e-05,-7.4591284e-05,-4.5852776e-05,0.00020950547,5.8383623e-05,-0.00015063821,-0.00020595375,0.00022605307,-0.00014158599,-5.9350674e-05
T562_EGFP,0.00018044173,0.00012594479,1.7622956e-06,-2.832631e-05,6.061355e-05,-0.00011173694,9.467796e-05,-1.7159959e-05,0.000116153504,-0.00012788926,-0.00026869067,4.0066557e-06,6.135169e-05,4.0373092e-05,0.00013971259,7.745567e-05,6.302991e-05,0.000101813755,9.8725584e-05,1.4434228e-05,4.904122e-05,4.1595613e-05,0.00017737228,-1.3455937e-05,0.00014810091,1.41771525e-05,0.00011500848,-5.637406e-05,-3.9418137e-05,7.019602e-05,-2.1623455e-05,-8.7378416e-05,5.2819276e-05,-1.5095372e-05,0.00016205455,0.00021479168,7.435695e-05,0.00012518904,5.3604253e-05,6.3922176e-05,-5.93702e-05,0.00013590114,3.2926375e-05,0.0001088684,5.4278403e-06,2.701682e-06,8.395899e-05,-3.2154428e-06,-0.00013613577,-0.000141517
T401_EGFP,0.00010401151,-9.420162e-05,0.00013481913,5.254101e-05,6.147333e-05,2.9141096e-05,8.1239945e-05,0.0003028681,1.1141301e-05,-3.210671e-05,2.47667e-05,-5.2025935e-05,-4.2674616e-05,-6.1533516e-05,0.00013715251,-2.6920045e-05,5.2373765e-05,3.5677876e-05,4.0622577e-05,0.000108494314,-0.00021775492,6.217852e-05,0.00016571944,-3.1476167e-05,-0.00016584949,-3.1669944e-05,-2.9005525e-05,0.00020500651,6.508955e-07,2.2331116e-05,5.835813e-05,-8.503785e-05,0.00017815421,2.855323e-05,-5.6727524e-05,0.0001844385,5.854196e-05,3.9003047e-05,-0.00010095268,0.00015239004,-1.3917592e-05,-1.0190167e-05,-0.00011735103,0.00019894181,0.00013461527,0.00013982315,-7.3769595e-05,-6.1278256e-06,0.00015990509,0.0001775256
T391_EGFP,-1.5063396e-05,8.980162e-05,0.000107998596,6.700721e-05,0.00015832865,0.00023247395,-5.5969726e-05,-0.0001277244,-4.5766737e-05,-5.778164e-05,-2.4588811e-05,-2.3513785e-05,9.882094e-05,-0.00017150945,-3.1625295e-05,2.6152726e-05,-7.296251e-05,-4.8040525e-05,-8.243444e-05,4.1533374e-05,0.00023089632,9.183007e-05,-0.00022915936,-8.475375e-05,-6.365623e-05,-7.95858e-05,3.3766933e-05,0.0002126652,3.601294e-05,-3.1282827e-05,-0.00018440803,-3.2551707e-05,3.9878818e-05,-2.0501926e-05,-5.656818e-05,0.000108652996,-1.8978468e-05,-6.1029365e-05,3.4569243e-06,-1.3263431e-05,0.0003642313,-0.000112094414,6.1990315e-05,0.00013389904,0.00010714251,6.156766e-05,6.339984e-05,0.00018143111,3.1427266e-05,4.182022e-05
T451_EGFP,0.00011554971,3.270772e-05,-1.1252889e-05,1.44732785e-05,-7.48845e-05,-0.000104018705,-0.0001402047,5.3214633e-05,-2.7307357e-05,0.00019335146,-4.7257075e-05,5.0650277e-05,3.1157906e-05,2.2159033e-05,4.8505663e-05,-1.887458e-05,0.00010828099,0.00014798579,2.0281957e-05,7.053817e-05,-4.33888e-05,0.0002643706,-6.8070134e-05,7.005951e-05,0.00019197859,-4.1541953e-05,-0.00012260149,-5.200326e-05,-6.3644635e-05,0.00012955499,-0.000114789706,1.4020558e-06,-3.960317e-05,-6.851672e-06,2.8993685e-05,4.907969e-05,0.00016651087,-2.719796e-05,7.749792e-05,0.0002373477,0.00013611095,2.7072094e-05,0.00021804859,-2.8663531e-05,1.3199849e-05,-0.00012660374,-5.200237e-05,-0.00014618177,-2.7890366e-05,2.7716373e-05
T77_EGFP,5.426177e-05,8.073612e-05,5.640159e-05,-5.8354322e-05,1.12674825e-05,-2.8231465e-05,7.78796e-05,-2.3997482e-05,2.8724337e-05,6.445102e-05,-0.00015616891,-7.253592e-05,8.069186e-06,8.692295e-05,7.3843516e-06,5.9835576e-05,-7.994205e-05,-6.8570166e-06,0.00010098128,3.1621734e-05,7.398161e-05,-8.764663e-05,0.00028827583,8.6549495e-05,0.00013142584,3.2848257e-05,-5.0538012e-05,0.00013062697,5.4293174e-05,1.7619792e-05,-7.148194e-05,0.00010010223,0.00010593716,-0.000112597634,-0.00023598503,-0.00023672426,0.000185399,0.00012227602,-8.8596134e-05,0.00014839573,0.00014028348,-7.780645e-05,4.2005995e-05,-9.464206e-05,-0.00018341931,0.00019411664,3.694259e-05,-3.8181115e-05,0.00015117711,-2.4202174e-05
T258_EGFP,-7.283669e-05,-7.5664044e-05,0.00011816619,-2.3700468e-05,0.00010787466,0.00018750236,6.265007e-05,-9.263101e-05,-1.0538806e-05,-7.413688e-05,5.237568e-06,7.248004e-05,-7.854135e-05,0.00015791156,1.1120768e-05,-1.1171511e-06,0.00015326556,0.00017682606,0.00021303297,0.00016690776,0.00012146144,5.654569e-05,-4.32101e-05,9.3683855e-05,6.535522e-05,8.767096e-05,-5.2577117e-05,2.0337522e-05,7.328654e-05,0.00016595528,-0.00018392861,1.8602284e-05,-0.00014671458,0.0002442194,0.00024247354,-4.4855162e-05,0.000121531084,6.688498e-05,-0.00010084227,7.353978e-08,5.1563104e-05,0.000113439535,0.00012161761,-1.6141508e-05,-4.4712328e-05,-0.00012842052,-3.711235e-05,-3.1778534e-05,2.1948723e-05,-8.0115515e-06
T510_EGFP,0.00015270515,3.3432996e-05,-0.000107464395,1.7562736e-05,-6.69457e-05,7.1373644e-05,-5.509105e-07,-0.0001232997,8.227619e-05,6.009329e-06,0.00025670064,0.00019211158,0.00019933819,-0.00014484224,7.24082e-05,-4.7462527e-05,0.00021320512,-0.00014946536,-0.000102159305,2.4347173e-05,7.85777e-05,-4.830905e-06,1.3009287e-05,0.00013532204,0.000114839706,-5.3538395e-05,9.2294875e-05,4.991654e-05,-5.190296e-05,-0.000121884645,-8.7423454e-05,2.2917917e-05,0.00022863655,-0.00015164568,0.00023041599,-0.00016905191,2.3971884e-06,-3.903129e-05,-1.8708928e-05,-9.762129e-05,-4.6396606e-05,5.2151627e-05,-1.4837624e-05,5.0719795e-05,-7.416188e-05,2.5092246e-05,3.3595818e-05,3.4489287e-05,-3.087084e-05,-0.00016328637
T327_EGFP,0.00019913296,0.00021989174,-0.000159884,7.0990194e-05,3.9203227e-05,0.00028257188,-8.245085e-05,0.0001418417,0.00022153783,-4.260194e-06,1.6692324e-05,5.3999214e-05,-0.00020964938,1.389664e-05,8.9494206e-05,3.9197548e-05,3.6809313e-05,0.00010806524,6.3923966e-05,2.0068785e-05,-3.6927959e-06,1.894908e-05,-0.0001680269,-8.569037e-05,-6.055351e-05,-6.391392e-05,0.00013389283,-8.174364e-05,3.603537e-05,4.1922725e-05,5.1876814e-05,1.9464313e-05,1.6084852e-05,0.00012726268,3.826376e-05,0.00010825362,0.00018384865,-0.00017268382,0.00011495675,5.9427115e-05,0.00022465065,2.3676748e-05,-0.00011678581,-4.8740698e-05,-8.145063e-06,-2.783259e-05,-7.656109e-06,-9.0083675e-05,8.619148e-05,0.0001046659
T654_EGFP,0.00022106944,-6.865584e-06,5.771521e-05,0.00013364106,0.0001409287,-3.6192855e-06,-2.8018898e-05,-5.401909e-05,-5.9153488e-05,0.00016904325,-7.556267e-05,0.0002589353,0.00014281496,-0.000115221796,0.00023432887,3.778577e-05,4.8702335e-05,0.0001867072,-6.3676154e-05,-4.791377e-05,-5.479198e-05,0.00011250292,-4.5749977e-05,7.525573e-05,2.1004154e-05,-7.164477e-05,0.00016863667,0.00013392657,5.7192778e-05,0.00011346267,-1.6811835e-05,0.00020519423,-0.000120337034,-9.150562e-05,3.7958263e-05,-1.2704213e-05,-6.0011903e-06,1.5549515e-05,0.0001319741,-6.0849266e-05,-1.9397063e-05,0.00013667959,4.2072654e-05,-1.2742546e-05,0.000194802,0.00014938696,8.5300104e-05,-1.1531522e-05,4.247753e-06,5.0960734e-06
T406_EGFP,0.00014228154,8.138823e-05,9.029859e-05,-1.7770562e-05,-3.4574394e-05,-4.355538e-05,1.9250909e-05,-9.541282e-05,0.00022963517,4.4613967e-05,7.524149e-05,-5.8923528e-05,5.4357526e-05,-2.4226147e-05,5.9717586e-05,7.770859e-05,-8.0038975e-05,4.7666774e-05,4.540921e-05,1.757975e-05,4.5314304e-05,-9.201831e-05,4.1635205e-05,-1.4858195e-05,1.5165471e-05,0.00013251789,5.4446078e-05,6.147592e-05,-1.7961116e-05,9.172758e-05,-3.0814736e-05,7.358528e-05,4.2035528e-05,0.00017443422,7.0858616e-05,2.1273283e-05,-0.000180973,5.7429548e-05,0.00019327001,0.00016209809,-0.00029554495,0.00022196685,9.656172e-05,2.2003765e-05,-0.0002562343,7.801922e-05,0.00014994862,-0.00013797442,7.010549e-05,-1.9623669e-05
T140_EGFP,9.15604e-06,2.9847744e-05,-4.04315e-05,4.7404857e-05,1.8610137e-05,-0.00012477337,-0.00015561188,-0.00011118611,0.00024124268,-0.00011865362,8.994255e-05,-4.7705766e-05,1.5514128e-05,-6.0398357e-05,0.0001328944,3.1317082e-05,0.0002215195,0.00024302186,6.6754226e-05,4.4660388e-05,0.00013625933,-5.9179856e-05,0.00017563622,4.4360022e-05,0.0001804066,1.2445862e-05,-6.8838905e-05,0.00018957052,-7.7805904e-05,6.144259e-05,-0.000158007,0.000120920384,0.0001598225,8.332456e-05,0.00010555893,2.7555336e-05,-1.22511765e-05,-3.32607e-05,-3.335072e-05,-4.4557706e-05,-4.6681413e-05,8.150394e-05,-0.00016042913,7.2686666e-06,8.468093e-05,-0.0001362845,-0.00014941911,9.435284e-05,0.0001354161,2.7843736e-05
T294_EGFP,-6.3678264e-05,0.00020704354,-0.000107221575,3.0776693e-05,-2.295368e-05,-5.4789758e-05,-1.385298e-05,4.952732e-05,0.00031801494,-2.201509e-05,8.546256e-05,0.00016545561,0.00017524538,-4.925502e-05,0.0002898979,-9.018367e-06,0.00013828471,-0.00010413952,0.00020369429,5.7663856e-05,9.416401e-06,-4.8816517e-05,7.4575255e-06,-2.4628951e-05,1.5061965e-05,-1.823728e-05,0.00010956518,4.520922e-05,3.7061925e-06,6.3412226e-05,4.4801795e-06,1.7735365e-05,-1.0803597e-05,-2.592365e-05,0.0002445009,0.00012906447,-9.653393e-05,5.6434204e-05,-0.00018589987,-5.7675163e-05,7.979255e-05,-1.8167375e-06,-6.175688e-05,-0.00011758354,0.00025163198,0.00022948426,3.1504722e-05,2.1703536e-05,7.086035e-05,-5.4577986e-06
T331_EGFP,0.00029450463,0.00025022807,0.000117143805,0.00021898754,7.3304305e-05,-3.6213733e-05,4.2262713e-05,-6.675756e-05,0.000102934384,7.4715805e-05,0.00011414748,6.5525484e-07,-8.7353e-05,0.00012160576,-5.3488176e-05,-0.0002479145,-2.9577392e-05,7.5374206e-05,2.582307e-05,8.789876e-05,-4.8883554e-05,3.957199e-05,2.6485952e-05,3.505982e-05,0.00010090393,9.636013e-05,7.8215955e-05,-2.3640403e-06,6.32277e-05,0.000106659354,2.3134167e-05,0.00018494985,0.00010526473,5.483126e-05,6.398132e-05,0.000111158115,-4.386346e-05,-0.00018116148,-5.4507236e-05,1.2135563e-05,9.927823e-06,-0.000105089515,0.00013498146,0.00013595,-3.3164168e-05,6.580536e-05,0.00016857052,3.3959666e-05,0.00014660174,8.7968736e-05
T243_EGFP,-4.7978552e-05,7.3220394e-06,-0.00010272216,-7.099089e-05,0.00019266765,0.0001347009,-3.0425856e-05,6.715928e-05,0.00010654086,0.00019899385,0.00011120502,-2.0235182e-05,-5.0314822e-05,1.9447913e-05,5.511549e-05,4.170187e-05,-0.00017560042,1.9477442e-05,-4.5835764e-05,0.000104242026,3.6732505e-05,-4.1177253e-05,5.2866828e-05,0.00022477665,5.3642118e-05,0.00011384851,8.8622975e-05,7.749183e-05,2.265161e-05,0.00023137308,-0.0001314231,9.2977876e-05,-4.0646486e-05,-5.298047e-05,0.00012981945,0.000111304864,-4.7591682e-05,-4.22102e-05,-5.4351754e-06,4.2050484e-05,0.000120345176,2.7622375e-05,-0.00010939342,1.4129661e-05,-6.288823e-05,-3.047864e-05,0.00014376595,9.756958e-05,1.9886616e-05,0.000122622
T532_EGFP,-2.4225194e-05,-5.3621727e-05,-6.755627e-08,4.055065e-05,0.00012407456,5.6771264e-06,8.183534e-05,0.00026318245,0.0001243839,0.0001398379,-5.2800373e-05,0.00019441493,7.1481845e-05,-3.6670943e-05,-0.00015599013,0.00011244305,0.000101801845,-0.000121953686,2.3597619e-05,-0.00017435817,0.0001443926,9.868271e-05,6.7348988e-06,-4.747138e-05,9.112847e-06,9.254431e-05,-6.710823e-05,0.00019413953,8.432534e-05,-0.00014793141,2.3574654e-05,2.1566439e-05,0.00012465009,0.00016840795,0.00023234927,-4.284773e-05,-0.00017339565,0.0002060581,-5.4569555e-05,5.3182503e-05,7.362046e-05,1.3296828e-05,-5.287804e-05,-0.00013118442,7.438154e-05,9.286382e-05,5.263246e-05,-0.00016296141,0.00016598047,4.8470247e-05
T417_EGFP,0.00011159499,0.00022742792,-6.777664e-05,-2.462057e-05,-2.3321223e-05,-5.4155687e-05,2.0137966e-05,0.00016357299,-0.0001168444,5.674814e-05,-3.169288e-05,2.6548712e-05,5.215775e-05,4.3861157e-05,1.45532e-05,1.0548673e-05,-4.0272266e-06,6.80227e-05,-5.3483534e-05,-4.958694e-05,5.4782187e-05,0.00022464622,8.000743e-05,-0.0001585207,0.00019944679,2.061584e-05,-0.00011498174,-6.6189555e-06,-7.0787464e-05,-0.00016748473,-7.367739e-05,-0.0001581826,-1.2940461e-05,5.824645e-06,-6.655187e-05,-9.2276e-06,-7.0208866e-05,5.5196968e-05,4.722908e-05,0.00021904412,0.0001293245,4.656226e-05,0.00018388018,3.386593e-05,0.0001891274,-3.007131e-05,2.9657876e-05,-2.8606168e-05,-0.00018114768,-8.125967e-05
T252_EGFP,1.3717353e-05,-2.467944e-05,4.4983048e-05,6.219702e-05,0.00016371759,0.00014600351,0.00018126942,1.2913366e-05,0.0002633922,-3.6468937e-05,2.1645608e-05,0.00021359508,-0.00013223838,2.4458164e-05,-5.7337584e-05,-0.00011607751,8.704121e-05,-0.00016158907,0.00016966321,-4.327233e-05,-6.845651e-05,1.612287e-05,0.00010440578,-3.078137e-05,0.00011199103,-0.00012767014,0.00012342016,-6.548157e-05,2.5642401e-05,-2.4616422e-05,-4.6722533e-05,-7.70301e-05,0.000111419395,0.0001753451,0.000110781446,-1.4604901e-05,0.00014550844,0.00023404935,-2.3961182e-05,0.00016047154,4.3850992e-05,3.0531148e-05,-2.2316364e-05,0.0002473165,-0.00011889888,3.812294e-05,-6.8012814e-05,-3.9655628e-05,-2.9824141e-05,3.3047036e-05
T145_EGFP,-0.00011029178,4.1048326e-05,1.444764e-05,0.00010937176,-6.8956405e-07,3.1803786e-05,0.00017289347,-7.4885575e-05,0.00021387715,0.00017194943,4.001614e-05,0.00020133406,3.668417e-05,-3.1379142e-05,-0.00014517565,1.3938966e-05,-7.543891e-05,0.00012560956,-0.000103490434,3.4969158e-05,2.2169448e-05,0.0001901938,6.7261e-05,2.7831777e-05,6.0461145e-05,-0.00010878872,-2.5277952e-05,4.706016e-05,-8.1487386e-05,2.2960628e-05,-8.858403e-05,-0.00026192778,8.344549e-05,9.090755e-05,-8.676921e-05,2.2268168e-05,-0.00013720946,9.035701e-05,-7.1630755e-05,1.2646108e-06,0.00010289757,-9.686673e-05,-8.2711056e-05,3.1483756e-05,-1.9420553e-05,6.821818e-05,-4.1724612e-05,0.00020630569,0.00013883255,-0.00023552115
T49_EGFP,-0.00011739807,7.509203e-05,1.6790016e-05,0.00012866422,9.217435e-05,1.3751557e-05,0.00012917058,0.000108761036,-9.104563e-05,-1.977267e-05,0.0002602768,-1.5402562e-05,7.2361894e-05,-0.00017934985,4.015964e-05,3.032509e-05,0.00018070146,-3.218548e-05,-1.6730628e-07,-1.5304315e-05,-5.4114367e-05,2.6929497e-06,-1.8428638e-05,0.00013844635,-2.8544998e-06,-9.109492e-05,4.6272035e-05,-2.5236019e-05,1.8757346e-05,-8.062926e-05,0.00013509531,1.2781579e-05,0.00010152699,8.815307e-05,0.0002403707,7.073338e-05,1.19883325e-05,0.00013722495,2.6384923e-05,-2.4617068e-05,6.091668e-06,0.00012610843,4.8049653e-05,0.00014630563,0.00020654862,8.46197e-05,8.696459e-05,2.7424097e-05,2.5965848e-05,0.000104603765
T537_EGFP,0.00010585711,0.00015446017,-1.5486834e-05,0.0002430805,1.7786651e-05,0.00017713412,0.000240214,3.4110257e-05,-5.386863e-05,-1.1528479e-05,-2.1135542e-05,-5.361415e-05,6.351825e-05,0.00014193411,0.00014619227,6.2687025e-07,7.2445528e-06,0.000108356355,0.00016329014,-4.898674e-05,4.64217e-05,1.5152589e-05,-0.00010780801,-2.4372657e-05,0.000119009506,0.0001348761,-5.285709e-05,0.00012937502,0.00016643915,0.0001593285,-0.00012793587,0.00011582823,9.878984e-05,9.583132e-05,6.08897e-05,-6.293786e-05,0.00026240744,0.00014494882,-2.3199866e-05,-8.788478e-05,3.318073e-06,-0.00013990732,0.00013556302,-3.8122114e-05,0.000113122645,-7.115663e-05,-7.157071e-05,-0.00013174787,8.202877e-05,-3.9893777e-05
T423_EGFP,6.115841e-05,9.769473e-05,-2.5363115e-05,0.00017400332,-0.00013922542,0.0001650298,0.00014803982,3.8241564e-05,4.4253582e-05,5.737181e-05,4.5761255e-05,0.00020673197,-6.654667e-05,-0.00016323768,-4.4706485e-06,-8.095308e-05,0.00015209713,6.732685e-05,-5.2289495e-05,0.00014913309,-2.5617665e-05,3.3944434e-05,1.8996216e-05,9.2910464e-05,-0.00011870657,1.3625631e-05,0.00010984925,-0.00011581281,-4.780656e-05,-6.8987254e-07,0.00013595802,-8.815477e-05,0.000111006164,5.5788427e-05,0.00011775353,-8.2668594e-05,8.804195e-05,0.00029704152,-4.1039475e-06,-8.424691e-05,0.0002443481,-0.00015711215,-1.9334051e-05,7.908478e-05,0.000112429916,0.00011679275,-1.8491408e-05,8.5245694e-05,8.1533675e-05,-2.8899181e-05
T247_EGFP,0.00011810706,6.145979e-05,-9.770101e-06,2.9548379e-05,0.00013280437,-7.61697e-05,-6.537907e-05,0.00031192732,-3.8583614e-05,-8.181579e-05,9.896789e-05,1.8275045e-05,0.00015387901,0.00019373055,-5.8864305e-05,-8.8519315e-05,4.759933e-05,9.0143425e-05,9.294291e-05,-1.380008e-07,3.3768727e-06,0.00019132865,0.00025322507,-0.00013578634,0.00012394262,9.355151e-05,-5.3123505e-05,-5.9677128e-05,0.000111009096,2.6490778e-05,6.868709e-05,-9.415787e-05,-3.0999556e-05,-6.6108805e-05,-1.9994592e-05,-9.6587246e-05,-9.794544e-05,3.1560543e-05,1.5572956e-05,-2.3955301e-05,-0.00017902063,-0.000116897165,0.00019565847,7.706529e-05,-0.00016725177,-5.7883248e-05,2.7263346e-05,0.00010284151,-2.4622992e-05,1.7197755e-05
T124_EGFP,8.14247e-05,0.00018286394,4.3437853e-05,-2.737296e-05,0.00018465747,-8.42458e-05,0.00011585552,-1.7944538e-05,7.19779e-05,0.00028876032,4.9616745e-05,4.7219473e-05,0.00011490828,6.3457104e-05,0.00014995527,0.00011227878,7.483299e-05,-0.00013679925,-0.00012853094,-7.4077834e-05,2.0550606e-05,0.00015773495,2.5719472e-05,7.56514e-05,-8.927289e-05,0.00010101437,2.9796269e-05,4.1688145e-05,0.00019425747,7.124159e-05,2.0631785e-05,-7.851695e-05,0.000108152744,4.820783e-06,-0.0001162698,5.1323896e-06,3.485387e-05,4.417486e-05,-0.000112904694,-4.084937e-05,0.00017041298,7.83557e-05,0.00011903502,-0.00024205144,-4.5927223e-05,2.8830485e-05,4.6176905e-05,5.1934854e-05,0.00037363058,1.6603377e-05
T686_EGFP,-0.00014490637,0.00011483434,0.00020282198,2.687291e-05,4.5704383e-05,0.00026829797,5.3073563e-05,4.298163e-05,4.5460547e-05,-5.2872292e-05,-0.00012969704,1.3690412e-05,8.1554965e-05,3.6230744e-05,-6.719808e-05,0.00017863423,9.9049226e-05,-5.5504264e-05,0.00014986543,-6.4059077e-06,-0.0002164498,5.51495e-05,2.491697e-05,4.7235342e-05,0.00016323176,7.337286e-05,0.00015197143,3.9048016e-05,-8.7467575e-05,-7.64798e-05,2.3845556e-05,4.4508502e-05,1.602389e-05,-0.00011885117,3.9127215e-05,5.889613e-05,0.00015862948,7.583559e-05,-7.806453e-05,-4.3450116e-05,-8.042099e-05,1.1226196e-05,-9.3956205e-06,5.590932e-06,-8.3977386e-05,5.2585878e-05,0.000122006284,5.8427693e-05,2.8098297e-05,-0.0001931717
T60_EGFP,-6.5605476e-05,-9.336956e-05,-0.00023074109,7.258161e-05,-8.877539e-05,1.0644751e-05,0.00013692187,0.00010587229,-0.00010557007,-2.8923541e-06,9.0131194e-05,9.6278585e-05,0.00010215214,6.19896e-05,-5.8927722e-05,2.654624e-06,5.8414415e-05,3.132638e-05,0.00021110114,-0.0001396138,7.0052025e-05,-5.948952e-05,5.783484e-05,7.4245986e-07,0.00013278514,0.00019711198,-0.00019235743,1.726138e-05,0.00022389692,5.8969676e-05,-2.1822663e-05,-0.00015334008,0.00013014117,0.000112711634,1.433624e-05,-6.6460975e-06,9.8319535e-05,1.1699978e-05,0.00010930089,8.354926e-05,8.101654e-05,1.4835564e-05,7.431505e-05,-0.000102500904,-3.331442e-05,-3.7077418e-05,0.00017895276,-6.2915875e-05,2.5037221e-05,0.00010219134
T248_EGFP,-5.017948e-05,-6.223339e-06,0.00012151739,0.00011738198,7.399941e-05,-8.2182734e-05,8.50887e-05,5.7913032e-05,-0.00019826916,3.2410982e-05,0.00019867602,0.00012319766,0.00013399456,0.0001989907,-0.00014693927,0.00014494281,-9.632628e-05,3.8875172e-05,-0.0001322825,9.881183e-05,6.531925e-05,8.235545e-05,-0.00012614312,-7.951529e-05,-7.637488e-05,-0.0001476104,0.00014064106,0.00011589286,-3.8406062e-05,-9.114523e-06,-7.169731e-05,-2.1752845e-05,5.2761e-06,-5.1331885e-05,-1.2840907e-06,0.00012344362,-5.172227e-05,6.468227e-05,0.00018517216,-8.142761e-05,0.00010777335,0.00018400817,1.9797904e-05,7.047362e-05,0.00018038561,2.9038158e-05,-0.00013541267,5.9912683e-05,5.346964e-05,0.00021815162
T89_EGFP,6.261551e-05,0.00019295693,7.176555e-05,-0.00016215022,-0.00012947182,4.970778e-06,0.0003302734,4.2079457e-05,0.00017301328,0.00020053877,9.680553e-05,7.715107e-06,0.00013410102,6.934738e-05,-2.2308455e-05,-2.259388e-06,-2.8868773e-05,3.2994947e-05,-0.00010678695,-0.00012486964,0.00017587049,3.4012366e-05,-0.00018718232,-7.740269e-05,-3.5659094e-05,-5.149884e-05,0.00012446733,-3.8323815e-05,0.0001285999,9.970192e-05,-1.4078894e-05,-4.0687388e-05,9.329752e-05,-5.1771673e-05,-0.0001461554,8.623969e-05,-6.0448197e-05,0.00015471411,-0.00017660459,0.00015676666,-9.24999e-05,-0.00014445353,-3.8599293e-05,9.297445e-05,0.00022771917,-5.392461e-06,-5.338241e-05,-4.5014698e-05,8.8786415e-05,-3.3242923e-05
T407_EGFP,0.00014388062,7.68311e-05,0.00010676416,4.5079047e-05,-6.9171947e-06,-4.1673942e-05,-8.115068e-05,4.015425e-05,0.00022600798,2.242327e-05,-1.9048164e-05,0.00011177557,8.627378e-05,6.195773e-05,-6.257629e-05,-8.435491e-06,-2.1490905e-05,1.8401371e-06,5.0912306e-05,6.4429725e-05,9.753283e-05,-7.3889685e-05,2.3276642e-05,-3.0036035e-06,-3.3570057e-05,2.8155451e-05,0.0001464047,7.1293434e-05,-0.0001026735,5.650194e-06,-5.1309093e-05,-3.651931e-05,0.00014473243,-4.8316306e-05,-3.165955e-05,4.266194e-05,0.000124044,-9.340293e-05,-0.00015000645,-0.00016324897,0.00027028393,-0.00026094067,3.121823e-05,0.00019716006,-5.2696574e-05,-0.00012885983,-0.00022407039,9.810836e-05,-1.3687483e-05,1.6170683e-05
T597_EGFP,0.00012213088,-9.482911e-05,-4.555067e-05,-3.4015848e-05,-1.3740814e-05,4.5962595e-05,2.0054087e-05,6.0200573e-06,0.0001421186,0.00020419358,1.609752e-05,-6.537247e-05,-0.00013416834,1.9035166e-05,4.7600724e-06,0.00021313025,8.081381e-05,-7.001976e-05,0.0001046145,-1.2650897e-05,1.3895276e-05,0.00020929804,3.6125618e-06,7.855081e-05,0.00011138386,0.00016506754,0.000111050715,0.00011413095,4.080601e-05,-0.00020030762,-2.4769017e-05,-0.00016479535,6.232057e-05,-8.0687336e-05,-2.4691355e-05,2.9321847e-05,0.00013561656,-0.00012838881,0.00018789222,-1.9427911e-05,6.3323732e-06,1.0601716e-05,1.705563e-05,-6.856221e-05,-8.041646e-05,7.931287e-05,2.1123524e-05,-1.6884276e-05,8.83661e-06,-7.0351714e-05
T487_EGFP,1.5677593e-05,-4.2389303e-05,-1.2344216e-05,0.0002157289,-6.856576e-05,3.679875e-05,0.0002036434,4.9303573e-05,0.00016156951,-6.341876e-05,0.00011156031,8.407744e-05,0.00028891017,9.2773385e-05,-2.683667e-05,3.8274226e-05,4.4318454e-05,7.7836834e-05,6.518834e-05,-5.2478936e-05,9.46727e-05,2.2401002e-05,5.629039e-05,7.355196e-05,0.00010667432,-2.6587206e-05,0.00024048916,9.899895e-05,9.1626025e-05,0.00030313845,1.873305e-05,-3.9965675e-05,-4.0057606e-05,0.00014408541,0.00013538741,-3.430187e-05,-5.794982e-05,0.00013909707,-0.00031049704,-0.0001222205,4.515798e-07,0.00010626431,-5.4049873e-05,0.0002916416,-0.00016364123,0.0001718808,0.0001417185,-9.810152e-05,-4.648459e-05,-2.1811915e-05
T223_EGFP,2.5006839e-05,0.00015072664,-0.00010982504,-1.27962285e-05,5.5596094e-05,0.00030682975,5.1968946e-05,-1.1415045e-05,1.8114872e-05,4.752396e-06,3.4530025e-05,4.833583e-05,9.720847e-05,-3.9592956e-05,9.185791e-05,5.9046393e-05,-2.2620847e-05,-0.00010676509,-7.599702e-05,-5.442669e-05,-5.024803e-07,7.432986e-05,-0.000112177884,0.00024881813,0.00019077215,0.0002105295,1.356575e-05,-3.067071e-06,0.0001343731,2.0341038e-05,-8.178647e-05,5.1122635e-05,0.00011228225,6.335282e-05,7.59582e-05,3.3813075e-07,6.3176403e-06,1.6348878e-05,-5.9953098e-05,0.0001930351,0.00018418042,0.00014593855,-1.3473931e-05,0.00019633838,2.3830116e-05,-4.0279334e-05,0.00015072247,-4.284184e-05,-4.3816188e-05,-4.5718447e-05
T398_EGFP,0.00013675628,0.00011391967,-5.5914934e-05,-0.00010362521,-9.3673894e-05,0.00010147121,6.6029593e-06,0.00012453573,0.00012141097,6.6240085e-05,-1.7114498e-05,9.163824e-05,-0.00012663593,0.0002279441,-1.1289373e-05,4.8431004e-05,-8.050614e-05,5.880635e-05,0.00015644933,-4.819501e-05,0.0001382649,-0.00021194153,8.731742e-05,-0.00010374258,3.2045435e-05,0.00019316262,-0.00016954512,0.00014253639,-2.856222e-06,7.2949915e-05,-0.00016472048,2.5541041e-05,6.10091e-05,5.0746432e-05,0.00015415202,-8.844032e-05,0.00026412876,0.00012278128,0.00014437165,7.749791e-06,-3.8329534e-05,-7.3081705e-05,-7.178423e-05,6.218903e-05,0.00019843316,-8.35898e-05,0.00014247763,7.2633466e-06,-1.5727102e-05,-1.0452651e-06
T592_EGFP,-7.59478e-05,-0.00012084795,0.0001315156,-5.6129243e-06,4.2016934e-05,7.7972865e-05,-2.8206034e-05,-7.7763005e-05,0.00015833123,0.00019532802,-2.2110706e-05,-0.00016546258,3.727607e-05,0.00012396605,7.442519e-05,-0.00012653218,-3.6572546e-05,-0.00012303944,-5.8685455e-05,-0.00010597064,3.9876562e-05,4.7019123e-05,0.00010141466,7.341174e-05,0.00022120377,-4.6156434e-05,0.00014166128,1.5769896e-05,-9.436047e-05,0.00011846311,-8.408458e-05,7.283401e-05,-1.6317942e-06,0.00023317558,-3.7300775e-05,8.874276e-05,6.9524435e-06,5.385396e-05,-3.853266e-05,-6.6067096e-06,-3.0278017e-05,-4.6846882e-05,9.1773705e-05,0.00014796693,0.00023714507,0.00013442076,-3.9611274e-07,2.2423372e-05,8.341775e-05,0.00011635909
T470_EGFP,8.3081904e-05,0.00015545778,0.00015885624,-8.728453e-05,0.00016540405,-4.276147e-05,-9.936234e-05,-0.00011398422,3.988383e-05,0.0001181268,-3.8304686e-05,-0.00010874727,-2.2802265e-05,-0.00021139253,-3.2270025e-05,0.00012397057,-3.498721e-05,7.323573e-07,1.1425973e-05,0.0001615417,0.00011872376,-8.601973e-05,0.00012747472,7.5555334e-05,-0.00012105829,-4.0095885e-05,6.278952e-05,0.00010390821,-0.00010932343,-5.785534e-05,0.00017483706,-1.0912265e-05,0.00030362906,3.5630044e-05,2.327716e-05,8.605941e-05,6.798386e-05,-0.00010110823,-5.82862e-05,0.00013843704,-8.1183636e-05,6.597176e-05,-0.00016523058,0.00015440496,9.0547146e-05,6.5343025e-05,6.850537e-05,-0.00015511403,9.408434e-05,-7.225747e-05
T504_EGFP,0.00025167645,1.140622e-05,0.00015544347,-2.9846859e-05,0.00022253893,0.00013560704,0.0001778512,0.00011670307,-3.4499386e-05,8.4228326e-05,7.8510835e-05,-6.395842e-05,2.5353484e-06,3.0237612e-05,8.2619714e-05,-8.782822e-05,6.78565e-05,-0.00023127953,-7.840214e-05,-6.662274e-05,0.00017115279,-8.395384e-05,-5.903339e-05,0.00013248505,-7.051417e-05,0.00035126784,3.4118268e-05,-0.00013260763,0.00012921507,4.5658875e-05,-4.634187e-05,0.00021492911,0.000130169,-2.3166116e-05,7.6889504e-05,-3.9986957e-05,0.00016311309,-2.042297e-06,-0.0002387774,-4.724797e-05,0.00012000752,-2.2878698e-05,-0.00020609297,-8.734484e-05,-0.00010498002,9.8872815e-06,0.00021246847,0.000121525336,8.8168035e-06,7.115855e-05
T503_EGFP,0.0001890564,7.767806e-05,0.000119229335,7.348118e-05,0.00023777672,0.00014964015,0.00013262389,0.00012173437,5.0874918e-05,-8.2629995e-05,-1.33465255e-05,2.127276e-05,0.000118154356,1.7991613e-05,-0.00012696213,3.662664e-05,5.229623e-05,0.00014320102,0.00011314848,0.00016950443,3.2904263e-05,0.00022853122,0.00031406048,9.55348e-05,-7.386993e-05,-0.00010582931,0.00014291421,9.016131e-05,4.492126e-05,2.0255053e-05,-5.307249e-05,-6.0696817e-05,-0.00014452983,0.00016301515,-1.1903604e-06,4.400719e-05,0.00019437536,4.1718275e-05,-6.55517e-05,-0.00015018748,-0.00018106571,-3.226415e-05,-5.950296e-05,-4.1169376e-05,-8.457985e-06,6.1461804e-05,0.00015903387,0.00019469847,-0.00012261588,-7.5289456e-05
T495_EGFP,0.00016888387,-2.5796648e-05,5.862719e-05,0.00016668378,5.0069015e-05,-2.6894953e-05,-1.4930686e-05,0.0001307506,-1.1688725e-05,-5.99524e-06,0.0001403323,0.000105241445,0.0001707774,4.012994e-05,0.00010375198,-7.822225e-06,6.8705536e-05,9.3519804e-05,7.455562e-05,0.00029335186,9.309571e-05,0.00013364764,-5.3966658e-05,1.284554e-05,-5.9658065e-05,-3.7394446e-05,3.5425834e-05,9.621536e-05,-2.5851374e-05,-8.5932596e-05,-1.6380747e-05,-0.00016608926,-3.0847506e-05,0.00015676057,-2.4729186e-05,-6.2075683e-06,0.00026878557,0.00023809088,5.4089633e-05,5.9410424e-05,-5.8205143e-05,-1.9569874e-05,-4.6416524e-05,-0.00030707015,0.00014996914,-4.2058826e-05,0.00015878995,-4.0166484e-05,-7.883084e-05,-8.961192e-05
T696_EGFP,-0.00018989803,8.228536e-05,-6.623348e-05,5.0019036e-05,-9.4663876e-05,1.4413134e-05,2.6155798e-05,8.9757086e-05,-0.00023133651,-3.3465178e-05,0.00013440606,5.5685905e-05,8.492068e-05,0.0002040766,3.8959995e-05,-0.00015866611,-7.65868e-05,-1.7133036e-05,3.5354627e-05,0.00013494516,-7.471207e-05,5.306667e-05,-7.5055446e-05,1.9842217e-05,0.00011506602,-8.4130785e-05,-0.00016128265,0.00016585317,7.9467965e-05,-0.00011514386,5.8241625e-05,4.1755084e-07,0.00016718851,-0.00012381421,5.1265974e-06,1.3739423e-05,-2.7632004e-05,0.00014983256,3.6498794e-05,-5.7194506e-05,-0.00010406671,0.000108997505,-8.979809e-05,-0.00015895754,-9.2629364e-07,4.7518144e-05,0.00012430479,5.7258927e-05,0.00019468555,-1.6416881e-05
T507_EGFP,0.00023768397,4.6547098e-06,8.518943e-05,0.00016789867,5.625436e-05,2.2166785e-05,-4.125678e-05,-2.734439e-05,6.0131875e-05,-1.4927632e-05,0.00022980626,-8.846839e-05,5.015463e-05,1.8958022e-05,-0.00018617132,0.00013066201,-8.0957274e-05,-8.3302606e-05,0.00011224009,0.000111562236,0.0003478065,-3.9200462e-05,0.000105451494,-3.9757273e-05,1.772058e-05,-0.00013299966,8.724025e-05,-0.00022793919,4.6456073e-05,0.00020128168,-1.8246114e-05,6.271206e-05,-6.0947157e-05,0.000117474825,-7.495711e-05,-4.9153226e-05,-0.00010279102,0.00017352418,2.5721505e-05,-4.1982163e-05,5.4655215e-05,-2.1329397e-05,0.00011104453,-0.00010926381,0.00015935278,7.6249315e-05,7.961186e-05,8.2901126e-05,0.00024103139,8.634401e-05
T499_EGFP,0.00018104637,-1.5382355e-05,-7.5120646e-05,-1.7493194e-05,0.00012492799,1.5715033e-05,0.00010461618,8.465047e-05,-0.00011410445,0.000100416684,-9.813614e-05,7.516257e-05,-0.00015574045,0.00021761919,3.583346e-05,1.34870725e-05,9.5959185e-05,3.7459442e-05,-9.09801e-05,-7.4231044e-05,0.0001240995,-6.715903e-05,2.8511246e-05,-0.00023253083,-8.985883e-06,0.00021464274,8.153581e-06,9.07752e-05,-9.246283e-05,-0.00013201477,-0.00016462183,3.6252688e-05,-8.4833955e-05,5.958463e-05,-0.00011806416,0.00029663945,-6.0475315e-05,-0.00014713763,4.5689023e-05,7.016492e-05,-1.7021039e-05,-4.4895878e-05,4.999554e-05,-0.00015278865,-0.00015257651,0.00015404435,2.5781992e-05,-0.00019006542,-3.1046366e-05,2.2202936e-05
T167_EGFP,0.00021961497,5.3954645e-05,-8.516432e-06,0.00021384058,-8.860645e-05,6.8571826e-05,-0.00013690448,-2.9653493e-05,9.302685e-05,1.6359014e-05,0.00016960084,-9.588084e-05,2.1701799e-05,0.00026104297,1.876076e-05,0.00013799363,3.2308337e-06,0.00013274331,0.00010058463,-2.4953159e-05,-1.164938e-05,4.125403e-05,1.4912429e-05,-2.3787978e-05,3.8928178e-05,5.009547e-05,3.87282e-05,-2.5010124e-06,4.146719e-05,-1.2612596e-05,9.779037e-05,-7.622542e-05,0.00017030106,0.00010429472,-3.209446e-06,6.959989e-05,5.408293e-05,2.8420774e-05,3.1406045e-05,-0.00019688487,0.00015117278,-9.088617e-05,1.4787436e-05,6.564408e-05,-7.3657386e-05,0.0001141928,-1.9960706e-05,4.541639e-05,0.000115049384,3.7279362e-05
T120_EGFP,0.00024057776,4.8451446e-05,0.00012376755,-9.4940464e-05,0.00010114365,-0.00013307012,0.00014195468,1.256971e-05,-0.00016036465,-1.2305628e-05,-7.909986e-05,0.00010340949,0.00010482147,1.8041244e-05,-0.00014017089,6.506207e-05,2.6651243e-05,1.1588868e-05,7.558698e-05,-0.0002237675,7.432824e-06,9.5830575e-05,7.2329785e-05,-1.1200508e-05,0.0002709389,-1.6938084e-05,-9.4765585e-07,2.4644019e-06,-3.3836327e-06,-0.00015497478,5.297527e-05,-1.9082037e-05,3.6176305e-05,0.00013573939,-8.480247e-05,-2.566024e-05,-0.000115075054,8.24353e-05,-1.3938345e-05,-0.00016462796,2.931666e-05,0.00012357607,6.771188e-05,5.2216087e-06,-1.3764785e-05,6.761843e-05,-5.182756e-05,0.0001343636,4.2741747e-05,0.0002951951
T502_EGFP,0.00016123436,-2.9307977e-05,-4.0961146e-05,0.00023892135,0.00023422235,-6.8869595e-05,3.4504406e-05,0.00013453042,-0.00015472998,4.327313e-05,2.0020701e-05,5.9367712e-06,7.27582e-05,8.302175e-05,9.3066024e-05,5.188144e-05,0.0001655274,6.40574e-05,0.00014251018,-3.3503024e-05,-0.00010399444,-4.842086e-05,0.00028204138,5.0748724e-05,7.273821e-05,0.00029799688,3.2092044e-05,7.5252774e-06,0.0001004845,6.436026e-05,7.869291e-05,-5.6698405e-05,-0.0001275737,0.00012405102,0.00013536571,-0.00014565139,0.00010833322,0.000100021905,9.557142e-05,-0.000172387,-0.0001609739,7.871688e-05,8.9891124e-05,-0.00010349582,0.00015030873,0.00012200771,-0.000126603,0.00013987366,2.0825666e-05,0.00011058973
T426_EGFP,9.710743e-05,-3.3600067e-05,9.362934e-06,3.5638423e-05,-0.00014505608,0.00026237496,4.3806165e-05,0.00015280662,0.00014985594,5.5907283e-05,4.570235e-06,0.000105017905,0.00012826838,-4.646134e-05,2.5092471e-05,4.7945476e-05,8.997532e-05,-6.089032e-05,8.814667e-05,0.00017804324,8.046492e-05,-2.4460807e-05,8.303546e-05,1.9708423e-05,-3.887641e-05,-3.4998488e-05,0.00016242854,0.0001536975,1.4312897e-05,1.2327919e-05,1.4440658e-05,-0.00010352164,-5.2829593e-05,5.373109e-06,-8.243392e-06,-5.7654324e-05,-0.00011159942,6.4409716e-05,0.00010796746,0.0002453263,0.00011729472,2.910895e-05,9.631922e-05,0.00016954566,2.5869356e-05,-2.9994382e-05,0.00017859333,-5.24055e-05,4.2233285e-05,-2.3371502e-05
T485_EGFP,9.685717e-05,6.290265e-05,-1.9885103e-05,4.6843943e-06,9.5231466e-05,4.7657435e-05,0.00028283388,2.4508237e-05,-1.5428746e-05,2.1492218e-05,0.00024389784,-1.9047837e-05,-9.167073e-06,-0.00011882559,0.00016066649,-2.4338604e-05,-6.328412e-05,6.164858e-05,6.9172536e-05,-3.524289e-05,4.357181e-06,0.00020804946,0.00015823914,-5.4481436e-05,5.1557337e-05,0.00016923546,4.1167572e-05,5.7813857e-05,0.00020027162,0.0002164626,-5.7330584e-05,1.6653517e-05,4.4182067e-05,-9.076273e-05,9.335494e-05,9.6728094e-05,8.83876e-05,0.00011103623,-0.0002840351,-1.9922743e-06,-0.0001013582,-5.2339154e-05,0.00041376008,8.235005e-05,-0.00017596125,-0.00015069613,5.270319e-05,0.00021036106,-0.00014788154,3.9410166e-05
T413_EGFP,-0.00014084321,9.9994555e-05,5.3955257e-05,-2.0639882e-05,4.238526e-05,0.00017748847,8.374623e-05,-7.27964e-05,2.3545206e-05,0.00013864475,4.8074926e-05,-9.206669e-05,0.00016610479,2.409703e-05,0.00010685991,7.699176e-06,-2.5563887e-07,0.00010870392,0.00015035796,0.00014759327,-2.8856168e-05,-4.7061485e-06,-0.00014584317,-0.00010361088,8.851124e-05,-1.4786683e-05,-9.4406896e-05,1.096734e-06,-2.5318906e-05,-4.4088596e-05,-1.2377707e-05,0.00022869316,0.00010138457,-3.4671568e-05,0.00015811679,2.9562952e-05,-2.4943276e-05,-0.00013068756,5.376119e-05,0.00016156027,0.00015268195,0.0002142806,-0.0003442181,-0.0002877952,8.727542e-05,0.00018783691,-7.184677e-05,-7.1713686e-05,8.183705e-05,0.00012773153
T569_EGFP,4.199525e-05,0.00013267908,-8.2663806e-05,-4.6821497e-05,6.4186446e-05,-0.00021064839,0.00016719842,0.000101838166,-9.765353e-05,0.00011477037,-8.6476604e-05,-6.072161e-05,1.5510148e-05,1.4625206e-05,9.151655e-05,3.098033e-05,0.00012445562,5.678372e-05,0.0001295181,8.57879e-05,0.00014673037,0.00016577536,6.867688e-05,6.3531494e-05,8.57204e-05,7.044459e-05,9.333221e-05,0.00016372801,7.293432e-05,0.00010847649,0.00018825557,-0.00020648187,3.6141413e-05,-1.830433e-05,-4.1311978e-05,0.00018125704,0.00012856924,0.00012964287,-9.6968215e-05,0.0002057718,6.2028914e-05,0.00012226125,3.097231e-05,0.00018222995,-6.460923e-05,-1.0965025e-05,2.2085967e-05,-8.054726e-05,-7.0206486e-05,-3.033117e-05
T624_EGFP,0.0002026339,-9.6130374e-05,7.640013e-06,2.8908758e-05,1.4667096e-05,1.4099559e-05,-0.00018709565,0.00010723728,8.072862e-05,6.717491e-05,0.00013035774,-6.3082066e-06,-7.5562246e-05,0.000113616894,5.854661e-05,-8.273993e-05,2.699377e-05,0.00025724922,7.578262e-05,-9.437731e-05,0.00015108923,-6.289088e-05,9.401896e-05,-4.6791385e-05,0.00012172096,-0.00013317584,0.00019519555,0.00010255677,3.5258254e-05,5.8393e-05,9.869702e-05,-6.905907e-05,-8.039515e-05,9.5371135e-05,-0.00016720236,-8.536835e-05,1.1730305e-05,0.00022233148,0.00017032099,0.00011293026,1.1132666e-05,0.00026199227,-0.00015557813,-5.061129e-05,-8.327873e-05,1.3397824e-05,0.00016153918,-5.142672e-07,-7.929366e-05,5.5671393e-05
T56_EGFP,-8.5430045e-05,-5.871915e-05,0.00017221263,-1.9373225e-05,6.723198e-05,0.00015870268,1.50326e-05,-7.963361e-05,-0.00015115393,-1.1647784e-05,4.3976364e-05,-0.00012926907,0.00013403528,-2.7677468e-05,-8.217874e-05,-5.1360814e-05,-0.00010314901,0.00024709705,-3.0022244e-05,3.3780176e-05,4.0873492e-05,4.151785e-05,0.00014742342,7.449574e-05,2.9986375e-06,-6.434165e-05,0.00013766454,0.00020293338,7.18988e-05,0.00011019946,-2.796931e-05,0.00014790295,6.177855e-05,3.874218e-05,0.00017145816,4.490699e-05,5.169605e-05,-2.8518061e-05,-3.6037138e-05,8.516074e-05,-2.901157e-05,0.00013236757,-9.3475246e-05,-2.7664139e-05,6.327326e-05,0.00010449125,9.1328984e-05,5.5112952e-05,-4.2582076e-05,-1.7360604e-05
T97_EGFP,9.828573e-05,0.00010486745,-3.7903512e-05,0.00018804493,0.00011742153,6.3987e-05,-0.00012300686,-0.00012801038,-5.0998002e-05,0.0002757176,9.2520655e-05,3.172104e-05,-0.00013378219,-3.6881494e-05,-7.057598e-05,8.368721e-05,-0.00015235899,4.0977986e-05,7.03152e-05,-2.5969135e-05,2.0508669e-05,-2.0675967e-05,0.0001678703,5.2900294e-05,-4.434522e-05,9.651067e-07,-2.1370397e-05,8.9947964e-05,-4.1343515e-05,5.7241505e-05,0.0001691859,0.000118348435,0.00022090987,0.00014590315,0.00015906813,-0.0002715006,0.000118494456,-9.7188524e-05,0.00022122556,0.00028695053,0.0001281841,9.852025e-07,4.3110686e-05,-0.00010446104,-0.00016473948,-2.7587539e-05,0.00010622619,0.00010771765,8.266405e-05,2.348489e-05
T606_EGFP,0.00016024284,0.00014590434,0.0001714792,9.70889e-06,0.00011244775,-0.00011557728,-8.956548e-05,0.00015900095,5.7904075e-05,9.5183845e-05,-5.9271737e-05,6.37361e-05,-0.00016044092,2.573597e-05,-2.1708287e-05,0.000107000466,-5.5467517e-05,0.00012390247,-4.2710028e-05,0.00026451133,0.00011392942,-2.7645838e-05,-6.713533e-05,-0.0001332529,-0.00010625684,0.00011738689,-9.136529e-06,0.00011472821,0.00010160841,-2.0604186e-05,-0.000120625016,-0.00010644304,9.756958e-05,-8.926792e-05,4.348045e-05,-0.00015240292,3.0229949e-05,-0.00013672521,3.827043e-05,-4.4989138e-06,5.5728433e-05,-2.4483441e-05,-0.000112705726,0.00013587777,0.00011819504,4.8216763e-05,0.00020126833,-4.3510605e-05,0.00013242118,-7.623206e-05
T118_EGFP,0.00024819307,1.3069048e-05,0.00015760495,-7.089171e-05,-2.503208e-06,5.3627467e-05,-1.8264136e-05,-0.00015107698,-0.00011169183,1.2326334e-06,0.0001384995,-0.00010207022,0.000113782335,9.881932e-05,0.00016056925,4.3229084e-05,7.1633556e-05,0.00012971835,1.9390769e-05,0.00014715425,-3.3900847e-05,-0.00018136429,0.00019684422,9.240359e-05,9.1422925e-07,-0.00016698286,9.9557314e-05,3.494292e-05,-0.000103967235,2.8300301e-05,7.783233e-05,-2.4902683e-05,-1.4556873e-05,-4.3735603e-05,-9.7124095e-05,1.4445919e-06,0.00020509152,-1.7624394e-05,-2.6374437e-06,-5.133205e-05,7.642818e-05,0.00010005959,4.942175e-05,-9.8067874e-05,7.619632e-06,0.00017153395,0.00012912812,-0.00019045663,-5.8895774e-05,-4.0724957e-05
T34_EGFP,-1.8542607e-05,1.0792986e-05,0.00018234689,0.00013064861,-7.143579e-05,0.00017497485,-8.689484e-05,-0.00013252592,-5.218282e-05,0.00018360624,3.9065537e-05,7.345539e-05,-3.7776077e-05,2.9156947e-05,0.00017033465,-4.2360818e-05,-8.577061e-05,0.00014037472,8.2259736e-05,8.273007e-05,8.102256e-05,0.000117776144,-0.00013199548,3.655464e-05,-4.6267614e-05,0.00019578531,0.00010949668,-0.00012150595,9.846443e-05,0.00011232913,0.00014218732,2.1997308e-05,0.00010650056,0.00014185187,-1.4999778e-06,-1.3424439e-05,-1.1811905e-05,-4.7704675e-06,0.00018836859,0.00018983179,-1.21289295e-05,3.2381272e-06,8.354458e-05,4.549574e-05,0.00022926983,-0.00015954298,-0.00012815981,0.00024542722,0.00019710799,0.00015399122
T127_EGFP,5.5255154e-05,-0.0001949096,8.9414505e-05,-6.032654e-05,8.215126e-05,-3.390129e-05,-9.643288e-06,0.00021964037,0.00018090478,0.00017970755,-0.00013498869,-2.2676608e-05,0.00018649963,-0.00011843466,0.00014048381,-1.3437141e-05,5.6906265e-06,5.9425433e-06,0.00012387642,-6.503157e-05,0.00019756597,-5.8990467e-05,5.465321e-05,0.00010468795,-8.5473956e-05,0.00010064192,0.0001952416,5.1304763e-05,4.9812948e-06,8.834985e-05,-4.6682722e-05,-0.00011712025,0.00019178481,0.00017040868,-9.559441e-05,4.6019275e-05,-8.7589804e-05,8.9803965e-05,-0.00023131016,9.7517914e-05,-6.0785867e-05,0.00015359475,-6.361542e-05,6.884827e-05,-2.3880933e-05,3.09701e-05,-6.291743e-05,0.00015530664,-8.0887105e-05,-2.2106888e-05
T326_EGFP,0.00017202961,0.00018590975,0.00020979928,-0.000127359,-3.4048033e-05,7.382582e-05,1.1828222e-05,0.00017600472,0.00031115022,8.042543e-07,5.559959e-05,-6.547201e-05,4.402981e-05,-2.7417505e-05,0.00011514812,-7.3884694e-05,-5.6837624e-05,-5.0120332e-05,-3.0294455e-05,0.00010683077,-0.00010281967,6.6860826e-05,3.599869e-05,0.00016974073,8.6987064e-05,-5.2440278e-06,-2.998217e-05,1.8336139e-05,4.3780696e-05,-3.3834694e-05,0.00019646717,-7.828704e-05,0.00012307221,-1.9616933e-05,-0.00013052109,5.5628192e-05,0.0001044942,0.00014816658,5.3024195e-07,1.1434314e-05,3.8246358e-06,8.8018176e-05,-8.378323e-05,-0.0001710432,-5.5043387e-05,0.00023823412,-0.00022318239,8.4889434e-05,-9.970948e-05,-4.6203742e-05
T677_EGFP,0.0001535456,7.856976e-05,-2.5850228e-05,-0.00018821789,-1.4628391e-05,5.4692526e-05,-0.000110817404,-7.858232e-05,0.000105519954,0.00012669798,8.586431e-06,0.0001048541,0.00012186554,0.00015055112,1.6042464e-05,-8.064454e-05,-2.4680103e-05,0.00011927408,0.00015513824,1.6223943e-05,-5.001815e-05,-1.3129774e-05,0.00021436118,0.00016058376,5.1274374e-06,1.14865e-05,0.00010652147,8.6028806e-05,-1.3125454e-05,-3.942465e-06,0.00016196654,3.5053967e-05,-6.848224e-05,1.3806797e-05,0.00013823969,-6.626067e-05,0.00011789059,0.000107172986,-6.211389e-05,0.00013342316,0.00012563485,6.6194596e-05,0.00012036404,-3.8673654e-05,-8.250327e-05,0.000112396374,9.567441e-05,1.4608683e-05,0.00011697765,0.00019187141
T539_EGFP,-4.6244717e-05,0.00016850619,0.000112827576,6.507241e-05,0.00016857611,-0.00011821145,0.00010048945,-9.985767e-06,0.00014495954,0.00010377347,0.00013615533,-0.00012042475,0.00027699053,7.349557e-05,-1.2891767e-05,-8.8597015e-05,5.7732363e-05,1.8113984e-05,8.6035485e-05,-4.748106e-05,-0.00011008121,5.5831508e-05,3.511104e-05,6.575525e-05,-2.8503948e-05,9.456324e-05,-7.8197e-06,-0.00023674834,-3.5133584e-05,-0.000103725455,6.303079e-05,0.00013609038,-3.3188477e-05,0.0002642067,0.00021224497,3.7308513e-05,4.8744194e-05,-5.8782774e-05,2.9829069e-05,-1.7777791e-05,-0.00021807381,0.00014211837,-0.000121632635,-6.36953e-05,-3.6230776e-05,1.1608547e-05,6.032833e-05,1.3151329e-06,0.00022908224,0.0001585819
T576_EGFP,9.97378e-05,-7.774318e-05,5.665206e-05,6.3965315e-05,0.00014238601,-6.5646906e-05,4.0885607e-05,3.759535e-05,-3.049648e-06,9.701649e-05,4.8249327e-05,0.00014488515,6.1984865e-05,-9.392502e-05,0.000108524124,6.6176335e-06,8.921746e-05,-4.9313334e-05,0.00017278896,4.5545457e-05,0.00011643181,4.1960207e-05,0.00016103411,6.6238084e-05,-5.624133e-05,0.00011063544,3.0249497e-05,0.00028955404,7.012574e-05,0.0002754284,-6.9124944e-05,-9.49262e-06,0.00010411258,0.0002002413,0.00014197853,6.783815e-05,-7.074256e-06,0.00018022093,-7.491396e-05,7.940743e-06,-7.770554e-05,-0.00011491368,3.7831633e-05,2.929691e-06,4.2900963e-05,0.00014823095,-5.519345e-06,-5.984887e-06,-2.8350812e-05,-0.00011338342
T561_EGFP,0.00019863417,-0.000117323536,7.2300434e-05,9.524997e-05,6.575354e-05,9.651705e-05,0.00011978118,7.406755e-05,0.000106722015,0.00018742179,5.679767e-05,5.391623e-06,-4.9521386e-05,4.357437e-05,0.00025074236,0.00013403429,0.00010176265,4.017903e-05,0.000106794134,4.7388283e-05,8.5921936e-05,5.7694848e-05,-0.00011213169,1.9353436e-05,9.1944225e-05,4.1291383e-05,0.00010559719,-6.586766e-05,7.268932e-05,0.0001410764,-0.000118410855,3.842127e-05,-1.6880704e-05,3.622625e-05,0.00015290268,0.000108080916,9.26457e-05,0.00019389567,-6.6401655e-05,-4.7076526e-05,7.555154e-05,-6.3779895e-05,7.3242336e-07,0.00012589492,1.4173266e-05,-0.00012217238,4.1952817e-06,2.5779897e-05,0.00011047814,7.96785e-05
T640_EGFP,0.0002744896,8.430764e-05,-2.7613094e-06,-8.5385596e-05,-6.2232484e-06,-2.542167e-05,8.293836e-05,3.9015677e-06,-2.6825086e-05,6.957567e-05,-0.00024916924,-6.709191e-05,5.5141895e-06,-5.085676e-05,0.00022408058,7.1487906e-05,-8.113721e-05,3.5889512e-05,-0.00014125236,3.0475545e-05,1.5660626e-05,0.00017719578,0.000117435724,6.522292e-06,6.372591e-05,6.8199624e-05,-0.00024684437,4.9619815e-05,2.2772805e-05,5.6014076e-05,-2.522224e-05,1.264288e-05,0.00024596642,1.8840388e-05,-0.00014295737,-3.6890102e-05,-1.689461e-05,0.000102191305,0.0001470285,1.6708193e-05,0.00013843915,1.9086792e-05,0.00018568062,-1.8478382e-05,3.4793546e-05,0.00013923939,5.517323e-05,1.4859211e-05,3.1321993e-05,-7.062556e-05
T385_EGFP,-1.1429482e-05,-1.4690524e-06,0.00010291538,0.00026128258,-7.7982855e-05,-2.00883e-05,-0.00018700972,1.4211251e-05,0.0001528617,6.0565093e-05,0.00018150601,-8.224636e-05,0.0001546377,-7.639841e-05,0.00014277696,7.5730027e-06,5.3250865e-06,0.0001471079,-0.0002153237,0.00011030893,-2.5575026e-05,8.165021e-05,-0.00010728498,-6.590512e-05,0.00013994673,-9.592708e-05,0.00010305819,-5.5187218e-05,1.2696758e-05,0.00013744918,-7.2294555e-05,-7.1679184e-05,-0.000104562685,-9.812169e-05,-7.7860284e-05,2.2497212e-05,-6.0908962e-05,-6.0888156e-05,-0.00015705703,0.00025847217,8.922268e-06,-6.65636e-05,0.00010812341,2.4327755e-06,-8.680915e-05,0.0002619671,-5.6527155e-05,5.86179e-05,0.00016403303,-0.000104875675
T702_EGFP,8.478533e-05,-8.136607e-05,0.00014709595,-0.00016453305,0.000121069206,-5.673697e-05,-3.0060268e-05,-8.891934e-05,0.00010810825,-3.951702e-06,-3.938393e-05,0.00012527785,0.00022416902,-0.00015862283,5.5072618e-05,-5.987409e-05,9.409218e-05,8.679179e-06,-0.00016561545,6.3448235e-05,0.00011923512,-6.6831276e-06,0.00011966425,0.000110962515,-6.586219e-05,7.086972e-05,0.00011874471,-0.00017862082,3.1715957e-05,0.00011586777,-9.245701e-05,6.8367226e-05,-0.00014185563,-0.00028273286,-5.7300145e-05,4.7937892e-06,-5.2415984e-05,0.00013636259,-4.4683973e-05,-9.077596e-05,-7.171743e-05,-4.0821877e-05,-2.3339044e-05,0.00011188004,-9.071336e-05,7.229636e-05,-7.653416e-05,6.3946194e-05,-6.897507e-05,-6.747883e-05
T579_EGFP,-2.7665421e-05,1.9610308e-05,-0.000108901,-1.1238474e-05,-9.835184e-05,7.0039714e-05,-0.00016377169,-0.00014019693,-1.9528372e-05,0.00012433481,8.8490844e-05,0.00012061374,-2.1744512e-05,6.0799855e-05,3.447844e-05,-1.3602289e-05,-6.317555e-05,1.766729e-05,-3.053155e-05,3.358985e-05,1.6452846e-05,0.0001651893,-0.00029934556,-3.865407e-05,-7.906891e-05,-4.639325e-05,1.2134897e-05,4.7749272e-05,-4.3104803e-05,0.00026643835,0.00013780373,7.555494e-05,4.962667e-06,0.00018740725,2.4686351e-05,-6.030907e-05,0.00011559674,4.8645896e-05,-1.0628132e-05,-0.00011785954,-5.886003e-05,3.2015985e-05,4.664566e-05,-2.1927934e-05,0.00010083281,-3.4972025e-05,-8.624201e-05,4.7567682e-05,0.00020444204,0.0002052004
T578_EGFP,2.3939958e-05,-3.0395977e-05,-7.143865e-05,7.994193e-05,-4.5250115e-05,-0.00012473378,-9.8921606e-05,0.00012186856,-0.00010590849,0.00012879903,4.037845e-05,-1.0718204e-05,5.5858145e-05,8.179651e-05,0.000101989564,8.6361484e-05,5.265894e-05,-4.789102e-06,-9.4819785e-05,4.9121958e-05,-4.9899107e-05,-7.445003e-06,0.0001404273,0.00020804876,-0.00012879625,-2.5981586e-05,0.00026107192,0.0002013791,-0.000117940326,9.310686e-05,0.00012715053,3.5475157e-05,-4.3812517e-05,0.00012461098,-8.0986596e-05,0.00010525007,-5.58159e-05,2.8663446e-05,-0.00013471724,-9.022908e-05,6.2911335e-05,6.2508174e-05,6.586642e-05,-3.2091925e-06,-0.00012562363,3.0061303e-05,0.00020123225,-0.0001268584,7.705769e-05,0.000121283665
T7_EGFP,1.8686644e-05,9.318422e-05,0.00014744648,1.6114165e-05,-1.8509363e-05,-0.000119050215,2.300775e-05,-0.00024793303,4.5487217e-05,4.2507872e-05,0.000118556425,8.033531e-05,-3.392738e-06,-2.9999123e-06,0.00012625517,0.00021656447,-2.6385882e-05,-7.442274e-05,9.2332426e-05,2.7791242e-05,0.00017746363,-0.00018828953,-0.000150133,-0.0001111942,7.961596e-05,8.780102e-05,-8.5005486e-05,4.5722725e-05,6.457427e-05,-0.00017804382,5.87211e-05,-3.6905818e-05,0.00011867705,0.0001568134,-5.668087e-05,-3.0833446e-05,9.3082424e-05,0.00019210382,6.322287e-05,-0.00013104867,2.4874142e-05,-3.350022e-05,0.000163006,8.1576356e-05,0.00013222858,4.900219e-05,0.0003233159,7.0422364e-05,5.8999787e-05,0.00015454082
T643_EGFP,0.00016029348,0.0001514252,0.00012236329,-8.830261e-05,0.00022416309,-9.334706e-05,4.982547e-05,0.00013804568,8.6265296e-05,0.00018158034,3.2488006e-07,0.000109672816,0.00019719225,-5.9557446e-05,0.0001125069,-9.5629446e-05,0.00013864366,0.00010006035,-6.524186e-05,1.2929161e-05,-9.1083566e-05,1.2874979e-05,7.744104e-05,-0.0002240645,-5.4623637e-05,-6.4994776e-05,-3.9980492e-05,-0.00022404596,1.6373278e-05,-1.300227e-05,3.6462214e-05,-2.5729454e-05,7.66963e-05,0.00020241065,-0.0001652134,6.275979e-05,2.8801604e-05,0.00018340652,4.0109e-05,-2.4208943e-05,3.8732906e-05,-0.000110955276,0.00014839963,-0.00012619206,9.041392e-05,-3.0205396e-05,9.8378696e-05,-7.949001e-05,9.141899e-05,4.9493174e-05
T14_EGFP,-4.4391385e-05,-9.898708e-05,-4.9598446e-05,6.967377e-05,4.7661455e-05,-2.8327211e-05,2.8216282e-05,8.639309e-05,8.764794e-05,0.00014198782,6.879952e-05,-6.285461e-05,0.00013256047,-5.937002e-06,-0.00020377796,0.000111405156,1.4964556e-06,0.00016589843,4.8165493e-05,7.175511e-05,0.00018144622,0.00011921253,6.683171e-05,-2.390445e-05,0.0002446011,1.7953273e-05,-2.8180573e-06,5.4141427e-05,-0.00013940806,0.00015250094,0.00012532347,6.659997e-05,-5.3041204e-05,0.00016831081,-1.07588885e-05,6.9445e-05,-0.0001784289,-1.3863955e-05,3.2795e-05,0.00012628968,-8.9003915e-05,-3.569211e-05,0.00013454632,-8.015659e-05,-5.313755e-05,-5.9332924e-05,-1.3958249e-06,-0.00010461872,0.00010731144,-0.00013665314
T397_EGFP,2.1348462e-05,0.00014256216,-5.024458e-06,-7.873315e-05,-2.3744036e-05,6.424076e-05,-0.00025458474,0.00024115675,-6.595612e-05,-8.203834e-05,-7.574471e-05,2.1737771e-05,3.5601086e-05,6.700241e-05,6.7192384e-05,7.2951516e-05,-2.7067184e-05,0.00023343321,-0.00010449074,-0.00012146442,-2.7228339e-06,-1.8875257e-05,4.255037e-05,6.3010055e-05,8.731427e-05,-1.4499487e-05,-0.00010907677,0.00020388473,0.00012179351,-0.00011097929,-8.254486e-05,0.000104936036,2.2041551e-05,5.7338075e-05,-0.00014953688,2.9539724e-06,-0.00013303454,-6.0491064e-05,0.00026794936,-0.0001449423,0.00014765168,5.0933235e-05,-0.000110927336,-2.5237438e-05,-0.0001454267,0.00014743362,-0.00013000179,-0.000121324825,-9.200552e-05,3.3124943e-05
T215_EGFP,-3.0988842e-05,0.00016026577,0.00011884367,2.1974876e-05,0.00015227382,0.000116574985,-1.4757819e-05,0.000107095446,-7.634876e-05,-4.6870704e-05,-7.2804985e-05,-5.3159056e-05,0.0002509111,1.3439633e-05,0.0001716939,-1.3738841e-05,2.1634338e-05,0.000169604,1.1814751e-05,-1.8763261e-05,5.8525497e-05,9.129976e-05,-1.1726785e-07,4.618786e-05,-3.5952373e-05,-3.6650938e-05,-0.0002226651,0.00011446042,1.9748184e-06,7.964917e-05,3.2949403e-05,8.664339e-05,0.0001856078,-0.00016121176,-0.00012255901,0.00021073438,4.3187945e-05,-4.4904527e-06,-1.036427e-05,7.9756115e-05,-8.8370034e-05,0.000325339,-0.00012045678,-3.475649e-05,-1.4179421e-05,-4.7183155e-05,0.0002050077,-6.4689695e-05,7.6046534e-05,3.850759e-05
T134_EGFP,-7.9729885e-05,8.064758e-05,2.7200536e-05,8.370462e-05,0.00012357847,-0.00011677525,-5.3486445e-05,-5.3428168e-05,0.00017474357,0.00028859614,4.451873e-05,9.243802e-06,-0.00014177278,-4.336456e-05,0.0001434307,-7.572583e-05,0.00010076014,2.3933837e-05,6.871225e-05,-0.00013219069,0.00011917353,-0.0001974238,-1.2414614e-05,-0.00011534217,9.71081e-05,-2.1293528e-05,5.31979e-05,0.0001911678,-0.00011356469,1.8989598e-05,-9.793419e-05,2.8003456e-05,4.289131e-05,0.00016865243,0.00012185574,-0.00032890326,-0.00011508403,-0.00016143876,3.470161e-05,0.00030719768,0.00016986062,5.8581372e-05,0.00016506157,4.7280482e-05,-4.5906236e-05,-8.8819055e-05,1.310654e-05,-5.8289534e-05,-5.5673383e-05,0.00011268875
T203_EGFP,0.00016112936,0.00012026877,6.568242e-05,-0.0001403443,7.594609e-05,0.0003535129,6.7989866e-05,6.639925e-05,-8.581667e-05,1.23425325e-05,-1.1835619e-05,0.00015900303,3.474274e-05,-8.258715e-05,0.00011264439,-3.8085844e-05,0.00014193704,2.210245e-05,-4.6727873e-05,7.881432e-05,0.00021736369,-9.282548e-05,0.00011024195,0.00014680592,0.00012495554,0.000101361504,7.177154e-05,-4.2576477e-05,0.00022036927,0.00011319531,0.00015298271,-9.518439e-05,7.3879346e-05,-3.567854e-05,0.00012613773,0.00023667104,0.00011542167,-9.6405565e-05,-0.00011059139,6.696357e-05,-7.070843e-06,-5.747024e-05,2.4535102e-05,-5.7665802e-05,-5.340139e-05,7.4867e-05,9.019481e-09,-0.00012344393,0.00020126627,1.9015913e-05
T265_EGFP,-4.758382e-05,8.941867e-05,5.7074383e-05,0.0002494504,4.366025e-05,6.517876e-05,0.00019668553,4.6605128e-05,-9.325528e-05,0.00015925633,6.7616966e-05,0.00021690968,2.211104e-05,0.00011623904,-0.0001142965,4.9635477e-05,0.00016297298,0.00022793772,8.176334e-05,-0.000109468434,0.00019157447,0.00014020254,5.4324837e-06,2.7013937e-05,-1.8942797e-05,-2.8843031e-05,4.1196825e-05,0.00017785336,9.59075e-05,-1.3984055e-05,-3.536829e-05,-0.00016298004,8.5900596e-05,0.00020096211,-6.608245e-05,0.0001353151,6.096545e-05,0.00018788145,0.00014450582,9.249434e-05,-4.7678557e-05,9.3837174e-05,-0.00011978978,-4.4095512e-05,4.607189e-05,6.0002794e-06,1.6926244e-05,0.00010833835,4.371242e-05,2.1452837e-05
T618_EGFP,0.00016741366,0.00017075337,3.0575484e-05,-0.00013186305,0.00014336388,-9.466469e-05,0.00020815693,-3.82938e-05,-2.5381774e-05,8.0967203e-07,8.921428e-05,-6.8575224e-05,8.778879e-05,3.7087495e-05,4.0078987e-05,8.406913e-05,9.825231e-05,-2.9572153e-05,0.000121220255,6.693108e-05,7.662298e-05,-3.392686e-05,0.0003162594,0.0001329981,8.6383334e-05,-0.0004090902,-7.090876e-05,4.1127325e-05,1.5197511e-05,5.2612224e-05,0.00017530385,7.8848556e-05,-1.9660369e-05,-4.6376965e-05,9.4049276e-05,2.4962343e-05,2.6912485e-05,-8.016195e-06,0.00017279718,-7.416863e-05,0.00013865854,3.6611298e-05,3.2974334e-05,6.8405694e-05,0.00018192474,7.3476776e-06,4.224572e-05,1.17939835e-05,0.00025940983,-8.897987e-05
T59_EGFP,-6.359317e-05,-8.428703e-05,0.00019494911,9.1244416e-05,-8.608531e-05,-0.00011532853,-0.00013290824,-6.40951e-05,-0.00012755283,6.9562295e-05,4.7209993e-05,4.708797e-05,-3.6985457e-05,-4.130491e-05,-8.8406785e-05,8.221988e-05,-2.6882037e-05,0.0001829962,0.00018103159,-6.545956e-05,3.248487e-05,-6.5994456e-05,-6.907513e-05,-1.0410816e-05,4.8170856e-05,0.00024490777,-6.924841e-05,1.0641514e-05,0.00022636745,-0.00016084532,-8.805849e-05,8.473394e-05,-0.00012330979,7.4147945e-05,-5.914461e-05,9.817342e-05,3.2493695e-05,3.762205e-06,-5.632037e-05,0.00013186852,1.832755e-05,7.766991e-05,-5.2807798e-05,5.5610722e-05,0.00015031853,2.3191533e-05,0.0001605088,0.000106306696,4.99968e-06,0.00027991712
T681_EGFP,0.00021759566,-2.518485e-05,-6.143345e-05,-0.00018190216,1.6139473e-05,5.5768967e-05,1.0167816e-05,-0.00019856529,0.00017327622,3.5581802e-06,0.00010726235,8.072981e-05,-3.683171e-05,-7.15034e-05,3.356167e-05,0.000112802576,-5.0421644e-05,4.1971176e-05,-0.00014654548,-0.00015639194,9.385098e-05,3.4751243e-05,0.00011262364,7.4684605e-05,0.0001189179,0.00012881431,0.00010733052,5.966408e-05,8.645508e-05,0.00012717285,0.00022189527,2.3333883e-05,-7.344591e-05,-6.453729e-05,-1.0750145e-05,-7.778773e-05,0.00013531254,5.9077796e-05,1.5503285e-05,-2.457556e-05,-3.3453467e-05,3.7057536e-05,3.8964812e-05,9.355641e-06,-1.1643406e-05,-3.349935e-05,7.219898e-05,1.982056e-05,9.282289e-05,0.00010294102
T51_EGFP,-6.812696e-05,-9.544757e-05,9.84805e-05,-0.00021634682,7.902654e-05,-3.7745307e-05,-0.00011010758,3.4675944e-05,5.459937e-05,0.00012590994,4.036063e-05,8.691544e-05,6.823201e-05,0.00018009222,-0.00011477863,-1.6716018e-06,0.00014086415,-0.00012885159,0.0001401376,-3.9411367e-05,3.5445323e-06,-3.660598e-06,-6.340171e-05,-4.5913926e-06,-1.7200731e-05,1.580792e-05,-8.780797e-06,8.579773e-05,-6.647718e-05,-4.3139255e-05,6.1475665e-05,3.4667715e-05,-4.8878966e-05,-1.2668634e-06,0.00026678797,4.6800847e-06,7.883395e-05,0.00017483036,1.01536325e-05,1.6606069e-05,2.0852414e-05,0.00015882446,-9.285202e-05,0.00012840857,-0.00015711969,5.874999e-05,-3.1893344e-06,0.000114669565,5.1934007e-06,-1.00344505e-05
T186_EGFP,1.2773781e-05,-0.00013230217,0.000120249744,-0.000112184964,4.7269506e-05,-0.0001009847,0.00017870602,0.00021738747,9.304125e-05,-2.2493106e-05,0.00010692918,-2.9599096e-05,-1.1283595e-05,5.4372395e-05,9.16665e-05,3.5412006e-05,-0.00017001656,5.7778892e-05,5.738431e-06,0.00016319554,3.7249178e-05,-0.00010809749,0.0001348483,-5.1709132e-05,0.000106377105,8.70123e-05,-5.0073024e-05,0.00018624097,6.521669e-05,7.831386e-06,-2.4264344e-05,0.00018526199,0.00021558456,-0.00011498114,0.00015137877,0.00020054197,6.862954e-05,0.00017686968,-3.401117e-05,0.00013154464,0.00013293965,-6.816221e-07,-4.1294985e-05,-2.3410823e-05,4.9121634e-05,-8.850737e-05,8.6230095e-05,-9.681808e-05,-3.1868087e-05,-8.345255e-05
T130_EGFP,0.00017354934,-8.499307e-05,0.00028136242,3.0656804e-05,-3.6419086e-05,6.1258975e-06,5.2812396e-05,7.873801e-05,0.0001003188,0.00018592825,0.0002153133,9.728111e-05,4.4056746e-06,8.0132006e-05,8.805424e-05,-0.00017907277,6.595786e-05,0.000109641245,7.9429396e-05,3.111374e-05,-8.1991464e-05,0.0001904188,7.444578e-05,2.750718e-05,4.0602416e-05,6.084401e-05,0.00019654693,7.515852e-05,-4.2982927e-05,-3.7454265e-05,4.933355e-05,7.1212453e-06,0.00014080855,0.00023957614,0.00010238533,-3.631412e-05,-0.00011734883,-1.5629865e-05,7.7495664e-05,7.347748e-05,-3.4820496e-06,0.000186566,-6.2276886e-05,0.00021949151,-0.000121172954,0.00023010351,-0.00011893679,0.00016212306,-8.068757e-05,-2.6790765e-05
T410_EGFP,-8.529456e-05,0.00017852506,0.0001219178,-8.087317e-06,6.702552e-05,9.4489675e-05,-6.1023225e-06,0.00017520062,7.0004e-05,0.00010766967,9.420108e-05,7.773219e-05,0.00011154516,-8.180809e-05,5.946251e-05,8.7486216e-05,-9.248275e-05,2.494021e-06,-2.2313359e-06,7.144234e-05,6.925926e-05,-0.00013710701,6.9596776e-05,-3.4953206e-05,0.00013481117,9.529487e-06,5.5137123e-05,5.214112e-05,8.977408e-05,-4.728112e-05,-3.359686e-05,-0.0001146247,-2.0729687e-05,0.00019828959,5.8665257e-05,0.00011151002,3.728873e-05,0.00023600008,-0.00019294482,3.0059825e-06,-8.887597e-05,0.00010623932,-7.175138e-05,0.00018421993,5.2830543e-05,-8.886575e-05,0.00028885086,0.00011160052,-3.99787e-05,0.00012535875
T179_EGFP,3.5131652e-05,2.5050955e-05,3.619849e-05,0.00018734184,0.0001472686,6.8384514e-05,0.00017696689,0.00017021355,-0.000120363184,7.0334296e-05,0.00013470814,8.4034866e-05,0.00014541145,3.377434e-05,-1.9020817e-05,-6.845918e-05,0.00010677082,5.1835123e-05,0.0001083326,1.6789665e-05,2.3398321e-05,-6.018536e-05,2.0966847e-05,0.00018685694,-1.8049179e-06,-0.00016409133,5.557351e-05,-5.7816458e-05,0.00027181604,-7.604295e-05,7.6751145e-05,-8.198259e-05,-0.00015743826,-0.000115947936,-1.7857112e-05,6.4133455e-05,-8.7697335e-05,9.753772e-05,7.074615e-05,1.7128976e-05,0.0001911647,2.1647134e-05,-4.8368493e-05,-4.803684e-05,7.318898e-05,7.002521e-05,0.00014314674,3.492036e-05,4.724294e-05,-0.00012191016
T484_EGFP,7.156031e-05,0.00013097771,1.7273762e-05,-7.6892116e-05,0.00010315096,0.00020672931,0.00019988774,4.335171e-05,-2.3944309e-05,6.8332425e-05,-4.904885e-05,-0.00022727056,-5.2595697e-05,0.00016338888,3.3182983e-05,6.486218e-06,0.00012134971,8.4717496e-05,5.7413225e-05,3.6273505e-05,0.00018630417,2.296782e-05,-4.4152534e-05,0.00014821734,0.00011060153,4.6422912e-05,0.0001718226,-1.9909783e-05,0.00021237649,0.00020530721,2.1604497e-05,-5.88653e-05,-7.134413e-05,-0.00011135208,-3.8089333e-05,-7.0798037e-06,0.000100681995,0.00010048213,0.00021828942,1.401222e-05,2.8245091e-05,2.4783625e-05,0.00039240098,0.00014100502,0.0001840231,-0.00023442741,1.2606043e-05,0.00019045836,0.000121450386,2.1588714e-05
T500_EGFP,0.0001815345,0.000108830915,5.2671945e-05,-7.398031e-05,2.451871e-05,0.00012690782,2.2243737e-05,0.00015339612,-1.8189794e-05,0.000119338176,-7.478189e-05,-0.00013711775,0.0001618081,-0.00021014815,7.853211e-06,-3.2948832e-05,-3.1917407e-05,9.646385e-05,0.00012607957,-6.527278e-05,0.00013105231,2.3958579e-05,-1.6538033e-05,0.00019297523,0.00015166383,0.0001461036,-7.730767e-06,0.00018645488,-4.4745593e-05,-7.345971e-05,0.00010536961,-0.00016183984,7.7637094e-05,6.901135e-05,0.000117639924,-0.000109770146,-2.8933002e-06,-0.00021630083,0.00021639756,-1.3863732e-05,4.9716895e-05,-4.825802e-05,-5.2201893e-05,3.440931e-05,-4.447992e-05,-7.308285e-05,-2.405629e-05,0.00021259316,4.5635916e-05,-0.000104230785
T240_EGFP,-1.567662e-05,8.593009e-05,6.8622758e-06,4.286958e-05,-4.2155138e-05,9.009321e-05,3.1035106e-05,6.99093e-05,0.0002464729,1.0871329e-05,-5.239734e-05,0.0001148002,-0.0001698946,0.00014914206,0.00015107883,-5.8359576e-05,3.7352638e-05,3.9805524e-05,2.8448803e-05,0.00014007412,-0.00010351874,0.00016908043,-6.0438928e-05,-2.2257968e-06,-1.8393916e-05,-0.00025327277,1.1152944e-05,0.0001779814,-8.0252255e-05,-0.000100182326,8.603529e-05,-1.0873371e-05,9.090951e-05,0.00010728945,0.00013030984,4.0006486e-05,-7.03569e-05,-2.3538745e-05,1.1661129e-05,7.346973e-05,-0.00011698382,0.00018945061,5.06512e-05,0.00015888464,5.835483e-06,2.2028196e-05,1.7036507e-05,2.1848027e-05,7.393419e-05,6.41108e-05
T687_EGFP,0.00019509964,6.203661e-05,-2.946863e-05,3.8912727e-05,0.00025613338,0.00024635036,-6.891728e-05,-8.177898e-05,4.9904487e-05,2.3243185e-05,6.398456e-06,-6.869235e-05,7.9565456e-05,-3.041312e-05,0.00012128208,4.1313917e-05,-0.000116720024,1.3221825e-07,0.00027117616,-6.1482926e-05,0.00010519905,-2.0601514e-05,4.6338555e-05,-0.00017079871,0.00013643548,-6.488036e-05,-0.00010228282,8.4734194e-05,7.439596e-05,-0.0001443523,2.9902814e-05,2.7806309e-05,2.2348715e-05,4.8021262e-05,4.633287e-05,-1.6880158e-06,3.57631e-05,-3.6628673e-05,5.0793253e-05,9.164916e-05,0.00011653409,4.1345575e-05,7.958241e-05,-9.5747055e-05,2.289125e-05,0.00010564559,-4.5425113e-05,7.668115e-05,-0.00018177752,-0.00014354446
T567_EGFP,5.612753e-05,6.052018e-05,0.000106877495,-0.000162478,0.00013156103,-0.00018262262,-0.00011443144,-0.00010537117,9.381941e-05,0.00011955085,2.6851278e-05,-9.1215436e-05,2.1486308e-05,-8.862333e-05,0.000116238516,8.449439e-05,-0.00011617391,-8.925891e-05,-7.461649e-05,0.00020585368,2.9287194e-05,-0.00012839986,0.00013109969,6.1189494e-05,1.1765185e-05,0.000108527674,-5.8686965e-05,-0.0001922375,-5.820942e-05,7.30862e-05,0.0001129914,-3.0093084e-05,-0.00016876124,8.375079e-05,0.00010847502,0.00017108257,0.00021377103,-3.7196874e-05,6.398013e-05,2.8887063e-05,-7.476865e-05,0.00017971068,8.2811355e-05,0.000152517,5.72015e-06,-7.535779e-05,0.00012034909,-0.0001355308,1.1238364e-05,0.00017778316
T300_EGFP,0.00025067193,-0.00021166954,0.00025476198,0.00011151664,0.00018028164,0.00010407074,3.04005e-05,3.1208434e-05,5.1774885e-05,-6.0453745e-05,-8.8086155e-05,0.00026216145,-1.7713343e-06,-1.1071852e-05,4.1753297e-05,9.5518466e-05,0.00016840885,0.00010656468,6.943104e-05,-8.398045e-05,-3.0284253e-05,0.00010604421,0.00012593338,0.000105140774,0.00019640355,-0.00015899958,8.56976e-05,-0.00012324077,-8.0364916e-05,-0.00014573139,9.3684066e-05,7.2449206e-05,-5.5876237e-05,7.959635e-05,-8.842818e-05,0.000192572,6.510466e-05,-1.9053332e-05,7.076031e-05,0.00012243124,-5.714347e-05,1.2731735e-05,0.00018337238,1.010447e-05,-0.000121656594,1.5482053e-06,-2.1990802e-05,-4.3311025e-05,-0.00014607525,0.00013921098
T31_EGFP,-1.507029e-05,-0.00012605295,-9.669327e-05,0.00012815204,-6.0960792e-05,0.000103077204,-0.0001235919,9.292987e-05,7.217459e-05,0.00012552757,-4.5203727e-05,-0.000102015234,-2.2614238e-05,0.00015194042,9.902007e-05,-1.973671e-05,0.00013096171,8.6289794e-05,1.9577219e-05,-3.663582e-05,8.192755e-05,-2.9220967e-06,-1.2925469e-05,-0.00022168363,8.482895e-05,0.0002620886,3.2493972e-05,0.000111432906,0.00012755288,4.629093e-05,5.182383e-05,0.00017079504,-1.2976688e-05,-8.83696e-06,3.7142454e-05,1.2383082e-05,0.00011757184,0.0002243896,9.602292e-05,0.00010768265,0.00017536487,-8.913296e-05,-8.395798e-05,-9.5057265e-05,7.1788105e-05,-0.0002318302,-0.00018923516,0.0002171549,0.0002892238,6.916644e-05
T530_EGFP,0.00012007751,8.2925784e-05,9.9377525e-05,-5.0288152e-05,0.00012318931,-9.940366e-05,-4.414411e-05,0.00021906666,0.00023806636,6.640381e-05,-0.00016381034,0.00018738775,-0.0001360478,-2.9884026e-05,-0.00015795995,-0.00017196893,-8.17204e-06,-0.00015188304,2.9770443e-05,-0.00023022607,1.9132716e-05,-0.00012813185,1.7568254e-05,-0.00012482613,2.3617959e-05,0.00028236132,-2.6609487e-05,4.879765e-06,-0.00018202941,3.5976365e-05,-8.444957e-07,1.3588927e-05,0.00015777317,-0.00014079285,3.0556173e-05,-0.00013083976,-4.7538462e-05,0.00013843659,-8.395374e-05,0.00015814055,2.6890884e-05,-4.0824496e-05,2.5861355e-05,4.7672518e-05,0.00022876616,6.536107e-05,6.17912e-05,-0.00016562067,8.188423e-05,-2.0802347e-05
T23_EGFP,-2.7069607e-05,9.825224e-05,0.00012655547,0.00013570102,0.000118378695,-9.1391026e-05,0.00013855573,-4.564643e-05,3.4458488e-05,-8.707173e-05,-2.3019064e-05,7.4740485e-05,-6.7586334e-05,-4.1039933e-05,-1.4935943e-05,0.00023633767,0.00018075391,-2.7073133e-05,6.351529e-06,-0.00013180864,0.00021750583,-3.483556e-05,-4.0366926e-05,0.00014514175,0.00016206934,0.00010105012,-8.971367e-05,5.6638357e-05,-6.4075466e-05,-9.77167e-05,-0.00022822147,0.00012242573,-9.065537e-05,6.2404026e-05,0.00014255491,0.00025098637,-8.682619e-05,-4.2378684e-05,-8.539157e-05,-8.897731e-05,7.6082215e-05,-5.2514668e-05,0.0001628212,9.2790004e-05,2.5102585e-05,3.970608e-05,-3.0378328e-07,-8.25595e-05,2.0406784e-05,0.00016194384
T645_EGFP,0.00017067244,0.0001221996,3.205101e-05,-0.00010330494,0.00020371561,6.217514e-05,-9.583276e-05,-7.622238e-05,-4.20176e-05,4.8684647e-05,0.00022463559,0.0002007799,-0.00013384747,0.00013946371,0.00011449207,1.2302255e-05,0.00012436887,2.4408468e-05,-5.218755e-05,-4.6301244e-05,-4.738322e-05,4.6668927e-05,-0.00015875376,0.0001654509,1.9823652e-05,7.5101907e-06,-0.00021964133,0.000103505205,-4.7168855e-05,-7.929814e-05,1.9727186e-05,0.00013633995,0.00022655999,-0.00013765242,4.3388016e-05,-4.6901714e-05,-6.495589e-05,8.562085e-05,0.00019226453,3.6507201e-06,-5.1505005e-05,9.0894006e-05,0.00022205077,-4.7619014e-05,-5.724403e-05,-1.1266813e-05,-3.349243e-05,6.868225e-05,9.809124e-05,-1.0307101e-05
T657_EGFP,0.00022195987,-3.2180244e-05,9.44444e-05,1.4101191e-05,0.00017097249,0.00012896273,-4.995054e-07,0.00023332547,0.00010255818,4.040138e-05,-6.70888e-05,-8.349571e-05,0.000105733205,0.00029089343,-0.0001821138,0.00017403148,-5.1355593e-05,-8.8483335e-05,1.2232109e-05,2.1971446e-05,1.9791714e-05,0.000195964,8.044563e-05,1.808118e-05,0.000184116,2.8728452e-06,0.00013475143,-1.8329987e-05,1.6300975e-05,9.576397e-05,-9.638087e-05,-2.214525e-05,0.00014867178,0.00010734222,-1.3378032e-05,2.413954e-05,-7.0961454e-05,6.1072005e-06,-0.00012303007,-1.7404e-05,0.000104401945,2.400812e-05,2.3424202e-05,0.0001175713,-1.684143e-06,3.354442e-05,3.9053693e-06,3.523632e-05,3.1718777e-05,3.021073e-05
T617_EGFP,0.00016481227,-0.00011414988,6.1600906e-05,-6.519202e-05,-8.588402e-06,-0.0001963414,-0.00015078823,6.236157e-05,8.321684e-05,-6.419808e-05,2.22776e-05,0.00013094881,-6.155122e-05,-5.4705866e-05,6.839279e-05,0.00012625076,5.4902306e-05,8.140296e-05,-8.97176e-05,0.00014989635,1.9623356e-05,0.00010407322,0.00030913652,0.0002368885,6.4331616e-05,-0.00033518244,-6.1986226e-05,8.542097e-05,-1.7317509e-05,1.1459429e-05,6.178653e-05,-9.764633e-05,-0.00013974146,5.6565797e-05,4.4931727e-05,6.6186825e-05,-7.001852e-05,0.000118598924,-0.00015231661,-4.407347e-05,-8.1441154e-05,-5.0950784e-05,9.7717464e-05,-0.00014717405,-7.611043e-05,-4.586062e-06,-0.00020684529,6.779363e-05,-0.00014765628,-2.8842724e-05
T452_EGFP,-3.3113454e-05,0.00011076318,6.285885e-05,4.376383e-05,3.669276e-05,0.000106282154,0.00019680991,-5.970334e-05,0.00014039857,-9.217685e-05,6.802552e-05,4.511836e-06,1.608405e-05,5.4924935e-06,0.00019559875,-1.5541362e-05,0.00014708078,0.0001504688,8.8052686e-05,4.649146e-05,0.00015389622,1.6268826e-09,-7.9874284e-05,0.00016272337,8.243313e-05,-4.1370655e-05,-3.999264e-05,-0.0001062404,0.00013071489,5.871917e-05,-3.5046447e-05,5.0725554e-05,3.1828502e-05,4.1990636e-05,0.00021077345,-1.0312662e-05,-5.838415e-05,0.00013685378,-4.67531e-05,-0.0002678085,0.00016684564,3.707909e-05,9.73168e-05,-0.00013191946,6.816468e-05,-0.00010003921,-5.290681e-05,7.129911e-05,-1.9082278e-05,-0.000115982475
T593_EGFP,-5.9456984e-06,0.00019804614,1.8908715e-05,-1.1787548e-05,3.502928e-05,7.589793e-05,-7.589277e-07,-0.00015148635,0.00015408322,8.8053115e-05,8.994525e-05,0.00011737826,0.00020096295,3.739292e-05,-3.242523e-05,2.3087492e-05,-5.625538e-05,-8.409987e-05,-0.00014683086,7.315841e-05,4.096237e-05,-0.00013206662,-3.1096417e-05,0.00015877098,2.5637983e-05,-6.489856e-07,0.00018543642,0.00019367528,2.1670461e-05,5.7982394e-05,0.00010536086,0.00016164739,-3.395304e-05,6.8327405e-05,9.80126e-05,3.190847e-05,6.8512316e-05,-0.00017339388,7.516939e-05,-0.00015316729,1.1503526e-05,6.4228356e-05,4.270329e-05,-3.175108e-05,-8.571427e-05,0.00011568743,0.00013920461,-4.055811e-05,0.00017735158,8.264015e-05
T154_EGFP,-5.3383726e-05,0.00020601705,9.050019e-05,2.9187751e-05,8.630554e-06,-4.9228307e-05,-5.0681642e-06,0.0002921258,7.266869e-05,-1.5004584e-05,7.925109e-05,-6.9531234e-05,-3.380677e-05,-0.00010752223,9.6490745e-05,5.8854195e-05,5.745543e-05,9.12679e-05,3.2422744e-05,2.2859263e-05,8.332605e-05,-2.5953002e-05,1.610011e-05,-2.1607246e-05,0.0001322622,0.00017416645,4.1051528e-05,0.0001108339,8.553883e-05,0.00019810164,0.00010706771,0.00018762486,0.00015643313,7.327819e-06,0.00023782301,-3.3532478e-06,9.6703385e-05,-5.5254823e-05,-0.00016564652,9.847729e-05,-0.00016792734,3.2592692e-05,-3.7268863e-05,-3.625221e-05,8.368245e-05,1.4476713e-05,0.00019009468,0.00019447718,3.367244e-05,-3.8905164e-06
T37_EGFP,-1.7929497e-06,-8.786056e-05,-0.00012198548,-7.9264275e-05,4.8531474e-05,6.186817e-05,2.6761245e-05,-0.00011395779,0.00012975246,-0.0001949949,-8.47538e-05,-0.00012708733,4.979132e-06,-1.9008898e-05,2.7286018e-05,6.436208e-05,4.7069225e-05,9.7656215e-05,-5.3878877e-05,0.00025700376,0.0001394952,2.5211919e-05,-0.00014429349,-0.00011547055,7.6968165e-05,-2.607504e-05,2.0701795e-05,9.471121e-05,-7.564769e-05,0.00014034231,7.68307e-05,5.1248626e-05,1.2997089e-05,0.00018352669,-1.9837184e-05,-3.5796197e-06,7.214118e-05,0.00018403435,0.00014719229,0.00012053856,5.033635e-05,0.0002003475,2.7023376e-05,8.995904e-05,-2.2930015e-05,6.566815e-05,0.00018768874,0.00012719186,0.00012867436,-3.282047e-05
T131_EGFP,-4.2260523e-05,-0.00019679003,-7.0245114e-05,1.6391785e-05,6.973833e-05,-7.175721e-05,0.00016356588,9.12683e-05,0.00014327264,0.00018165694,-2.5768319e-05,3.3981883e-05,0.00015583924,0.00014744594,0.00018735645,-3.077567e-05,3.556337e-05,0.00020542362,8.2522834e-05,-2.6093712e-05,-0.00010047324,0.00014699029,-0.00013966003,4.610278e-05,6.5774264e-05,0.00013259311,-3.854247e-05,-2.8915574e-05,-3.893767e-05,-5.868722e-05,5.0229166e-05,0.00016292333,0.00015404711,0.0001841846,-0.00010032935,0.00013216231,3.1270722e-06,-0.00013362999,1.2805932e-05,-0.00010030969,0.00012320533,-0.00017003041,6.239688e-05,6.317117e-05,-0.00012659607,-0.00016730494,1.6980895e-05,0.00021575858,0.0002622603,-2.553386e-05
T101_EGFP,3.7498226e-05,6.264315e-05,-0.000108077955,-0.00010782975,0.00012322998,0.000104549625,0.00017951436,0.00012914957,0.0001323781,2.402542e-05,-6.881635e-05,-0.000286056,-6.1024326e-05,0.00016401854,-1.6499134e-05,-9.616239e-07,0.00017659976,-7.9440484e-05,8.801834e-05,0.00024228176,-1.2642689e-05,-8.6007285e-06,0.00012045444,7.884208e-05,8.7721404e-05,0.0001376669,3.6006128e-05,4.349103e-05,-4.5903078e-05,-5.953188e-05,1.773906e-05,0.000337885,0.00014169149,8.51391e-05,-0.000114449176,-2.0819854e-05,-3.1241027e-06,0.00010375288,0.000117905314,4.3440534e-05,-0.00010197837,-7.5309676e-05,0.00016815045,0.00011804357,0.00023856958,-0.00017959443,0.0001359744,4.0800445e-05,-3.248157e-05,7.7811404e-05
T53_EGFP,-5.2131367e-05,0.000105243635,0.00019645269,0.00010007764,7.606487e-05,0.000184649,1.5481774e-05,2.9675552e-05,-4.496569e-05,-7.200324e-05,-1.7015539e-06,2.6522812e-05,9.339802e-05,0.00017156755,8.426068e-05,0.00013216886,-8.255827e-05,-7.597395e-05,-0.00011946927,-0.00010203556,-6.603162e-05,-3.967062e-05,-2.2178814e-05,1.714257e-05,2.0255276e-05,-4.7357138e-05,0.00010431488,-5.6838444e-06,0.00013407382,2.5926569e-05,7.5625203e-06,0.000102825994,-0.0001013093,0.00016021218,4.443735e-05,1.14904415e-05,7.903537e-05,0.000175764,-9.8461205e-05,4.258768e-05,0.00022243071,3.5386787e-05,0.00011910387,-2.7842536e-05,-0.00014378894,0.00010066134,7.792628e-05,8.007102e-06,-7.2558755e-06,-6.259763e-05
T698_EGFP,1.9406e-05,-0.000109051616,0.00017856181,4.4170745e-05,-8.639333e-07,-3.4908477e-05,1.0996941e-05,7.790519e-05,0.00024389823,0.00012525014,7.590963e-05,-0.00013885689,6.568714e-05,9.5017356e-05,1.9705081e-05,0.0002213946,5.332733e-05,6.961349e-06,0.00013970924,0.00022300544,-2.5995305e-05,-0.00012471742,-9.997124e-05,0.00015365034,-6.77465e-05,8.7575445e-06,0.00012418692,-3.113643e-05,-0.00012795352,-0.00027750575,5.1946763e-06,5.0141814e-05,5.4526517e-05,-2.5319607e-05,-9.077435e-05,2.393901e-05,5.6159308e-05,0.00017909157,-5.8475503e-05,0.00017025901,-0.00017619636,5.1685187e-05,-4.707102e-05,-8.030108e-06,-0.00010951183,0.00012781358,-0.00019340093,0.00023358087,0.00011897715,-5.691718e-05
T136_EGFP,-2.6094152e-05,6.349199e-05,5.741596e-05,-0.00019807526,-0.00027769638,-1.1596963e-05,0.00015561988,-0.00018241063,8.4818224e-05,-2.8268534e-05,-2.9615616e-05,5.2184474e-05,4.9982733e-05,-7.6722805e-05,-0.00014903421,1.2222347e-05,0.00011239508,-0.00010649706,-0.0001375026,-3.3694846e-06,3.191761e-05,2.6080088e-05,4.2477208e-05,8.722256e-05,0.00014902347,-0.00020778662,4.43636e-05,3.471064e-05,0.000263143,8.8281864e-05,0.00020114945,-0.00018384958,-2.6845844e-05,0.00015058956,8.015032e-05,6.646157e-05,-7.8699464e-05,8.826455e-06,2.7252647e-05,-2.4441755e-05,0.00023399353,4.3033415e-05,4.8112295e-05,0.00014642485,0.00014889994,-9.159711e-05,0.000108973625,-4.485912e-05,6.759287e-05,4.16899e-05
T489_EGFP,4.3519176e-05,0.00012996372,-1.5136649e-05,2.4366196e-05,-4.008344e-05,-2.5505018e-05,0.00021607665,0.00021414633,-9.7950715e-06,-5.524164e-05,0.00012441489,-0.00016364688,0.00016862675,4.5196968e-05,0.00015440235,-0.00023491512,-2.3063338e-05,-1.6896638e-05,5.6966906e-05,-7.510522e-05,-3.6867546e-05,0.00010838009,6.413485e-05,4.6432215e-06,-0.000113770846,-0.00010504336,7.119582e-05,0.0002035757,-4.929816e-06,-0.000110722314,-3.5276857e-06,2.8281826e-05,-0.00016516191,4.6902893e-05,-1.8011817e-05,9.9518336e-05,9.841883e-05,4.8474707e-05,-0.00012161072,9.53849e-05,-0.00012868791,0.00027188854,0.0001638383,-0.00014134128,0.00011127372,0.00012560858,8.728938e-05,-7.933534e-05,0.00012965927,5.7461242e-05
T354_EGFP,5.383928e-05,0.000132068,-5.993778e-05,0.00010102189,5.068814e-05,-0.0001341804,0.00012468088,9.814059e-06,-0.0002943752,7.082389e-05,-0.000100771045,-2.2763557e-05,-3.711242e-05,5.5025375e-05,0.00014122966,-7.8000405e-05,-2.1303673e-05,9.067607e-05,-0.0001722124,-2.9883982e-05,-0.00011893762,-8.797529e-05,0.00015022421,0.00018857338,0.00016260144,0.0002013466,-2.7419195e-05,1.9059129e-05,0.00014468151,-7.3657895e-05,5.8380938e-05,5.29724e-06,0.00017186192,-7.537144e-05,-4.1122596e-05,0.00016920794,-6.38079e-05,0.00014933113,0.00010894611,4.5512315e-05,0.00023259954,0.00020212059,-1.1668702e-05,3.6013058e-05,4.153549e-05,-0.00018683483,-4.2762367e-05,-2.8576122e-05,-0.000106985426,7.941592e-05
T632_EGFP,0.00022793813,0.00011813382,0.00014087041,-1.905237e-05,0.00010980371,-3.8393497e-05,7.6302334e-05,-2.333898e-05,8.6185144e-05,0.0001654073,8.9700676e-05,0.00015367146,-4.965533e-05,0.00020286383,5.7235844e-05,7.694023e-06,-8.543117e-06,-3.5084329e-06,2.4920133e-05,5.1724863e-05,5.4253713e-05,0.00014234612,0.00014688133,0.00017805088,5.713053e-05,-3.400633e-05,-0.00019635157,5.5789755e-05,-0.0002062255,2.3870618e-05,8.531989e-05,-7.5392934e-05,2.456889e-05,4.0663836e-05,0.00011312588,-4.497219e-05,1.0819125e-05,-6.8265274e-07,9.625177e-05,1.5415697e-05,7.0011856e-06,-4.8095294e-06,-3.8240287e-06,1.1421058e-05,-0.0002382766,0.00011809659,3.397007e-05,0.00012428599,-0.0001430283,-0.0002225143
T516_EGFP,0.00010029251,7.637148e-05,-0.00014085328,1.5656486e-05,0.000121424906,-4.3374825e-05,-8.676513e-06,0.00017785816,-1.6421054e-05,-0.00016761845,-9.897643e-06,-7.5374106e-07,0.00014575655,-3.5382687e-05,-0.00015615638,-5.663375e-05,0.00017249116,-4.5014887e-05,-6.5098335e-05,-2.1593472e-05,9.951734e-05,0.00012527313,0.00011847965,8.822754e-06,6.0088278e-05,8.70277e-05,0.00021342588,9.064083e-05,0.0002778623,8.4526786e-05,0.00010437466,2.9778164e-05,8.852627e-05,3.689571e-05,4.1153464e-05,-4.565983e-05,-1.2087018e-05,0.00011928359,-2.6976932e-05,0.00016970938,0.00019243566,9.096195e-05,0.0002826973,-0.0001464542,6.5390035e-05,-9.8960765e-05,0.00019989307,3.1867945e-05,2.6953687e-05,1.0046679e-05
T313_EGFP,-0.00022329176,0.000108567874,3.194293e-05,-7.171369e-05,9.676647e-05,-3.7171132e-05,0.00012893518,5.360364e-05,0.00017740733,0.00014058757,0.00012764383,0.00017348984,0.00015964282,-2.170349e-05,-0.0001651356,2.8817114e-05,0.00017459922,5.876937e-05,3.2233762e-05,0.00010773329,0.00012620255,3.203606e-05,-6.008231e-05,6.389227e-05,-0.00013292766,-3.8426606e-05,-6.361433e-05,-0.00018577212,-1.0041714e-05,-8.702674e-05,-0.00012918685,4.563417e-05,9.279979e-05,1.1653061e-05,9.659889e-05,-0.000117333075,0.000101040365,-3.835704e-05,6.229849e-05,-0.00010270057,0.00012942756,5.310042e-05,3.9106217e-05,2.6905498e-05,7.7026425e-06,8.610835e-05,-4.535735e-05,-3.283595e-05,-2.9446353e-05,4.2812084e-05
T35_EGFP,-9.9594e-06,3.6991914e-05,0.00012537456,0.00013532626,8.865357e-05,0.00016685824,-1.5071108e-05,-3.5069737e-05,6.3016437e-06,0.00013040478,0.000111785834,0.0001917553,2.6379903e-05,6.718434e-05,0.00012691373,4.9273993e-05,-6.5742206e-05,0.00011446042,0.00011561162,1.1213115e-05,-8.6623346e-05,-5.4208707e-05,0.00018004856,-3.4965182e-05,0.00011915845,5.419008e-05,-0.00023481167,-0.00017470212,5.9303093e-05,0.0001259765,1.4447935e-05,0.0001509837,5.113963e-06,-5.5938977e-05,0.00012306019,-3.461073e-05,-2.6042715e-05,-2.8616281e-05,0.0001348168,-4.380153e-05,0.000221526,0.00010202338,7.1500355e-05,0.00012020487,-0.00013004096,6.794459e-05,4.6031586e-05,0.00027265496,0.00021368031,0.00015453213
T142_EGFP,5.469133e-05,7.797277e-05,0.00014634457,5.129028e-05,0.00012764086,-5.8902224e-05,-4.5519337e-05,-5.9523525e-05,-0.00021828953,7.818363e-05,-1.2433253e-05,-5.300229e-05,0.00023285885,6.80791e-06,-9.080286e-06,0.00016258858,0.00013434023,4.6043966e-05,-0.00011758994,7.05886e-05,3.8698214e-05,0.00028013668,0.00010943089,9.034895e-05,0.00013231378,-2.1238773e-07,-8.661497e-05,-5.610572e-05,-8.227077e-05,1.8204648e-05,5.351332e-05,4.3109536e-05,0.00017555463,-3.0708296e-05,3.1975964e-05,-7.75993e-05,4.104707e-05,-0.000118901204,0.00031903776,-0.00014152334,4.6613797e-05,-2.1864635e-06,0.00017973655,-0.0002125708,6.3738034e-06,-8.959386e-05,0.00011912959,-9.3744e-05,2.2999104e-05,0.00019212677
T473_EGFP,0.00017739549,0.0002551622,8.826275e-06,0.00010160129,-0.00013591938,0.00017761614,0.00011293979,2.9676186e-05,-2.7394932e-05,0.00022167413,-9.988421e-05,-0.00010010435,-9.000184e-08,-3.2850847e-05,-8.731347e-05,-0.00011672691,5.485386e-05,-4.7132384e-05,-1.0863037e-06,8.19946e-05,5.1585735e-05,2.9020082e-05,2.1149546e-05,-0.00014957404,0.00021538154,-3.2097127e-05,2.9028353e-05,-0.0001813655,-0.00013892404,-1.6112994e-05,-9.361414e-05,0.00022466503,-8.022834e-05,7.516777e-05,0.00016320539,3.3965513e-05,-0.00011446768,4.6974394e-05,-7.183256e-05,0.0004380751,7.810531e-05,9.1208225e-05,1.6261207e-05,0.00025448628,-6.965579e-05,0.00017107849,-0.000114754184,8.1031874e-05,0.00023338647,0.000100158955
T246_EGFP,-0.00016535872,-5.624219e-06,1.3221859e-05,8.412669e-05,-7.303625e-05,-4.2254866e-05,-3.709073e-05,-4.9935992e-05,0.00019027728,7.515465e-05,3.5486468e-05,4.465653e-05,-8.990261e-06,-0.00011829763,-3.8138183e-05,-2.9851306e-05,7.426206e-05,-1.6713157e-05,0.00014467699,-3.5807134e-05,0.00019059936,-3.289058e-05,-6.524224e-06,0.00038438148,-2.2904018e-05,0.00017379431,7.0765505e-05,0.00015907295,5.037563e-05,0.00013116506,-6.0224756e-05,-9.283243e-05,-6.3322545e-06,0.00010194581,8.76038e-05,0.00013230178,-0.000116182426,-7.543858e-05,6.8515925e-05,7.361756e-05,1.3992663e-05,8.973608e-05,-0.0001330525,7.181424e-05,1.87165e-05,-4.9624072e-05,0.00018678546,0.0003215972,3.3120454e-05,2.2726863e-05
T497_EGFP,8.015384e-05,-3.3264896e-05,9.047671e-05,0.0001876666,-1.8101742e-05,4.3684497e-05,-1.117293e-05,-1.50036685e-05,-8.597691e-05,4.6022302e-05,0.00022177563,-1.5583762e-05,8.3109895e-05,0.00012906463,0.00015168235,2.4615532e-05,1.6995109e-05,0.0002087789,0.00013112785,-0.00014018586,0.00011493869,-0.00013146887,-2.8341945e-05,-6.9571826e-05,9.447584e-06,5.643323e-06,-9.993703e-06,4.8640806e-05,-7.731105e-05,-8.1105325e-05,0.00010874378,-3.1811316e-05,-2.7928332e-05,-0.00022204584,4.2081323e-05,0.00023530397,-0.00015892065,1.692447e-05,-5.562865e-05,0.00023957485,9.012545e-05,2.3254268e-05,-1.3193811e-05,0.00017864401,0.000103646256,-0.00019941262,-5.1616014e-05,6.882803e-05,5.0278493e-05,-5.8086192e-05
T177_EGFP,0.0001264042,5.4297623e-05,6.9693626e-05,7.9913276e-05,0.0002734165,-3.6076503e-06,0.00014112229,-6.693508e-05,8.488016e-05,6.5400614e-05,0.00019984844,0.00011407143,3.554429e-05,-0.000107552485,0.00015490866,4.316595e-05,-2.1244397e-05,1.46300345e-05,-2.0495688e-06,3.187644e-05,3.6949517e-05,4.3595232e-06,8.3629275e-05,0.00015479911,0.0001505019,-5.295869e-05,0.00011820594,-0.00010004967,-0.00013869531,-8.127891e-06,-0.00016573431,0.00011323162,0.00011284183,-9.993789e-07,-0.000109374705,0.00019723117,8.221988e-05,0.0001466873,0.00018126951,-5.316347e-05,0.00016535792,-1.3775869e-05,1.950698e-05,-2.6289714e-05,-5.6091965e-05,-2.765335e-05,0.00026730704,4.661521e-05,0.0001464119,-7.734455e-05
T298_EGFP,0.00033718324,-0.00027988525,4.7563077e-05,-4.7986123e-05,3.0442523e-05,0.0001730858,-4.331285e-06,4.8537233e-05,-0.00026107085,0.00014790914,0.00016660902,3.4980163e-05,-0.00022489943,5.3457665e-05,9.9652265e-05,0.00010671703,1.35027285e-05,2.399216e-06,3.3946584e-05,8.820263e-05,-0.00016391935,5.1458424e-05,6.914936e-05,1.2346984e-05,4.4158864e-05,0.00029479407,-0.00016998667,7.556511e-05,0.00014513922,6.494296e-05,-3.6846395e-05,4.2003696e-05,1.1510085e-05,0.0001603871,-0.00015709888,3.6408117e-05,2.8119883e-05,-6.384732e-05,0.00011346809,8.014331e-05,2.3511589e-07,0.00020023152,0.000121009725,2.7884107e-05,-5.605351e-05,4.5368186e-05,7.4573625e-05,0.00016439147,0.00014672488,0.00015304341
T68_EGFP,4.204534e-05,-4.944681e-05,0.000109439694,9.246822e-05,-1.34434e-05,-6.2542575e-05,0.00015468209,-0.00011188779,8.254929e-05,-8.935922e-06,0.00027484412,1.720386e-05,6.759041e-05,8.409512e-05,0.000109099456,-7.738355e-05,0.00012879685,4.512943e-05,2.1327734e-05,0.00016563755,0.00017255275,0.00013771128,0.00032008978,-2.4078789e-05,7.243601e-05,-6.6963016e-06,-5.4512013e-05,-1.7342267e-05,-2.2275424e-05,-0.0001642352,4.6312794e-05,-5.265369e-05,-7.641273e-05,8.1912345e-05,2.1065067e-05,1.614439e-05,9.134956e-05,0.00012390049,3.0274489e-06,2.9355157e-05,7.554278e-06,1.6449667e-05,6.646464e-05,1.2720544e-05,-7.562045e-05,0.00010788213,0.00028049567,-8.6811895e-05,-0.0001022417,0.00016776193
T256_EGFP,-8.45963e-05,-4.695388e-05,2.5991342e-06,2.3883082e-05,0.00022213551,5.951579e-05,5.691781e-05,-2.5582003e-06,9.77147e-05,7.717072e-05,9.237006e-05,-0.00022511683,-1.3512741e-05,0.00015926504,-0.00017595943,4.7544807e-05,8.578191e-05,0.000104842315,0.0002635251,-4.461641e-05,-3.7257727e-05,6.5860455e-05,1.0822398e-05,-1.5780734e-05,-2.0943446e-05,0.00010685991,0.00023773682,0.00011427434,4.301037e-06,0.00018983604,-4.7669124e-05,-9.834787e-05,-8.211084e-05,0.0002846803,-3.936098e-05,-3.1400996e-05,3.952243e-06,8.940238e-05,-6.438951e-05,-1.1717578e-05,-5.9225462e-05,4.9353865e-05,-3.233961e-05,9.7852906e-05,-2.8500668e-05,-5.6550354e-05,0.00014826967,1.8228937e-05,8.7567576e-05,8.336954e-05
T257_EGFP,-0.00010001861,2.3052587e-05,2.9879673e-06,6.0292743e-05,0.00022479874,-2.0433154e-05,4.1226132e-05,4.2589923e-05,-1.2718717e-05,8.5258485e-05,4.245682e-05,-0.00019120984,-9.795069e-05,3.1085772e-05,0.00013504556,-2.7239064e-05,7.5444336e-06,-0.000253944,-0.00013647486,9.745234e-05,-0.00011719014,2.1327776e-05,0.00011863789,-2.9394765e-05,0.00014206952,-9.544804e-05,-1.00590705e-05,4.7496997e-05,0.00019841918,-0.00026632688,-0.00010018994,0.00017055054,-1.27007515e-05,-7.850124e-05,5.8581234e-05,2.520729e-05,-1.19864535e-05,-3.778709e-05,-5.1365678e-05,0.00010522752,-3.0321175e-05,6.458289e-05,0.00017639103,-9.492302e-05,1.8287976e-05,-4.20609e-05,-0.00012302336,0.0001060992,2.5299683e-05,1.2172906e-05
T273_EGFP,0.00026930522,-3.269408e-05,2.2118033e-05,-5.987453e-05,-0.00012662988,9.947707e-05,5.7045294e-05,0.00021230454,-0.00031558247,0.0001864008,2.5327166e-05,7.1820155e-05,-1.3810132e-05,9.226458e-05,-9.554098e-05,6.68514e-05,-0.000121402205,0.0001233446,2.9390574e-05,-0.000111767076,2.8988052e-05,-2.8080578e-05,-4.3889868e-05,6.037309e-05,0.00018010466,-3.0726915e-05,8.280103e-05,-3.2566506e-05,1.7675316e-05,-3.6336318e-05,6.2790634e-05,0.00018554502,-0.00013185541,0.00017327258,-0.00015535788,-1.3810904e-05,-4.191141e-06,-3.7003912e-05,2.9342084e-06,0.00013403679,7.091924e-05,0.00015607083,0.00021444401,4.9941857e-05,7.88614e-06,-6.380025e-05,4.016177e-05,0.00020283238,-6.1240185e-05,3.462396e-05
T319_EGFP,0.00020361684,3.0007997e-05,0.0001742957,-0.00022085606,5.9219943e-05,-6.0336104e-05,0.00015026622,0.00020376095,8.061865e-05,6.2893116e-05,2.1278834e-06,0.0001705238,4.0567327e-05,0.000106085114,0.000119898556,-7.591914e-05,-4.8345177e-05,8.76053e-06,4.316646e-05,2.6963207e-05,0.0002345906,5.9211157e-05,-3.260992e-06,-9.196373e-05,1.8606002e-05,4.987223e-05,-5.172961e-05,0.00011260324,-2.8807177e-05,-4.8119164e-05,-0.000105143794,6.5328e-05,2.9822953e-05,-0.000105501,9.812984e-05,-2.8388718e-05,7.683132e-05,-0.00019570519,-9.2244736e-05,-0.00018184565,-9.5959454e-05,-3.8643655e-05,0.00011595668,6.0314043e-05,-1.413228e-05,1.3014966e-05,1.4299028e-05,0.00013695832,-3.774961e-08,7.069907e-05
T288_EGFP,9.1025024e-05,-4.90267e-05,7.8022385e-06,-0.00029495318,-8.675448e-05,1.0561951e-05,0.00015044413,1.9970457e-05,-7.74658e-05,9.2434115e-05,-0.00016707806,-0.00022834745,-9.286635e-05,1.0819867e-05,8.469604e-05,0.0002501607,-1.6787179e-05,-3.5601013e-05,3.4592063e-05,9.822489e-05,-3.096495e-05,-0.00015333106,8.4794694e-05,1.5332886e-05,-3.1645905e-05,-8.3688894e-05,0.00012867928,-2.6511208e-05,0.00023102292,-2.2625934e-06,0.00017939847,8.7687695e-05,2.2560118e-05,3.5645266e-05,0.00016633593,-0.00017941592,4.0417312e-06,-7.073349e-05,-2.1135435e-05,-7.2545816e-05,0.00012391132,4.4031167e-05,-0.00021718802,-9.948222e-05,-3.7718426e-05,0.000111039655,-9.963165e-07,3.7710866e-05,-3.3117736e-05,0.00015267397
T146_EGFP,-9.121078e-05,-3.5545938e-05,4.6544414e-05,-4.6929952e-05,-2.3233726e-05,0.00014718782,-9.742355e-05,-0.00022449488,9.059342e-05,9.94784e-05,0.000104418,0.00018878958,2.5406034e-05,6.4911364e-05,0.00013850363,2.0429028e-05,0.00028050828,2.2579554e-05,7.754666e-05,0.000109688866,0.00013547673,0.00013779433,-1.1927663e-07,-7.868049e-05,6.3878404e-05,7.3020834e-05,0.00011534799,1.7680588e-05,-0.00014526173,3.6552537e-05,4.4959488e-05,-2.6247963e-05,0.00012144984,4.7166224e-05,0.0001773631,-2.8767043e-05,-0.00014086273,-3.558759e-05,-7.603775e-05,-0.00019062188,7.8264224e-05,8.282761e-05,0.00010902046,-2.4469413e-05,-9.24664e-05,-6.051192e-05,0.00010971019,-6.0080343e-05,9.805657e-05,0.0002486168
T44_EGFP,2.4110208e-05,-7.0449154e-05,5.705072e-05,0.00012895509,2.5529545e-05,1.5312873e-05,0.00017293727,-1.8031715e-05,2.5399746e-05,-6.611426e-06,4.6955305e-05,-6.353179e-05,0.00015737911,8.535757e-05,-0.00013197995,-0.00015039196,0.00014174267,0.00014393343,8.776115e-05,-0.00014757496,-6.304649e-05,3.737616e-05,6.252648e-05,-0.000110959656,2.8968436e-06,7.260896e-05,5.139233e-05,-0.00021603353,0.00015450118,-3.2333353e-06,6.834976e-05,-0.0001595355,0.000115404706,3.6855432e-05,4.1384814e-05,-4.5171378e-06,0.00016258364,-6.143749e-05,-1.5865791e-05,-0.00025112988,-7.73341e-05,2.4475217e-05,3.3079166e-05,-0.00010589177,7.712845e-05,0.0001144349,-1.9449195e-05,-5.2926625e-05,-2.6192703e-05,0.00018684843
T596_EGFP,0.00012783193,9.494414e-05,-3.330558e-05,-8.8983055e-05,-9.858366e-05,-1.6634322e-05,-1.3405923e-05,-0.00015979489,6.8590445e-05,3.6416639e-06,0.00012423738,0.000120156285,-7.020294e-05,2.9435073e-06,9.946263e-05,0.00011136572,0.00018205112,8.605182e-06,-0.00014198458,2.0246865e-05,-2.5083336e-06,6.794421e-05,-0.00012596509,0.00025678342,-4.7308877e-05,8.911252e-05,0.00014504534,-2.8171511e-05,-1.1198303e-05,0.000107289285,-2.0800466e-05,-7.6564516e-05,-0.00019636791,7.588916e-05,-4.7955164e-05,-3.1805772e-07,-9.2177805e-05,-0.00020676806,0.0001155902,7.6317796e-05,-6.973425e-05,-5.5715267e-05,3.5058725e-05,6.5937595e-05,6.0172433e-06,3.924858e-05,1.623773e-05,0.00015739296,-2.9651928e-05,-4.723862e-05
T454_EGFP,1.4305903e-05,4.6192876e-05,9.03293e-05,4.7939415e-05,-8.3703606e-05,8.667518e-05,0.00011194059,9.541292e-05,-6.420827e-05,-6.3349005e-05,-9.286194e-05,0.00014025916,-6.653086e-05,1.238813e-05,-2.081055e-05,-0.00011644641,0.00013750306,0.00012480683,-0.00017094603,-3.0554944e-05,-0.000103270424,0.00014655766,-0.00019642332,-7.881801e-05,-1.9614383e-05,6.4055e-05,-6.9143054e-05,-2.5009801e-06,9.673475e-05,-1.6347079e-06,-4.0333853e-05,5.0504357e-05,1.5520533e-05,3.9856346e-05,0.00022575959,0.00014280314,2.0670466e-05,0.00010823536,0.00015034531,0.00026200622,-1.0872308e-05,3.3743272e-05,2.894592e-05,0.00013221578,-8.179934e-05,0.00014360507,-0.0001269585,0.00014563232,-3.836127e-05,0.00013960722
T414_EGFP,0.0001364029,-3.082708e-05,0.00013666417,0.00011580886,6.4276355e-05,0.00019045833,6.0441118e-05,-0.00010424927,-1.695671e-05,-7.8474495e-06,8.258379e-06,0.0001233,8.7922126e-05,3.077895e-05,0.00012964843,5.7633024e-05,6.899939e-06,1.3059592e-05,0.00018665618,-1.818105e-05,0.00013891059,5.7703706e-05,-0.00010282842,0.0001204179,9.8698365e-05,-7.3335665e-05,3.9066235e-05,3.7898768e-05,-4.0536735e-05,-0.00015108542,8.7285596e-05,0.00017592893,-1.9278523e-06,0.0001517107,-0.00013853768,-8.186632e-05,3.8295057e-05,-0.0001222757,-0.0001472219,-7.248211e-05,-6.89439e-05,0.00014609125,0.00040948179,0.00021470939,0.00024366463,0.00012217804,-6.90855e-05,-1.0347343e-05,-0.00016632408,5.8301946e-05
T364_EGFP,-5.175062e-05,-3.5783614e-05,8.5271415e-05,9.363201e-05,-0.00011607307,2.3061442e-05,1.4781167e-05,0.00027877267,-9.834295e-05,1.7584625e-05,5.7378265e-06,-1.1628653e-05,0.000101635145,0.00013015671,-0.00010106315,-2.4287383e-05,5.644535e-05,-0.00015751943,8.196537e-05,-0.000110614215,-5.1777413e-05,4.8671092e-05,-0.00010906468,-5.1559025e-05,-3.7674608e-06,0.00012665025,7.180228e-05,0.00030223385,0.00025857985,1.9575748e-05,6.707329e-05,-1.0981746e-05,4.0373932e-05,-3.068079e-05,0.00012192222,0.00012191005,-5.2925243e-06,0.00019658208,0.00019402368,-2.378013e-05,8.015419e-06,4.4137734e-05,-0.0001458697,5.0176088e-05,0.00010834344,4.4414963e-05,-4.213204e-05,0.00019085864,-3.898187e-05,0.00014398071
T379_EGFP,6.6926565e-05,1.7734666e-05,8.788868e-05,0.00017982477,9.042216e-05,8.129517e-05,-0.00019139954,5.8634727e-05,6.670895e-05,3.3782453e-05,0.00011091329,3.2669832e-05,0.00020201852,0.00010480905,5.6308956e-05,0.00012224726,0.00017166721,1.0792438e-05,6.841477e-05,6.163235e-05,3.7258513e-05,-0.0002458965,-0.00014851155,-7.5053365e-05,8.430613e-05,4.353888e-05,-9.048343e-05,-0.00014022252,-0.00011269377,-7.0650625e-05,3.7774003e-05,3.4591736e-05,1.2088146e-05,-4.3326796e-05,-0.000106320986,0.00013631098,-4.33881e-05,-2.2412587e-05,9.902401e-05,-4.360275e-05,0.00014511586,9.0869464e-05,3.2469652e-05,0.00014533778,-5.4098866e-05,0.00013256265,0.00030729568,6.139334e-05,-0.00016758325,3.728779e-05
T545_EGFP,0.000174051,-6.334258e-05,9.999256e-05,1.1240641e-05,0.00020897973,5.4336506e-06,-0.00023533961,0.00012615001,-3.9026843e-05,5.4501124e-06,1.2565797e-05,-1.0218918e-06,5.6267076e-05,0.0002074581,0.00019347282,-0.00014757404,0.00010151084,0.00017050258,5.5488767e-05,0.00020822804,-6.574208e-05,-9.573032e-05,-0.00014920102,-2.1174339e-05,-2.103055e-05,0.00018327513,3.092545e-05,-1.6294116e-05,7.2766576e-05,3.5857895e-05,-7.7439596e-05,0.00017477137,6.493929e-05,8.3815794e-05,-6.971508e-05,-0.00025942718,-1.928969e-05,0.000211518,0.00022582903,0.00013822419,-3.3772867e-05,6.234463e-05,3.9918473e-06,2.8762139e-05,-0.00012608238,0.00010630082,-4.326095e-05,-0.00010938717,-3.2578388e-05,0.000113824244
T513_EGFP,0.00018623786,-8.934686e-06,-1.4344487e-05,9.221423e-05,5.86429e-06,0.00010396598,-6.315371e-05,-1.9178242e-05,0.00016968252,0.00025023433,1.31158595e-05,-5.2715142e-05,0.0003451673,-2.5300762e-05,0.0001096822,8.4008454e-05,-1.9885163e-05,4.8714854e-05,0.00011178312,-2.843433e-05,-4.9697344e-05,2.8638859e-05,-0.0001452397,-5.3124603e-07,-4.7783415e-05,0.00014004037,5.361225e-05,8.20126e-05,2.6627615e-05,-7.1070215e-05,9.4948744e-05,0.0001076662,0.000284542,0.00012239108,0.00011301879,-6.20519e-05,-4.1326544e-05,7.560335e-05,9.440999e-05,-7.520109e-05,7.1789116e-05,6.9221125e-05,0.00014295067,0.00011159519,-3.7090602e-05,0.00017227117,-1.7144628e-05,-0.00010430956,4.1559208e-05,1.4592857e-05
T552_EGFP,0.00019050413,0.00015529331,-8.628301e-06,-6.142818e-05,-3.345812e-05,3.669742e-05,0.00016788398,0.0002759005,-7.298625e-07,-1.7614093e-06,0.00015356127,-3.895805e-05,1.215238e-05,-4.298872e-05,-5.5240635e-05,3.2173866e-05,2.0793452e-06,-0.0001376067,-4.139576e-05,3.846645e-06,0.00010384353,-0.00010022614,8.911576e-05,-0.00010883249,9.6492986e-05,0.00021837185,9.109997e-05,9.216551e-05,-9.6156036e-05,-8.3819534e-05,1.9120533e-05,5.6049957e-05,0.00022593151,-7.099404e-05,0.00015635611,0.00025019547,2.4723027e-05,9.30304e-05,3.1262633e-05,-4.0015064e-05,0.000104767845,2.7427786e-06,5.6222903e-05,-2.0076512e-05,0.0001375121,-0.00012478039,-2.31144e-05,3.7646107e-05,1.6560361e-05,-7.44976e-05
T279_EGFP,0.00018776879,-4.5707766e-05,0.00014555495,-0.00010407741,5.3824704e-05,4.12015e-05,0.00021946896,-0.00012285136,0.00021073311,2.865953e-05,0.00013765797,0.00023833665,0.00019215864,-4.6059264e-05,-5.781656e-06,0.00012751287,4.0194725e-05,-8.998941e-05,-3.638001e-05,-9.107753e-05,-6.78291e-05,-1.538126e-05,-4.390529e-05,0.00013802633,0.00014305796,-9.889744e-05,0.00020539782,-7.871376e-05,-6.9596276e-06,-1.5624368e-05,0.000114801456,0.00020607571,2.3211385e-05,-0.00011524035,-0.00023327698,8.132349e-05,5.279661e-05,5.3324075e-05,0.00011201204,9.857966e-05,-4.9354494e-05,-0.00015311709,0.00019756616,-4.0402607e-05,2.819472e-05,0.000110624635,-5.7035933e-05,0.0001549807,-1.4723049e-05,4.101787e-05
T648_EGFP,7.9228244e-05,-6.7378176e-07,8.059661e-05,-7.205868e-05,1.3378502e-05,0.00024952638,0.000100023135,-2.1343718e-05,0.00017015655,-2.2064662e-05,-0.00017895961,0.0001365904,-9.778655e-05,-7.315072e-05,-0.00012184732,-6.88089e-05,-3.4612603e-05,-0.00010306449,-0.00020506234,2.614043e-05,5.780489e-05,-6.1049876e-05,3.6590685e-05,1.2183421e-05,-3.4394074e-05,0.00021933997,-0.00017050686,2.8226606e-05,0.000116061026,-3.755042e-05,0.0001507474,1.5190168e-05,-0.00014776413,-6.447116e-07,1.2288437e-05,-0.00014981933,7.843598e-05,9.00368e-05,-8.668807e-05,4.791225e-05,-0.00014608089,0.0001624096,1.64966e-05,-1.4638301e-05,-0.00011264063,0.0001165733,4.748608e-06,8.289956e-05,4.7866924e-05,-0.00019107493
T100_EGFP,4.915896e-05,0.00011442753,-1.9091274e-05,0.00013425438,-0.00012798316,-0.00028446174,1.6364427e-05,4.7545964e-05,-1.9968742e-05,8.511697e-05,0.00019938624,4.206001e-05,-0.00011695981,3.0841773e-05,-9.255475e-05,-8.351904e-07,0.00023211703,-5.775966e-05,0.00018111941,-5.299535e-05,0.00021893911,-9.013394e-05,5.4105738e-05,2.4929319e-05,-7.403952e-05,0.00014150704,3.8140042e-05,-3.1751722e-05,0.000120289355,-5.520406e-05,-0.0002009543,3.321956e-05,0.0003031422,1.2782036e-06,-0.00010733503,9.853112e-05,-7.828578e-06,2.696873e-06,0.00014971105,4.7981164e-05,7.0655275e-05,0.00021192952,7.9369034e-05,6.0420978e-05,-0.00026162478,-6.0062102e-05,-0.00017778919,-8.560015e-05,-6.5409964e-05,8.7977525e-05
T443_EGFP,3.320782e-05,-1.6709282e-05,0.00026768196,6.8842055e-05,-2.821927e-05,-8.993167e-05,8.836065e-05,8.5031024e-05,4.1250867e-05,-2.8233295e-05,7.194328e-05,0.0001245172,0.00010053252,-0.00012540791,3.64628e-05,-3.5407425e-05,0.00014164428,1.4008662e-05,-3.6209534e-05,-0.000301722,-0.00016573862,6.750063e-05,-2.176453e-05,-1.0786487e-05,-4.5965917e-05,4.9495036e-05,-0.00013342596,5.8476242e-05,-0.00010731694,7.0585644e-05,-0.00020863442,0.00018513769,-6.5996275e-05,-4.174715e-05,8.921566e-05,0.00014429018,1.3627021e-05,0.00013902849,-2.3431425e-05,-8.215688e-05,7.396243e-05,-5.4529573e-06,8.458394e-05,-7.6249846e-05,-5.5995388e-05,0.00014625964,-8.055005e-05,4.485855e-05,4.4730165e-05,3.666459e-05
T311_EGFP,0.0002895524,5.40502e-05,-3.511204e-05,5.9992413e-05,0.00017986655,-2.6670496e-05,-0.000116548195,1.3201672e-05,4.8329093e-05,0.00020291354,-0.00011401546,3.6863978e-05,0.00015244346,-6.81503e-05,0.0001936417,0.00017277848,-8.18305e-05,7.7767494e-05,1.5020926e-06,0.00012655518,0.00011216212,1.2193907e-05,7.3618015e-05,5.3464493e-05,-9.0606845e-05,-6.8463654e-05,-0.000112171416,3.829264e-05,-3.9829945e-05,9.081644e-05,0.00013159282,5.5555705e-05,1.7381288e-05,4.3986616e-05,-2.3163422e-05,1.1255753e-06,-3.9843533e-05,-9.934349e-05,7.518377e-05,4.1177886e-05,0.0002025216,1.0806755e-07,-9.5726165e-05,4.3607324e-05,-5.169064e-05,-1.38333635e-05,-1.6467912e-06,-5.5460092e-05,2.843479e-05,6.713728e-06
T316_EGFP,0.0002350287,4.370054e-05,0.00011819952,0.00019867411,0.00016081255,0.00016386718,0.00013564099,4.1585074e-05,2.4760064e-05,-6.578521e-05,6.9620815e-05,9.745824e-05,5.260389e-05,-8.710609e-05,6.299919e-05,-5.7220575e-05,2.13105e-06,6.001587e-07,3.063212e-05,0.00012249181,9.6030184e-05,0.00022742496,-0.00014707213,6.4102915e-06,-0.0001684955,0.00010120438,-1.657782e-05,5.73741e-05,-4.9481446e-06,-8.72018e-05,3.1769127e-05,-0.00016322063,-3.5993515e-05,9.038929e-06,0.00017783453,0.00011729183,-5.1129864e-05,7.6463315e-05,5.890366e-05,1.585121e-05,7.807762e-05,7.988955e-05,0.00011754625,7.510953e-06,-6.853186e-05,8.972185e-05,-1.2392774e-05,-4.1963718e-05,-3.267396e-05,4.290982e-05
T506_EGFP,5.839782e-06,0.00026032713,1.3935393e-06,-2.6381582e-05,0.00014020971,4.602975e-05,7.489617e-05,9.220698e-05,7.3857045e-05,0.00029383306,0.00015840426,9.762787e-05,-2.3478917e-05,-6.647097e-06,-0.00018844307,0.00013097964,-2.847791e-05,0.00015764036,4.9273317e-06,4.9429723e-06,0.00018424234,5.8973368e-05,0.00023774123,-0.00013868236,0.000118330696,6.350717e-06,3.0652266e-06,4.8078262e-05,4.7186433e-05,-0.00015670095,7.766873e-05,5.220262e-05,5.9205e-05,4.5997745e-05,-9.584791e-05,-0.00014637278,-0.00025160372,-0.00011130232,0.00015341325,2.6828222e-06,3.48351e-05,0.0001074852,0.00012584626,5.9389316e-05,0.00011353893,0.00017507536,-0.00014418869,-0.000137446,7.031194e-05,-0.00016861991
T43_EGFP,-3.5925332e-06,0.0001313349,-2.3894454e-05,-0.00010393635,0.000118311254,-3.2615542e-05,-3.1615342e-05,6.684026e-05,-8.1722625e-05,3.579352e-05,-5.8855592e-05,-3.249083e-05,-0.00016653347,0.00017831942,-0.00011014822,0.00019619806,-7.071878e-05,0.0001448194,9.7058226e-05,0.00010506618,0.00015064846,-0.00013438682,-3.6832684e-05,0.0001319711,3.1651016e-05,8.258226e-05,0.000110180124,0.00011385291,4.3412114e-05,4.08732e-06,0.00013281053,2.7928869e-05,0.00015590628,-1.5072049e-05,-1.0602515e-05,0.00013296785,-3.781911e-05,0.00024947218,-2.582197e-05,8.3039115e-05,0.0001389852,2.5226513e-05,0.00010613321,4.6660803e-05,0.00012907882,-2.0168065e-06,4.0257026e-05,-6.387484e-05,1.8677918e-05,0.00013194281
T462_EGFP,-7.767027e-05,-1.176831e-05,7.572856e-05,1.9312656e-05,9.368766e-06,-0.0001677228,7.3273586e-05,-8.8351415e-05,1.7503758e-05,-7.925702e-05,3.5522287e-05,4.6504134e-05,0.00012539889,-7.6377335e-05,0.00010983992,-2.4152632e-07,-3.60321e-05,-5.8791076e-05,0.00012262916,8.9825815e-05,0.0001306609,9.008431e-05,0.00014692308,0.00015296477,6.6987755e-05,3.4226377e-05,-0.0002095902,-1.0931525e-06,-0.00015953404,7.290068e-06,1.5859847e-05,8.827274e-05,7.990873e-05,-1.1180839e-05,0.00020658487,-4.44682e-05,-0.00022977589,-2.2540673e-05,-4.8968835e-05,-3.683486e-05,7.8133846e-05,-0.00016676927,0.00021240959,0.00022082152,-0.00014937244,0.0001310288,0.00022914448,0.00017562618,0.00010147473,4.1866566e-05
T533_EGFP,6.061314e-05,0.00011240563,6.426281e-05,0.0002752477,-3.5259356e-05,0.00011587069,-0.00013710286,-0.00012312444,-1.834991e-05,5.4672204e-05,-9.1353046e-05,4.4674285e-05,1.6409384e-05,-2.6158845e-05,-3.1975712e-06,0.0001241817,0.00016000455,-1.1239986e-05,8.04876e-05,2.2542787e-05,2.900628e-05,2.3485316e-05,0.0001239899,-0.00010748638,8.460077e-05,2.0583222e-05,6.6972784e-06,8.764717e-05,8.362762e-06,-0.000113025955,8.823061e-05,0.00013168811,2.0962905e-06,0.00015059407,0.00023869498,9.911137e-05,-1.1558657e-05,0.00022308882,-4.7395293e-05,6.730284e-05,2.1469566e-05,0.00017020613,4.781805e-05,-8.067051e-05,-0.00014093009,8.668021e-05,-5.608096e-05,0.00017018491,0.00021459891,-5.2222782e-05
T479_EGFP,0.00017128944,6.537072e-05,0.0001693896,7.233609e-05,-6.1269393e-06,1.1404367e-06,6.863725e-05,5.167296e-05,-4.6074758e-05,-4.2848358e-05,-1.6324837e-05,-8.4046136e-05,-0.00010389462,-0.000109053726,0.00030836792,-1.5904498e-05,-2.3271527e-05,-4.6242032e-05,-5.578302e-06,-0.000121202764,3.200564e-06,0.00017392094,-0.00024462992,8.855059e-05,0.0002567277,0.00031829244,-3.0739087e-05,-5.266043e-05,-9.644806e-05,7.946107e-05,-9.499803e-06,4.1039308e-05,2.2957367e-05,5.1604726e-05,-1.9211133e-05,-6.0992465e-05,4.848402e-05,7.185547e-05,-1.6555745e-05,9.176105e-05,1.784123e-05,0.00026678288,9.9252225e-05,4.351195e-05,0.00014664594,8.9117726e-05,-8.0936785e-05,0.00018311635,-6.395141e-05,-0.00023852797
T19_EGFP,-2.3125434e-05,1.8989906e-06,0.0001544596,9.567738e-05,-0.00012423145,0.0002630638,0.00021931667,-4.41407e-05,-1.0100993e-05,0.000155945,8.027922e-06,-0.00020644427,-5.2510773e-06,0.00014967588,-8.574047e-06,-0.000118691765,5.5280652e-05,-7.798515e-05,5.1812523e-05,3.7500446e-05,7.069535e-05,-6.1363804e-05,6.944238e-05,0.00022549836,-2.3397197e-05,-3.968334e-05,-0.00014440189,4.583749e-06,-3.917048e-05,-1.2796443e-05,4.6940554e-06,1.9335199e-05,-6.4873393e-07,4.5935325e-05,3.2770356e-05,3.124569e-05,-9.000086e-05,5.180365e-05,6.191773e-05,3.3396358e-05,0.0001295899,0.00019224307,7.7574136e-05,-0.000111391004,0.000117530006,-1.7284652e-05,-0.00012691847,-4.062354e-05,-0.00022488004,1.8168677e-05
T442_EGFP,-1.2132476e-05,0.0001418246,-2.1455093e-05,0.00021268635,-0.0002053688,-9.127356e-05,2.7074122e-05,-0.00015757528,4.1128635e-05,6.0702228e-06,4.8438545e-05,-1.4715726e-05,0.00021320255,-0.00015737163,-2.1251262e-06,2.571637e-05,0.0001291568,0.00012325254,-0.000148197,8.246421e-05,0.00010631937,2.6093865e-05,2.7255082e-05,3.322319e-05,3.687532e-05,-2.9007158e-05,5.3432916e-05,2.1237516e-05,-0.000105245446,0.00017701428,-0.00020693442,8.011342e-05,0.000110491645,0.00022903345,8.988602e-05,1.3351997e-05,6.503733e-06,-2.5711983e-05,-5.535541e-05,-3.186033e-05,1.0574657e-05,5.840846e-05,-1.8446828e-05,5.7752874e-05,-0.00010027838,5.1308278e-05,-2.1484871e-05,-5.0763225e-05,6.279244e-06,5.6617857e-05
T28_EGFP,-1.1490402e-05,0.00017452722,0.00018213321,0.0002138952,0.00012965452,6.971782e-05,-6.805204e-05,8.2529674e-05,-6.5849694e-05,-9.25654e-05,0.00010837996,0.00018809031,3.227528e-05,6.4594395e-05,1.3988564e-05,5.9202965e-05,-3.761295e-06,-9.8116856e-05,0.000103148355,7.114954e-05,-6.649769e-05,9.325975e-05,-0.00015059936,-4.2128588e-05,6.2921526e-06,2.9526454e-05,0.000100373334,0.000103559294,0.00028695946,-8.3774336e-05,-0.00014399241,1.0009419e-05,-2.3635491e-06,0.00011066664,1.21870025e-05,8.097001e-05,5.116796e-05,4.525694e-05,-0.00013190386,0.00016611605,-7.907987e-05,0.00026759744,-8.9757195e-05,0.00015712077,-5.3129657e-05,0.0002302123,4.056132e-05,0.00016754556,4.026164e-05,-4.692379e-05
T342_EGFP,0.00011840618,-4.277355e-05,8.139455e-06,-1.0976083e-05,-2.1948987e-05,7.845153e-05,-0.00021169217,1.3670573e-06,-0.00016203625,0.000119648,5.167037e-05,0.00012175005,-7.521897e-05,7.592206e-05,4.8423084e-05,0.00013646542,9.817822e-05,-3.9210518e-05,3.3321252e-05,0.0001823014,-0.00010144985,0.0001329044,-0.00024975298,4.482093e-05,-5.10131e-05,-4.067873e-06,-3.4731594e-05,-0.00026894163,7.6727765e-06,0.00013359608,1.3141808e-05,-0.000105450876,-0.00015436414,7.684957e-06,-0.00025877586,-0.00020092315,1.989133e-05,-2.0961521e-05,5.168736e-05,7.808648e-05,0.00022816927,0.0002032928,7.070768e-05,0.00012818888,7.380112e-05,-5.9268623e-05,9.724552e-05,3.6636422e-05,0.00019449912,-2.8914588e-05
T471_EGFP,0.00014630178,-0.00013852642,1.7810273e-05,-6.349876e-05,-0.00014443764,-0.00020740743,6.356146e-05,0.00015942758,9.90187e-05,-8.645502e-05,0.00011962934,-0.00014447152,-1.39428785e-05,4.7827118e-05,-2.4989607e-05,0.00019696979,7.9776575e-05,-1.7958995e-05,2.3762863e-05,2.3526909e-05,-2.3085126e-05,6.750563e-05,0.00018527704,-0.00012292695,-4.0594674e-05,4.5216548e-05,3.2412914e-05,-3.1507043e-05,-0.00019927169,-0.00013291463,-2.0052395e-05,0.0001170035,0.0001308289,0.00013498499,6.301166e-05,0.00016697802,-0.00016267304,0.00028737815,-8.3982566e-05,0.0003047525,0.00019228722,-9.6941185e-05,9.93338e-05,4.3325403e-05,7.215557e-05,0.00015985758,0.00028870857,0.00017460222,0.00014107469,-0.0001996697
T293_EGFP,-0.00021285228,-7.786319e-05,7.23628e-05,-3.531943e-06,3.015102e-05,-4.084173e-05,-3.0550476e-05,0.0002786814,-0.00013640203,0.00013490819,0.00012297629,-0.00018970194,5.227277e-05,-4.80136e-05,-0.00011727155,-6.557558e-05,0.00021146532,0.00013138524,8.0378755e-05,0.00019078971,3.309905e-05,-4.7145445e-06,2.7161688e-05,2.788899e-05,0.00019757538,6.9581683e-06,-5.4551354e-05,0.00011310411,-1.955859e-06,0.00016395048,-8.263842e-05,-0.000121146615,6.4090185e-05,8.331841e-05,-2.9033334e-05,0.00014837412,4.7113717e-05,4.5540386e-05,4.2918866e-05,1.611491e-05,0.0001269,-0.00017979936,3.8818063e-05,3.736248e-05,6.912059e-05,-3.050972e-05,0.00017834273,3.445544e-05,-0.00012658877,8.891302e-05
T432_EGFP,-0.000108163294,-7.327305e-05,1.4440319e-05,0.00016386836,0.00017196278,0.00023200139,6.199261e-06,-1.9173176e-05,9.7104225e-05,0.00019862269,0.00016971922,-4.0160826e-06,2.3742128e-05,0.00013416857,0.00013504214,5.289643e-05,7.057607e-05,2.1802582e-05,6.2150015e-05,5.714564e-05,-5.7872192e-05,3.6908426e-05,0.00010290061,7.141071e-06,-1.9863537e-05,9.971332e-05,0.000223527,4.3117972e-05,7.347433e-05,0.00013772296,6.95147e-05,0.00014500598,-5.692203e-05,-6.817311e-05,-5.006843e-05,0.00021677742,-0.00029055963,7.096273e-05,-0.0001787326,0.00021652183,0.00010130543,-1.26841105e-05,0.00011788341,8.497594e-05,0.00014455419,-0.00022143127,-1.3742588e-05,6.503209e-05,0.0001897587,0.000104471794
T548_EGFP,0.00016110277,-0.000104134626,-6.7963716e-05,-1.48563095e-05,0.00012149493,0.00018157387,0.00022121376,6.574338e-06,1.5204922e-05,9.3056275e-05,5.6946443e-05,4.5538243e-05,-0.000109917455,9.76901e-06,0.00018844697,1.8886747e-05,6.739137e-05,9.790195e-05,0.00019313752,4.7871312e-05,0.00013746369,9.734042e-05,-0.00016463571,-2.1403575e-05,0.00022503042,1.2516835e-05,-0.00013256403,5.0205243e-05,0.00018502088,-3.0490428e-05,-0.00010563815,3.9505372e-05,1.3581055e-05,-0.00018430044,2.369792e-05,0.00016229227,0.00029480795,-0.00010039374,5.9704795e-05,0.000100797915,-7.113683e-05,3.3343767e-05,-1.0562485e-05,-4.615151e-05,-0.0001226104,-1.9004983e-05,-0.00021955649,3.080382e-05,3.1856038e-05,-8.945429e-05
T551_EGFP,0.00018615004,0.00015855419,-2.654231e-05,0.00016941603,4.9498536e-05,2.4359733e-05,9.0689144e-05,8.326227e-05,0.000110199966,6.814455e-05,-2.4094978e-05,0.00019112026,-7.057563e-05,-6.6855264e-06,0.0001198049,0.00011472739,-2.1525622e-05,-2.4877698e-05,0.00012904071,-4.914496e-05,9.364676e-05,-5.73447e-05,-3.480338e-05,-6.5953005e-05,0.00025421556,5.302397e-05,9.109472e-05,8.860182e-06,0.0002452137,7.265406e-05,0.00011066243,0.0001303366,6.926255e-06,-0.00019071087,-8.8383895e-06,9.422495e-05,0.0001421099,-2.8397752e-05,5.843603e-05,-5.6860895e-06,9.2644965e-05,8.5312685e-08,6.351555e-05,-1.535589e-05,-0.00015460313,-3.0633415e-05,0.0001236189,8.4972446e-05,0.00023176697,-4.8065474e-05
T663_EGFP,0.0002634758,-8.2600476e-05,-1.8126611e-05,-2.6054184e-05,1.3124201e-05,0.000115772535,0.00026726746,-7.095551e-05,-0.00013277729,-0.0001554147,-0.00012970624,-2.5386698e-05,-4.8683978e-05,9.981973e-05,8.494768e-05,7.8034944e-05,5.7923684e-05,3.011205e-05,-0.00014873581,1.2123429e-05,0.00019926442,-9.817689e-05,5.124409e-05,-0.00014392596,4.7535086e-06,8.834222e-06,-5.3346837e-05,0.00018149508,-9.172903e-05,7.215521e-05,4.8277525e-05,2.8536846e-05,-2.2504177e-05,-5.9502894e-05,8.865134e-05,2.124907e-05,0.00012827376,7.2002505e-05,-6.7449946e-05,7.8277604e-05,1.1658399e-05,0.00013114906,-0.00012574255,-1.4636658e-05,-6.167543e-05,-5.1682702e-05,5.456664e-05,7.7088254e-05,-3.290762e-05,0.0002115604
T261_EGFP,-3.9395567e-05,0.00013472246,-3.2804506e-05,3.0225234e-05,-4.709621e-05,-0.000114609495,0.00014369811,-0.00011733414,4.714644e-06,9.3892886e-05,0.00013727888,-8.7122775e-05,4.8824735e-05,-3.3207439e-06,0.0001845604,5.9027985e-05,2.531753e-06,-0.00019725048,3.307529e-05,3.960742e-05,3.76551e-05,6.5224434e-05,6.563022e-05,-5.3499978e-05,-0.00019257753,0.0002335541,3.4021472e-05,7.730223e-05,5.774321e-05,-0.00018532864,-0.00011212789,7.997025e-05,0.00019127868,1.4405715e-05,0.000106456224,2.8849821e-05,0.00026479852,0.00015154586,0.0001240691,-1.4836855e-05,8.021754e-05,5.2560856e-05,-5.8856975e-05,-4.0471772e-05,9.342772e-05,1.1448573e-05,0.00013240355,0.00015005775,-0.00024286301,-1.3704415e-06
T474_EGFP,5.3765965e-05,0.00017266396,0.00012057207,0.00022408199,-6.261151e-05,7.824658e-05,0.00024346302,-0.00014262166,7.0988484e-05,7.892905e-05,-0.00010381552,0.00013160979,4.6776484e-05,9.25756e-05,8.296364e-05,-6.450263e-05,6.296591e-06,-1.6403526e-05,5.713439e-05,0.000120499186,8.91102e-05,0.00020363096,8.817401e-05,9.888675e-05,1.779112e-05,0.00017141727,0.0001821708,-0.00016303081,8.4763415e-05,-2.1349157e-05,7.589021e-05,0.00015907828,0.00019743762,0.00013546414,-0.00019022354,1.3782035e-05,-8.367158e-06,-0.00019811012,7.6467826e-05,1.5798661e-05,-0.00013331638,4.198814e-05,8.004674e-05,0.00037986398,-9.830462e-05,0.00015647424,1.7157126e-05,6.791204e-05,0.00014785588,0.00027496173
T383_EGFP,5.7190722e-05,9.3419e-05,4.4029097e-05,3.1667107e-05,-0.00010031161,-7.909378e-05,0.00012695967,-0.00020259788,-6.80214e-05,6.240542e-05,-2.8847075e-05,5.547776e-05,2.1794896e-05,-9.286987e-05,0.0001691047,-0.00014309872,-0.00014985645,0.0002522746,-0.00013044043,-9.045047e-05,-6.660743e-05,6.4980835e-05,-1.3462758e-05,0.00015976735,-4.2064435e-06,-3.576181e-05,-4.9641774e-05,7.80099e-05,8.837186e-06,3.1313957e-06,0.00015989816,9.396728e-05,1.2628995e-05,0.00014161543,4.478917e-05,0.00020900604,9.001274e-05,-0.00011376373,-0.00013134729,0.00017370003,-0.00010071357,-0.00011094307,-0.00019083411,5.258452e-05,0.0001605531,-5.5017106e-05,-0.00018494327,-0.00013067578,0.00027625952,0.00015405825
T612_EGFP,4.714828e-05,9.9975296e-05,0.00017814245,0.00012010887,3.5116143e-05,0.00012399534,0.00013655472,0.0001550868,2.5934678e-05,-8.046095e-05,-5.0332754e-05,-1.0512757e-05,-1.9268075e-05,2.9572611e-05,0.00015597019,0.00018393245,8.753601e-05,1.948767e-05,0.00013154138,7.583548e-05,0.00014787559,0.00010464729,0.0001342321,-6.691873e-05,3.257411e-05,0.00012842694,6.257045e-05,0.00021318354,0.00015629976,8.098538e-05,-0.0001382827,4.5466313e-05,0.00020916351,-7.872626e-05,0.00010777485,-0.00010409749,-3.653687e-05,7.924809e-05,0.0001304685,0.00014390887,0.00012407974,0.00014927189,4.1704545e-05,6.878322e-05,6.657972e-05,0.00019006609,3.481266e-05,-0.00014873604,4.5631423e-05,7.381184e-05
T234_EGFP,5.6157787e-05,9.296801e-05,1.15996145e-05,0.00011722458,3.6507234e-05,-1.13279796e-07,-3.911096e-05,0.00026901395,8.695335e-05,0.00016158186,0.00010832593,-0.00012857078,0.00016997392,5.7720405e-05,-0.00016453849,7.154595e-05,-3.525976e-05,7.255397e-05,-2.6781148e-05,8.9606576e-05,-4.604827e-05,0.00015825315,0.00013135537,5.4348002e-05,-0.00015870319,9.342852e-06,4.4327542e-05,-8.664486e-05,-3.7135942e-05,0.00011488985,0.00016588256,-8.707811e-05,-1.5634412e-05,-3.0592037e-05,-6.250462e-05,-1.4472656e-05,3.656269e-05,-0.00013705368,-5.749794e-05,7.051566e-05,-3.218688e-05,0.00018046734,0.00010558913,-6.5826234e-06,1.7210103e-05,0.00022321091,7.529018e-05,3.4803525e-05,5.2417963e-06,5.1760697e-05
T558_EGFP,8.012067e-05,0.00024363966,2.561113e-05,0.00010398746,-8.223546e-05,8.206498e-05,-1.96166e-05,-3.857862e-05,0.0001027765,0.00015961514,3.8102928e-05,-0.00011607289,-4.6245943e-05,0.00027682885,6.4458975e-05,7.281146e-05,-9.685047e-05,1.2185087e-05,-5.375224e-05,3.968296e-05,7.058255e-05,3.6447975e-05,4.432605e-05,-8.1253515e-05,6.902585e-05,8.0666973e-07,-4.215678e-05,-5.408118e-05,-0.0001263041,-7.236438e-05,7.472981e-05,0.00012787056,1.8615708e-06,8.29708e-05,0.00019447797,-3.9443734e-05,0.00019156004,5.9851656e-05,-0.00010402751,0.00014595965,-0.00013319885,-7.240053e-05,4.467317e-05,-4.4364824e-05,0.00018876685,0.00021006617,-0.00015674742,2.9722427e-05,0.00018709662,4.2798983e-05
T353_EGFP,3.2761098e-05,0.0001016064,8.7606604e-05,-8.361795e-06,2.6937558e-05,0.00016320877,0.0001745555,-0.00017752589,-4.3430714e-06,-0.00017078036,-0.00012389138,-1.2718594e-06,-3.6035528e-06,6.9414324e-05,6.401741e-05,4.6880436e-06,5.321433e-05,-1.3224565e-05,-6.124924e-05,7.946191e-05,1.2836657e-06,0.0003277643,0.00023933758,-0.00011246651,0.00011018812,-3.543227e-05,0.00011503944,-5.9210442e-06,6.904536e-05,0.00013628091,7.054031e-05,8.920435e-05,1.048481e-05,-0.00015529414,5.7823792e-05,4.1830575e-05,4.447577e-05,-5.9879898e-05,7.672212e-05,8.332712e-05,0.0002070951,-4.537743e-05,0.00015900981,5.6463807e-05,-7.495523e-05,2.6296857e-05,0.000100523874,0.00010096096,0.00019604772,-0.00027875058
T602_EGFP,3.7357993e-05,9.911132e-05,-1.6597387e-06,0.00021869205,6.9027585e-05,-3.417719e-05,7.8166944e-05,0.00024727755,7.4968135e-05,9.904409e-05,4.586726e-05,0.00011579583,-9.8880475e-05,-1.50350415e-05,3.0134062e-05,-4.577772e-05,9.7975106e-05,-0.00013560412,3.235789e-05,-6.8098874e-05,0.00011305797,-5.1608073e-05,4.3314776e-05,-4.0462117e-05,-0.00017903176,0.00018825397,3.456974e-05,-4.7128415e-05,3.2988344e-05,0.00010048128,6.606576e-05,6.870304e-05,-4.167299e-05,7.646151e-05,0.00014865682,0.00020706293,-6.1420666e-05,9.069187e-05,-0.00015511042,-0.00015594224,0.00023393473,-7.586994e-06,1.4208373e-05,3.14336e-05,0.00021711118,-4.4833814e-06,5.9231523e-05,4.6191923e-05,-3.8702437e-05,-9.3963725e-05
T638_EGFP,-0.00021292147,-9.558446e-05,0.00016571055,6.906688e-05,-3.964372e-05,-0.00010595797,9.149058e-05,1.4160889e-05,-8.918253e-05,-8.287302e-05,-0.00014476213,5.0758445e-05,8.114021e-05,5.706576e-05,-7.797728e-06,-8.889786e-05,0.000133068,0.00022596995,-7.92984e-05,-0.00019564897,1.2578906e-05,8.2278886e-05,-1.263771e-05,8.190684e-06,7.92718e-05,4.5696448e-05,0.00012026233,2.131577e-05,0.00019326813,9.472551e-05,5.376669e-05,-1.81858e-06,6.369277e-05,-4.3392603e-05,2.624301e-05,0.00012632478,4.586097e-05,0.00012824651,0.00012244983,2.8914033e-05,6.66966e-05,4.8494538e-05,-0.00013648478,0.00014718508,-0.00014932045,4.074445e-05,0.00019337375,-0.00012709777,-0.00015351851,-0.00011029615
T415_EGFP,0.00015393746,-2.909356e-05,0.00013412014,4.6482477e-05,0.00019833991,-2.366453e-05,-4.5192755e-05,6.799153e-05,-8.289886e-05,-8.04986e-05,-1.5802547e-05,-5.6908964e-05,-1.1790986e-05,-2.3905868e-05,0.00016466709,-2.8579008e-05,5.3796175e-05,0.0001102701,-0.00015044867,0.00011806783,0.00012217235,5.4097327e-05,-3.7061654e-05,1.6120659e-05,4.6756475e-05,-9.329787e-05,2.5573072e-05,2.3231943e-05,7.860197e-06,-0.00022197148,2.6358763e-05,-0.00018570702,0.00018443944,1.8060564e-05,-9.113951e-05,3.450407e-05,1.3130679e-05,5.920351e-06,-0.00023738656,2.8900904e-05,0.00014665457,3.3380016e-05,0.00024075188,0.00015890798,0.0003459712,-0.00025224502,0.000110354515,4.9496957e-05,-0.00010309919,-0.00010243955
T438_EGFP,-3.249313e-05,-0.00017515311,0.0002001368,8.2155086e-05,-5.5653476e-05,-5.1124384e-06,6.799224e-05,-1.938877e-05,0.00012937312,-1.11315385e-05,7.00844e-05,0.00020359742,-0.000105921215,0.00020699021,6.83762e-05,4.4153767e-05,7.600082e-05,0.000105083316,3.3761746e-05,3.539247e-05,-5.5165083e-06,-1.1472339e-06,2.5430802e-05,0.0001446205,-2.0057088e-05,5.8460362e-05,-0.000116617986,6.812914e-05,-3.152751e-05,0.00029121852,-0.00012394879,-1.5207087e-05,-4.8332986e-05,-6.025301e-05,-0.00011217141,2.5448295e-05,0.00015799118,-0.00019994528,-1.8287605e-05,-1.3748425e-05,9.218795e-06,4.811391e-05,-4.4937657e-05,2.5227379e-05,-2.70044e-05,3.332189e-05,4.302791e-05,0.00014835336,-0.00015883613,0.00012792215
T574_EGFP,6.175544e-05,-2.2416003e-05,-0.00017912714,-7.840651e-05,-9.0095145e-06,0.00012234315,-8.063552e-05,-0.00010107729,-9.9103645e-06,-0.0001797231,0.00010087702,7.134329e-05,-9.041267e-05,-2.6523872e-05,7.525318e-05,3.0181436e-05,0.00011406025,-3.2887674e-05,2.730047e-05,-5.0903524e-05,-9.249956e-06,0.0001663654,8.155559e-05,3.904726e-05,0.00015350456,0.00019540665,-0.00020730979,7.617071e-05,0.00019588743,6.297166e-05,0.00011603534,0.0002573791,0.00013419466,-8.403695e-05,8.3281644e-05,-3.7103167e-05,2.4867855e-05,-2.6314501e-05,-3.0201689e-05,-5.821303e-05,0.00020692045,0.00010003488,9.640225e-05,6.215619e-05,-6.672392e-05,-1.0829896e-05,-0.0001862692,-0.000114199676,8.036879e-05,-3.6150766e-07
T492_EGFP,3.000255e-05,9.0887595e-05,-2.0900592e-05,8.3439736e-05,4.808399e-06,0.00023504466,-3.830454e-05,3.974692e-05,9.504696e-06,-4.156248e-06,0.00011394242,8.07996e-05,9.945676e-05,0.00012673947,0.00019798843,1.4457357e-06,2.7995871e-05,8.459791e-05,-5.19289e-06,2.3555665e-05,-0.00013741855,-3.691828e-05,0.000116907395,-2.5027413e-05,-9.096089e-05,5.9898957e-05,0.000100142286,0.000103212784,-0.00012288545,8.736522e-05,-4.5456352e-05,-0.00015033942,-0.00014905284,-5.3691343e-05,3.668941e-05,-0.00010406707,-3.1683663e-05,-7.6370125e-06,-0.00012780979,0.00019493136,-7.148688e-05,2.4163983e-05,2.269472e-05,4.051601e-05,-0.00030142398,0.0002905613,-0.00025066364,0.00014089362,-0.00012788744,-4.985268e-06
T478_EGFP,-0.0001122404,0.00024256781,2.8834493e-05,-9.539308e-06,-0.00012047063,4.2844666e-05,5.0790488e-05,-6.772461e-05,-2.7979542e-05,4.6858175e-05,3.2651125e-05,8.7623e-05,8.6630156e-05,-7.0964896e-05,-2.4767145e-05,0.0001881601,0.00023780372,5.930134e-05,-6.197501e-05,9.427207e-05,0.00014026367,0.00022827172,0.0002453884,-1.1059607e-05,-2.1520525e-06,-0.00029352785,0.00019635494,-8.295327e-05,2.7626458e-05,3.9530598e-05,7.242188e-05,0.00013861278,-4.205432e-05,5.2882206e-05,-1.20168725e-05,4.7218127e-05,-8.309723e-05,-5.3769036e-05,2.6117516e-05,-7.684773e-05,-1.4582135e-05,6.913399e-05,0.00022794443,8.416066e-05,0.00018731618,1.7044795e-06,0.00011945468,-3.013043e-06,0.00017293831,4.9543833e-05
T50_EGFP,-8.3832456e-05,0.0001329682,-7.002539e-05,-0.00016553531,-1.25691895e-05,0.00013634421,9.336436e-05,9.989418e-06,-6.4639695e-05,7.451952e-05,-0.0002073693,-2.0207184e-05,-7.093799e-05,-9.6839234e-05,0.00022102872,3.7403536e-06,-3.6448506e-05,-1.8511935e-05,7.243845e-05,7.117286e-05,0.000106772015,0.00011676059,1.1498798e-05,-2.9788018e-05,-7.912508e-05,4.758485e-06,5.220233e-05,-1.7591488e-05,-6.55007e-06,-1.1614178e-05,-5.7871774e-05,-1.2315253e-05,-2.3404398e-05,0.00015132417,0.00019779717,0.00014806655,4.714065e-05,-0.000110284396,1.0968864e-06,3.2154203e-05,-0.000121084646,0.0001516642,0.00014224734,-3.1181116e-05,9.0827336e-05,0.00012007548,-9.380649e-05,-9.7138916e-05,2.1031365e-05,6.1357554e-05
T323_EGFP,0.00024419563,-9.4970865e-06,0.00025074426,0.00020287525,-1.6353282e-05,7.3967974e-05,0.0002344289,6.772987e-05,8.576949e-06,-1.6260627e-05,0.00015165936,-1.0832204e-05,6.0756975e-05,3.9372575e-05,6.472976e-05,-8.768635e-05,8.731376e-05,1.4111402e-05,0.000117452284,0.0001479675,0.00022466156,-3.839842e-05,6.284468e-05,-8.423543e-05,7.292563e-06,8.264085e-06,1.6388127e-05,0.00015701055,-7.427363e-07,0.00010137031,-7.5433272e-06,7.046656e-05,-0.000121080535,0.00013544528,0.000102439626,-0.00010247943,0.00010609443,5.568845e-05,-8.733484e-06,-4.0904626e-05,1.4815842e-05,3.7300102e-05,9.7705095e-05,5.261505e-05,6.420462e-05,1.3715343e-05,-4.6860414e-06,0.00013511885,-5.367573e-05,-9.360409e-05
T209_EGFP,-0.00019171188,-6.457076e-05,0.00019398324,-7.682943e-05,0.0001946749,0.00021004422,-2.7016473e-05,0.00011923332,4.9587623e-05,-3.6590725e-05,0.0001892151,-5.5947025e-05,-3.36125e-05,-0.00015466507,-0.00014869483,-7.947857e-05,-4.650811e-05,0.00011119536,-4.377838e-06,0.00018067147,-5.7077275e-05,3.6152392e-06,0.00022100308,-2.8853587e-05,-9.293156e-05,-4.5363155e-05,0.00022167679,-4.2319607e-05,6.384836e-05,-9.221517e-05,-0.00014836229,3.919507e-05,5.5451183e-05,-0.00014735371,-0.00015679511,7.8471414e-05,-5.7609137e-05,0.00013464932,-8.687128e-05,-2.2975359e-05,2.4550185e-05,0.00012886345,0.00019273483,8.891144e-05,-2.4092811e-05,-0.00031206338,4.1884687e-05,3.5431367e-05,5.1396783e-05,-3.062644e-05
T431_EGFP,9.992537e-05,-1.0590019e-05,0.0001540494,-0.00016223577,0.00017557296,5.7264133e-06,0.00021294254,7.542413e-05,9.086206e-05,0.00013839778,4.0848474e-05,-4.1946546e-06,5.2606763e-05,-3.9083556e-05,-8.177722e-05,-5.42842e-06,0.00011540872,0.00017209131,0.00017398882,6.258616e-05,0.000100953606,0.00012278392,5.2713578e-05,-2.2288938e-05,6.3562e-05,9.730896e-05,0.00012896108,1.039564e-05,5.889552e-05,7.546096e-05,-0.00019927823,6.492152e-05,0.00018248333,-2.0045527e-05,7.307874e-05,-1.26065115e-05,1.675589e-05,5.2305327e-06,0.00017505768,-9.020672e-05,5.1646188e-05,6.1083806e-06,4.4377237e-05,2.202876e-05,9.913065e-05,-0.00045650726,0.0001828601,7.730953e-06,-0.00018474918,-9.974724e-06
T318_EGFP,0.00019908434,9.490549e-05,1.8865663e-05,-6.610714e-05,-0.0001406315,7.561426e-05,9.708881e-06,0.00016554337,0.00018298643,5.7638557e-05,0.00020605102,-1.8140485e-05,-0.000101668906,-0.00016985004,-9.416315e-06,3.9952796e-05,-3.303148e-05,3.6235302e-05,0.0001577954,0.00013988654,1.5298838e-05,4.9398943e-05,-2.3701707e-05,0.0001658112,-5.0000737e-05,-6.74931e-05,-3.5139874e-05,0.00014026163,0.00012470281,-0.00011205913,7.56744e-05,1.725863e-05,1.4700812e-05,7.588672e-05,-0.00012689843,-4.01653e-05,0.0001668281,-1.5347332e-06,1.0539635e-05,-2.945201e-05,-1.998582e-05,3.3888704e-05,-0.00020455667,-7.904653e-05,7.5690274e-05,7.562835e-06,0.00013198811,-5.5384804e-05,0.00012799668,0.00012023001
T301_EGFP,0.00028194403,-0.00019313645,-1.2119519e-05,1.5151519e-05,-7.9932375e-05,0.00022013018,0.00019604989,1.31605675e-05,3.4313507e-05,0.0001097274,-8.335264e-05,0.00024440163,-8.328649e-06,0.00011402263,0.00014436062,-0.00011326592,-0.0001635153,0.00011125729,-9.527227e-05,-3.4808105e-05,4.6218214e-05,2.2622145e-05,-2.2865188e-05,0.00011192048,0.00013742427,2.9961124e-05,0.00013563737,0.00012730678,-5.1348467e-05,-0.00021664475,-3.2876447e-05,-5.224106e-05,-5.4520373e-05,-9.5077354e-05,0.00014010386,-4.0553903e-05,7.720108e-05,0.00022050928,-2.5616206e-05,-8.671799e-05,0.00013956195,0.00015371066,0.0001035652,-3.4101793e-06,7.940508e-05,-1.7880497e-05,-6.584958e-06,0.00015207492,5.282763e-05,0.00015651876
T441_EGFP,-2.635184e-06,-0.00013960787,-3.9738476e-05,0.00022107198,-0.00015244867,-7.084367e-05,4.4155728e-05,-6.832428e-05,0.0001596764,-3.5605866e-05,-6.842332e-05,4.6503064e-05,0.00011413848,0.00023880352,-6.0939456e-05,4.1520503e-05,1.744103e-05,0.00016969915,8.4954394e-05,3.876388e-05,5.667495e-05,0.00016726764,-3.0662715e-05,0.00010610666,1.7520977e-05,7.3468036e-05,-3.241867e-05,6.914451e-05,0.00016490412,0.00018159667,0.0001660668,2.7828708e-06,0.00023746064,-2.8810402e-05,0.00014337833,6.1047074e-05,3.588437e-05,9.901895e-05,-3.486303e-05,1.86623e-05,-5.2334435e-05,8.554731e-05,-3.939775e-05,-5.6380948e-05,1.6005899e-05,-1.0729436e-05,-2.6356422e-05,-7.053109e-05,4.6824675e-06,3.1991804e-05
T79_EGFP,-0.00013763242,0.000105791165,-5.044308e-05,6.4071115e-05,2.041377e-05,7.168512e-05,-7.369105e-05,-5.339755e-05,5.517705e-05,-0.00019916036,0.000108201675,0.000109058295,-0.0001462739,-0.00013753591,8.2654406e-05,8.861879e-05,0.00018067879,3.330156e-07,5.946743e-05,1.1165577e-05,-7.165562e-05,-6.9016394e-05,1.5228416e-05,-3.0120525e-05,5.3493324e-05,9.101653e-06,-4.3453405e-05,0.00017461558,-8.018049e-05,0.00011220006,-4.1728304e-06,5.1258892e-05,0.0001601283,7.284452e-05,0.00015236909,-4.035618e-05,0.00014696828,8.27173e-05,1.6182352e-05,3.6385402e-06,0.00014824988,-2.742286e-05,-7.549795e-05,-0.00017048669,0.00018478777,8.748148e-05,-0.00012853114,0.0002123454,0.0002054956,6.1543666e-05
T535_EGFP,-6.9469126e-05,3.5651196e-05,1.6211272e-05,8.974565e-05,0.00011560523,0.00027449036,-7.633495e-05,4.163322e-05,-6.0720336e-05,0.00018850908,-8.4751104e-05,-5.5580676e-05,4.5482975e-05,1.6658794e-05,0.00020348323,3.4499193e-05,-4.449628e-06,-5.4098316e-05,-1.717762e-05,8.424285e-06,6.2414256e-05,0.00010056312,1.8926465e-05,1.909361e-05,8.793401e-05,3.4740253e-05,0.0002320807,-5.535382e-05,-2.2043829e-05,-7.339198e-05,-8.9461355e-05,0.00026447,-0.00010324189,2.4159277e-05,3.0738378e-05,0.00010085611,0.0001166651,-5.3938547e-05,1.899997e-05,-7.275313e-05,0.00020686843,9.1236965e-05,0.00030898815,1.4660478e-05,0.00011344829,-7.2750245e-06,5.7850462e-05,0.00017531689,-0.0001335252,-0.00011643723
T553_EGFP,0.00013419644,0.00020035144,7.098716e-05,1.7317738e-06,0.0001357467,0.00020908545,0.00014990849,-3.9567738e-05,3.164838e-05,-5.387966e-05,-3.7142046e-05,2.3840475e-05,-4.0962743e-05,0.0001498585,3.404412e-07,9.157433e-05,8.546655e-05,-4.47511e-05,8.261619e-05,0.0001212237,1.7509226e-05,-3.9751467e-05,2.3007606e-05,9.578756e-05,0.00023733286,0.00014409043,0.0001475191,8.316164e-06,0.000105805506,-2.9060426e-05,0.00026191253,1.6483746e-05,9.7462405e-05,4.039118e-05,0.000181856,0.00014017902,1.0891344e-05,0.00014179925,-5.0395793e-05,-3.364782e-05,3.774677e-05,0.00011451875,8.135319e-05,9.014117e-05,0.00016231548,9.267551e-07,-6.805325e-05,2.2056307e-05,4.097243e-05,-2.625464e-05
T189_EGFP,0.00012091026,-6.522927e-05,6.8417496e-05,6.643563e-05,0.00012261076,-2.2796326e-05,-8.448523e-05,2.5704436e-05,0.00013219527,0.00010422659,5.8880592e-05,0.00025917118,-7.4864285e-05,-0.000114399525,3.1541153e-05,4.4088087e-05,2.858087e-05,-4.250218e-05,-0.00011084396,-0.00015940527,8.890211e-05,6.416665e-05,-5.4540025e-05,3.4923853e-06,-9.348618e-06,6.0149254e-05,4.1031115e-05,-5.294857e-05,0.00013133904,6.430949e-05,5.5281907e-05,0.00017455353,-1.8500516e-05,0.0001892435,-3.8286962e-05,6.331408e-05,-8.566368e-05,-0.00016816752,0.00014163242,-0.00010032978,0.0001420422,9.395732e-05,-0.00012370782,-8.283037e-05,0.00017295415,-9.263239e-05,-0.000105365354,2.4147806e-05,-6.5118715e-05,9.6219665e-06
T84_EGFP,-6.231527e-05,4.326535e-05,-5.035647e-05,0.00012095385,-3.0479965e-05,0.00022298262,-4.397406e-05,-5.4163917e-05,0.00015060852,0.00021770931,0.00012415,0.00018594804,5.1526862e-05,6.46207e-05,-1.696516e-05,7.513482e-06,-7.454378e-05,0.00013000428,0.0001486291,7.19886e-05,1.7135999e-05,-6.518282e-05,3.1687418e-05,-1.9846058e-05,1.902066e-05,5.9918326e-05,-0.00013697808,-0.00013201435,-1.9114803e-05,4.3957607e-05,0.00014898661,-0.000106147665,0.00016443351,0.000117848074,4.7678517e-05,2.1689171e-05,0.0002341372,-7.037693e-05,-4.405495e-05,2.8485078e-05,0.000104285115,9.2066126e-05,-3.0762993e-05,0.00011038535,1.7493692e-06,0.00011143068,1.9334034e-06,-0.00010910411,0.0002252371,-3.586879e-05
T18_EGFP,-0.00016306998,-4.0222156e-05,-9.3375515e-05,1.2678578e-06,0.00010254442,0.00016662419,0.00020319512,7.503073e-05,-0.00020142064,9.285887e-05,3.830361e-05,-9.141219e-05,0.00026202467,-0.00011731442,1.958553e-05,1.6090858e-05,-1.1866088e-05,-9.49376e-05,3.9229646e-05,-0.000111463705,-2.0131785e-05,8.093297e-05,8.490549e-05,8.396474e-05,0.0001452457,1.0912136e-05,-4.3148408e-05,2.936997e-05,-8.217203e-05,0.00012944626,0.00010643723,6.084279e-05,-2.8186766e-06,-2.3126406e-05,1.5192988e-06,8.56583e-05,-6.2451654e-05,-1.5602647e-05,3.2804477e-05,5.4859884e-05,4.0982493e-05,0.00017266399,0.0001707891,3.34281e-05,3.2214608e-05,0.00018393717,-9.664149e-05,0.00015456077,0.00014688604,0.000100309815
T93_EGFP,5.013248e-06,7.125976e-05,0.00012640496,9.531977e-05,2.6806638e-05,0.00015931028,0.000349795,4.826431e-05,-3.3852553e-05,0.000116117764,-5.0563474e-05,0.00018066594,0.00012101882,-6.14137e-05,3.0324058e-05,4.9359798e-05,0.00020076649,0.000104574654,5.27651e-05,-0.00011727104,0.0002113365,9.98128e-05,-7.736773e-05,-1.9061825e-05,5.995076e-05,0.00015511601,-3.3999346e-05,6.085907e-05,0.00019403748,0.00017646524,-1.318274e-05,-5.1873467e-05,5.960048e-05,-9.199166e-05,7.029369e-05,-2.1815942e-05,0.00025307,-0.00014909038,-7.7007535e-05,-0.00024569084,-4.8814338e-05,0.00021413602,7.990458e-05,0.00017913156,-5.004457e-06,0.00024656564,9.765424e-05,-0.00013420434,-3.592973e-05,3.5309724e-05
T3_EGFP,-1.2439867e-05,8.240324e-06,7.972036e-05,0.0002063563,-0.00015288859,8.258384e-05,2.5126865e-05,6.981062e-05,-2.2990374e-05,2.4762434e-05,-4.4756463e-05,0.0002082636,8.025378e-06,0.00022615756,-4.2396165e-05,0.00010677915,-0.00021138982,0.00020403993,-8.7381646e-05,-7.476568e-05,-1.539255e-05,0.00014772888,4.6592977e-05,0.00012110978,-9.197015e-05,0.0001934029,-0.00011530392,-4.5844885e-05,0.00020035602,-6.921984e-05,9.5780175e-05,0.00010208848,0.00011903197,-5.8289697e-05,-9.2636015e-05,-0.00023346064,-0.00014362109,0.00010449356,-6.494522e-05,0.0001055498,7.8703495e-05,0.000121784535,0.00026424174,-0.00020771366,0.000103691746,0.00030398625,0.0001282937,0.00021140621,-1.0253084e-05,-9.164911e-05
T399_EGFP,0.00015307232,-0.00012718939,1.4802278e-05,6.3160005e-05,-0.00013945015,-1.9496061e-05,7.966519e-06,-1.5550058e-05,-0.00011412352,-2.9082907e-05,0.00015421509,-0.00022635981,8.548935e-05,4.55027e-05,-0.00019877826,8.1747035e-05,0.00010226675,-0.00013709354,-1.1611053e-05,-2.8696932e-05,-5.529163e-05,-2.1934378e-05,0.00019202553,-7.9732694e-05,-9.662836e-06,-7.862874e-05,0.00018048142,9.894433e-05,9.1099064e-05,-0.00028883477,0.00010291385,-2.792168e-05,-5.9345e-05,8.67888e-05,5.002755e-05,7.076605e-05,-8.431989e-06,7.6755554e-05,-3.299452e-05,7.810335e-05,0.00017424919,4.2568623e-05,-0.00013496364,-8.245899e-05,0.00026662493,1.6741164e-05,0.0004047137,-8.280387e-05,8.2858125e-05,-1.7633476e-05
T361_EGFP,-0.00012591787,8.039716e-05,0.00012915036,-4.4306988e-05,1.1357363e-05,0.00014746079,-1.7643235e-05,-3.93399e-06,4.700757e-05,3.6967926e-05,-3.0119372e-05,-0.00012288481,0.00023319139,-7.687908e-06,-2.7497608e-05,0.00020230141,8.238652e-05,-7.383238e-06,-1.2050836e-05,4.9763414e-05,3.4307923e-05,-8.296039e-06,3.126579e-05,-3.018782e-05,0.000112070884,0.00013734508,0.00015028732,0.00027945839,7.849966e-05,-2.9875473e-05,1.6648448e-05,-0.00028613367,8.6684384e-05,-8.375557e-05,0.00017607649,4.8994312e-05,5.9286394e-05,0.00020835089,5.7229798e-05,0.00024623665,-0.00012122648,-1.2259099e-05,-5.0964947e-05,1.0436999e-05,-4.395084e-05,0.00012539407,0.0001130407,-4.6666823e-06,-0.00017488685,-7.242199e-05
T96_EGFP,0.000118205964,8.6013555e-05,-6.84426e-05,-9.141819e-05,-2.8525383e-05,-0.00017941796,0.0002641544,8.8315035e-05,3.0429304e-05,0.00012775135,-0.00013675283,7.3496696e-05,0.00015423029,0.000115809155,-2.481921e-05,0.00016252341,-0.00011248741,0.00016973416,7.241557e-05,-8.6450316e-05,4.4804492e-05,3.2214222e-05,-4.6646714e-05,6.118413e-05,6.4615786e-05,-6.6530156e-05,0.00015494462,-5.1940857e-05,-8.576076e-05,2.2036875e-05,2.8787337e-05,8.7542496e-05,5.33428e-05,-1.25185725e-05,0.00030564758,0.00014820136,0.00016592437,0.00010808072,-5.8356065e-05,-0.00023753903,-4.659455e-05,-0.0002539365,-5.194512e-05,-0.000139062,-8.660451e-05,0.00022671267,-8.329859e-05,-3.3878325e-05,5.520883e-05,3.974135e-05
T653_EGFP,0.00024046772,3.5857556e-05,-4.3016455e-05,9.1968905e-05,-2.9260229e-05,8.0691716e-05,5.213389e-06,0.0002348467,0.00013876832,-0.00011291104,-2.1833435e-05,-1.840992e-07,-0.00016481744,5.5114862e-05,0.00031795359,-6.890341e-05,5.560715e-05,5.197137e-05,-2.3004644e-05,3.2286207e-05,-4.76356e-05,8.084715e-05,0.00014543952,7.703534e-05,6.285224e-05,-6.0296217e-05,-1.947831e-05,-2.5155462e-06,1.9880985e-05,-6.8170135e-05,0.00018199824,0.00022004601,2.995851e-05,8.3463084e-07,-6.4201566e-05,0.00016671167,8.075645e-05,2.433978e-05,3.6134516e-05,-0.000102136044,9.944771e-05,3.483605e-05,3.9137798e-05,-7.1370696e-06,-9.522325e-05,-2.7082464e-05,7.778029e-05,4.1382693e-05,3.5410863e-05,-0.00020909775
T619_EGFP,0.00016987162,5.1345734e-05,0.00017310848,-0.00020607401,9.6378986e-05,0.0001132868,0.00015387534,-1.9513345e-05,1.5993422e-05,-4.8070462e-05,7.588302e-05,0.00012955176,5.0054423e-05,-1.7362861e-05,1.1541966e-05,3.976971e-05,-4.098759e-05,0.00013329434,0.0001109029,0.00013564428,-7.543566e-05,0.00012689439,0.00027059406,0.0001804179,-9.289357e-05,0.00034121203,5.4719818e-05,0.00010386572,-6.046222e-06,-0.00012342932,1.0583103e-05,8.379195e-05,-3.0474666e-05,-4.396175e-05,1.2778531e-05,0.00015561629,6.185221e-05,-0.00011929669,-2.5013514e-05,7.932117e-05,0.00016232827,-5.7918798e-05,-7.029001e-06,1.0167627e-05,0.0001983864,3.5613182e-05,-4.1741932e-05,0.00021031105,0.00019273393,-7.834673e-05
T527_EGFP,-7.683777e-05,2.666176e-05,0.00012723956,5.908741e-05,0.00015363222,4.327049e-05,0.00027511214,3.500902e-05,3.029443e-05,-0.00012366653,-3.989774e-05,0.0002912534,-1.3677092e-05,0.00026792288,-7.747554e-05,-5.4402517e-05,1.2422407e-05,0.00014226505,2.4742005e-06,-5.5844997e-05,-0.00014676555,-3.4877858e-06,3.6871515e-05,-7.837007e-06,9.185465e-05,-4.3479075e-05,-0.00013917714,4.5554207e-05,0.00012821952,-7.91874e-05,0.000120494326,0.00012256677,4.641055e-07,9.660421e-05,-3.193904e-05,2.103771e-05,-8.673233e-06,0.00014572642,0.00018903596,0.00016067075,5.9226797e-09,0.00018075407,-0.0002092394,0.00010426812,3.409875e-05,-0.00012885632,7.929128e-05,-4.803187e-05,-0.00010292655,-5.2378015e-05
T337_EGFP,-5.6365723e-05,3.987641e-05,-0.00018911621,3.505278e-05,-0.00013132485,0.000120512675,0.00011291948,9.047281e-05,-8.176318e-05,-0.00013704522,0.00010550708,-7.032457e-05,-9.915547e-05,-0.00014301956,-5.3637323e-05,0.00014286324,9.3297225e-05,0.00021405528,5.9147613e-05,5.816675e-05,-2.5142135e-05,-0.00014713909,0.0001414829,-3.4727756e-05,2.1325643e-05,2.5892183e-05,9.807717e-05,2.135045e-05,-3.2623455e-05,-5.7186855e-05,0.00014160153,5.0221228e-05,-4.861509e-05,-1.1132323e-05,-0.000115998824,0.00025245186,0.00013259191,1.2060594e-05,5.6575005e-05,0.00018668616,-8.1540886e-05,0.00015288408,0.00016506629,0.00010916581,-0.0003239514,5.9487647e-05,2.513891e-05,0.00011440622,4.6636145e-05,6.378482e-05
T692_EGFP,0.00010251464,0.00014033348,8.766282e-05,-8.122638e-05,8.792327e-05,0.00026662025,-0.00015711234,4.7568345e-05,0.00012307221,9.271699e-05,6.1313396e-05,-2.4217014e-05,-4.90945e-05,0.00011375151,-5.3123946e-05,-5.4638735e-05,-9.233169e-05,0.00010547701,-1.3089909e-05,4.7705144e-05,-0.00017645708,-2.373417e-05,0.00016610247,-1.8378776e-05,-6.851258e-05,1.0464471e-05,4.3236327e-05,0.0002010737,0.00011605408,2.2994416e-05,3.2553686e-05,0.00024069694,7.29426e-05,-5.1853544e-06,-8.343957e-05,-0.00012871971,-8.512204e-05,-5.6059353e-06,-9.067886e-05,5.8622416e-05,-0.00018740592,7.019023e-05,5.746155e-05,-3.970684e-05,-6.2567684e-05,1.4995061e-05,-3.8242695e-05,0.00027050704,-4.7506877e-05,-0.00014895505
T694_EGFP,5.8984064e-05,0.00023329178,0.00014778237,-2.2893499e-05,0.00015630429,-9.220922e-05,-0.00011408011,8.971344e-05,9.502459e-05,-4.323091e-05,0.0001717555,-8.045649e-05,2.886672e-05,2.104392e-05,6.280074e-05,0.00010658413,0.00018518577,-4.6605048e-05,-8.0547405e-05,7.0863505e-05,-5.314669e-05,-9.442372e-05,2.7050797e-05,-0.00017434925,-9.413688e-06,-9.222724e-05,7.215385e-05,0.00014581207,6.895536e-05,-2.6329606e-05,-0.00018819202,3.4285665e-06,8.1842016e-05,0.00021161191,6.909579e-05,6.156928e-05,1.4302974e-06,4.1388867e-05,-1.8575452e-05,-8.905199e-05,8.113296e-05,0.00024010046,7.644481e-05,-0.00015942645,-0.00010190865,-5.3075106e-05,-2.4334848e-05,0.000118436816,0.00017404094,0.00029039604
T538_EGFP,-3.964123e-05,6.0283943e-05,9.3348724e-05,6.486242e-05,0.00024765584,0.00014969245,-0.000219712,0.00010337903,7.6979384e-05,-5.067735e-05,-4.5647725e-05,0.00014767576,-6.199911e-05,0.00012367326,0.0001478697,-0.0001041815,0.00013153977,-9.394084e-05,-0.00010439711,8.328131e-05,1.2985686e-05,-4.8470956e-05,7.6155375e-05,-5.4086204e-06,-3.068381e-05,0.00014019464,5.1020277e-05,0.00017473988,5.6249377e-05,-0.0001240747,0.00011349905,0.00018943538,9.817929e-05,0.00013810655,0.0002964355,1.3501727e-05,5.8822392e-05,-6.0044247e-05,7.7694596e-05,6.796598e-05,-9.247458e-05,0.00017008549,-5.600143e-06,0.00011927444,0.00022539592,0.00020696613,6.4823165e-05,-9.309123e-05,3.7493934e-05,-3.235644e-05
T699_EGFP,4.33822e-05,5.5495027e-05,0.00026573002,-9.4283336e-05,-2.7328171e-05,-9.942253e-05,0.00010213662,0.000113157206,0.00014935908,8.60434e-05,0.00011825705,-3.942717e-05,-1.1880336e-05,0.00013615804,0.00019018007,7.650829e-05,-4.9044782e-05,-6.268583e-05,2.5425346e-05,-3.293232e-05,0.00019026302,0.000105748826,-7.725572e-05,0.00011007737,0.00029155897,-7.327974e-05,-1.1974874e-05,9.688461e-06,-0.00010372545,7.443629e-05,0.0001602097,-0.0001419021,5.7983398e-06,-7.74193e-05,2.3518449e-05,0.00015895175,3.0166427e-06,-1.0711085e-05,-1.41268165e-05,3.520287e-05,0.00015862353,-4.3669785e-05,0.00011795166,0.00016038057,6.115015e-06,-0.00026931232,-2.578402e-05,-0.00022798553,-1.1241427e-05,4.386216e-05
T697_EGFP,0.00011784886,-0.00014612135,5.5978686e-05,-8.384793e-05,-7.9134465e-05,3.860251e-05,-1.6458893e-05,3.8548802e-05,0.00019159848,-5.937053e-05,0.00017983494,-9.318591e-06,0.00017429772,0.00014929642,3.29781e-05,-0.00017879835,4.8657894e-05,-6.608224e-05,0.00015085538,-2.3728513e-05,0.0001001283,0.00011106839,0.000111036214,-1.286904e-05,0.00013909816,-0.000106961685,5.0295486e-05,-9.6503805e-05,-8.406764e-05,9.566777e-05,-0.0002693903,-5.46261e-05,-5.4040815e-05,3.3508786e-05,5.009112e-06,-1.3126477e-06,0.00012081585,-0.00018295748,-4.027665e-05,-0.00016020618,-8.344084e-05,7.5311e-05,0.00011278345,4.7643796e-05,-3.041011e-05,4.5779016e-05,-0.00011616818,0.00020847275,-0.00010464165,0.00016609789
T195_EGFP,5.0355e-05,-2.4144088e-05,-6.8962045e-06,7.2980642e-06,-2.934442e-05,-0.00027045436,-1.3450938e-05,0.00010290059,3.795935e-05,-6.1680716e-05,2.8175353e-05,9.815528e-05,0.00010011577,0.00020498101,2.2963342e-05,-4.187435e-05,6.670287e-05,0.00016381776,2.007003e-05,-7.625891e-05,0.00020630435,0.0001800858,-1.841512e-05,-9.267494e-05,4.3684446e-05,0.00022801274,0.00022429298,-8.001028e-05,0.00010896742,-5.035342e-05,2.3940882e-05,6.787827e-05,2.7269913e-05,-0.0001725181,1.4138867e-05,-4.2133284e-05,-0.000110187706,4.5922057e-05,-0.0001748474,0.0001718603,0.00011742777,0.00010640437,0.00013529381,-2.908023e-06,0.00029109896,-9.573621e-05,-1.7949955e-05,8.972013e-05,-0.0001660313,6.5887696e-05
T117_EGFP,0.00024928103,0.00011979891,-0.00011088805,-4.539051e-05,4.744149e-05,0.00012345542,-7.364317e-05,0.00010251584,-4.0418716e-05,-8.0427424e-05,7.5375334e-05,4.1737687e-05,0.000144959,-1.6680804e-05,-1.0857471e-05,0.00015605219,0.00011874502,-5.0076203e-05,0.00020861218,0.00021661242,-3.718989e-05,9.224049e-05,-4.3317177e-05,-9.308488e-05,0.00010235629,0.00010747901,3.6122536e-05,-6.465078e-05,0.00013917258,3.464928e-05,9.730574e-05,0.00010053715,6.639908e-05,0.0001441922,-7.438168e-05,-3.6156707e-05,9.468022e-05,-0.00012386861,2.921858e-05,0.00016598192,3.4709414e-05,3.443001e-05,5.4362727e-07,-0.00020735528,-7.7536286e-05,0.00022404206,-6.924595e-05,-8.3176434e-05,0.00014761901,4.0062238e-05
T270_EGFP,-7.452252e-05,4.328201e-05,-0.00010339745,-1.1206512e-05,4.5545625e-05,1.8301026e-07,-2.070716e-05,0.00023650697,0.00029101782,0.0001893166,-9.073908e-05,0.00013830402,1.3155306e-05,4.0264564e-05,-0.00012286325,-0.00024434307,4.3165022e-05,-2.7006483e-06,-5.1292864e-05,0.00018856475,0.00019655316,0.00019008057,0.00011617616,0.00013048029,1.8544273e-05,0.00010670467,0.00011088394,-8.531826e-05,3.075925e-05,0.00010016762,-3.764553e-05,4.2379997e-05,0.00012457233,0.00014150987,0.00012809351,0.00011826833,-7.381816e-05,-3.1077583e-05,-0.00017185588,0.00012333745,5.7521665e-05,-3.1216863e-05,-4.3500073e-05,-0.00011048253,0.00015067426,-2.0567444e-05,3.417999e-05,4.9671155e-05,-3.4513956e-05,-5.6833913e-05
T259_EGFP,-9.054455e-05,1.980612e-05,0.00015413831,0.00013705954,1.7095012e-05,0.00013788276,9.611993e-05,-4.394701e-05,0.00013144188,-5.4271113e-05,-6.818436e-05,2.0972084e-05,0.00012279155,0.00015216385,4.445372e-05,-7.873894e-05,0.00014043001,7.675917e-05,-8.0674065e-05,-5.103776e-05,-0.00015158385,-8.067833e-05,0.00011927463,-4.387607e-05,0.00010258247,-0.00014493824,3.9939438e-05,-8.21134e-05,0.00012313647,0.00020301357,2.139779e-05,-0.00010793466,0.00022702932,5.371878e-05,-0.00016308659,6.7041925e-05,-7.3304764e-05,-6.759915e-05,-4.8999926e-05,0.00020671543,1.5587765e-06,-0.00013473995,-1.2870841e-05,5.7508896e-05,2.9006722e-05,-9.7872966e-05,-4.1148967e-05,-8.660411e-05,-7.1722505e-05,-0.00010164435
T91_EGFP,-0.00012277017,2.435807e-05,0.00012492498,-9.414784e-05,0.0002676823,5.399768e-05,-4.568573e-05,0.00028760853,4.036748e-06,0.0002771068,4.461316e-05,5.884909e-05,7.256894e-05,-2.5799662e-05,-1.4673778e-05,-7.070586e-05,0.0001207935,-7.162495e-05,0.00016360162,0.000107879765,-6.659134e-05,4.7289e-05,-5.3615753e-05,-1.5355265e-05,0.00013919466,-0.00013456176,0.00018562427,0.00013375956,1.5025332e-05,-0.00019787283,-2.1832573e-05,4.3194595e-06,9.795915e-05,0.00021072892,-2.3764227e-05,-7.236063e-06,4.4397355e-05,9.409146e-05,8.0378726e-05,-3.9859166e-05,0.0001138923,-0.00022417502,0.00015916191,-8.821828e-05,-0.00011799728,1.8898389e-05,-7.839008e-06,0.00026879561,1.5341586e-05,3.096628e-05
T636_EGFP,0.00021476547,8.2620274e-05,4.1040177e-05,4.3788183e-05,-0.000110910674,1.0187433e-05,2.6378334e-06,3.3818804e-05,0.00014019001,-1.8035538e-05,-0.00017872332,-0.00012878294,0.00018069294,1.8542456e-05,5.669695e-05,-0.00012691412,0.00015125237,-0.00017745548,3.1095853e-05,-7.94261e-05,9.160178e-06,0.00017311423,-6.187447e-05,-5.27896e-05,2.010169e-05,0.00016988967,0.00010719343,1.7919883e-06,-0.00014827252,-0.000108057095,-2.2685963e-05,-7.5643446e-05,0.00011211406,0.00017599092,2.8644212e-05,-5.1806757e-05,7.121277e-05,3.5681074e-05,-2.163648e-05,0.00012367156,-2.0202091e-05,2.0884005e-05,6.9040434e-05,0.00011606712,0.00016552031,-5.4493245e-05,0.00011289411,6.778902e-05,0.00012401826,0.00019091816
T494_EGFP,3.7743477e-05,5.309159e-05,1.2406247e-05,0.00015073334,6.835845e-05,-2.4204017e-05,-5.878956e-05,7.297975e-05,-0.00010340744,3.1421794e-05,1.7064907e-05,0.00011902238,-0.00019987345,4.694478e-05,0.00015170623,-3.4320496e-05,0.00012075794,-0.00011795761,0.00017530302,0.00018419552,2.7902128e-05,0.000104583545,-3.170403e-05,-2.1305857e-05,3.657407e-05,-2.8104878e-06,-1.8041439e-05,-1.8363493e-05,9.9477766e-05,6.3496955e-05,9.599615e-05,0.0001564397,-1.8047764e-05,1.2316089e-05,-5.1022096e-05,0.00026841674,0.00013944693,0.00022775678,0.00014660708,-9.892196e-05,-8.967617e-05,0.00014079793,-0.000113824935,0.00013379795,0.00016097516,-5.590017e-05,0.00020493806,-3.1889605e-05,-5.232379e-05,-8.830469e-05
T419_EGFP,8.770545e-05,0.000147244,0.00011348551,8.984182e-05,0.00025268807,6.461387e-05,-5.902745e-05,-7.446199e-05,4.8007696e-05,2.4728373e-05,-3.9490715e-05,0.0001702323,1.2041645e-05,4.9696886e-05,4.202151e-05,2.3881092e-05,0.00016909472,0.00011644647,3.602109e-05,7.896858e-06,-4.0851224e-05,-8.199003e-06,4.504064e-05,0.0001648487,0.00016738706,8.214799e-05,3.509906e-05,-0.000103816776,-3.6576937e-05,-0.00017503326,0.00022936803,-5.7528578e-06,3.2305157e-05,0.00016334993,3.214346e-05,3.9638493e-05,-0.000259821,0.00017255571,8.442871e-05,0.00016587824,7.745079e-05,0.000116373645,0.0002490328,-8.906519e-05,-0.0001347092,8.258013e-05,7.051903e-06,0.00018033468,0.00022913968,0.0002105342
T688_EGFP,-0.00017811994,0.00014687993,-7.7852055e-05,-9.775967e-06,0.00018640573,-0.00026174897,-0.00014421486,3.156792e-05,-4.4700508e-05,-5.9003698e-05,3.4782566e-05,3.1221458e-05,3.118361e-05,-8.352856e-06,0.00017217999,0.00011012952,-2.895041e-05,-8.476523e-05,-0.00011460196,6.4758235e-05,-5.3275136e-05,-9.72743e-05,-3.6882997e-05,0.00017280373,0.00019626394,3.9939107e-05,3.515338e-05,4.0938852e-05,4.437321e-06,9.92004e-05,1.0328183e-05,0.00011851352,-3.1951273e-05,4.2150852e-05,6.7265726e-05,-0.00018952668,-8.1965525e-05,-1.0178674e-05,-9.439934e-06,0.00014343468,-8.250808e-05,4.185488e-05,1.683142e-05,-6.327802e-05,3.265615e-05,5.545129e-05,3.9598945e-05,-9.269778e-06,-2.2255412e-05,-0.00021461264
T235_EGFP,-2.6745325e-05,-8.692699e-06,8.159746e-05,8.7188055e-05,7.003738e-05,6.142741e-05,-8.999511e-05,0.00017978923,0.00015161965,0.0002464822,0.00014407808,-1.44001015e-05,0.00019583934,6.175439e-05,-0.000121677,7.535118e-05,8.250606e-05,-3.2480988e-05,4.7046757e-05,-8.931564e-05,2.0037822e-05,0.00019027203,7.734615e-05,9.083845e-06,-5.6712066e-05,6.477568e-05,0.000112360416,1.7305207e-05,-7.476167e-05,-0.0001722592,9.507645e-06,-0.00010902435,0.00010434236,0.00011365658,-8.6828695e-05,8.7503315e-05,-2.742343e-05,4.054119e-05,1.9393772e-05,0.00015663837,4.312465e-05,-3.649833e-05,-3.726269e-05,5.716996e-05,0.00018114418,-5.2242278e-05,0.00013165307,-4.4692383e-06,6.394033e-05,0.0002746708
T444_EGFP,0.000122030084,5.482144e-05,0.00017852952,0.00016994393,-5.1319217e-05,-1.422321e-05,-6.0479226e-05,-6.356233e-05,-7.259791e-05,0.00011793429,4.582896e-05,-8.268118e-06,2.973963e-05,3.4216515e-05,-2.953266e-05,6.8148256e-05,-3.2791853e-05,0.0002897413,-2.1048288e-06,0.00010710643,3.0446365e-05,0.00017582407,-1.4805891e-05,3.6173212e-06,-7.410191e-05,0.000102130165,-3.0234189e-05,-4.283477e-05,0.0001046066,0.00013595981,0.00016417395,-1.2560438e-05,0.0001995564,0.00014144834,-1.8283502e-06,2.8765411e-05,0.000100812395,-4.67077e-05,1.5474651e-06,6.8063146e-06,-3.368842e-05,3.5972225e-06,0.00021752571,6.919082e-05,0.00013642068,-7.380032e-05,-7.398885e-06,-7.2736904e-05,0.00016047999,-0.0001519497
T143_EGFP,8.626654e-05,0.00018888518,-2.5871863e-05,-4.125546e-05,-0.0001240159,2.8909144e-05,1.1185676e-05,-6.0507045e-05,0.00024226631,0.00024077043,0.000101081765,-7.623552e-05,0.0001126238,3.1835454e-05,0.00011748925,0.00017471741,7.7283985e-05,-9.897046e-06,0.0001968503,-0.0001205884,7.325911e-05,0.00019467063,-2.8447475e-05,0.00010040499,-6.299886e-06,-7.55996e-05,-9.575214e-06,3.49072e-05,1.3552247e-05,-0.00013164901,-5.7358764e-05,-4.4950735e-05,9.118361e-05,-0.00015968912,-2.5411552e-07,-0.000101302736,0.00013533262,-1.8818364e-05,-5.6410037e-05,0.00019551368,0.00012884111,0.00019126131,-1.55688e-05,9.197052e-06,7.7447425e-05,0.00015759167,0.00024409937,-3.3210417e-05,-8.195848e-05,0.00016381133
T250_EGFP,-1.3477161e-05,6.447816e-05,-8.568231e-05,0.00011888614,0.0001946411,2.5227992e-05,0.00019387795,0.00023065004,8.414654e-05,-1.3563839e-05,0.0001298565,0.00014111787,6.318328e-06,0.00014615987,3.0686388e-05,1.4489069e-05,-0.00012690785,-2.2618973e-05,-3.148551e-05,0.00015076342,7.970107e-05,-1.2634555e-05,0.00014773589,3.88059e-05,0.00019582597,4.1977586e-05,-8.192574e-05,0.00015226062,-2.1260206e-05,-6.5638866e-05,6.0592098e-05,0.00018735378,2.8683775e-05,5.4490716e-05,0.00014641044,3.4473273e-05,-5.7829177e-05,6.206523e-05,0.00023261047,-0.00016405698,-2.8592814e-05,-5.267474e-05,-2.044539e-05,0.00016349381,0.00023151976,-9.278066e-05,1.4121624e-05,7.20378e-05,-7.792655e-05,1.4924593e-05
T226_EGFP,6.263163e-06,-7.125872e-05,0.00018173552,-2.2095861e-05,-7.2254275e-05,0.00016959201,7.1253875e-05,-7.6915574e-05,0.0001405927,-0.00012038209,-0.00013957405,-9.575215e-05,-6.695958e-05,8.368714e-05,1.3855624e-05,4.8431764e-05,0.00016880079,0.0001890993,2.5150686e-05,-1.192592e-05,-4.056144e-05,-1.5388337e-05,-7.260411e-05,0.00016213486,-4.5217734e-05,-0.00016506217,5.2060627e-06,0.00014539629,4.3883243e-05,5.050568e-05,0.00020238034,8.170117e-05,-3.985594e-05,0.0001953739,-3.3650085e-06,0.00011735695,1.8972101e-05,3.4199966e-05,5.232673e-05,3.184383e-05,2.8619123e-05,0.00011068872,-7.9095e-06,0.00035006637,-1.9098099e-05,-0.000120205324,1.1229645e-06,-6.783575e-05,0.00016721783,-2.8905775e-05
T105_EGFP,6.352592e-05,0.00018607933,-0.00024558246,4.652291e-05,0.00027133056,1.3998883e-05,0.00011233635,-5.613048e-05,-8.5886015e-05,-0.00016100993,0.00014939405,1.3509333e-05,2.1798278e-05,0.00012011344,0.00016010729,-5.4104985e-05,0.0001375511,6.743929e-05,0.00020090531,8.143946e-05,-2.4046873e-05,5.9748027e-06,-0.00010311645,9.671451e-05,-8.204885e-05,0.00011226959,-7.7430894e-05,9.012386e-06,1.5193168e-05,0.00021673867,3.6582744e-05,-6.945826e-05,-8.909535e-05,-1.1003616e-05,-0.0001723338,0.00014905562,-0.00018923085,3.7691872e-05,0.00021078836,-0.000101366226,0.00012375921,9.663226e-05,0.000107935084,7.718226e-05,0.0002907031,6.935729e-05,7.3030016e-05,0.00011721835,-3.55782e-05,-0.00010393844
T591_EGFP,8.005676e-05,-0.00013892267,8.30302e-05,-5.610091e-05,3.4779696e-06,8.286645e-05,8.462509e-06,3.095924e-05,-5.3672436e-05,-0.00013458254,0.00021129132,0.00015708743,-9.780989e-05,0.00016930446,0.00012097606,-9.153203e-05,4.112549e-05,1.3852095e-05,-0.00016198303,-2.44157e-05,0.00010875632,8.6012966e-05,6.566914e-05,0.0001364742,3.5130597e-05,-0.0001173691,7.784195e-05,-0.00012409926,-4.580411e-05,0.00012734135,7.571283e-05,0.000113933726,-5.2407486e-05,-1.4148013e-05,0.0002445487,-3.752188e-05,8.1891325e-05,5.9359827e-06,-4.8868493e-05,0.00010872878,-5.7956713e-05,6.0701936e-05,0.00012827138,0.0001410915,0.00012799748,-0.00013839455,8.359084e-05,0.00010499225,8.373861e-05,-5.711593e-05
T161_EGFP,0.00029389973,5.5203844e-05,3.1393432e-05,-3.4743563e-05,-2.519644e-05,1.1101302e-05,-0.00010039596,0.00019041832,-8.809568e-05,0.00010409747,4.7665984e-05,-0.0001069051,0.00016277668,6.775936e-05,8.122412e-05,1.195153e-05,-6.761934e-05,2.0144964e-05,1.8824001e-05,6.940475e-06,-2.620932e-05,0.00013160333,8.803234e-05,0.00020139795,2.4619136e-05,-1.4270615e-05,9.934135e-05,-2.0626054e-05,0.00013508194,-2.6628331e-06,0.00016258116,7.778943e-05,2.6985572e-05,0.0001246135,-0.00011304395,-1.2073997e-05,2.7042588e-06,8.631041e-07,3.9271472e-05,-0.00016864168,0.00012799806,7.4311174e-05,-0.00026397587,6.4017215e-05,0.000110335,9.5112686e-05,-9.347568e-06,0.00012613526,4.1456693e-05,-6.66883e-05
T15_EGFP,0.0001019944,0.00012865973,1.0235877e-05,0.0001695829,0.00014992987,9.7645876e-05,-7.3504896e-05,0.00015372617,0.00021824299,1.5986749e-05,-1.34333695e-05,0.00015068501,-6.246816e-05,-6.696893e-05,-1.9290317e-05,6.151562e-05,-0.00011237924,3.9446004e-05,4.4799017e-05,0.000108226464,6.7669316e-05,-9.379547e-05,4.0472405e-05,5.5326896e-06,-1.7594812e-05,6.523633e-05,-5.4880507e-05,-0.00010399284,3.51325e-05,-3.8175014e-05,-4.7280137e-05,-5.0469906e-05,4.142601e-05,-7.2994095e-05,-4.2477383e-05,-0.00010070133,0.00011033056,0.00012611088,0.00023194341,-2.276523e-05,0.00011869904,7.250142e-05,-6.794237e-06,5.324248e-05,5.933504e-05,9.985313e-05,2.6525313e-05,-0.000107547225,7.751476e-05,-8.761969e-05
T350_EGFP,-2.8155278e-05,0.00017660751,9.764925e-05,8.381999e-05,-0.00014633949,-0.00010449764,6.796753e-05,0.00016317895,0.00013896251,-6.435503e-05,-0.00013150183,3.2281296e-05,-3.3288692e-05,-6.5597786e-05,-1.0021649e-06,8.387204e-06,-0.00027267932,-3.6812704e-05,-1.2120142e-05,5.66627e-06,-1.2557812e-05,0.00022299842,-9.788946e-07,8.800937e-05,-2.266235e-05,-4.906451e-05,5.618821e-05,2.3581777e-05,7.0233305e-05,0.00016083842,0.00015114584,3.734907e-05,7.82786e-05,0.00015655834,-0.00018057897,3.182131e-05,4.2516305e-05,0.000107077685,0.0002654282,0.00013629526,-6.061468e-05,-5.8162663e-05,-1.3411362e-05,1.629233e-05,-2.7194988e-05,7.8803736e-05,-0.00014161225,9.269339e-05,-9.789212e-05,9.342835e-05
T217_EGFP,-6.357942e-05,0.00016676253,-4.9255443e-05,-4.719735e-05,-1.0190009e-05,0.0001938896,-7.730243e-05,-3.406781e-05,-6.196467e-05,-5.914538e-05,6.303194e-07,-3.2963966e-05,0.00024905486,-0.000108748776,8.695967e-05,8.070866e-06,-9.608319e-05,0.00012265131,7.786973e-05,4.5244975e-05,2.5942652e-05,3.3818622e-05,6.230933e-05,6.483903e-05,-8.342591e-05,-6.108414e-05,4.047753e-05,2.4203075e-06,-5.6164365e-05,0.00013422685,3.315334e-06,0.00014329243,0.00013677712,-0.00016706286,0.00021104344,0.00014041315,9.122578e-05,3.8463117e-05,0.00014070598,0.00017776641,0.00018930105,-8.513516e-05,2.5627542e-05,0.00014324501,6.622939e-05,-6.212374e-05,-1.2632166e-05,-9.7048076e-05,0.00020677387,-0.00013189473
T239_EGFP,1.2659435e-05,5.4486423e-05,0.00012388676,-2.2868844e-07,0.00010795581,1.9315874e-05,0.00016502876,5.804081e-05,0.00017003623,8.533432e-05,-9.9324294e-05,0.00016216807,5.337714e-05,-0.00013974025,6.1379745e-07,2.9980414e-05,0.00013587975,8.937588e-05,6.505438e-05,0.00010371595,2.7994238e-05,-1.1494819e-05,0.00023474303,2.8900265e-06,0.00014731681,-2.3858727e-05,-2.5731735e-05,0.00015568151,-8.5777676e-05,0.00017228557,5.2888518e-05,-4.6313784e-05,-1.685647e-05,2.5153015e-05,7.161884e-05,-0.000116969575,-7.884049e-05,2.2164273e-05,-0.00022590448,9.391121e-05,-0.00012379333,9.6799056e-05,-3.3992553e-06,-4.062847e-05,0.00016638424,-7.2841194e-06,5.1082647e-05,-4.2930908e-05,8.3726205e-05,-0.00019575057
T266_EGFP,6.6868306e-05,-5.662787e-05,-4.5714118e-05,0.0001540789,0.00013433216,3.6654055e-06,9.8426615e-05,-9.458263e-05,1.6229425e-05,0.0001758202,0.00024597108,-0.00013299767,0.00019603367,0.00020411759,-2.2398932e-05,8.528221e-06,0.00017881778,-5.177301e-05,0.0001343211,0.00015396082,4.65567e-05,7.808305e-06,-0.00018075694,1.07781725e-05,-3.0903295e-05,2.531017e-05,3.352363e-05,0.00010396162,-3.7866874e-05,0.00010079127,-6.195646e-05,0.00016531152,-3.0431751e-05,-0.0001255693,0.00018710039,9.7360564e-05,-3.3609187e-05,-0.00027800555,6.443355e-05,0.00013471894,6.090624e-05,6.0324568e-05,-0.000101569734,-5.597157e-05,-8.077082e-05,-2.3062872e-05,-1.4608659e-05,2.1624366e-05,0.00016016937,7.664536e-05
T521_EGFP,1.2535864e-05,-2.3754996e-05,0.00011552633,0.00010785028,-1.0692491e-05,-5.3506883e-05,-0.000101760445,-2.1667529e-05,0.0003325778,6.0203485e-05,4.146934e-05,0.00022234427,-9.983671e-05,5.4745895e-05,-4.0308816e-05,6.519556e-05,-3.545921e-05,5.2907817e-05,7.200399e-05,0.0002574237,-5.4342923e-05,-5.6900717e-05,-6.1408997e-07,1.959846e-05,1.3033617e-05,-6.0466973e-05,0.00013235996,1.4800271e-05,-7.528582e-05,-8.936005e-05,2.0638729e-05,0.00012642647,-0.00019382125,-8.450741e-05,0.0001847931,0.00018990508,8.6334796e-05,8.507699e-05,-2.0425465e-05,4.1076408e-05,1.2283259e-05,2.3159924e-05,0.000111438116,-0.00017439362,0.0001038854,0.00013437256,-0.00016247638,0.00020701549,-0.00017247362,-5.7587564e-05
T33_EGFP,-3.5446471e-06,2.3292097e-05,0.00019771518,6.164738e-05,0.00011571853,0.00026168645,-8.31619e-05,-2.0924146e-05,-7.692196e-05,-5.4884316e-05,0.00012762513,4.3661053e-05,7.9379215e-06,0.00016579287,-3.5291912e-05,-2.4773588e-05,4.576775e-05,0.00012215356,0.00019675137,-9.943403e-05,0.00017563277,-1.2485353e-05,0.00010859732,-5.5694327e-05,4.9818933e-05,8.671389e-05,0.00013643157,-7.998341e-05,-0.000118534306,4.378401e-06,1.5090707e-05,0.00023464892,-1.4370938e-05,-2.584935e-05,7.998177e-05,0.000116571864,-7.70287e-05,3.5338955e-05,1.3532007e-05,-3.6803456e-05,0.00014181883,-5.917659e-05,0.00017511607,-6.622195e-05,0.00012314212,0.00016203913,0.00023619903,0.00017889895,-9.051851e-07,-2.847927e-06
T119_EGFP,0.000209437,0.00019501135,8.142077e-06,-9.037313e-05,-7.908566e-05,0.00018155234,-4.6553065e-05,-5.7191213e-05,0.00019360939,6.560883e-05,2.7238922e-05,3.937914e-05,1.8667268e-05,0.00017423437,4.728638e-05,6.211468e-05,0.00019876358,-3.706984e-05,-5.78801e-05,3.8229246e-05,0.00012998367,0.00013161587,0.00016100527,8.692246e-06,-0.0001470616,-1.2863442e-05,-8.8520064e-05,-4.4066583e-05,-0.000119560245,0.000118781434,-6.369835e-06,-0.00013927578,1.7660972e-05,-4.6609715e-05,1.585333e-05,0.00016224702,2.708515e-05,8.1325765e-05,-0.00017760783,8.531046e-05,0.00016767782,7.1460905e-05,-3.6916572e-05,1.8085128e-05,-3.495443e-05,-4.0936684e-05,7.5877186e-05,4.841727e-05,-0.00015121288,-0.00023066085
T646_EGFP,6.8966125e-05,0.00014000059,-7.889921e-05,0.00011509584,7.725092e-05,-0.00021867092,-0.00015187943,-0.0001094388,9.112024e-05,-0.00019813934,-2.6018795e-05,0.00012826575,0.00017189572,-3.7470694e-05,-7.1551716e-05,-0.00016944669,-3.3659227e-05,8.864042e-05,2.6898979e-05,3.300309e-05,-0.00016640042,-9.1482625e-06,-0.00016881648,4.6587826e-05,-0.0001063407,-0.00012137925,0.00023415001,6.9782873e-06,-0.0001309028,3.994944e-05,2.4358129e-05,5.6796605e-05,-7.000405e-05,0.00013893092,0.00016557424,-3.0409201e-05,0.00015781759,3.264487e-05,0.00018976037,5.466832e-05,6.394201e-05,5.445753e-06,-7.6067736e-05,0.00017943834,4.4301716e-05,-6.1475286e-05,-0.00015627805,-4.1181942e-05,9.3677474e-05,4.7401314e-05
T581_EGFP,1.7457796e-05,0.00010079086,-9.964848e-05,0.00015071416,6.193365e-05,-0.00012004172,-3.3713713e-05,-6.709838e-05,-4.153343e-05,0.00015149885,-3.3240103e-05,-0.0001095196,0.00013964446,-8.227453e-05,-4.6153313e-05,0.0002512056,-4.4205404e-05,2.536403e-05,-2.8928733e-05,5.040921e-05,-3.1394364e-05,8.332056e-05,3.1007963e-05,9.4676645e-05,-0.00013764336,-2.979994e-05,-0.0002297204,1.8446131e-05,0.00015791268,-2.9298515e-06,0.00021746448,0.00021998017,-1.8966617e-05,-9.832456e-05,9.755832e-06,0.00010867217,8.229718e-05,-6.342878e-05,-3.712386e-05,6.096129e-05,-1.7318856e-05,-6.2887e-05,0.00010002295,-1.2224839e-06,7.6512006e-05,0.00013104985,-2.597407e-05,-8.680902e-05,0.00023524981,-4.517236e-05
T278_EGFP,-6.231321e-05,7.8662866e-05,-0.00014242016,0.00010776292,3.76138e-05,-4.8188713e-06,0.00030628053,1.34081365e-05,-6.8024136e-05,-3.4155164e-05,0.00029646137,0.00013624734,0.00019820084,0.00015440547,-2.7243792e-05,9.9947596e-05,-2.068623e-05,4.541624e-05,0.00011362069,1.5608182e-05,4.7089154e-05,4.3495413e-05,1.1870954e-05,3.3168362e-05,-0.00012247814,0.00013393229,-7.835896e-05,-4.858205e-05,0.00017961809,5.3920423e-05,0.00031746482,-0.00012349297,-1.9687508e-05,2.5197385e-05,0.00020602712,-0.00012284375,7.790968e-05,0.00022941627,5.8609636e-05,1.4366877e-05,-5.7162302e-05,-1.2101046e-05,8.960544e-05,6.738636e-05,5.7696107e-05,0.000114251976,9.443865e-05,0.00011560154,-8.5454194e-05,2.3167808e-05
T656_EGFP,0.00021216176,3.4741148e-05,-0.00010496104,-8.1419676e-05,0.00020475104,1.36526e-05,0.00020359227,5.4025717e-05,9.140209e-06,-0.00011322007,-7.238789e-05,0.00014401454,0.00014685444,0.00015346451,4.660597e-05,0.00021603185,-9.9616635e-05,0.00020241605,3.924056e-05,-1.9646855e-06,-5.8546342e-05,0.00021325346,-6.962714e-05,0.00010398371,-6.258619e-05,4.2925716e-05,6.8700865e-05,-3.8001435e-06,8.178029e-05,6.339277e-05,9.782676e-05,-6.5234424e-05,0.00018791265,5.0511542e-05,6.324484e-05,2.567652e-05,3.6846723e-05,6.9319135e-06,-1.903189e-05,4.5102675e-05,0.00016319923,-9.151501e-05,-0.00011756881,6.643628e-05,-0.0001070337,7.5602904e-05,-1.479749e-05,3.9819657e-05,-1.2725937e-05,3.456486e-05
T501_EGFP,0.00016777965,0.00013417436,1.48278195e-05,0.00018850884,-0.000119697346,0.00011921124,-3.594682e-05,0.00016826548,-2.159587e-05,4.4495842e-05,-0.00015779397,-1.9313447e-05,-0.00014110359,-6.499626e-05,3.487942e-05,-0.000118616495,0.00012421627,-4.2005624e-05,0.00015149519,0.00016996558,7.3636584e-05,-0.0001221282,-4.9119964e-05,0.00018559252,0.00022648467,6.785107e-05,4.063897e-05,4.6327645e-05,3.605416e-05,3.1081954e-06,0.0001311504,-0.00018086546,7.5394346e-05,0.00012343026,-7.718089e-05,-3.5654873e-05,-6.923032e-05,0.0002905162,6.112298e-05,6.544522e-05,-2.3657778e-05,-2.214893e-05,3.1258132e-05,6.540964e-05,-3.84574e-05,3.194717e-05,-1.6214768e-05,-0.00017652751,0.00011855773,-0.00015511794
T291_EGFP,0.00020338525,-0.0001224389,-0.0001250268,-7.4348805e-05,0.00014329619,-6.353818e-05,-0.00011388365,0.00020614386,0.000229922,-5.6978377e-05,9.177414e-05,2.8100692e-05,2.7383526e-06,-0.0001438895,-5.9535956e-05,-7.8484245e-06,3.2796583e-05,0.00021535385,-1.4068562e-05,0.00019721089,-2.8200397e-05,0.00012516158,-0.00020433444,-0.00011487603,-3.0601135e-05,1.7679708e-05,-0.000104328086,4.884015e-05,0.00015962574,0.00014452806,-3.3066324e-05,0.0001640215,-0.00014083883,-8.1151986e-05,4.9270453e-05,4.039824e-05,5.009266e-05,0.00012855747,7.016589e-05,-1.2595252e-05,-0.00013990898,-4.0715157e-05,0.00019009902,-2.9048098e-05,-8.886006e-05,-2.9172106e-06,-5.6601548e-05,0.00020016475,-5.2718446e-05,2.5234627e-05
T351_EGFP,0.00010609436,0.000105788786,5.949412e-05,0.00015279213,0.00011046825,3.844091e-05,-1.1373946e-05,-0.0002000807,0.00017822029,-3.6428504e-05,0.00012173552,-1.582099e-05,-8.838277e-05,-0.00011288783,-4.2454718e-05,0.00010180454,-5.4474724e-05,-0.00018851423,-0.00011638948,-7.13262e-06,5.370587e-05,0.00012128084,0.00014671363,4.3757307e-05,4.023584e-05,7.681483e-05,0.00020690801,3.8622817e-05,0.00028891128,2.3748269e-05,-0.00012737093,-2.9510733e-05,1.8636863e-05,-7.303863e-05,-0.00016091653,0.00011530574,3.375638e-05,-7.2359735e-06,0.00016074041,-5.1096785e-09,-8.7522065e-05,9.502473e-05,-0.00010696711,2.96603e-05,-0.00010346457,8.0228056e-05,0.00018786405,0.00012432731,0.00015210011,-3.721447e-05
T216_EGFP,7.051549e-05,0.00014294911,1.6327254e-05,4.423215e-05,0.00014088466,9.5332405e-05,-2.9402992e-05,-6.233674e-05,-3.2233205e-05,-8.36393e-05,-5.2419764e-05,0.00017554089,-0.00010479895,5.3048196e-05,3.351512e-05,8.645776e-05,-7.559184e-05,0.0001043012,0.00010811117,5.862058e-05,5.4094846e-05,-2.8592394e-05,9.106795e-06,-0.00010910627,-1.528577e-05,-0.00012038148,0.00011599629,8.054945e-05,1.38977975e-05,0.00011579286,0.00018885291,6.463189e-05,0.00030124834,2.8004151e-05,0.00033898858,-2.6954606e-06,-1.8576231e-05,9.178803e-06,-1.0136867e-05,0.00020882611,0.00023599193,8.7515975e-05,-5.183748e-05,7.4544136e-05,3.9675197e-05,-3.0118135e-05,-2.0936723e-05,-3.588975e-05,-7.9869504e-05,1.4919775e-05
T659_EGFP,-0.00016742814,0.0001784594,5.7113062e-05,0.00026065778,-5.9837213e-05,3.9801907e-05,0.00018819257,-0.000105316656,0.00011088637,0.000113347625,5.4556192e-05,0.00010950529,-0.00019211802,-1.678364e-05,-8.545935e-05,0.00017688028,-0.00010599395,-0.00016150325,-1.8314e-06,-9.310657e-05,0.000114499264,-7.818573e-06,0.0001856936,3.4188964e-05,5.9313243e-05,0.00014447588,-0.0001409207,7.10383e-05,8.076007e-05,4.088159e-05,-1.4335463e-05,0.000101992206,-8.4711064e-05,0.00018548142,-6.420937e-05,8.752396e-05,6.9998394e-05,1.8230843e-06,-2.4802266e-05,-3.0748233e-05,3.6352958e-05,-4.5830464e-05,8.463458e-05,8.227067e-05,8.500952e-05,1.8318586e-05,-1.7328348e-05,-2.4280367e-05,3.7070513e-05,4.650603e-05
T603_EGFP,6.6379595e-05,5.1169896e-05,0.00015144996,0.00012673359,-0.00012525532,8.428587e-05,-5.055042e-07,0.00025275772,2.13562e-05,1.6371741e-05,-7.539937e-05,0.00014462866,-6.345093e-05,-2.9905243e-05,5.6832447e-05,-2.0444382e-05,-2.3691431e-05,-0.00015570948,6.0441704e-05,0.00015572432,-2.7786393e-07,-7.4865806e-05,9.403864e-05,0.00014215891,-7.600349e-05,0.00016965327,5.2883588e-05,-8.46944e-05,4.2230818e-06,-0.00015106761,-6.487334e-05,-1.9635609e-06,1.4648478e-05,-9.31781e-05,0.00016206958,0.00014284145,-7.266904e-05,0.00019763796,-2.8770608e-05,0.0002457414,-5.544677e-05,0.00021220603,-3.2063923e-05,0.00010394433,-6.0682905e-05,0.00019227166,3.8893166e-05,-2.3519386e-05,-8.4912775e-05,8.188959e-06
T668_EGFP,0.00016454332,-6.691068e-05,4.3894597e-05,7.735097e-05,-3.2226217e-05,0.00018132325,-0.00016386627,-2.1113896e-05,0.0002203279,-4.436168e-05,-9.140521e-05,2.1849619e-05,-3.5976323e-06,0.00010473488,1.6843405e-06,0.00010355193,8.870112e-05,-4.05956e-05,-9.7044256e-05,7.328572e-05,6.5918844e-05,0.00020192667,0.000120365534,-0.00011199536,9.830637e-06,6.218938e-05,8.919445e-06,-0.000107408865,-0.00014229289,-3.951371e-05,0.00016533225,6.651102e-05,1.8836672e-05,-1.597343e-05,-1.401183e-05,-7.4428685e-06,-2.6005058e-05,-0.00010267759,-0.00020913896,3.535802e-05,7.961776e-05,-8.759976e-05,-5.0647327e-06,2.7168167e-05,-0.00013507003,-0.00026706106,5.1227325e-06,2.9291623e-05,-1.1058695e-05,3.753388e-05
T402_EGFP,9.49679e-05,6.3891595e-05,0.0001189395,-1.5328182e-05,3.3573528e-05,-9.147464e-06,7.790895e-05,0.00010155712,-0.00027713046,-9.835268e-05,-4.9097223e-05,0.00010097982,-5.034208e-05,-3.7662106e-05,-2.9021583e-05,-8.2286955e-05,9.7165714e-05,9.1587055e-05,-2.9009696e-05,4.0337112e-05,-4.8566388e-05,-0.00022152578,-4.9348622e-05,8.803825e-05,5.533563e-05,-0.00012935398,0.00015235625,0.00018495989,8.4869156e-05,-0.000102189355,2.6198291e-05,0.00011508221,-0.00013437586,0.00013470733,4.511013e-05,9.609936e-05,0.00015123948,9.147661e-06,9.482582e-06,5.321054e-05,0.00015024297,-3.7578135e-05,-4.431709e-05,7.240986e-05,0.0002787559,9.941966e-05,8.24083e-05,0.00013872031,6.045465e-05,0.00019336202
T446_EGFP,-4.0566763e-05,0.000211413,0.00011228269,7.699375e-05,-9.9348894e-05,0.00017515237,4.2450203e-05,-7.74505e-05,3.7510606e-05,8.097904e-05,7.801696e-05,3.4691225e-06,-6.934397e-05,-1.924706e-05,1.3696032e-05,-6.74629e-05,-3.7990165e-05,0.00017347201,6.720075e-05,6.960409e-05,-8.336919e-05,-4.1230796e-05,-0.00011834027,1.153603e-05,-0.0001590126,-1.2824116e-05,-0.00014690307,-5.9962975e-05,-4.775058e-05,0.00013296095,-8.511092e-05,4.6937803e-05,-7.757098e-05,8.839862e-05,3.541996e-05,6.3919404e-05,0.00024405212,7.183463e-05,0.00011538715,0.00018454825,0.00017295894,0.00014312417,3.5835106e-05,7.008322e-05,6.9977505e-05,-2.901622e-05,3.850596e-05,-1.7647479e-05,0.00014395844,0.00010532905
T116_EGFP,-0.00012828338,-0.00011487439,5.3397704e-05,-4.6157675e-05,-0.00013075973,9.793659e-05,8.9506684e-05,0.00017174643,-1.2137817e-06,0.00014543909,-2.5172969e-05,0.00018075838,3.9140512e-05,8.879516e-05,-4.343252e-05,-5.5396526e-05,0.00021790742,3.7664395e-05,-0.00016230202,0.00020158851,-0.00011615546,7.164386e-07,6.7046596e-05,-5.875184e-06,-0.00012634488,0.00024578313,0.00014652094,1.6367025e-05,3.1523603e-05,-2.9715213e-05,0.00022091936,1.0128252e-05,1.4247181e-05,9.40659e-05,-8.196861e-05,2.3293713e-05,1.3300191e-05,0.00013865536,-0.00017654255,-0.00011428208,-5.2586358e-05,-0.00016276386,0.00016416075,3.9271064e-05,0.00014083876,6.965001e-05,0.0001537755,0.0001926381,-9.232745e-05,0.00019724436
T649_EGFP,0.000113419854,8.849063e-05,1.3998168e-05,-8.163779e-05,8.114714e-05,-0.00017132495,2.6165362e-05,0.00021853216,-4.4761404e-05,-8.417114e-05,0.00011436561,-7.665455e-05,0.00024002287,-2.89362e-05,2.3010773e-05,-6.370958e-05,0.00021020364,-3.473441e-05,-1.8976252e-05,-0.00012372846,9.527196e-05,9.921688e-05,-5.4035965e-05,-4.9007394e-05,-2.7183962e-05,0.00014688782,5.9965674e-05,1.1943451e-05,0.0002374931,0.0001647317,4.180056e-05,4.3337317e-05,0.00014650155,-1.4155224e-05,-1.5380407e-05,0.00015853041,-2.9939376e-05,-4.023424e-05,0.00023042542,1.9229174e-05,-0.00011622609,-8.299559e-05,8.696531e-05,6.4334185e-05,-4.4772252e-05,-2.5363424e-05,2.5152909e-05,2.872728e-05,2.469303e-05,9.4280666e-05
T529_EGFP,6.7496425e-05,8.270906e-05,0.00015193308,-4.1775766e-05,0.00013026061,-0.0001021437,3.275242e-05,0.00019994398,0.00026083784,-7.514988e-05,-1.7814287e-05,9.079569e-05,7.5358446e-05,0.00034922027,0.00019234142,2.1970784e-05,0.00012543147,4.5105986e-05,9.2643066e-05,-2.5579555e-05,-0.00010013526,0.0001558112,5.5684144e-05,2.8542485e-05,8.98845e-05,4.5326415e-06,-0.00012185661,2.3306631e-05,-3.249639e-05,0.00018768341,-0.00016614574,-2.5658426e-05,0.000104851104,1.9144352e-06,-0.00012855195,2.164311e-05,0.00020847066,-2.808446e-05,-0.00012783078,5.421548e-05,-4.964825e-05,0.00017727255,-0.00011053517,-5.271174e-05,2.7796636e-05,2.9872612e-05,9.196769e-05,0.00017850363,0.00011165935,0.00018630511
T622_EGFP,3.3877197e-05,-1.7687593e-05,0.00019957815,-1.7919923e-05,-0.0001189021,0.000108808796,2.0326546e-05,0.00022107536,4.3932097e-05,-8.1485654e-05,-4.647528e-05,-0.00011857601,7.986711e-05,-5.0224837e-05,3.4096352e-05,0.00016210657,5.7195357e-05,-5.8221176e-05,2.8836326e-05,0.00013109238,2.396829e-05,-1.1426396e-05,0.0002088068,0.00010672513,-0.00018962819,4.992281e-05,-0.000114587245,0.00013505902,0.0002767483,3.7476177e-05,1.7259328e-05,0.0001916494,-0.00015406379,0.00011667028,9.090254e-05,-3.631822e-05,8.71527e-05,-9.0573216e-05,-0.0002290256,-0.00012190878,9.909126e-06,-0.00014355869,-0.0001224837,0.00017838035,0.00010630898,8.003848e-06,0.00012648359,0.000102181424,0.00022409423,-0.00014654559
T164_EGFP,0.00027608144,-5.7257785e-05,-7.767135e-05,2.1465137e-05,5.5972407e-05,1.625778e-05,-3.042671e-05,5.064153e-05,-5.8005204e-05,7.717313e-05,-5.5272347e-05,0.00013090383,-5.2686213e-05,0.00020325847,8.315436e-05,6.3372017e-06,-7.625648e-06,-3.110383e-05,-1.322375e-05,-4.7929785e-05,9.704225e-06,0.00013078676,0.00018359773,0.00018368594,0.00016244066,7.948214e-05,-1.4025862e-05,-0.00017285655,7.3222574e-05,-0.00013235916,-5.637257e-05,4.4345397e-05,-5.445464e-05,0.00013351205,-1.5387028e-05,-3.2260134e-05,5.675749e-05,-5.621754e-05,7.3519506e-05,4.6838646e-05,0.00014228196,-4.221901e-05,0.00022742848,0.00016647064,3.4342796e-05,0.00013744537,-6.893421e-06,-0.00014325764,-1.0823946e-05,4.3727767e-05
T683_EGFP,0.0001454151,-5.3135165e-05,-0.00019908906,5.7219688e-05,-5.6103865e-05,8.799137e-05,0.00019396897,0.00018319915,-7.332642e-05,8.70066e-05,-1.531576e-05,6.865136e-05,-3.605544e-05,-6.800896e-05,-2.1451382e-05,-0.00014964124,-4.444192e-05,0.00010340642,1.5904847e-05,0.0001706844,-0.000159044,9.9602876e-05,6.62191e-05,-1.5768273e-05,5.5879165e-05,0.00011293816,-0.00015764889,-2.8251861e-05,0.0001488405,8.438106e-05,0.00017315445,6.9212976e-05,6.562328e-05,-0.00011453773,-0.00012006242,2.149521e-05,0.00010002213,-7.0959936e-06,4.5029425e-05,3.174707e-05,-5.9200207e-05,1.3408389e-05,-1.3123942e-05,4.0838244e-05,5.535047e-05,-4.7012552e-05,-6.622416e-05,4.9963026e-05,5.6166125e-05,-0.00023446877
T321_EGFP,0.00019773738,4.030985e-05,0.00032003812,-0.00017617732,0.00016608482,-1.1138861e-05,0.00016724406,2.6196063e-05,4.9465383e-05,4.5628047e-05,-7.778644e-05,0.00014196397,7.812853e-05,-0.00012872415,1.5233154e-05,-8.075432e-05,-0.00010764953,-2.4025518e-05,8.702092e-05,0.00014913964,6.79613e-05,0.00016755932,0.00010290836,-7.5346725e-05,5.5665452e-05,3.78648e-05,-5.8213296e-05,4.7630263e-05,2.241179e-05,-2.2107091e-05,0.00011402798,-8.282334e-05,-5.801891e-05,0.00013812934,5.6753055e-05,0.00017623529,3.9866027e-05,9.578987e-05,-2.0890522e-05,-7.9505386e-05,-5.222953e-05,4.6097506e-05,0.00011249287,-6.15619e-05,-5.21681e-05,6.649361e-05,-5.0709277e-05,8.43947e-05,0.0001498189,7.568819e-05
T482_EGFP,5.3349406e-05,0.0001790424,-0.00012839162,8.883107e-05,-1.995589e-05,5.861333e-05,1.1708323e-05,-8.300359e-06,0.00012911642,5.1740477e-05,0.0001893339,5.1181854e-05,0.00010100249,7.572393e-05,-4.912416e-05,0.00013514735,-7.046868e-05,0.00013310777,-0.000107370885,6.94375e-05,8.941328e-05,0.00027307507,-5.3569816e-05,0.00036358825,2.9612875e-06,0.00015146744,5.7990892e-05,-9.242676e-05,8.454889e-05,-0.00016352203,-0.00010980793,-0.00012058562,5.4682598e-05,-4.3878084e-05,-6.0102197e-05,-6.203968e-05,0.00013055131,9.818119e-06,-0.0001461921,3.4173503e-05,0.00016553974,-2.923008e-05,0.00015413927,0.00014494639,-0.00013259286,8.91805e-05,-5.3869455e-05,0.00018619384,-0.00014424148,2.7291855e-05
T608_EGFP,9.748794e-05,2.2642264e-05,0.00026666716,-2.0810621e-05,-2.5360938e-05,4.799148e-05,8.411783e-05,0.00010613388,-1.3451948e-05,5.8162892e-05,0.00011076248,0.000100996695,8.9724985e-05,-3.8914688e-05,7.902402e-05,0.00026638838,3.614526e-05,9.206852e-05,0.00016289363,-5.432585e-05,5.8040983e-05,0.00018483032,-7.932445e-06,0.00014897606,0.00017846734,-1.8588895e-05,-3.1829353e-05,7.93923e-05,1.1082862e-05,-6.246e-05,0.000116601404,-3.0710064e-05,5.4663014e-05,5.715727e-05,6.6227156e-05,-7.29816e-05,-0.00011635148,2.6152253e-05,4.945193e-05,-2.4997953e-05,6.147453e-05,0.00020518604,0.00016333627,8.914277e-06,-0.00023838154,-0.00010771356,-0.00014059713,-9.200839e-05,1.8131133e-05,0.00020689963
T456_EGFP,-5.392988e-05,8.165432e-05,5.065418e-05,6.741884e-05,-1.1006128e-05,5.273367e-07,0.00013724949,1.7984132e-05,9.662548e-05,-0.00016353118,-5.7293117e-05,6.8307076e-05,-2.1982072e-05,-0.00011376732,9.4401476e-05,0.00016520137,-3.3272117e-05,-0.00018747384,-4.9209993e-05,0.00018244257,0.00010208265,-0.00013275696,0.00014177905,-3.3034143e-05,4.586241e-05,9.079424e-06,-6.913351e-06,-2.5740295e-05,3.631219e-05,6.372581e-06,6.829788e-07,-5.0558065e-05,-0.00012071729,-1.1597318e-05,1.8366874e-05,8.249979e-05,0.00010169049,8.607055e-05,1.6556492e-06,-4.005749e-05,4.497682e-05,-2.9216106e-05,1.1027449e-05,6.7561115e-05,0.00020846879,4.3344615e-05,6.600021e-05,8.670698e-06,-0.00026313277,-1.1786693e-05
T520_EGFP,-7.466196e-05,0.00011820749,-3.8582282e-05,7.197755e-05,-4.9792023e-05,-1.7085287e-05,5.768893e-06,0.00010274806,0.00017999261,-9.452811e-05,-4.4562566e-06,0.00036734925,-5.2590956e-05,-7.0170872e-06,-3.5766556e-05,5.5477074e-05,-0.00013006463,-0.00013563648,-8.37563e-05,7.6641445e-06,-1.311153e-05,-0.000114362105,8.292553e-05,0.000111274996,9.804058e-05,2.2584974e-05,0.000105321895,0.00012308516,7.166592e-05,0.0001114025,-2.6043583e-05,-7.266486e-05,-0.00011418727,1.28801275e-05,0.00023545933,3.6273952e-05,-0.00019117515,0.00012781544,-4.520277e-05,3.8357328e-05,0.00010804723,6.906478e-05,0.00012672583,-5.5388184e-05,-5.9086353e-05,3.065925e-05,6.186381e-05,0.00018494374,3.6860696e-05,0.00015819118
T123_EGFP,0.00016588513,0.00013655204,6.6173493e-06,-0.00012992382,0.00021319484,9.582242e-05,0.000115572155,-2.257697e-05,6.481369e-05,-5.404384e-05,0.00016226101,0.00015295038,-2.830477e-05,4.5962235e-05,-4.804026e-05,-0.00010872559,0.0001519733,0.00020609773,0.000103523795,-0.000114368995,-0.00011815963,-3.877195e-06,-9.269259e-05,-2.1212895e-06,-4.74139e-06,-4.431574e-05,0.00017139374,-0.00023619883,-2.6084472e-05,1.7490893e-05,-9.632349e-05,4.013111e-05,-8.5312546e-05,4.950798e-05,-2.738445e-05,-8.9041656e-05,5.7727743e-06,0.000136261,-2.9200415e-05,-2.6339869e-05,-0.00017989578,-0.00018016253,3.41397e-05,8.000322e-05,0.0001827617,7.577197e-05,9.618383e-05,-4.2388867e-05,4.510202e-05,0.00030973452
T356_EGFP,-0.0001022465,0.00011228775,1.8042934e-05,0.00012692212,5.3384498e-05,4.361291e-05,5.0856408e-05,3.3735072e-05,-0.00028891876,0.00017841785,0.0001538106,2.5141568e-05,-0.00017052246,-3.5447567e-05,1.2624287e-05,8.9108384e-05,4.7081474e-05,-3.0644638e-05,-0.00017490033,-0.0001425155,-3.177436e-05,0.00013707903,0.00012309688,7.487165e-05,0.0002573495,4.3790344e-05,2.8862089e-05,5.2928026e-05,2.556345e-06,0.00015582303,0.00012023059,6.648508e-05,9.1327754e-05,-9.9484e-05,-5.567606e-06,-4.7011825e-05,0.00016319909,0.00017117642,4.6975983e-05,0.00015109919,0.00021376413,-1.0819575e-06,0.00011731163,0.00019418422,-3.0701485e-05,-0.00012027877,8.426232e-05,-0.000109597444,-3.6899943e-05,0.00021742111
T40_EGFP,-3.769694e-05,0.00016131648,3.929115e-05,5.0841907e-05,8.7218505e-05,-4.426126e-05,0.00013968624,2.408342e-05,7.143018e-05,-9.130403e-05,2.526042e-05,6.7413035e-05,-0.00013088419,4.8033748e-05,0.0001292462,8.190974e-05,-9.468638e-05,0.00011254428,0.0002581371,3.252018e-05,-1.1718193e-05,0.0002165465,9.769007e-05,7.806137e-05,0.00012758122,-8.822904e-05,2.9518813e-05,-0.0001031696,-8.238831e-05,0.00016987152,-0.00016035193,-4.1846575e-05,0.00015577799,5.9507605e-05,5.2224812e-05,1.2006134e-05,0.00014579558,-4.089378e-05,0.00019151228,0.0001470721,0.00014411991,-2.3832024e-05,3.8250706e-05,0.000113997274,-7.555255e-05,2.1440694e-05,0.00019235212,-6.37369e-05,6.844222e-05,-2.144475e-05
T210_EGFP,0.00020817715,-9.120607e-05,0.00020772047,2.4791576e-05,-0.00020204332,0.00014591072,2.3736726e-05,-0.00012169652,-0.00014878313,-6.202811e-05,2.2603055e-05,-1.7867202e-05,-4.9096336e-05,-0.00011597689,-0.00011444064,7.7800985e-05,0.00012056439,6.959956e-05,8.112996e-05,4.3621465e-05,0.00015997567,7.773954e-05,4.304704e-05,2.0267886e-05,0.0002113911,-9.506394e-05,-8.306073e-05,0.00017083,0.00019006118,-4.446975e-05,6.906541e-05,0.00021438739,0.00012549001,2.737416e-05,-0.00018123542,7.762017e-05,-7.634356e-05,-0.0001353329,-0.0001174042,2.96614e-05,-4.279147e-05,0.0001399946,0.00013960084,0.00012422253,-1.3562196e-05,-0.00028451014,0.00013879804,-5.957588e-06,1.44146725e-05,5.098235e-05
T614_EGFP,0.00015990103,-8.336173e-05,2.1219714e-05,0.000157323,0.00011815553,-0.00022618125,-9.832289e-05,6.899181e-06,-1.1983163e-05,7.851342e-05,-7.019715e-05,1.984725e-05,0.00011621864,-5.9029513e-05,4.3642144e-06,7.03312e-05,-0.00015102292,-8.228099e-05,-1.2740899e-06,0.00017334266,5.0298302e-05,-0.00016902965,0.00019971163,0.00016187337,0.00013787657,-2.7140493e-05,-0.00023350968,0.00021339663,6.686322e-05,-7.1059446e-07,0.00019211031,7.680793e-05,-8.01115e-05,0.00013581573,-0.00013462416,-8.4655934e-05,-3.878733e-05,7.2349525e-07,-9.5815645e-05,2.4765126e-05,2.6101134e-07,-3.6255224e-05,-8.026157e-06,1.98539e-05,0.00013070462,-0.0001216567,0.00017372712,0.00025510686,0.00010470203,-2.1707676e-05
T107_EGFP,0.000103741855,-0.00013150473,5.299056e-06,-0.00012400624,9.661924e-06,-3.9016253e-05,-7.473581e-05,5.45038e-05,0.00030841664,-0.00012598555,8.2834675e-05,-9.338665e-06,0.0002855985,0.00013346576,5.7210575e-05,0.00013695122,1.242822e-05,-6.587573e-05,9.0547626e-05,3.107049e-05,7.66638e-06,0.00014308642,0.00017320378,0.00014905076,1.3081162e-06,-4.553505e-05,0.00010906215,-3.8998594e-05,0.00016864449,0.000111234185,-0.00012125662,8.480119e-05,0.000103530234,0.00023203727,6.732276e-07,-4.3777524e-07,-3.1171e-05,7.0180264e-05,4.0877117e-07,-7.545537e-05,-5.036125e-08,-3.4857592e-05,0.00016915571,2.882197e-05,-0.00014119223,-4.3149914e-05,8.429085e-05,0.00023288479,0.00016348521,-2.4255874e-05
T47_EGFP,-5.8323516e-05,-9.470335e-05,-3.4528122e-07,9.883856e-06,-4.7442085e-05,-0.00010973466,0.00025971126,-0.00018436056,-1.2308922e-05,1.575473e-05,6.6985805e-05,7.514533e-05,8.650008e-05,3.837774e-05,-5.97735e-05,-0.00013455264,0.00018987614,8.5005086e-05,8.825643e-05,-0.00014103607,-8.009519e-05,-2.0465573e-06,2.01742e-05,6.0185946e-05,-4.3860335e-05,0.00023096206,-2.069518e-05,4.4889413e-05,0.00011613366,4.1922234e-05,0.00013319898,4.2031483e-05,0.00012917625,0.000109831075,5.0778508e-05,0.00010780623,3.147825e-05,2.8865665e-05,-2.7957612e-05,1.1081421e-05,5.557561e-05,5.7195502e-05,0.00023111659,6.8399124e-05,6.508279e-05,0.00012835556,0.0001457024,9.531513e-05,-7.2171635e-05,-1.5197499e-05
T517_EGFP,3.6240497e-05,7.868175e-06,3.854853e-05,-3.704226e-05,0.00015494876,-5.050342e-05,7.2058705e-05,9.963595e-05,-0.00019493817,0.00012732018,7.23849e-06,8.2185165e-05,4.941788e-06,0.0002839875,0.00016390898,-6.8375295e-05,8.367498e-05,-0.00011071253,0.00011461404,-4.9275328e-05,-9.608755e-06,6.354529e-05,-4.5072164e-05,6.557806e-05,-8.776168e-05,9.2190596e-05,0.00011694468,2.4308876e-05,-4.8550242e-05,-0.00022522603,0.00022980136,0.00012486393,0.00011893664,6.589514e-05,7.543358e-05,9.257951e-05,0.00012882512,8.0001424e-05,0.00013426431,7.010566e-05,-0.000118589,-7.817332e-05,4.1924064e-05,-3.4334512e-06,9.719941e-05,0.00030918577,1.014678e-05,0.00023013722,5.7965244e-05,-1.3738534e-05
T684_EGFP,0.00019237827,4.1059615e-05,-0.00013552963,3.781579e-06,7.004346e-05,-4.9057595e-05,0.00023548106,0.00014710185,-9.155456e-05,5.387203e-05,0.00016369532,6.833699e-05,0.00011980661,5.8192665e-05,4.676466e-05,0.00017213405,4.4123877e-05,6.9991955e-05,5.1275307e-05,-4.8559134e-05,8.0270445e-05,-7.152728e-05,-0.00017270613,7.678912e-05,0.00013492376,-4.8068716e-05,0.00015698637,9.069371e-05,0.00011108579,-2.9287445e-05,2.0843774e-05,4.3815362e-05,0.00015280608,0.00014630596,-2.0335036e-05,0.00011177901,8.604849e-05,3.3872027e-05,-1.0575972e-05,2.58796e-06,2.96054e-05,3.566335e-05,3.9099705e-05,3.6039764e-05,-3.3049186e-05,9.427957e-05,-3.9375773e-05,3.2222724e-05,-7.101322e-06,-8.867028e-05
T433_EGFP,-0.00012232325,-0.00012392571,-9.345395e-05,0.00010143973,-3.4847176e-06,-0.00015831427,-9.9626295e-06,-2.1412196e-05,-2.2709275e-05,6.0440085e-05,-0.00011457757,1.914959e-05,2.3080638e-05,-0.00022811179,0.00027640667,-0.00021674279,5.3918513e-05,0.0001353411,4.827078e-05,-0.00014477156,0.00015608918,-0.00014727825,6.008609e-06,2.5134097e-05,2.0721598e-05,7.7943536e-05,6.829527e-05,0.00014341739,3.8070055e-05,0.000114930874,4.2889813e-05,-1.3217078e-05,-8.972776e-05,0.00011779305,0.00014625191,-8.9179935e-05,5.8967e-05,-9.399258e-05,3.5323224e-05,-0.00010279758,-8.588592e-05,0.00014370964,0.00032252612,-4.4780136e-05,-0.000108456465,7.1592876e-05,4.507057e-05,5.421113e-07,0.00017090133,-0.000112522015
T280_EGFP,0.0001488305,2.7363392e-05,0.00020595152,-2.54116e-05,-7.259654e-05,4.1140403e-05,-0.000281954,1.4506669e-05,0.00016578966,0.0002072303,-4.7356905e-05,-8.603676e-05,5.0484905e-05,8.2507104e-05,-0.00023522187,0.00013711401,-5.3507218e-05,2.3387553e-05,9.3188355e-05,-5.22261e-05,-3.528503e-05,-0.00012041435,-3.43661e-05,-3.6638114e-05,-0.00010479168,0.000114703405,0.00010816327,9.887003e-05,6.10831e-05,-0.00023515368,0.0002388595,-0.00015634854,2.1433463e-05,1.9918305e-05,-3.148106e-05,0.0001632788,3.333695e-05,-8.545688e-05,6.0081955e-05,9.147127e-05,-0.00012793204,0.00015438306,2.1077127e-05,-0.00017848553,-0.00015274926,0.00014675359,-3.7402722e-05,7.211578e-05,6.8091955e-05,-1.0650921e-05
T156_EGFP,-2.786626e-05,0.0001338884,-8.695799e-05,3.5163397e-05,-6.214788e-07,-6.818311e-05,0.00022596454,0.00013065654,0.00015842586,-9.840573e-06,4.1291383e-05,-1.1517171e-06,0.0002358496,9.863216e-06,8.722514e-05,7.61454e-05,2.6822318e-05,0.00010834337,0.00011264474,3.87688e-06,1.9221054e-05,6.97337e-05,0.00016745208,-0.00012317866,-3.2129163e-05,5.5432818e-05,-7.021469e-05,7.503896e-05,-0.00022866149,-1.1490151e-07,-0.0002862721,3.5271116e-06,0.00014838339,-1.0745234e-05,8.345618e-05,-0.0001262345,-0.0001566553,0.00012381523,0.00013772387,-0.00014092284,-0.000115115545,6.4034946e-05,-2.7104243e-05,4.785115e-05,0.00016928739,-2.7586027e-05,4.6096975e-05,-4.389408e-05,3.3087956e-05,5.3717966e-05
T600_EGFP,-3.6188034e-05,0.00018954989,9.640886e-05,4.4812106e-05,-5.1386563e-05,2.1741807e-05,0.00010348699,-9.4596486e-05,0.00027061833,-1.6548173e-06,6.604961e-05,6.9791044e-05,7.313546e-05,-0.00015492782,5.107567e-05,-5.81057e-05,4.8079157e-05,0.00018344533,8.476626e-05,4.1833223e-06,0.00012881274,7.522097e-05,0.00018350939,0.00010936548,2.1130274e-05,-4.7228245e-05,4.016404e-07,-0.00013025549,9.7327524e-05,-4.3329073e-06,0.00017794316,-3.3379445e-05,4.8674865e-05,4.957434e-05,0.00010386354,1.2272915e-07,5.5555734e-06,0.00014063012,0.00017988314,0.00015510681,-7.711231e-05,0.0001959322,0.00013552405,0.000115795345,0.00014652558,-1.2185623e-05,7.6387136e-05,-9.89314e-06,-0.00014973452,-0.00018481574
T9_EGFP,6.941221e-05,-0.00013498055,8.56686e-06,1.5126543e-05,0.00012475814,0.0001792325,-7.673161e-05,6.959851e-05,-6.220121e-05,9.817057e-05,7.9303594e-05,-9.0610134e-05,0.00017390969,4.4595352e-05,-1.5201238e-05,4.158241e-05,-1.791181e-05,2.1955568e-05,9.618796e-05,4.2087064e-05,0.00020678123,-0.00013007343,-4.7797334e-06,-6.978754e-05,-8.645789e-05,-0.0001754959,1.988007e-07,0.00013424935,8.218092e-05,0.00010995134,0.000115979885,0.0001375295,-0.00010481982,-0.00021189707,-0.00021329703,0.00015593744,2.357428e-05,-1.4833256e-05,0.00022303902,-0.0001724489,-2.1781574e-05,-0.00015167371,-6.76511e-05,-0.00016563777,0.00020811406,-0.00010569564,0.000109913075,-0.00014167608,7.311455e-05,7.1152363e-06
T481_EGFP,-1.17174695e-05,-7.5691155e-06,0.000265837,-5.1777282e-05,-9.84505e-06,3.515836e-05,9.150656e-06,3.8560505e-05,2.0765716e-05,-5.4039476e-05,-3.2426442e-07,4.7311205e-05,0.00018033372,-0.00010963564,-4.5932593e-05,-4.9883653e-05,0.00019750741,2.1510663e-05,-8.418506e-05,0.00017372574,3.4985318e-05,0.0002624298,0.00019093064,-3.631016e-05,-0.00018154949,4.4896242e-05,-0.00026343667,9.076559e-05,4.124523e-05,-0.00012711789,0.00010317873,0.00018093581,8.51592e-06,-0.00019309769,8.099416e-05,2.21175e-05,1.922608e-05,3.36671e-05,2.3113602e-05,2.5851536e-05,-0.00015141223,-0.00016916377,4.5718338e-05,8.004488e-05,-0.00012416467,-0.00017522306,-6.653913e-05,4.9969472e-05,0.00016274501,8.9752066e-05
T505_EGFP,-4.3380187e-05,0.00019269846,-0.0001863884,-8.101587e-05,2.3384791e-05,6.428967e-05,-0.00021395263,0.00024423658,-4.6138626e-05,-6.415434e-05,-3.7317145e-06,8.683496e-05,-1.6973365e-05,-0.00026424805,-5.8649915e-05,-0.00011914847,0.00010606782,0.000109078064,0.000114284914,4.8508366e-05,0.000230577,0.00026875894,-5.767109e-06,8.9060486e-05,-4.2067e-05,-7.314785e-05,8.843351e-05,-8.288454e-05,0.00014139495,-6.3007996e-05,0.00011561289,-8.8945206e-05,-2.6222284e-05,0.00013234295,0.00013489227,3.5411627e-05,1.1276105e-05,-0.00017743018,-6.9501555e-05,0.00012020786,9.455014e-06,0.00013537703,0.00020851425,0.00019998189,-4.5212622e-05,6.979002e-05,-8.535802e-05,0.00017617225,0.00017138178,3.9693557e-05
T197_EGFP,6.1010374e-05,-1.1744506e-05,-4.51373e-05,-6.909923e-05,0.00017251702,-0.00020507966,0.00013303215,5.9917707e-05,1.8588493e-05,0.000113072194,0.00011756733,-3.980444e-06,1.719614e-05,2.9394934e-05,4.17158e-05,-0.0002340033,0.00018398547,-3.0935812e-06,-2.2153825e-05,-0.00010538287,0.00013168725,0.00013919691,-4.327935e-05,5.397012e-05,-0.00023068172,0.00012840953,-0.00014004887,0.00011003449,-5.5213433e-05,-0.00013683231,-9.5659576e-05,3.1618933e-05,8.7815926e-05,-0.00011050735,7.945225e-05,2.384482e-05,0.00016653986,-3.4720753e-05,0.00019607886,0.00011073363,0.00019867528,0.0001534986,0.00019128459,-2.4295823e-05,6.7899964e-05,-5.5780423e-05,-9.14551e-05,0.0001027105,0.0001230586,-6.741387e-05
T584_EGFP,5.6366425e-05,6.1097484e-07,4.3384956e-05,-0.00021085967,-0.0001776419,0.00010134643,7.822766e-05,6.8048107e-06,9.270185e-07,1.5391137e-05,6.5926084e-05,1.628431e-05,-3.3285552e-05,6.4510095e-05,-0.000120181045,2.6921311e-06,0.00013865376,-1.6133725e-05,0.00013679887,4.2674965e-05,-1.6817994e-05,0.00011718675,-6.495228e-05,-0.00010865925,0.000112787435,-5.560977e-05,0.00025109778,4.3656066e-05,-5.2318162e-05,0.00018092287,-0.00016653712,-4.4541524e-05,7.7452176e-05,5.617762e-05,3.3550346e-05,-1.061326e-05,-0.00011193743,-5.7763304e-05,4.9813107e-06,0.00012478174,0.0001434645,0.0001829466,-0.00014612435,0.00029505146,4.3597345e-05,0.00023823747,-7.5673044e-05,1.6935166e-05,0.00023442785,5.491998e-05
T211_EGFP,3.4320932e-05,-2.0967767e-05,-1.6120093e-05,0.000115895295,6.850376e-05,0.00014519972,-0.00016892387,0.00033296828,0.00010999778,-4.9439946e-05,4.5471214e-05,8.905263e-05,8.200867e-05,-8.167029e-05,0.000108509026,-0.00014329374,0.00016502269,-5.2273626e-05,-4.3618278e-05,6.966525e-05,-2.153575e-05,-0.00013852715,1.4009582e-05,-4.1807794e-05,0.00011498386,0.0001648111,0.00030992943,2.5434885e-05,3.3375163e-05,4.6404082e-05,5.036489e-05,-3.844098e-05,-0.00014778697,1.1232429e-05,8.692064e-05,0.000116788215,-7.829382e-05,-7.667126e-05,-7.319513e-05,-9.615083e-05,9.4923074e-05,0.000118664975,0.00014162254,0.00010226682,1.8097968e-05,-0.00012906945,-4.9609036e-05,-3.6131805e-05,0.00028475156,3.8489216e-05
T128_EGFP,0.00019491733,1.769586e-05,3.6349145e-05,0.00016734476,-4.7229423e-05,-3.457307e-05,-2.2128617e-05,0.00023732877,-0.00016240093,5.5712764e-05,5.7086905e-05,-8.9527035e-05,8.915538e-05,8.0686805e-05,-0.00015893647,-1.3056216e-06,0.00015810458,0.00027173015,8.673188e-05,0.00014906729,1.5553294e-05,6.365871e-06,6.510618e-05,5.670701e-05,0.00019897477,-5.891844e-06,0.00010290823,-0.00010846788,-1.8036027e-07,0.00020715056,-9.6743024e-05,4.5040324e-05,3.9442646e-05,3.6825088e-05,-0.00018660692,3.334109e-05,-6.286447e-05,6.807883e-05,0.00011160912,0.000187619,7.296847e-05,0.00013402032,0.00015338084,9.081144e-05,0.0001714072,0.00019224868,-2.9456554e-05,-0.00016436099,-1.1385893e-05,3.075086e-05
T512_EGFP,-0.00017715424,-8.0518716e-05,4.554401e-05,6.3724724e-06,9.616862e-05,-2.1037114e-05,0.000101070545,5.8293477e-05,8.004005e-05,0.0001823485,0.00015758812,0.00027503294,0.00017944704,0.00023119731,-6.584998e-05,-3.0886957e-05,2.9172632e-05,-3.9144394e-05,7.308918e-05,-6.820343e-05,-1.0012843e-05,6.6905784e-05,0.00010105172,0.00012482202,3.5837693e-05,0.00014733666,4.49271e-06,-5.15152e-05,-3.7311445e-05,0.000120140576,4.9409115e-05,-1.9236517e-05,0.0002924533,1.0714969e-05,2.7861719e-05,0.00031295585,-7.963897e-05,-6.478006e-06,2.37668e-05,-2.6592713e-06,9.790339e-05,-1.6463377e-05,0.00012755273,4.666254e-06,-9.5279756e-05,-9.350706e-05,2.0139887e-05,-8.6208165e-05,8.5177526e-05,8.437423e-05
T554_EGFP,0.0002252205,0.00012680935,-1.4009226e-05,-2.4651097e-05,0.00013678717,8.086732e-05,0.00014965572,-9.859031e-05,0.000110601286,0.00018098703,-4.1218493e-05,0.00012376372,-5.9441056e-05,0.00010944215,0.00012500583,6.5814405e-05,-3.4681925e-05,1.0286417e-05,4.7066456e-05,6.967228e-05,7.9843005e-05,9.376202e-06,0.00022714456,4.0404764e-05,0.0001272243,1.674226e-05,-3.3624844e-06,3.8202892e-05,-5.678244e-06,-2.5516294e-05,0.00016088986,3.0294139e-05,1.2566939e-05,4.0150866e-05,3.552481e-05,0.00016322926,6.449901e-05,-5.9901e-05,0.00022298019,2.2869768e-05,9.500772e-05,-0.00023396734,-0.00013646156,7.309359e-05,0.00010185213,-7.859233e-05,9.695407e-05,-4.1745093e-06,-1.716652e-05,2.0815398e-05
T518_EGFP,4.8627255e-05,4.798018e-05,3.9513696e-05,0.000106978936,0.00010659177,-5.2591467e-06,-3.466391e-06,0.00018292597,-0.00013408465,0.00019676393,-2.9745606e-05,4.6857866e-05,-5.17066e-05,0.00027657632,3.0880437e-05,4.5412035e-05,-8.2415434e-05,0.00014823476,9.9433724e-05,-7.919972e-06,-1.1785794e-05,9.716313e-06,9.476596e-06,-7.159948e-05,-0.0001313178,7.314681e-05,7.5787815e-05,-5.6931047e-05,-0.00022061619,0.00017947635,-1.1936081e-05,-0.000119675155,0.00016303548,8.270379e-05,8.786632e-05,-6.684181e-05,0.0001031098,6.3322266e-05,0.00013322354,2.6089356e-05,-0.00015686789,4.2334428e-05,-0.00011662099,0.00028904757,5.0123766e-05,-0.00016712822,0.00021660684,5.8767822e-05,0.00018425725,-1.2758434e-05
T233_EGFP,-3.804555e-05,0.00012677722,8.667064e-05,4.0690295e-05,1.8160825e-05,-5.981212e-06,4.0886713e-05,0.00024060174,0.00016993088,-0.00012172933,0.00012822579,-6.659844e-05,-8.896349e-06,9.3243835e-07,0.00015359202,5.1091865e-05,0.00019217572,0.00014215239,5.751811e-05,6.7138108e-06,-4.0669933e-05,0.00015369637,-4.4099535e-05,8.1934646e-05,-0.00015434931,-6.007043e-05,0.000119626944,-0.00014410936,5.88248e-05,1.8902414e-05,8.3605395e-05,0.0001904034,-3.7567035e-05,-3.509655e-05,-7.5142576e-05,-5.1804495e-06,-8.839946e-05,0.00013264599,-1.6222903e-05,0.00017073593,0.00014124799,0.00013973954,-7.1049562e-06,-2.9118097e-05,9.507388e-06,7.5586026e-06,4.598113e-05,0.00018540508,0.00011794244,0.00020645987
T81_EGFP,2.1636275e-05,-3.301148e-05,8.091205e-05,2.986737e-05,7.645406e-05,7.74243e-05,2.4277797e-06,-3.3702163e-05,-9.740541e-05,-0.00011973957,-7.93966e-05,-0.00015684414,-0.00012247778,9.465999e-05,-9.840068e-05,6.2803345e-05,0.000121065525,-0.00012774895,0.0001932449,8.5800966e-05,2.3974719e-05,0.00010094642,-8.049847e-05,-2.4724377e-05,9.067891e-05,4.4228193e-05,1.3941931e-05,8.985272e-05,-3.980672e-05,3.14626e-05,-3.307773e-05,0.00027057366,0.000103552426,1.3754342e-05,5.510161e-05,0.00018159716,8.816966e-05,-5.955246e-05,-9.992606e-06,0.00027167905,4.0826806e-05,7.659186e-05,-7.127559e-06,0.00020968953,9.084365e-05,2.3638255e-05,-8.286602e-06,-4.979879e-05,9.586931e-05,-1.86923e-05
T667_EGFP,0.00013797123,-2.6912703e-05,-8.614391e-05,5.8143378e-05,6.9185706e-05,0.00028117368,5.711483e-05,-9.425392e-05,-0.00011520825,-0.0001383225,-7.276411e-05,2.5362151e-05,7.857381e-05,0.00014023033,1.7633356e-05,-5.850689e-05,0.000100924706,-2.8634075e-05,0.00024132704,3.09333e-05,-6.624578e-06,-1.3871194e-05,0.00015835371,-7.3901676e-05,-3.644521e-05,-0.00012976308,-6.5474764e-05,9.131919e-05,0.00012911341,3.9882278e-05,-2.3438583e-05,4.2103562e-05,5.163692e-05,4.9977963e-05,1.8214963e-05,0.00011833679,9.9544864e-05,0.00016031419,5.9957234e-05,0.00012194151,-9.879644e-06,-1.9219626e-05,-0.000115206305,7.043853e-05,0.0001209461,0.00019903846,3.3156553e-05,-7.1755734e-05,-9.4326584e-05,7.534343e-05
T237_EGFP,-6.0503906e-05,3.6398884e-05,0.00015017018,-2.8423723e-05,4.5576995e-05,-2.3524217e-05,0.00020260467,8.5813714e-05,7.176372e-05,0.00018022704,5.080287e-05,0.00014216529,-7.617513e-05,0.00021559525,-0.00012819463,5.2576674e-05,9.851772e-05,0.00010733054,2.6693768e-05,3.6681096e-05,9.4681505e-05,-0.00014524421,-0.00010779723,-3.509312e-05,0.0001984939,1.4768876e-05,-0.00011162,-1.3828451e-06,-0.00013902654,-7.845564e-05,2.559059e-05,-3.6634687e-05,5.2555155e-05,0.00013781854,0.00021475094,6.911715e-05,8.807312e-06,7.3785384e-05,2.5252588e-05,-4.778653e-06,0.00012349061,-6.6677334e-05,-2.3181556e-06,4.9583873e-06,-8.99098e-05,0.00022717779,-7.5106786e-05,-4.011581e-05,-6.7921435e-05,8.603081e-05
T282_EGFP,8.542417e-05,0.00015344702,-0.00018319582,-8.25595e-05,1.5741534e-08,-5.940315e-05,-9.860284e-05,0.0002753216,0.0002342983,-3.0242627e-05,-6.548229e-05,-0.00014840046,6.851491e-05,0.00012326095,-8.098816e-06,-0.00021514851,-6.5694594e-06,3.505253e-05,-4.4380347e-05,9.291177e-05,-6.451171e-05,-8.314961e-05,-2.0025262e-05,6.8215886e-05,-7.3683725e-05,-2.2755496e-05,-0.00010795063,0.00017052278,-6.6664754e-05,-0.00024125777,0.00013547305,0.00014975936,2.5843106e-05,-5.004276e-05,-6.094905e-05,0.00011912047,-7.36106e-06,2.2090484e-05,4.9678827e-05,0.00015358065,0.00018755326,8.772095e-06,-0.000114885326,4.9316634e-05,0.0002584193,9.9473655e-05,2.693131e-05,-7.209664e-05,-0.00010550362,2.1848326e-05
T430_EGFP,4.4151526e-05,9.481139e-06,0.0001351365,-0.00013975725,-4.4171346e-05,0.00018630721,0.0001425161,9.362393e-05,-2.5145833e-05,7.30206e-05,-0.00017726398,0.00016118708,-1.1042465e-05,8.313238e-05,-7.761097e-05,-5.161045e-06,4.3122785e-05,0.00022919242,-8.210986e-05,6.415321e-05,0.00013720067,-9.976466e-05,7.5039e-05,3.1483603e-06,-2.8797429e-05,-8.2039105e-06,0.00011253563,0.00016511015,-2.6190612e-05,9.764904e-05,-1.49956495e-05,0.00016742124,-9.7349555e-05,2.200079e-05,6.459786e-05,-0.000113207316,9.509033e-05,-0.00014193113,8.861943e-06,2.332772e-05,-0.00024110716,8.86266e-05,0.00025128538,0.00017739383,0.00011320809,-0.00014623084,0.00013023874,6.85494e-05,-0.00023008954,-8.860776e-05
T639_EGFP,0.00022171861,3.724891e-05,8.4650885e-05,0.00012863817,7.2223214e-05,2.7471715e-05,3.275308e-05,0.00013280645,0.0001240419,7.015669e-05,-0.00013548831,7.400015e-05,4.694478e-05,3.5484358e-05,-0.0001051128,-8.248156e-06,0.00011826595,9.1440255e-05,9.1568145e-05,0.00015610861,0.00021011657,9.085158e-05,0.00018221539,-0.0001211711,-1.6310101e-05,1.4371001e-05,0.00017979428,3.572204e-05,-2.6589669e-05,2.6985103e-05,0.00010549047,5.123785e-05,-1.8600775e-05,8.6530825e-05,-4.610848e-05,-2.4842984e-05,0.00011609346,-0.00010112389,8.896402e-05,2.6241558e-05,0.00017329588,1.2816566e-05,2.2140774e-05,-6.212725e-05,2.4440957e-05,-0.00016149861,-6.937082e-05,-0.00020470614,-0.00023666391,0.00013074809
T12_EGFP,0.00010906842,-0.00015400098,6.583438e-05,-0.00022111759,0.00021033935,-5.8679198e-05,-0.00010497928,0.00014807444,-1.8777117e-05,0.000104080624,-9.7009e-06,0.00015117349,-2.5077443e-05,-5.829065e-05,0.00018023376,9.4708805e-05,0.000102317834,0.000300369,-3.7556118e-05,-3.3096054e-05,4.8764312e-05,4.7934577e-06,-2.481645e-06,3.0345382e-05,-1.7680122e-05,9.339899e-05,3.7677768e-05,-0.00012603629,-0.00019225001,2.262567e-05,4.1847958e-05,-2.1958898e-05,1.4673425e-06,-0.00013652116,0.00014962211,5.0581693e-05,-2.4836365e-05,6.220229e-05,-0.00011652434,3.5586916e-05,4.6069505e-05,0.00018917891,0.00012562049,0.00010124491,-5.480821e-05,-4.8522008e-05,3.7305846e-05,-9.6352174e-05,-2.84738e-05,-1.4809414e-05
T384_EGFP,-6.0787486e-05,0.00012442525,4.7342815e-05,-0.00011653547,7.191662e-06,9.29243e-05,-1.0226803e-05,5.719403e-05,3.4412613e-05,0.00031796115,0.00022995773,-0.00012588238,-0.00021530372,4.9472485e-05,0.00019442107,-7.5297714e-05,0.00010021752,-4.088532e-05,0.00010832703,-8.911007e-05,-4.2932563e-05,2.3188513e-05,0.00010636644,0.0001484699,2.760499e-05,-0.0001271823,1.7291057e-05,1.5576412e-05,1.8843715e-05,-7.3709496e-05,0.000121342746,-4.405071e-05,-5.6709574e-05,-6.024951e-05,0.00012580135,0.00018804827,-9.000862e-05,0.00013385726,-8.95614e-07,9.393711e-05,9.136687e-05,1.7418088e-05,2.7110214e-05,-8.6640925e-05,0.00012273552,-0.00021449741,-0.00021583334,6.942042e-05,0.00023417543,0.00021058883
T264_EGFP,-1.9790614e-05,1.490316e-06,0.00010989252,6.334996e-05,-1.1070319e-05,0.00010857593,0.00020043735,-9.131104e-05,0.00025471026,0.00017767488,-7.592588e-05,-5.110176e-06,0.00014362068,0.00011507895,0.00014284738,0.00016039761,-0.00012342342,0.00026247097,1.2935965e-05,-4.4778477e-05,4.2584095e-05,1.0472363e-05,7.895307e-05,0.00022958338,5.0801795e-05,-8.988627e-05,0.00014457747,1.6242697e-05,3.032567e-05,0.00024505495,-2.100593e-05,-8.4808366e-05,7.4319505e-05,9.980654e-05,-8.586958e-05,0.0001477986,-2.8167737e-05,-8.794507e-05,-9.42373e-05,-2.844936e-05,3.3250668e-05,-6.3990155e-05,0.00011368175,5.255567e-05,-3.873061e-05,9.5207184e-07,2.7780521e-05,9.888161e-05,0.00022775565,1.2785608e-05
T181_EGFP,-2.2095717e-05,-5.1316865e-06,8.219694e-06,8.722832e-05,-0.00011410885,0.00028401587,-5.4561122e-05,-9.980744e-05,-1.7288234e-05,-1.7446062e-05,0.00017169568,2.9968376e-05,3.3676726e-05,-6.3906846e-05,-3.352933e-05,-0.00010263747,0.00011676066,6.682753e-05,-5.4754786e-05,6.6098015e-05,0.00022736282,5.868272e-05,5.449386e-05,5.0813782e-05,1.4882854e-05,-9.173793e-05,-5.5810247e-05,-3.4216566e-05,0.00026802675,6.598516e-05,-0.00010031958,0.00011802731,7.4799915e-05,5.0366175e-06,0.00012799792,-0.00021470193,-9.5787924e-05,3.2579675e-05,0.00012581608,0.00016651483,-1.089404e-05,-0.00011364667,8.6425585e-05,-5.578501e-05,-0.00015095124,2.1077109e-05,-7.384069e-05,-2.0679588e-05,8.5308384e-05,-4.343911e-06
T566_EGFP,6.982056e-05,0.000120758916,0.00019956814,-0.00014060222,0.00013743783,1.5442258e-05,0.00016509398,0.00018730244,-1.7844852e-05,-0.000114767194,2.6731377e-05,-5.1077597e-05,7.177437e-05,0.00011635816,0.00014447914,-3.4435016e-05,5.5828663e-05,-0.000104215185,0.00013093697,5.2020194e-05,-5.980153e-05,5.114897e-06,-6.514647e-05,7.557862e-05,0.00022527856,7.7707926e-05,9.957914e-05,2.6537562e-05,-5.8233276e-05,9.14108e-05,0.00011123662,-0.00010013132,0.00011475609,0.00012372268,0.00017133911,2.9095134e-05,-9.744275e-06,0.00012045908,-0.00015839357,0.00015330392,7.369462e-05,-0.000117908916,0.00017595597,8.307133e-05,-9.075036e-05,-0.0001091912,-8.6273e-05,0.00020536258,-7.167963e-05,0.0001788808
T637_EGFP,0.0002743097,1.360677e-05,-6.0091916e-05,0.00017272869,-8.348692e-06,-3.849033e-05,7.937874e-05,-4.0404713e-05,-9.67877e-05,6.663639e-05,-0.00012436225,-1.1065373e-05,0.000110481255,-5.4728857e-06,7.457419e-05,-0.00012267171,0.00013362207,5.5603003e-05,0.00014566774,0.00017659104,0.000104226136,5.5525154e-05,-2.712236e-05,-5.2314845e-05,-1.4651848e-05,-4.6804245e-05,5.294524e-05,0.00017876168,-9.3960196e-05,0.00014239772,3.6385674e-05,3.5277637e-05,-3.9853683e-05,-7.426624e-05,0.00012463759,9.04584e-05,0.00012913285,3.9855866e-05,-7.311734e-05,0.00017354962,7.739386e-06,4.601654e-05,-8.2580955e-05,-0.00016316345,6.374407e-05,2.3012008e-06,-3.666929e-05,0.00011407689,-3.4818557e-05,-7.355465e-05
T24_EGFP,0.00012847778,5.819036e-05,-1.8954424e-05,0.00031179204,2.5403202e-05,4.980682e-05,-1.3761936e-05,0.00012280162,1.3448617e-06,3.4595563e-05,3.11264e-05,-0.00010076688,-3.4291443e-05,0.00010517708,2.9982792e-05,-0.00011654264,5.4408243e-05,0.00016115925,6.5649656e-05,-1.3201849e-05,4.3734606e-05,0.0002575744,-4.6549903e-05,-6.272978e-05,4.3850447e-05,2.5894335e-06,8.980241e-06,-9.600901e-05,0.00022769222,0.00014579708,0.00017968075,0.00017614095,0.00016147702,0.00014409106,8.9555775e-05,0.00013305663,6.50684e-05,-2.4635949e-05,0.00011837263,9.9793644e-05,3.8657734e-05,2.689871e-05,-5.294633e-05,7.832437e-05,-9.9107865e-06,-0.00011917597,-4.7182442e-05,0.00013289374,3.8718405e-05,0.0002596998
T436_EGFP,-7.7625074e-05,4.2546668e-05,-0.0002767268,6.6142806e-05,8.726215e-05,1.9104224e-05,6.445367e-05,-9.2951545e-05,-5.5211633e-05,4.842125e-05,-0.00019199793,7.1238865e-05,-0.00014562966,-0.00021112004,-5.0051098e-05,4.7222926e-05,2.3061875e-05,2.3173492e-05,-7.780082e-05,-2.1992342e-05,0.00010150292,-1.8598152e-05,3.0417326e-05,0.00012694091,5.849463e-05,8.3002364e-05,-0.00014873639,0.0001711531,-0.00013247697,-6.703644e-05,0.00014331886,-9.075176e-05,-8.8054385e-06,-3.179563e-05,-5.193573e-06,-0.00022967669,-2.2905672e-06,-0.00010456727,3.8950424e-05,-1.7899647e-05,1.6273965e-05,-0.00011614845,4.2346706e-05,-2.0879686e-05,-6.0468832e-05,0.00014072818,2.6073516e-05,7.090757e-05,0.00024823687,3.1017647e-05
T70_EGFP,-8.430542e-05,6.1043655e-05,7.0795504e-05,5.633212e-05,5.61183e-05,2.5792924e-05,-0.00016400444,0.000102979546,9.97397e-05,4.6025583e-05,9.430189e-05,-0.00017339017,0.00014617188,-0.00023051623,0.0001498548,-0.00014087331,1.1631368e-05,2.0818521e-05,8.400749e-05,0.00013970809,-9.82248e-05,0.00023656161,-6.136961e-06,-6.760051e-05,-9.965075e-05,-1.5760821e-05,7.3382325e-05,1.2277534e-05,0.00013537891,-0.00017224475,-3.9002476e-05,-3.090586e-05,5.385288e-05,-8.692393e-05,-1.1364098e-05,-0.00013695238,-2.6603611e-05,0.00012328933,0.00021298732,2.041782e-05,2.5220066e-05,-0.00012198548,-2.9543819e-05,0.00020392322,-0.0001562508,0.000112578826,-1.1582904e-06,7.0595124e-05,-3.9620052e-05,3.154443e-05
T515_EGFP,-8.611535e-05,3.5518628e-05,2.2762317e-05,0.00020754628,-2.6913838e-05,0.00014469032,-6.7769426e-05,0.00021194869,0.0001021253,3.3145207e-05,0.00022650941,1.9700412e-05,1.0478905e-06,8.756572e-05,7.537019e-05,-0.000106870204,6.245803e-05,-3.6559482e-05,0.00010973948,7.895007e-05,4.356372e-05,3.116774e-05,-1.08477725e-05,8.844935e-05,0.00018672168,9.286832e-05,0.00017335967,0.00011539971,0.00023352641,-0.000120903744,4.256188e-05,-8.431825e-05,0.0002494642,-4.755341e-05,7.919612e-05,-5.8214704e-05,-5.693424e-05,-1.7302771e-05,2.9558125e-05,-3.903297e-05,1.779886e-05,5.400994e-05,0.00013424532,0.00017901437,-8.499726e-05,0.00020582048,0.0002532776,-3.0488458e-05,5.1764488e-05,2.5157722e-06
T241_EGFP,-7.537343e-07,-7.3237425e-05,3.322783e-05,-7.509212e-06,3.9102182e-05,0.00016922665,-6.1013656e-05,0.00019691965,3.2756383e-05,-5.8850896e-06,0.0001099992,0.00021662231,9.4717296e-05,-4.937091e-05,-6.544184e-05,0.00014547649,-3.743552e-05,-2.8608161e-05,2.4739551e-05,8.9587724e-05,1.00621855e-05,0.00012341607,-8.3138126e-05,-0.00022611671,-8.638796e-05,0.00015667132,-7.5602264e-05,0.00013258331,-0.00015971145,8.2458355e-06,-0.00010210494,-0.00018405271,4.8599864e-05,0.000119480734,-3.481152e-05,-8.12226e-05,0.00012442753,7.237846e-05,0.00020603217,-3.3920576e-05,3.310435e-05,4.631457e-05,0.000105113766,0.00012854418,2.5614258e-06,-4.284592e-06,-9.649564e-06,-2.9774767e-05,2.4760613e-05,0.00010031821
T168_EGFP,-0.00010696693,-3.7869166e-05,8.617675e-06,-0.000119701865,0.00027641916,2.5304575e-05,-5.8296217e-05,-0.00011070854,0.00015523027,0.00017433708,2.0588237e-05,-5.5460346e-06,-6.715517e-06,-0.00019905645,7.839339e-05,2.3291806e-05,0.00011971477,-0.00010394052,5.7103378e-05,-2.6626269e-05,-0.0001189699,-0.00017567811,-9.104258e-05,0.00014153763,5.733161e-05,0.00012655053,-9.662271e-05,6.3934094e-05,0.00010172668,1.8408788e-05,-0.00016233744,-1.6688986e-05,-0.00012900397,-6.755464e-05,0.00012858813,9.5076175e-05,-4.2009786e-05,-6.425317e-05,-6.566468e-05,0.00010679528,-7.826138e-05,0.00015246062,-8.60832e-05,-0.00013112517,-4.117907e-06,-2.3204087e-05,8.85241e-05,-0.00012607427,7.1089584e-05,0.00011325814
T349_EGFP,-6.652303e-05,-7.5375733e-06,0.0001326353,0.00020129643,-1.6672704e-05,-0.00012476179,-0.00012739951,7.887341e-05,7.065092e-05,0.00021669186,-2.2213944e-05,8.243765e-05,0.00012764949,5.811309e-05,-1.8910607e-05,-3.633552e-05,0.00014334811,0.00021330634,0.00010961077,8.203026e-05,3.9613624e-05,-9.2687515e-05,-0.000114990056,-0.00010802444,1.2657768e-05,-5.637411e-05,2.6191721e-05,-0.00014262591,7.2411756e-05,2.799072e-07,0.000115450435,7.271115e-05,3.824094e-05,0.00020296259,-5.1110765e-05,0.00012192543,-0.00016898685,0.00010557021,-0.00011771201,0.00014889448,0.0002209621,-5.932719e-05,-4.7928588e-05,8.482556e-05,-0.00012093557,6.256922e-05,-8.876805e-05,-6.531197e-05,-6.039042e-05,4.044026e-05
T404_EGFP,0.0001071002,0.00010188284,-6.339916e-05,0.00013427967,0.0001240994,-2.9601155e-05,-4.2257256e-05,-8.47893e-05,8.370713e-05,-0.00017075079,2.9274297e-05,6.964694e-05,-1.8305225e-05,-0.00011432924,-5.869395e-05,0.00012130695,-8.828914e-05,6.0094917e-05,7.458668e-05,-5.5292832e-05,-3.8553106e-05,-3.5693262e-07,-4.0243494e-06,-6.9903967e-06,-0.00011159794,0.00016205695,-0.00019227852,0.000121974095,-5.4408915e-06,0.00010469835,0.00018404065,4.661315e-05,0.000121043595,7.110151e-05,0.00012416774,3.0217678e-05,6.709269e-05,1.8833936e-05,-0.00012185514,0.00019579606,-0.00011976321,0.000101686,0.00022083304,7.521983e-05,1.5810512e-05,0.00010894411,-6.1869227e-06,-5.437152e-05,0.00026963747,8.949173e-05
T281_EGFP,-0.00013872974,-6.107062e-05,0.00019492739,4.7561418e-05,-7.214558e-05,5.1093197e-05,-0.0002423317,0.000106757034,0.00011461811,0.0001693279,2.3924224e-05,0.0001141091,4.677583e-05,5.793627e-05,-0.00018697421,8.1422004e-05,-0.00011605553,2.4240748e-05,-9.9723795e-05,-2.6722539e-05,4.9538958e-05,-7.773689e-05,9.9369745e-06,-8.224948e-06,7.90302e-05,-0.000106752916,0.00026668468,3.2318876e-05,-0.00012815974,0.00017194265,0.00025021847,-0.00011531813,2.2417194e-05,5.707695e-05,2.4157453e-05,0.00018892382,5.980123e-05,1.575271e-05,0.00015562365,-0.0001560927,-0.00013859468,6.339003e-05,2.9737948e-05,3.3267843e-05,-0.00021892258,7.4793374e-05,9.468348e-05,8.8356544e-05,-8.574859e-06,6.146127e-05
T267_EGFP,5.5333898e-05,0.00012386909,4.7096455e-05,4.0111583e-05,0.000119737364,3.46486e-06,-4.076666e-05,-0.00019253003,9.0589725e-05,6.39584e-05,0.00019231181,0.00022987505,-0.00010564213,0.000182539,9.3156814e-05,-0.00023560126,8.1141174e-05,0.0002531017,4.5954257e-05,9.9198194e-05,-4.999489e-05,2.6838984e-06,1.8357307e-05,-1.0395659e-05,-5.0593728e-05,2.0613687e-05,9.320715e-06,9.433408e-05,0.00014978163,4.2822066e-05,-5.3672316e-05,4.6871257e-05,-3.3353037e-05,-0.00013012688,-0.00021769544,9.529292e-05,-0.00015054249,0.00020681418,0.00018663706,-8.4298896e-05,6.247009e-05,0.00012009687,3.74003e-06,4.832675e-05,0.00015046095,0.000107795204,-3.8569873e-05,-6.325721e-05,0.00010595283,-1.2718755e-05
T190_EGFP,6.2413485e-05,-0.000108192275,-1.7887756e-05,-4.0425268e-05,0.00010734635,0.0001303513,-3.4764395e-05,0.00013164921,0.000122061385,-6.417605e-05,-8.448933e-05,7.2349753e-06,0.00014867436,-4.5018364e-06,0.00019693482,0.00012592148,1.4960793e-05,-4.019176e-05,-3.9274248e-05,6.847825e-05,0.00018286884,-3.9967395e-05,-6.693574e-05,4.9010974e-05,-1.3690767e-05,-6.183737e-05,0.00013314182,-1.5426445e-05,9.998308e-06,-5.2145613e-05,0.00012332652,0.00015327024,-1.9277375e-05,0.00019407796,5.9828682e-05,-3.6230533e-05,1.2541536e-05,0.00021270382,0.00018039113,7.0973074e-05,-9.134446e-05,7.712679e-05,-7.5454365e-05,4.5471144e-05,-3.200849e-05,0.0001890202,0.00013060751,-5.9986407e-05,0.00021214985,0.000102535014
T607_EGFP,0.00018939047,0.00015174098,4.9525795e-05,-7.260012e-05,0.00013287975,-5.48593e-06,-0.00010313864,8.9485155e-05,4.8456997e-05,-0.00012289753,-2.3920158e-05,1.765603e-05,0.00019426865,1.379225e-05,2.8645416e-05,0.00019818543,-8.695166e-05,-2.3124836e-05,-8.519117e-05,0.00023344402,9.6972966e-05,-1.3251674e-05,-2.3125065e-05,0.00015302908,7.901329e-05,0.00012786033,6.644457e-06,6.972351e-05,9.153052e-05,-0.00013312727,-2.338197e-05,-0.00011508282,-4.4463537e-05,7.916025e-05,-6.2383006e-05,-0.00013990977,-6.9072485e-05,-0.00015313184,-1.5665332e-06,5.560464e-05,9.051567e-05,-0.000104191415,0.00013733067,0.0001602139,-6.105618e-05,-1.5335669e-05,-0.00014779117,7.652116e-05,2.3023475e-05,8.585014e-05
T629_EGFP,0.00021736551,4.93574e-05,6.4106505e-05,1.5593132e-05,6.066184e-05,-7.013167e-05,0.000114982395,2.8184377e-05,0.00013554769,0.00024507658,0.00014270465,0.00016501824,0.00012705031,1.3428475e-05,6.785436e-05,-0.00011103403,4.7603753e-05,-8.625637e-06,-4.6303372e-05,0.000117087664,4.9458962e-05,6.366466e-05,4.1188283e-05,-1.8226126e-05,0.00018283392,8.125295e-05,-5.9026006e-06,2.6553347e-05,-6.1009163e-05,-0.00014609723,1.7694414e-05,7.973029e-05,0.000108731736,-3.9931583e-05,0.0001441491,3.0348033e-06,7.112784e-05,-2.0418304e-06,-0.00015022885,4.6350062e-05,0.00028340745,5.2779237e-06,-0.00013682366,2.9048011e-05,7.6554556e-05,6.0744123e-06,-4.357299e-05,-0.00015094287,0.000112019596,0.00010520415
T45_EGFP,-8.345873e-05,0.00011823817,-7.156474e-05,-8.5671476e-05,1.18975595e-05,5.072928e-05,0.00027697225,-0.00010744138,-1.727075e-05,0.00010295372,-5.0105104e-05,7.7212644e-05,1.2990173e-05,3.7711052e-05,7.3264906e-05,-5.635419e-05,0.00014617873,0.00023541131,-6.382734e-05,-8.487943e-05,-6.926396e-05,3.9128474e-05,-6.528305e-05,5.1599578e-05,-0.00011577363,0.00025557773,-7.812931e-05,3.463545e-05,6.1471255e-05,8.2459155e-05,-1.42355375e-05,-0.00011674953,0.00015308597,2.4080473e-05,0.00012411877,-5.3245567e-06,7.2213574e-05,-1.4598278e-05,7.885438e-05,-2.8609975e-05,6.0093415e-05,0.0001422304,-5.9115064e-05,0.00021304555,0.00020664852,-8.060557e-05,-4.7559966e-05,1.4811361e-06,4.013333e-05,3.8607093e-05
T174_EGFP,-8.325927e-05,-0.00011169395,1.328507e-05,-5.5710218e-05,0.00025445526,-6.0580172e-05,-0.0001268488,0.00012289955,8.113293e-05,7.331993e-06,6.755955e-05,2.4547056e-05,-0.00014731768,8.8479996e-05,-6.6550536e-05,-2.1552587e-05,0.00011287576,1.8245305e-06,-0.00017913245,5.6869307e-05,4.6244055e-05,3.5563076e-05,6.864472e-05,0.00019713705,5.0124898e-05,0.0001119321,-7.0883616e-05,6.924927e-05,-9.93802e-05,-5.3918913e-05,0.00010560757,-7.7361365e-05,7.77141e-05,4.1178962e-05,8.220263e-05,0.0002326412,-9.501957e-05,0.00011950793,3.0255621e-06,4.311625e-05,0.00013894695,3.9671355e-05,6.789632e-05,-6.2051695e-05,0.000110209556,0.00021698882,-9.89546e-05,-6.826146e-05,4.473416e-05,-0.00015524172
T601_EGFP,-2.9862633e-05,1.000648e-05,-2.7788502e-07,-5.1951407e-05,8.300905e-05,0.00020193223,0.00017747487,9.23747e-05,0.00022081067,-5.710276e-05,0.0001660221,0.00016932793,-0.00010220638,9.91989e-05,6.4788735e-05,0.00010421247,-5.2020794e-05,0.000104040075,5.152579e-05,8.7309905e-05,-3.958233e-06,-4.7020538e-05,5.1040856e-06,-3.931645e-05,6.200211e-05,0.00011263466,2.5989866e-05,-9.9088684e-05,-2.1126e-06,-5.814584e-05,0.00010334541,4.9526454e-05,0.0001448358,8.214426e-05,-5.9149254e-05,-0.00014257089,-5.9552036e-05,-0.00026509067,0.00014303296,3.7877497e-05,6.263096e-05,8.656659e-06,5.404309e-05,0.00024100822,0.00010199568,2.264107e-05,3.205421e-05,3.8466376e-05,-4.4736345e-05,0.0003338863
T176_EGFP,1.2257058e-05,1.7420109e-05,1.5815063e-05,-8.838585e-05,0.00025105962,-0.00012616719,6.530214e-05,-0.00022019888,0.00012766095,-1.5185102e-05,-1.2253487e-05,-5.8484355e-05,8.585795e-05,2.2269129e-05,0.000106819105,-5.954995e-06,0.00012179097,0.00013471601,8.5671025e-05,1.6954189e-05,4.762077e-05,0.00013833972,-0.00019445339,-2.1092448e-05,3.599755e-05,-0.00010127485,-3.450202e-05,6.740435e-06,0.00019259911,9.737286e-05,1.3487977e-05,0.00016378613,3.7366073e-05,0.0002575023,0.000112430054,-0.00011496732,5.2703028e-05,3.4423992e-05,1.1987444e-05,-0.00023118847,3.7795806e-05,2.0447334e-05,4.81517e-05,-3.4761462e-05,-0.00010076189,-7.011902e-05,0.00017566004,-9.070315e-05,-0.00012677153,-9.012898e-05
T103_EGFP,0.0001123989,5.7811758e-05,0.00020804295,-0.000109927736,0.00032417593,-0.00012517988,-3.2958895e-05,0.00013709467,-8.80239e-05,-3.6571495e-05,7.462266e-05,-0.00020101323,5.8857793e-05,4.791956e-05,7.2050796e-05,0.00012213875,-0.0001523554,0.00011775467,6.940111e-05,7.8023804e-05,-0.00012607369,0.00018149249,2.1256255e-05,5.319526e-05,-1.3557781e-05,-0.00010471048,7.132396e-06,-0.00010530629,5.6543082e-05,-0.00022924325,4.5742854e-05,-5.2283034e-05,0.00012930347,4.2974632e-05,2.7056922e-05,-7.347264e-05,0.00028238597,-3.790896e-05,0.00011117798,3.7723155e-05,9.439962e-05,3.5404766e-05,0.0002537238,0.00026500208,-0.00010200017,0.00024202443,0.00011270822,7.0120754e-05,-7.3345975e-05,0.00016199084
T577_EGFP,3.7093992e-05,3.5558169e-06,-0.00010467261,-6.4697015e-05,-0.00018596723,-0.000103628445,-7.3718525e-06,6.5785935e-05,1.5600792e-05,0.00016249977,0.00010304011,2.3235312e-05,4.474902e-05,-1.3454989e-05,5.888575e-05,-0.00013470577,-9.348137e-05,-6.804513e-05,-1.629832e-05,6.0574835e-06,-1.745875e-05,0.00015308132,-0.00017309772,0.00021785736,0.00016546191,1.9090628e-05,-2.7285785e-05,0.000114363465,0.00019936287,0.00019795797,1.583488e-05,6.127689e-05,-7.982686e-05,9.497987e-05,-2.6631316e-05,-0.00011045779,-3.2209788e-05,5.1614985e-05,0.000118227545,0.00011010689,0.00011288015,4.8220587e-05,-3.5712597e-05,7.2462644e-05,-6.633871e-05,-0.00020907966,-6.147757e-05,1.5605661e-05,0.00017129394,-0.000118492084
T39_EGFP,9.781389e-06,-3.8840655e-05,0.00012306834,8.847935e-05,-4.11696e-05,0.00012310957,-0.00014610165,3.2297758e-05,2.5465743e-05,7.287387e-05,4.8104048e-05,-5.629385e-05,-2.9568106e-05,-9.829224e-05,0.00012643861,0.00020450963,-5.112941e-05,2.753625e-05,0.00020726486,0.00010592735,2.1267075e-05,-0.00023743714,2.6294507e-05,5.889372e-05,2.4715735e-05,8.4051055e-07,-4.6985737e-05,-8.9508525e-05,0.00028740588,7.1077724e-05,-5.309016e-06,0.00011981214,-0.000112197755,8.870401e-05,2.7629976e-05,-7.26767e-05,2.441401e-05,9.4341034e-05,9.3709554e-05,-0.00012401649,0.00024790855,-4.7208177e-05,3.427685e-05,0.00012428121,2.499948e-05,-7.265616e-05,0.00010029393,0.00020779886,-5.0760525e-05,4.522419e-05
T358_EGFP,-8.570147e-05,0.00010913802,0.00020808917,-1.474878e-05,0.00015322793,-7.697406e-06,6.6931156e-05,0.00013266486,-2.8466711e-05,0.00015567784,0.00023666781,0.00022494912,-5.5067525e-05,-1.1431083e-06,-0.00018928412,-5.2052423e-05,-1.8572207e-05,0.00016381302,6.632448e-05,0.0001260926,3.440019e-05,0.00012214793,0.00013458251,0.00011235939,0.000121205725,-0.00011712178,-0.00013205473,0.00027218548,0.00018659816,-3.0564148e-05,5.689937e-05,4.5460743e-05,-0.00015687346,5.2150946e-05,3.2951823e-05,0.00010590496,-8.407776e-05,0.0001283228,8.941391e-05,0.00017273749,-1.4989477e-05,0.00012473087,0.00012933652,2.82027e-05,0.00011633961,-7.7216595e-05,-5.2097897e-05,0.0001270217,9.6305164e-05,-0.00011670421
T200_EGFP,0.00015962086,0.00013744866,5.1356434e-05,0.00011897018,8.124999e-05,-3.4385383e-05,8.1991784e-05,0.0002375795,0.00020248783,-2.0556761e-05,8.276313e-05,0.00012424764,-0.00020122305,0.00012052567,3.2768792e-05,2.6856904e-05,-0.00017535331,0.00012376919,2.0732987e-05,6.589226e-05,0.00020446863,-4.6843514e-05,0.00017106645,7.668723e-05,0.00015304922,9.149239e-05,0.00013373747,0.00015831404,3.8436363e-05,9.608561e-05,4.8743605e-05,-1.1344603e-05,0.00021578603,0.00019740172,-1.9877607e-05,-1.7330576e-05,0.000100179976,-6.4499705e-05,-8.315004e-06,-4.260189e-06,-3.7754853e-05,0.0001770155,8.440923e-06,0.0001976483,9.770553e-05,0.00019183417,0.00028001424,2.6549562e-05,-1.5227124e-05,-8.9723544e-05
T652_EGFP,0.00012236033,0.00018123131,-4.8851452e-05,0.00012652345,1.5571908e-05,7.725376e-05,8.72475e-05,5.8956106e-05,-0.000243426,5.5054523e-05,-9.952122e-05,-8.5462234e-05,0.00025275332,8.033691e-05,8.3919396e-05,0.00020587005,-6.112436e-05,6.961173e-05,-8.022081e-05,1.2739062e-05,2.1929718e-05,-0.00011416847,0.000119121796,-4.247508e-05,4.8001737e-05,1.332023e-05,1.6397531e-05,-1.9360836e-05,-3.9853734e-05,5.7501606e-05,2.4663346e-05,-1.4892208e-05,0.00028815144,0.00011249937,-8.307417e-06,3.1799904e-05,-0.00014204704,-9.57742e-05,8.671036e-05,-1.5599067e-05,-0.00012082378,6.52644e-05,-1.9626157e-05,-8.881428e-05,5.540139e-05,-0.00012944175,-0.00013864409,3.5437668e-05,2.3576142e-05,3.666347e-05
T159_EGFP,3.3540065e-05,0.00027506938,2.0019872e-05,-6.498136e-05,9.862031e-05,-3.5089233e-05,0.00019780497,2.7749615e-05,1.00219795e-05,-0.00017181087,1.6445223e-05,-3.9491402e-05,0.00011866888,-4.504105e-05,-0.00014140188,-8.063353e-05,8.612192e-05,9.0725545e-05,-3.5876743e-05,-4.6137517e-05,3.773809e-05,0.00010864821,0.00012943707,6.182308e-05,-4.3411896e-05,0.00010087105,9.543023e-05,5.4966724e-05,-0.00018046764,1.727453e-05,6.8122106e-05,0.00017165435,0.00014835388,-0.00011105066,-2.2652745e-05,-2.8007948e-05,-7.777217e-05,1.4899722e-05,8.745233e-05,8.506702e-05,8.3888175e-05,0.00017677438,6.890939e-05,0.00020436794,2.8728242e-05,2.0693474e-06,-0.00015119271,-5.7072295e-05,0.00010701077,-5.4622236e-05
T129_EGFP,0.00021204742,8.0037906e-05,0.000251573,5.1316856e-06,0.00012424546,-4.6786812e-07,0.00012390947,3.5655972e-05,-5.222961e-05,0.00013596105,-0.00026394136,0.00011030075,1.0276585e-06,2.0817908e-05,3.9652547e-05,-5.703545e-05,-3.2058055e-05,-2.8733086e-05,0.00017733914,2.8839982e-05,0.00012648694,0.00020180276,6.2662216e-06,5.0713214e-05,7.774975e-06,-6.100692e-05,0.00014186565,5.5894885e-05,-2.9570458e-05,9.259323e-06,-4.279112e-05,5.458711e-05,0.00014901579,0.00024878856,-0.000106814674,2.8141032e-05,7.162504e-05,9.0915666e-05,0.00012321289,-9.480797e-06,-9.264537e-05,0.000168834,3.408505e-05,-0.00011815039,6.762851e-05,-6.169444e-05,0.00018865037,0.00023229775,-4.302541e-05,0.00012024154
T125_EGFP,9.45236e-05,0.00016971424,1.9346322e-05,-1.7937668e-05,9.903058e-05,0.0001442865,0.00014553149,-1.6142845e-05,0.0001927057,6.8384616e-05,0.00017161973,7.152133e-05,-6.272517e-05,-5.4049135e-05,0.00011330947,0.00021162613,-5.199213e-05,0.0001528219,-2.2618859e-05,-0.00016825458,0.00012186572,2.9037794e-05,2.928262e-06,-7.301241e-05,-3.570192e-05,-1.9993195e-06,3.3076554e-05,6.496799e-05,-0.00023983029,8.607524e-05,8.363282e-05,8.141825e-05,0.0001672765,-6.707347e-05,-0.000104283885,-0.00013792638,0.00012734355,0.00018284947,4.894593e-05,-3.744374e-05,2.1465292e-05,1.8865245e-05,0.00015907873,-1.8943378e-05,-2.2978104e-05,7.7756355e-05,0.00028634781,3.3591355e-06,3.9418574e-05,-3.5176385e-05
T111_EGFP,-9.06733e-05,-5.9270027e-05,-4.0542178e-05,-3.5357343e-06,3.0982355e-05,-1.9448407e-05,-6.833469e-05,-5.8690875e-07,8.149808e-05,-8.548674e-06,0.0001858953,0.00037807014,-7.537136e-05,0.00014215692,4.621726e-05,-0.00013542872,-5.3462354e-05,0.00017721133,-7.54157e-06,1.790107e-05,5.677198e-07,-4.442392e-05,0.00019426059,7.5904e-05,-0.00014371987,6.6923462e-06,1.2944285e-05,-2.8934905e-05,0.0002295187,4.3258453e-05,0.00012659274,-0.00019475578,4.5749977e-05,5.7676452e-06,0.000117495576,-0.00012747255,0.000112847,0.00013578136,3.4088785e-05,-1.5331734e-05,-0.0002535718,5.7007597e-05,0.00016423193,0.00017567647,0.00014533494,4.4897883e-05,-0.00017198872,-0.00015308485,0.00010961369,0.00013294678
T580_EGFP,2.0867343e-05,0.00010951107,5.4803906e-05,-0.00013069196,-3.0810188e-05,-0.0001119594,-1.1112523e-05,-0.00021814757,-7.0397155e-06,5.503243e-05,-0.00013369245,5.138372e-06,0.00015122109,0.000160029,-9.863225e-06,1.1942623e-05,-2.8142482e-05,-0.000109997854,3.292717e-05,1.1264502e-05,-8.5238e-06,-0.00014037249,7.394084e-06,-6.9001275e-05,0.00029726952,-9.7701915e-05,0.00012608015,-2.8131695e-05,3.347093e-05,0.0001233337,-9.728433e-05,0.0001948387,-0.00011211539,0.00016108504,-3.772098e-05,0.00012301005,2.1593378e-05,1.5270507e-05,2.9237652e-05,7.535443e-05,-3.386411e-05,-5.987349e-06,-1.07436845e-05,2.4902816e-05,3.435504e-05,3.8608938e-05,-3.0433583e-05,3.2930537e-05,0.00027625661,0.00012899919
T568_EGFP,4.2664997e-05,0.0001360762,-0.00011450831,-5.1081508e-05,1.0205261e-05,-0.00017075184,0.00020680913,-3.5727735e-05,0.00013320311,0.00012033836,7.792785e-05,-3.8572685e-05,-2.459693e-05,-3.7335078e-05,-1.0517523e-06,5.5289347e-05,9.343065e-05,-5.03755e-05,-6.546299e-05,-9.465065e-05,-3.9105893e-05,0.0001859715,-0.00014232297,7.627529e-05,2.4049486e-05,0.00015491527,0.00022725183,-4.6798556e-05,3.7650607e-05,9.061932e-05,0.00016433252,-6.813697e-05,0.00012506076,0.00013121995,-1.9188812e-05,6.5238935e-05,0.00021446723,-0.00015572787,4.37135e-06,0.00013829053,-0.00012753339,1.0602005e-05,-1.1701854e-05,-0.00017395914,0.00016182942,9.9578974e-05,-6.126609e-05,-6.766227e-05,7.8650024e-05,-2.6981514e-05
T422_EGFP,8.511338e-05,1.5162107e-05,0.0002541263,0.00011374161,-9.72476e-05,3.076304e-06,0.00014215297,-6.889374e-05,4.695994e-05,4.3011307e-05,-0.00012533038,-3.358792e-05,-6.1952676e-05,0.0001414991,1.1793705e-05,-0.00013709709,5.7856173e-06,-1.6200152e-05,8.989918e-05,6.205795e-05,4.9196948e-05,1.0885411e-05,0.00015534267,-0.00010929926,7.645739e-05,0.00013632835,-9.721028e-05,8.746774e-05,2.2590702e-05,-3.7778154e-05,-3.3712524e-05,-9.2920745e-06,-1.5476171e-05,9.0046495e-05,0.00013446686,5.156713e-05,-1.3684004e-05,-0.00020392446,5.982565e-05,-1.3374991e-05,0.00024027715,9.770026e-05,-0.00014844595,-2.3091368e-05,7.727487e-05,-6.4916334e-05,0.00012578651,-6.8776194e-06,0.00024487154,-0.00014614119
T36_EGFP,2.3338065e-05,8.3655206e-05,3.2832784e-05,-0.00012079537,5.130042e-05,-0.00014452405,0.00012368847,1.4726897e-05,9.985862e-05,-4.426025e-06,4.975175e-05,3.620221e-06,2.7384736e-05,0.00010446259,9.212495e-05,4.277711e-05,2.9473387e-05,4.325287e-05,-6.509265e-05,-0.00010790251,-2.5230753e-05,0.00026643477,-0.0001493015,0.0003260881,3.4060482e-05,-0.00010473122,-8.7464476e-05,2.9817164e-05,-0.000134717,3.8133952e-05,0.00010222022,-5.9033817e-05,7.867478e-05,4.928842e-05,-8.48711e-05,-7.2038645e-05,3.124212e-05,5.451748e-05,0.00017999773,0.00016491268,2.8346107e-05,9.653243e-05,-0.000118035474,8.944022e-05,-2.3665696e-05,0.00015866655,0.0002837402,-2.4985186e-05,-5.4441505e-05,0.00027756943
T312_EGFP,-5.1436396e-05,0.00025888535,0.00016704726,0.0001369721,4.4082757e-05,-0.00011374129,5.7739202e-05,-7.815196e-05,0.00010355682,0.00012288292,-9.7390184e-05,6.383058e-05,-0.00018106846,0.00012094253,0.00025917916,6.0947314e-05,0.00013051751,-3.3843942e-05,7.181099e-05,-3.4931305e-05,-8.040133e-05,2.7587143e-05,-0.000103351194,8.532487e-05,-1.5361042e-05,-0.000119926764,2.8997028e-05,0.00012600965,0.00018086057,-1.7727933e-05,3.7587743e-05,4.8569542e-05,0.000108414024,5.14914e-05,-6.52689e-05,-1.0914308e-05,-0.0001423589,-3.0642186e-05,4.865822e-05,-1.3754807e-05,9.468599e-05,1.20915765e-05,0.00013312559,-2.1523445e-05,-9.396492e-05,-3.1270174e-05,-1.6613907e-05,2.892786e-05,9.893252e-05,2.4686833e-05
T317_EGFP,0.00024075492,-4.3117303e-05,0.00015704571,-0.00011728072,0.00021664189,0.00019279067,-1.592851e-05,-1.3348641e-05,4.1770956e-05,-8.2028855e-05,8.046045e-05,-1.6491294e-05,-7.946898e-05,0.00012283257,2.174666e-05,5.727389e-05,7.114138e-05,9.905572e-05,4.393289e-05,0.00014139106,3.6970796e-05,0.00016722929,8.823993e-05,9.28549e-05,-0.00013235258,0.00019379192,2.0728738e-05,-7.92409e-05,5.7917365e-05,-6.678024e-05,-8.0191097e-07,-4.167645e-06,0.00011964778,-3.8450464e-05,0.00013251428,-0.00014913887,-1.0340214e-05,0.00015955315,3.2017528e-05,6.72949e-05,7.594491e-05,7.5440905e-05,-4.6854166e-05,-1.5471289e-05,-3.6985137e-05,-2.2409153e-05,0.00011177635,-2.2909593e-05,0.00010712241,0.00013714413
T528_EGFP,8.0820966e-05,5.8985053e-05,3.0922558e-05,-5.1908915e-05,0.0002430689,0.000173473,0.00015922285,0.00011416418,7.8614976e-05,-0.00011727835,-0.00015907174,-7.633787e-05,0.00016372459,0.0001010267,0.00035409394,4.2452582e-05,5.7519053e-05,4.7679023e-05,3.703603e-05,-1.626103e-05,1.4257945e-05,-4.6821824e-05,0.00013608254,2.742735e-05,-3.3017156e-07,7.929414e-05,-0.00010051168,9.081428e-05,5.2515046e-05,7.65405e-05,3.3468674e-05,0.00023000616,3.9820996e-05,4.4335586e-05,0.00010192909,2.0480427e-05,1.6729151e-05,0.00029791376,7.844416e-05,-0.0001103257,-0.0002185135,0.0001765049,0.000119468576,-0.00014958183,8.329375e-05,2.8502556e-05,1.887866e-05,2.7834138e-05,-2.76619e-05,-6.4704276e-05
T166_EGFP,0.00030059452,9.456406e-07,0.00011841851,-0.00013171873,-4.6157445e-05,4.300777e-05,0.000182828,2.9852268e-05,-5.451547e-05,-3.1507534e-05,0.00020575739,0.000110362445,-0.00015642907,-9.287701e-05,4.8790636e-05,4.8270176e-05,4.742488e-05,7.5648706e-05,0.0001580284,-8.873722e-05,-4.8952803e-05,-9.05829e-06,8.9516805e-05,-1.9475076e-05,4.9804457e-05,9.014429e-05,-6.818989e-05,-1.0929017e-05,2.2583106e-06,3.0523544e-05,-1.33965095e-05,8.9244655e-05,0.00012307458,-0.00011953072,2.3659115e-06,-7.207141e-05,2.0314048e-05,-2.362081e-05,-3.575409e-05,-2.4193434e-05,7.6946875e-05,0.00021088548,-3.124045e-05,7.729098e-05,0.00022817121,3.9151982e-05,-8.193989e-05,-1.7896215e-06,-1.1202175e-05,5.0315404e-05
T295_EGFP,-3.9252824e-05,0.0001997635,-2.3570374e-05,0.00013916254,6.107946e-05,-3.7659083e-05,2.6506437e-05,0.00012429073,-2.2367094e-05,-0.00019419726,3.7277106e-05,-9.853828e-06,0.00023513888,0.00025490767,0.00012402976,0.00017021467,-5.718149e-05,6.782117e-05,2.118822e-05,-0.00021995959,-0.00010225456,0.00015327607,-8.240815e-05,-2.553753e-05,3.4705987e-05,0.00016008283,1.8300005e-05,-4.4129512e-05,-7.158531e-05,-5.3947e-05,-9.093567e-06,0.00015379414,-9.181311e-05,0.00019504844,-9.7180724e-05,0.00012617232,4.625869e-06,0.00018187708,0.000112547685,8.360494e-05,7.464246e-05,0.0001782231,-1.2350326e-05,2.7262717e-05,0.00016900446,0.0001841779,0.0001537092,1.599629e-05,2.4790897e-05,2.514609e-05
T498_EGFP,0.00011885456,9.723951e-05,0.00015247944,8.8735935e-05,-6.3724976e-05,0.00013001851,7.536383e-05,-6.341915e-05,6.4147202e-06,5.6632434e-05,-6.59086e-05,0.00015511975,0.00012215834,8.28791e-05,0.00011392103,-8.341231e-05,-0.00010017145,0.00027701113,-0.00020033632,-4.5917954e-05,4.671382e-05,0.00018083483,0.00014836031,4.071897e-05,8.641498e-05,6.927197e-05,0.0001421135,-0.000108000124,4.2140924e-05,7.9161415e-05,0.00020768627,-3.893325e-05,0.000118881486,0.00019547147,-0.00010894969,-9.411877e-05,-0.0002624861,-0.0001166982,-2.8970144e-05,0.00011574756,3.8229544e-05,-0.00012706805,-1.8023606e-05,0.00019271573,2.2405302e-05,3.9656617e-05,3.828491e-05,0.00010066013,0.0001740082,0.00017143377
T363_EGFP,3.0484824e-05,4.9388895e-05,-1.0033115e-05,-0.00011192817,-5.1561692e-05,8.5195046e-05,0.00016777383,-2.5846926e-05,6.0175975e-05,6.9593916e-05,-0.00014128504,3.981275e-05,8.976459e-05,0.000107355074,3.082826e-05,0.00013886954,-1.683292e-05,0.0001948961,-4.6966237e-05,-4.3723725e-05,5.407088e-05,-7.4649147e-06,0.00018599047,-8.881392e-05,6.189074e-05,0.0001244353,6.269737e-05,0.00015747687,-6.1346445e-06,0.00024456225,0.0002387188,-1.91476e-05,0.00032079732,3.421907e-05,3.071867e-05,8.186126e-05,6.639254e-05,0.00012982114,0.00013603242,-3.7261227e-05,-9.3448056e-05,-8.5166364e-05,-0.00021117931,0.00013200156,3.9884515e-05,-0.00015168698,2.9790559e-05,1.8654126e-06,3.7421378e-06,0.00024377216
T370_EGFP,4.0611012e-05,-3.1144547e-05,8.989146e-05,-7.652331e-06,0.00019713152,0.00016244041,-2.2763123e-05,0.00013760292,6.8438945e-05,-1.993954e-06,5.0326496e-05,-9.1938e-05,-9.553771e-05,6.777919e-05,0.000121910794,0.0001639694,-2.671247e-05,-0.00020531041,4.791035e-05,0.00013690686,-0.00010015585,9.262731e-05,4.2001586e-05,9.624636e-06,3.4858043e-05,0.000108247456,-5.3834436e-05,0.00017156894,-2.89878e-06,0.00017995285,0.00010684612,-3.3450837e-05,0.00011852666,2.9482026e-05,5.758389e-05,3.85455e-05,-6.2537496e-05,-9.438105e-06,-0.00010934075,7.074133e-05,0.00023630104,-1.659856e-05,0.00015837947,1.1343633e-05,4.3243657e-05,0.00015108498,-1.6970218e-05,6.311534e-05,-7.570694e-05,-1.0987763e-05
T644_EGFP,0.00022769113,5.150004e-05,9.845524e-05,-3.759536e-06,0.00021750941,-0.00010311731,5.701697e-06,3.8029724e-05,0.000121692494,8.6005915e-05,-0.0002034748,0.00010139348,0.000173782,-6.5871245e-05,5.7264977e-05,-0.0001245703,0.00018885659,6.496371e-05,8.663137e-06,-5.985427e-05,-6.820618e-05,-7.3779224e-06,-3.5656016e-05,-0.0002191712,-3.0146808e-05,-9.650537e-06,-4.0291587e-05,-0.00010431544,-0.00019566868,2.908272e-05,7.5064825e-05,1.1569698e-06,5.319828e-05,0.0002685297,-4.5782235e-05,-4.8979673e-05,-5.255451e-05,7.577946e-05,0.00018009631,0.00010211491,1.30578965e-05,3.917029e-05,0.00022699112,-2.9708373e-05,3.912002e-05,3.8791084e-05,0.00011709714,-8.225124e-05,4.106748e-05,2.3810959e-05
T685_EGFP,-0.00011367941,0.00011389738,-0.00010200945,0.00013787345,0.00017354568,0.0002631736,2.3908991e-05,1.4248287e-05,-5.9599915e-06,2.2809607e-05,-2.2914624e-05,0.00015342254,4.496805e-05,2.9552131e-05,-2.6835463e-05,0.00017678186,0.00014906558,2.380333e-06,-9.835525e-05,9.868901e-05,0.00012864971,0.00012605173,9.896594e-05,-0.0001837255,0.00011295773,0.000104185936,-0.00013142453,0.00010259775,-1.4097042e-05,-0.0001010476,-3.8458864e-05,8.3240775e-06,8.05565e-05,8.429311e-05,2.7810887e-05,6.0079306e-05,0.00014632005,0.00010047488,8.174918e-05,2.404521e-05,7.190472e-05,5.6288056e-05,-2.0544418e-05,-1.5067312e-06,7.229321e-05,1.3659215e-05,8.671779e-05,-5.0673327e-05,4.1752308e-05,2.0230997e-05
T416_EGFP,0.00012260469,0.00019725003,-4.30213e-05,4.509248e-05,8.4877625e-05,-0.00012232113,-6.4828186e-05,-6.771247e-05,7.04558e-05,9.631739e-05,-2.2582597e-05,3.7385053e-07,-2.0270983e-05,3.0547068e-05,-1.43686e-05,1.41330875e-05,-6.472982e-06,0.00013891279,-0.00010160699,-2.6434263e-05,0.00013639068,-0.00012519673,8.5454376e-05,-0.00010703283,0.00016113403,3.3981793e-05,-0.00014540917,9.826001e-06,0.00010886764,-3.9001716e-05,2.0414158e-05,1.7147391e-05,0.00010627883,6.339649e-05,-0.00011326667,2.4807057e-05,0.00013687905,3.996434e-05,6.321038e-05,-0.00013983085,-0.00018551957,-2.7400938e-05,-5.36235e-06,-4.6709443e-05,0.00034017573,0.00015691029,0.00021951909,3.274432e-05,-0.00020236916,0.00016791905
T613_EGFP,0.00013086063,-0.00012200116,-2.5113137e-05,9.0412665e-05,9.509759e-05,-0.00021981414,-0.00018467543,-8.8431254e-05,1.2454492e-05,1.832337e-05,9.613423e-05,2.7665454e-05,-0.00011447398,9.426031e-06,-0.00013538366,1.2092899e-05,3.096437e-05,2.0755945e-06,7.553473e-05,-0.00017441131,0.00018341847,-7.4751856e-06,6.595332e-05,0.0002528242,-7.39085e-06,5.017862e-05,-0.00012847496,5.933827e-05,0.0001641695,-7.65096e-06,-0.0002556797,-0.00021499954,0.00016009806,8.7874665e-05,0.00017116507,-5.22261e-05,4.0454404e-05,0.0001681919,-4.7272715e-05,-1.3291308e-05,4.9770835e-05,3.9921648e-05,-7.6181564e-06,3.6431647e-05,-2.7215608e-05,8.600443e-06,7.035707e-05,5.6682027e-05,3.1480387e-05,0.00030156257
T185_EGFP,2.0412065e-06,-9.605387e-05,-7.857466e-05,0.00022527354,6.46646e-05,0.00018200402,2.0118855e-06,0.000103445855,-5.1009454e-05,3.3961835e-05,6.2163155e-05,0.00012800327,8.3792496e-05,5.8122267e-05,-3.6784633e-05,3.1239954e-06,0.00011407605,0.00011506421,0.00014435014,9.92509e-05,-3.17992e-06,-7.2199866e-05,-3.644407e-05,1.7766093e-05,-0.00028281618,-7.511037e-05,-5.7157744e-05,-0.0001142887,0.00013039418,8.564747e-05,-2.951222e-05,0.00013942597,-7.970107e-05,0.00018268485,0.00012229997,-0.00016267401,2.8911885e-05,-0.00013191643,0.0001900869,0.00012897103,0.00017607777,-9.3454495e-05,-5.89864e-05,-2.7391903e-05,-9.763928e-05,-5.8414505e-05,-9.7262564e-05,-0.00011148839,9.918623e-05,-4.089443e-05
T182_EGFP,-1.3377432e-05,6.0182047e-05,4.814356e-05,4.848433e-05,-0.00014837993,0.00024666323,-9.1840324e-05,-0.000106143125,-3.8794788e-05,0.00010638994,6.939874e-05,-0.00011227298,-9.5736155e-05,-7.1788936e-06,4.4901866e-05,5.973883e-05,-0.00011913779,-8.348054e-06,0.00013348143,-0.000118643686,-0.0001506545,-9.423665e-06,-4.9853945e-05,-9.354863e-05,-0.0001265357,0.0001059127,-0.00014769801,0.00013012117,6.292251e-05,8.210995e-05,0.00012249884,-3.1730866e-05,-1.6886568e-05,0.00017083075,3.119448e-05,2.3864968e-05,7.0909344e-05,0.00030695696,-0.00011177921,0.00010510451,0.00010157521,-0.00014030466,3.992233e-05,6.015046e-06,-4.458681e-05,-1.3772132e-05,-5.9065085e-05,0.00014983963,7.3383344e-06,0.00014164952
T396_EGFP,-3.4961704e-05,7.926352e-05,0.0001929231,5.5547564e-05,3.6724516e-05,-5.2265354e-05,1.9522382e-05,0.00016952177,0.00016276655,6.536397e-05,0.000104718616,0.00021582023,5.901815e-06,1.696968e-05,-3.664383e-05,3.753489e-05,6.4458174e-05,6.3237436e-05,0.0001270258,-0.00030999008,1.902512e-05,-2.7682705e-05,9.960119e-05,8.9765075e-05,9.1925795e-05,-0.000115446084,0.00018620036,9.726137e-05,5.171766e-05,-6.4084554e-05,-0.00012602305,1.0014156e-05,-9.491085e-05,0.000103277875,5.3829495e-05,-0.0001725267,3.738243e-05,-4.5101566e-05,-9.6071024e-05,8.6471e-05,-8.106126e-05,-5.7938072e-05,4.7860685e-05,6.637372e-05,5.5551547e-05,0.00022222962,9.703826e-05,0.00010732772,0.00010195255,-0.000110276414
T621_EGFP,2.486437e-05,0.000120258905,0.00019390698,3.0564785e-05,-0.0001307096,0.00013369517,-5.4859425e-05,-3.7738232e-06,-0.00014735034,0.0001110004,2.2865373e-05,-0.0001459736,0.00013630243,-2.689807e-05,-1.7430244e-05,-1.3435459e-05,0.00011284867,6.025947e-05,1.5890178e-05,0.00014742358,4.79224e-05,0.00012000479,2.3257235e-05,0.00020932201,1.702277e-05,0.00035895171,-6.160277e-05,-2.9629078e-05,-0.00020657857,-0.00019922583,4.8354334e-05,0.0001395093,5.9062928e-05,8.155368e-06,6.87877e-05,9.8730874e-05,0.00010023316,-6.7477435e-05,-3.566582e-05,-0.0001489246,-0.00011758483,-0.00020586139,4.2271182e-05,-0.00012141705,0.000118523414,0.00017902265,9.8358665e-05,-0.00016139427,0.00014883853,6.559476e-05
T126_EGFP,-7.734665e-06,-0.00020918359,2.0750707e-05,4.838903e-05,-2.0927077e-05,4.135818e-05,-4.1228344e-05,9.319184e-05,0.00030815668,8.751576e-05,0.0001689506,1.5009182e-05,-1.3516943e-05,0.00018398826,-9.649928e-05,5.5041137e-06,4.2030053e-05,6.7899164e-05,-5.5998138e-05,-0.00011001328,-7.209297e-05,0.00012030382,-1.4384352e-05,0.00020016263,5.993869e-05,-2.52296e-05,0.00016747352,0.00013049167,-9.2670816e-05,7.9384714e-05,-6.4418586e-05,8.4955445e-06,-0.00022053995,-5.3809654e-05,0.00019941959,0.00014079676,5.337393e-05,-9.2530545e-06,5.9685477e-05,0.00016188413,1.2222824e-06,0.00019465535,-5.3922908e-05,0.00013939766,8.764645e-05,0.00012585279,-1.1596266e-05,0.00015090637,-0.0001356778,1.9474728e-05
T54_EGFP,-0.00013756698,-0.000108253254,0.00021474723,0.00011461369,0.0001571627,-2.7551646e-06,0.00011272485,5.918888e-05,1.1588302e-05,-1.0503756e-05,1.09524035e-05,-0.00010351914,3.3567903e-05,-7.560938e-05,8.139204e-05,3.763205e-05,6.9478415e-06,-0.0001176642,0.00013477288,-0.00012792944,6.619884e-06,8.2159005e-07,0.00015569878,0.00015192047,-3.629982e-05,1.2281503e-05,-7.046665e-05,5.8752703e-06,0.000120697805,7.711191e-05,-0.0001027892,0.00015863332,6.104895e-05,0.00013471095,0.00012533754,-3.5805846e-05,-0.00013038471,0.00014826277,1.223807e-05,1.6279064e-06,4.359079e-05,0.00012575637,4.957696e-05,2.6067419e-05,-4.970268e-07,-1.8893918e-05,0.00011808546,-7.8167206e-05,-2.7277638e-05,-2.0988335e-05
T191_EGFP,5.182674e-06,-0.00011106346,-8.515129e-06,-2.4839914e-05,0.00011549475,0.00012549765,-9.0957845e-05,7.838164e-05,8.256743e-05,0.00020084927,-1.0839424e-05,5.2440202e-05,0.00012540977,6.475473e-05,-0.00017761647,-9.0300164e-05,3.9745715e-05,-0.00010880934,7.444845e-05,-5.925148e-05,0.00017321343,0.000109250526,5.3020805e-05,2.3334376e-05,-2.559528e-05,7.576404e-05,8.2190716e-05,6.7660912e-06,-1.3143436e-05,-3.64831e-05,-0.00014123393,0.00015143829,-6.679354e-05,-0.00016159736,4.2104395e-05,-4.702556e-05,0.00013818209,-0.00018265171,0.000117371965,8.565436e-05,-0.00010107951,-0.00011130455,-1.2491436e-06,-2.502685e-05,0.000119506716,-3.8211827e-05,0.00017449184,-5.825858e-05,0.00024569963,-9.816428e-05
T112_EGFP,-7.38292e-05,0.000105076804,-1.9418574e-05,-3.2029096e-05,2.3383174e-05,4.5270494e-06,-0.00010640613,9.125249e-05,1.8305529e-05,0.00013789206,0.00036639164,-6.5509004e-05,-3.5309356e-05,0.0001384894,-6.015566e-06,-5.4259297e-05,-9.853961e-05,8.803634e-05,0.00020764806,0.00014422792,-4.555666e-05,-7.9973186e-05,0.00020080824,2.4627641e-05,8.90002e-05,1.8170336e-05,7.161935e-05,7.3624455e-05,0.00017779981,9.4143914e-05,0.00018039683,-0.00013113131,-2.4930705e-05,-9.016779e-05,9.135447e-05,0.0001784312,9.249928e-05,0.00017244078,5.2471365e-05,5.7505695e-05,-0.00014211003,0.00016068782,0.00015400462,0.00019763099,-0.000111277855,-8.830718e-05,-0.00012899228,0.0001636713,0.00019963244,4.493853e-06
T661_EGFP,0.00020189323,2.5461333e-05,7.056611e-05,-5.3821503e-05,0.0001642598,0.000114253846,0.0002718344,-6.4805026e-05,0.00012470807,1.9662102e-05,5.5056724e-05,0.00024490908,-2.2227669e-06,6.651138e-05,0.00011381595,0.00012702555,-0.000103529266,3.946875e-05,-0.00011317872,0.00020933316,2.1554026e-06,8.71801e-05,-2.029883e-05,0.00012422707,0.00012126802,4.988761e-06,-1.581307e-05,0.00013892718,-0.00013555899,7.78306e-05,8.286149e-05,2.969394e-05,-0.00012350123,-6.555748e-05,-0.00012532141,1.3485854e-05,3.671093e-05,-0.00013397647,-4.568473e-05,0.00012379383,0.000109008965,9.406019e-05,-7.0309885e-05,0.000110604116,-3.1833202e-05,0.00011806009,1.6436605e-05,9.023167e-05,-5.048014e-05,-0.00011043231
T575_EGFP,6.333091e-05,-6.9331414e-05,7.7242585e-05,-3.1429532e-05,0.0001514747,-0.00013999072,2.592397e-05,9.805259e-05,7.935669e-05,0.00024259175,4.7195466e-05,-5.055633e-05,3.5701152e-05,6.8313566e-05,8.4399835e-05,7.394905e-05,-9.705592e-05,-0.00011093716,-3.5955425e-05,1.292053e-05,2.7416021e-05,5.5307137e-05,-0.00010520889,0.00018028668,-9.838924e-05,0.00026091948,-0.00013557279,3.5181645e-05,5.5154815e-05,0.00015551613,0.00025847604,1.2390241e-05,1.5173795e-05,-2.8613016e-05,1.375319e-05,-6.406397e-05,-9.946631e-05,-2.9356492e-05,-2.5591391e-05,-4.7729172e-05,0.00014139687,-3.0492127e-05,-0.0001127616,-0.00011622304,-4.5322882e-05,-5.6608416e-05,0.0003215239,1.3538453e-06,-3.601118e-05,-7.090717e-05
T32_EGFP,-3.7425884e-06,6.236692e-05,0.00010472695,0.000258349,3.515471e-05,8.1315615e-05,-0.00010975067,3.7681595e-05,2.7793716e-05,-3.790105e-05,3.7625134e-05,-0.00013901983,4.9702026e-05,0.00015791359,5.100717e-05,4.571026e-05,0.00010942378,4.350279e-05,-0.000104054976,6.4909746e-06,0.00017100415,-0.0001042152,-5.1810315e-05,0.00013582877,-0.00014450065,4.4423658e-05,0.0001416865,0.00023970481,-9.868715e-05,-7.7348865e-05,0.00013041164,-0.00010893579,-0.00011959915,-3.5641167e-06,-2.0880014e-05,7.55766e-05,-4.01774e-05,0.00019378995,8.363587e-05,3.5820907e-05,5.1144943e-05,0.00015612088,-0.000102866245,0.00014767807,4.3997374e-05,-6.132957e-05,0.0003228344,2.4242456e-05,0.00028548265,-0.00012840882
T245_EGFP,7.855004e-05,1.942237e-05,-0.0001069094,3.8416656e-05,-5.8265297e-05,4.5438846e-05,-0.00015430812,3.2008178e-05,0.00022344373,0.000111231944,-9.804977e-05,6.067879e-06,3.0878444e-05,0.00011303214,6.6593166e-05,4.9557722e-05,9.231513e-05,-7.016936e-05,-0.00011733904,-5.620837e-05,-0.00022980793,7.1143345e-06,-0.00012118517,0.00022470191,-7.5330616e-05,6.2171566e-05,0.00013039891,-0.00012186971,0.00015046529,7.636119e-05,-2.414863e-05,-2.4554862e-05,5.8140373e-05,-0.00016583751,5.5089633e-05,-5.637143e-05,0.00011943137,5.242406e-05,-5.941178e-05,-0.00011526643,-2.9242208e-05,0.00014172122,-3.4312674e-05,3.3172662e-05,-0.000113226524,0.00023489517,-0.00020120676,0.0001250728,7.282144e-05,0.000111432964
T357_EGFP,-1.5171265e-05,3.183181e-05,3.202467e-05,8.333939e-05,6.0059745e-05,1.33654e-05,6.312704e-05,0.00028006654,-0.00011981225,0.00020630122,1.695517e-05,0.00016698337,6.0744616e-05,0.00011206252,0.00011058546,-6.991453e-05,1.6363102e-06,-5.584373e-05,0.00017022724,-3.4413395e-06,0.00015746117,0.00010663253,0.00035025453,1.9141664e-05,-8.814788e-05,-3.3886772e-06,3.9187405e-05,5.5243054e-05,7.207033e-05,-4.3286203e-05,5.905589e-05,-0.00010511305,6.397711e-05,8.624954e-05,-0.00012601106,-7.0826696e-05,-0.00014849717,-0.0001542731,1.5468891e-05,0.00013737228,-9.6665215e-05,0.0001615649,2.9635592e-06,-2.198914e-05,-8.146266e-05,1.2769117e-05,0.000227101,0.00019553662,-4.3799373e-05,-0.00017317709
T434_EGFP,-0.00011941224,0.00012491681,-7.798944e-05,0.00012711338,0.00016817101,-2.3654959e-05,4.4855246e-05,-4.7349407e-05,-7.119296e-05,-1.6410053e-05,2.4600366e-05,0.00018112821,0.00017442106,0.0002469823,3.8707247e-05,0.00018335201,-9.904939e-05,6.55555e-06,-1.1234304e-06,-2.3808985e-05,1.3281418e-05,-7.011389e-05,-8.719517e-05,6.598757e-05,-4.9457736e-05,-0.00011287592,-0.000106261636,-7.211499e-06,0.00016872073,0.00018050238,0.00011331373,-0.0002034382,0.00020552159,7.8791796e-05,-3.6990197e-05,-8.478956e-05,0.00013979926,-4.0090613e-06,-2.4897134e-05,0.0001524833,-9.40591e-05,0.00019032105,0.00016513272,-0.00010717241,0.00014949316,-0.000120553945,1.000114e-05,0.00011776915,-1.5621426e-05,0.00012727786
T160_EGFP,0.000295602,7.1962477e-06,5.303264e-05,-4.7520356e-05,6.9236776e-05,-2.4412118e-05,0.00012547066,1.9968053e-05,-0.00012140562,0.00014027009,-4.7378794e-06,0.00010985164,0.00017960368,-9.618912e-05,-8.8438725e-08,0.000100311685,4.0195457e-05,-1.1400193e-06,-3.0157891e-05,-3.7231013e-05,-9.1126254e-05,0.00012972012,7.608765e-05,6.647862e-05,-3.652039e-05,-1.8190189e-05,8.299667e-05,0.00015648005,-4.6418994e-05,5.212796e-05,0.00017696894,8.0337515e-05,-5.2839354e-05,-9.840959e-05,-2.8507355e-05,8.354611e-05,2.2280732e-05,0.000109341236,-1.440897e-05,0.00021592986,9.324867e-05,4.8367772e-05,1.8914165e-05,0.00026362538,4.775649e-05,-3.0751693e-05,3.504038e-05,-0.00013035287,3.8965034e-05,7.715481e-05
T303_EGFP,0.0003150224,7.812376e-06,-2.1006048e-05,0.000120283905,8.2076716e-05,0.00018158936,0.00028129845,1.814785e-05,-0.00017858333,0.0002542202,0.0001358135,3.6288748e-05,4.2925432e-05,5.496403e-05,-2.8181856e-05,-5.140609e-06,-0.00018606824,-7.3217634e-05,-2.7983167e-05,-6.646215e-05,0.00012339737,7.724388e-05,4.2623305e-05,0.0001142011,-4.5817094e-05,-1.9305598e-06,-0.000115893024,0.00013508291,0.00011161685,-7.743338e-05,4.3348562e-05,0.00011493466,0.00019952298,-1.5850374e-05,7.545878e-05,-1.41866285e-05,2.1766977e-05,1.3252289e-05,-5.776143e-05,7.0104856e-05,8.8963774e-05,-7.6651915e-05,1.0691476e-05,-0.00010635446,0.00019889687,0.00029851473,-3.1178024e-05,0.00019920483,-7.457624e-05,-3.6073566e-06
T549_EGFP,-0.00013411461,3.2592463e-05,1.2444812e-05,-2.1957778e-05,-0.0001434149,8.531228e-05,0.0002519951,0.00027198618,0.00014998303,-1.1922512e-05,3.7914957e-05,-2.7374785e-05,6.306162e-08,4.9361654e-05,-3.195703e-05,8.2514074e-05,0.00016410342,0.00010992121,0.00014887839,0.00014736936,0.000104215855,-5.8080436e-06,6.76679e-05,9.102365e-05,-9.465337e-05,0.00015022513,6.2965686e-05,-4.8456044e-05,0.00023072185,0.00017781164,6.132604e-05,0.00014749782,0.00025421672,-1.4497393e-05,0.00013945202,4.445709e-05,5.0928986e-05,0.00023570526,0.00012328722,-0.00013181243,1.6158658e-05,7.3974166e-05,0.00014248684,8.420805e-05,4.8265088e-06,-5.583751e-05,-0.00013495027,2.7985103e-05,-0.00013675337,8.405942e-05
T631_EGFP,0.00023323995,0.00012351027,0.00011793744,-5.7426674e-05,5.204404e-05,-6.676083e-05,0.00014411479,9.346326e-05,1.5738264e-05,8.566041e-05,0.0002445337,0.00014580495,0.00013886753,-1.725938e-05,5.7662437e-05,2.1634969e-05,1.292568e-05,-1.5061897e-05,5.6303415e-06,-0.00010926824,7.7103236e-05,4.0049978e-05,7.252283e-06,-0.00013463481,0.00020301659,7.58889e-05,-9.911902e-05,-9.091916e-05,8.548242e-05,-0.00018783104,0.00011988882,-2.497786e-06,7.187837e-05,-1.3460753e-05,-0.00013567302,7.845535e-05,-7.25329e-05,-5.6081022e-05,-5.6532017e-06,1.0498412e-05,2.9265057e-05,-1.7958972e-05,0.000119082026,-7.604908e-05,-3.4697154e-05,0.00022941729,-5.1035226e-05,1.3397017e-05,0.0002210172,0.00020005976
T586_EGFP,3.2668966e-05,-0.00010621051,0.00012859356,0.000118383905,6.375896e-05,0.00017435354,9.5000796e-05,5.550925e-05,-4.3493783e-05,-5.043798e-05,2.402075e-05,-3.4827644e-06,2.50461e-05,0.00010901286,-7.9840655e-05,0.0002255945,6.954767e-05,6.1450914e-06,1.3931399e-05,-7.817792e-05,0.00010934142,-4.603554e-05,0.00016022104,2.3168712e-05,-9.570542e-06,3.862986e-05,2.576137e-05,0.00026526002,-1.8696559e-05,-0.000113013266,7.248682e-05,-9.727098e-06,1.1878288e-05,-4.6703633e-05,-1.6232247e-05,0.00018589057,0.0001127339,-2.8032904e-05,1.7176576e-06,0.00026453627,-0.00020418125,-1.2066912e-05,2.6785716e-05,0.00014640449,-0.00014719897,3.4389344e-05,0.00011874156,-3.3232427e-05,0.0001550474,-0.00010645872
T290_EGFP,-0.0002695928,-5.213152e-05,-0.00011132935,0.00012493224,-7.180272e-05,-5.1044422e-05,0.0001568532,-0.00024432153,0.00020881197,-5.5781507e-05,7.7221935e-05,-5.916622e-05,3.4685672e-05,-3.0838512e-06,0.00011008112,-8.449455e-05,-0.00016378527,6.909368e-05,-2.5531013e-05,0.0001066701,-1.5730437e-05,0.000121106634,-4.22551e-05,0.0001062675,-0.00010705666,5.785343e-05,7.680278e-05,-0.00012799272,3.6485566e-05,0.0002469921,0.00019731876,7.610994e-05,0.00013070118,-2.670349e-05,-3.597814e-05,-5.5285618e-05,0.000102058046,-4.6516012e-05,5.4570955e-05,-1.4725119e-05,0.00016881435,5.6439276e-05,0.00018510998,-0.00010893966,-4.4805696e-05,-4.631917e-05,-8.910531e-05,5.420442e-05,2.6937452e-05,-4.4522396e-05
T232_EGFP,-1.9439705e-05,1.2556716e-05,5.4861794e-05,0.00011163288,0.0002022252,-6.0520742e-05,0.00019829787,1.3402897e-05,0.00013158606,0.00012744789,-6.678434e-05,-0.000117690965,-7.888542e-05,3.6436228e-05,1.0868265e-05,0.00016196012,-8.750168e-05,-5.636589e-06,0.00012592325,6.760851e-05,-5.8483864e-05,6.07724e-05,7.812416e-05,6.0021823e-05,0.00013087,1.9181378e-05,0.00015996078,6.6947025e-05,-0.00026380937,7.940008e-05,0.00011555963,-0.00010766538,5.886842e-05,9.083261e-05,1.8002711e-05,-6.344204e-05,-4.7418484e-06,5.0308547e-05,5.1023515e-05,0.00023945891,-1.2346852e-05,-3.5971236e-06,-9.03221e-05,8.472349e-05,7.537951e-05,8.448905e-05,-7.1712326e-05,0.00024673765,7.240051e-05,-9.597405e-05
T307_EGFP,0.00032910422,7.6702316e-05,0.00014448572,5.099512e-05,0.00020231305,0.0001424562,1.731745e-05,-0.00015495339,-1.1732952e-05,0.00014083595,0.00024600816,5.1070067e-05,-2.9080755e-05,-3.1804182e-05,1.2327005e-05,4.7296508e-05,-0.00010992936,-2.3241313e-05,0.00022986675,4.6788908e-05,6.163862e-05,7.549691e-05,6.84297e-05,2.8180484e-06,9.194593e-05,4.1532265e-05,-0.000119737786,-9.406423e-05,0.00016273365,0.00022622135,-1.6666741e-05,6.215005e-05,0.00015200078,8.5992135e-05,0.0001795579,6.344534e-05,2.1998707e-05,-4.676118e-05,0.00011847492,0.00016683874,1.0122908e-05,0.0001107552,-0.00012590433,6.24484e-05,0.0002016178,-6.759269e-05,5.21923e-05,-0.00012012044,-0.00013474195,6.8479636e-08
T308_EGFP,0.0003475178,0.00010263898,0.00012249035,2.1948164e-05,0.00012610723,-0.00014161663,0.00010497433,0.00020644892,2.8585915e-05,0.00024491464,-2.4229703e-05,-1.8887787e-06,-5.4829652e-05,2.9538227e-05,3.4953232e-06,0.00012659132,-9.0011345e-05,-4.052276e-05,0.00013248432,-0.00019517605,-0.000105771636,1.07952565e-05,8.793263e-06,-6.202531e-05,-8.5611406e-05,-2.274749e-05,0.00018440983,4.6482623e-05,0.00020377699,0.000111909016,8.740498e-05,0.00012011973,-5.746432e-06,-0.00012028725,0.00016022057,3.0094025e-06,-6.594048e-05,-6.407581e-05,1.5794693e-06,-7.958516e-05,8.645831e-06,6.9672475e-05,0.00015659223,0.00019469416,1.7589986e-05,6.691733e-05,-6.209173e-06,-0.00011966097,0.000108159875,-0.00017452566
T95_EGFP,7.621674e-05,-1.5233538e-05,-1.649728e-05,-5.6949534e-06,-7.370332e-05,-9.661005e-05,-0.0002613673,-0.00019051411,-0.00010747376,0.00022398501,6.0758313e-05,-2.075408e-05,-1.556488e-05,0.00011643597,7.5737946e-05,0.00027109293,-4.194958e-06,5.840703e-05,2.5816396e-05,0.00015307323,-8.224366e-05,-9.913499e-05,5.5145967e-05,-0.00024139251,-1.1936292e-05,-5.632005e-05,-0.00010505794,8.519977e-05,-5.2968502e-05,0.00010780587,-9.1319635e-05,5.7256355e-05,8.50723e-05,4.579407e-05,0.0002594021,-6.570912e-05,9.924952e-05,-0.00019829877,0.00010511609,-5.0044622e-05,-0.00015906646,0.00023094378,-1.5549753e-05,0.00022041227,0.00016647852,0.00010778894,-2.2691112e-05,1.8697847e-05,4.1615385e-05,4.350114e-05
T172_EGFP,-7.8403624e-05,-1.9966392e-05,2.5410995e-05,-7.860852e-06,0.00022279573,3.9437575e-05,-0.00016356417,1.9620124e-05,0.00016763879,0.00012115358,5.6197256e-05,4.147321e-05,0.0001310239,-1.7620954e-05,-0.00013055615,1.2272818e-05,0.00013023954,-2.9938821e-05,0.00013295677,2.2773123e-05,1.1507296e-05,-3.8655486e-05,3.4632543e-05,-0.00021558705,4.9510672e-05,4.6657715e-05,0.000116269875,9.274142e-05,8.60495e-05,6.08918e-05,-5.8520545e-05,-0.000113288384,3.5074874e-05,5.395142e-05,8.036127e-05,0.00022790929,-7.954864e-05,4.2034728e-05,-0.00015231872,7.491149e-05,0.00015401281,0.00010469933,1.0010934e-05,4.9591752e-05,-1.3209757e-05,2.176526e-05,8.7672204e-05,0.00013585476,0.00015710566,-0.00022623013
T325_EGFP,0.00021256584,-2.3693172e-05,-0.00019743059,-4.9301725e-05,4.3914868e-05,3.1353684e-05,-7.936252e-05,0.00025931376,0.00023914388,0.000116576404,0.00010462262,-2.2887707e-05,-4.5372442e-05,0.00010278809,4.2543306e-05,9.935437e-05,-1.9981451e-05,-4.678014e-05,-1.2977383e-05,0.00019342135,2.7633316e-05,3.3316384e-05,-1.9220324e-06,3.4867637e-05,0.0001617036,-1.6092737e-05,-1.8360919e-05,0.00019762163,6.1973333e-06,5.483428e-05,4.4024782e-05,0.00011955351,1.8733746e-06,-1.3969399e-05,2.056082e-05,-0.00013709054,2.950975e-05,-9.034771e-05,9.328337e-05,-2.6313219e-05,6.908655e-05,-3.5592762e-05,-0.00020326383,4.5723107e-05,-0.00014017087,2.9518513e-05,0.00014979372,-2.209135e-05,0.0002877683,5.772829e-05
T609_EGFP,7.186921e-05,7.52133e-05,2.2231006e-05,0.00011520666,0.00024299134,-6.5564476e-05,-2.0173497e-05,9.6534146e-05,-8.4898e-05,2.0297699e-05,0.000113698596,-7.808256e-05,6.715962e-05,-7.376772e-05,6.997223e-05,7.2313735e-05,2.906867e-05,0.00032363986,-2.1746326e-05,0.00016620675,-6.9896916e-05,1.261096e-05,-3.833869e-06,8.3659834e-05,4.1014537e-05,0.00016722745,0.00013522201,-2.8498163e-05,7.25033e-05,0.00012043963,1.6098356e-05,0.00011561425,7.6557335e-05,-9.09297e-05,-8.0297556e-05,5.5521356e-05,-0.00016734717,-0.00010179388,-8.431876e-05,-5.30832e-05,-7.511874e-07,7.4564254e-05,0.000122041136,0.00022050951,-0.000121023564,-0.00019989214,4.1740477e-05,5.5200966e-05,8.058601e-06,5.280207e-05
T455_EGFP,1.9211167e-05,-3.3652872e-05,0.00014492316,2.9490566e-05,6.085558e-05,-5.8942947e-05,0.00016101939,2.684207e-05,-0.00014019343,-6.4325905e-05,-7.689943e-05,0.00015294587,7.677543e-05,-5.5739274e-05,0.00010197062,-1.3512638e-05,-3.083824e-05,0.0002166953,1.2544508e-06,-5.13683e-05,-1.12252155e-05,0.00023792013,5.3279084e-05,2.379065e-06,4.4423155e-05,-9.78577e-06,4.57161e-05,9.6799966e-05,4.4209523e-06,-2.4475936e-05,-4.6911548e-05,2.2585362e-05,-1.0351115e-05,0.00012110741,0.00019378867,-3.3377957e-05,-5.0075494e-05,0.00033171027,5.7983998e-05,-1.7480166e-05,-5.9160575e-06,4.0731884e-05,0.00019671407,8.894804e-05,3.30868e-05,1.6142523e-05,0.00013196825,-3.274463e-05,-0.00027364166,-7.463138e-05
T693_EGFP,1.5406893e-05,-0.00013122198,7.027379e-05,-1.600331e-05,0.0002682016,8.030789e-05,0.00020628994,-1.13105425e-05,0.00012985541,-5.936018e-05,9.301501e-05,6.142147e-05,-6.257477e-06,-2.5889865e-05,-0.00010016985,-7.687269e-05,0.000102559825,-3.9320475e-05,-7.652537e-05,7.7564755e-06,8.2169354e-05,-2.1859265e-05,-0.00016941798,0.0002005361,-6.343405e-06,-5.4925236e-05,-7.779643e-06,-8.913236e-06,-0.00010370757,0.00023675092,0.00018929598,3.2645432e-05,-0.00020761995,9.338251e-05,9.998849e-05,4.2281714e-05,3.2938e-05,-0.0001244855,5.0638377e-05,9.63829e-05,8.605512e-05,-7.437507e-05,8.3386236e-05,-4.0507508e-05,-8.5210064e-05,4.2121035e-05,-3.9324044e-05,-5.0115585e-05,1.0079264e-05,0.00028158096
T463_EGFP,0.000109343026,-0.00013867315,8.240351e-05,3.1030777e-05,-5.81147e-05,0.00014891603,0.00020508564,3.0166926e-05,0.00014437854,-7.696484e-05,7.251015e-05,-2.3188093e-05,-5.118793e-05,6.5724256e-05,3.778911e-05,-4.3603985e-05,-6.776595e-05,4.3916356e-05,5.8337788e-05,8.512605e-05,4.0918778e-05,-4.2271036e-05,0.00011338275,0.00016535386,3.005959e-05,-0.000106679414,-8.0326485e-05,0.000115108465,0.00011812322,3.571105e-05,-4.5269848e-05,0.00022991822,0.00010739577,-0.000110107205,0.00013719639,-0.0001704111,4.1749304e-06,4.6476576e-05,2.5973828e-05,2.8824003e-05,0.00012129407,4.8373873e-05,-6.273757e-05,0.00020358985,-0.00022832981,-0.00019820346,-0.00016045636,-6.147334e-05,0.000146859,0.0002216786
T1_EGFP,-5.511933e-05,8.0739024e-05,0.00016855067,-0.00020542835,0.00019942704,0.00013016799,7.037952e-05,0.00012227432,-0.00013937938,4.040812e-05,-0.00010725302,4.5535828e-05,0.00012953754,6.7531415e-05,-0.00018904958,-9.508603e-05,0.000112946946,0.00015150616,-6.922369e-05,3.735773e-05,0.00016112407,0.00014051117,-3.173476e-06,0.00024155219,0.00012110689,3.9267845e-05,8.070671e-05,0.00014040881,-6.6381617e-06,2.7490323e-06,7.4825504e-05,-3.9373467e-06,0.00012119849,0.000104227,-0.000107358006,4.7025133e-05,9.0299705e-05,3.0013967e-05,-3.626424e-05,0.000107533764,6.9522386e-05,6.105079e-05,-3.428163e-05,0.00055462087,0.0002003017,-3.844501e-05,8.6471264e-05,7.668535e-06,4.5236815e-05,-6.308064e-05
T467_EGFP,-9.283913e-05,-0.0001377257,0.00017478196,-9.675015e-05,0.000103222694,7.343141e-05,8.5188905e-05,8.823874e-05,1.3507268e-05,-8.579618e-05,3.7902384e-05,-3.735843e-05,-6.245663e-05,5.578307e-05,0.00011483947,0.00020568103,0.00010037223,9.765088e-05,3.259842e-05,9.285816e-05,7.2224946e-05,0.00017982579,2.2758932e-05,0.00017187672,3.4507444e-05,1.7644532e-05,-8.338993e-05,0.00011823038,-0.0001886042,3.317822e-05,-0.00023724962,0.00018869687,0.00012368191,5.2919968e-05,-6.89875e-05,3.8137285e-05,9.32596e-06,9.796365e-05,2.54466e-05,0.00012709592,-0.000104566614,-0.0001136878,0.00015616565,-8.1704246e-05,5.0161238e-05,-0.0001586614,5.108805e-05,6.471872e-05,3.0785344e-05,0.00013383896
T114_EGFP,0.00010270342,2.6244477e-05,8.8745226e-05,-0.00018917724,0.0003209392,0.00013495388,0.00011445725,5.726373e-05,-1.1655966e-05,-0.00014992035,7.862294e-05,9.573397e-05,-1.8166744e-05,-5.0260976e-05,-0.000155544,-4.338569e-06,5.755043e-05,1.2713053e-05,0.00013705266,0.00013600285,0.000107846594,-1.6061496e-05,8.133564e-06,6.822947e-05,-0.00022464465,7.376019e-05,-7.869131e-05,0.00013245655,-1.3435568e-05,-7.83627e-05,6.800493e-05,-0.00013135797,0.00020637849,-0.00016418898,7.459422e-05,-3.5232897e-05,0.00012412484,0.0001410246,5.1231502e-05,-1.6286936e-05,0.0001657976,9.3790404e-05,-0.00014351717,0.00015871708,-5.9445418e-05,-9.018523e-05,9.505451e-05,-3.7492842e-05,0.00034098086,0.00012226857
T585_EGFP,1.2699351e-05,7.619546e-05,1.101727e-05,0.00022437135,2.8316077e-05,4.7753706e-06,-0.00023914834,-2.0066414e-06,3.5266727e-05,0.00012837841,3.281227e-05,-1.2073409e-06,4.1952393e-05,-4.400409e-06,-6.8060726e-05,0.00016284619,-4.4234115e-05,-1.1746907e-05,0.00010587044,1.9180654e-05,-2.7088696e-05,-2.318179e-05,-9.325368e-05,9.069424e-06,-4.5681238e-05,0.00016513158,-0.00010408617,-0.00010692626,2.092149e-05,-3.7506627e-05,0.00029922384,2.4047695e-05,2.3809816e-06,-3.1161515e-05,4.376729e-05,3.7322918e-06,2.5556683e-05,-7.674831e-06,0.00019065691,1.9671343e-06,-0.00010975079,0.00012079972,-0.00025335606,0.0001193683,-2.835812e-05,0.00020901987,4.3595017e-05,-0.00014994794,0.0003360758,-8.855883e-05
T588_EGFP,-1.7096004e-06,-5.970772e-05,5.0724582e-05,-1.981839e-05,0.00019249447,9.346627e-05,0.00013376943,-4.6148292e-05,6.453008e-07,-8.373785e-05,3.0033285e-05,0.00014369591,6.192782e-06,0.0001037368,8.0759106e-05,-6.3875073e-06,9.887894e-05,9.0432346e-05,2.6306798e-05,5.1177944e-05,7.0949915e-05,-5.832523e-06,-6.601216e-05,3.2868786e-05,5.4860608e-05,0.00017262143,-6.283336e-06,-1.3950968e-05,-0.00016389585,-6.9797294e-05,5.075568e-05,-0.00018256684,0.00012447491,0.00014617741,6.593301e-05,-0.00011652079,9.3431794e-05,-9.6124386e-05,-5.3370553e-07,0.00024547445,0.00010021517,-5.5282864e-05,0.00016542381,-3.4878678e-05,-0.00010957191,-9.2796916e-05,-0.00031469797,-6.9713264e-05,5.758619e-05,8.4726715e-05
T297_EGFP,0.00010703026,0.00030954325,9.37571e-05,0.00013835182,-6.205935e-07,0.00013894877,8.7558365e-05,8.0130085e-05,5.1459836e-05,-5.6834957e-05,0.00021049276,0.00026172414,-3.4097848e-05,-1.8686216e-05,-6.0239643e-05,0.00019935482,8.345853e-05,-7.588516e-05,6.110336e-05,0.00012237091,-1.0582877e-05,3.826428e-05,1.9310144e-05,5.856911e-06,8.1523125e-05,4.9503436e-05,0.00020911102,-0.00022685091,-1.8210041e-05,-0.0001195097,4.0200794e-05,-6.821535e-05,1.5134728e-05,7.919149e-06,0.00012261145,-7.341853e-05,1.7583567e-05,0.000107962456,6.456862e-05,-5.6203924e-05,5.6126777e-05,-9.756045e-05,3.155352e-05,-3.4624252e-05,4.686063e-05,0.00023256644,-6.7071145e-05,1.2685353e-05,2.7506157e-06,0.00016666799
T207_EGFP,-7.326901e-05,7.721266e-05,-9.120493e-05,8.108901e-05,4.961985e-06,0.00040096778,0.0001537068,-4.9902326e-05,0.000100425794,0.00016986567,3.7579353e-05,-2.241638e-05,2.9152268e-06,3.1822066e-05,5.9983406e-05,2.148344e-05,3.051928e-05,5.2734363e-06,0.00011403552,0.00020666016,5.0951367e-05,0.00011535006,-0.00011829516,0.00012046286,-8.962886e-06,-7.352935e-05,6.488404e-05,-1.3907786e-05,-9.1773676e-05,8.742891e-05,7.904641e-05,0.00033355635,2.7422911e-05,5.4572545e-05,-3.834905e-05,0.0001130057,9.111217e-05,1.8805233e-05,5.7046855e-05,4.908953e-05,5.9223188e-05,0.00015571804,0.0001990984,8.697888e-05,-0.0001384863,-5.1737006e-05,2.2072361e-05,-7.174678e-05,0.00015693864,9.004066e-05
T55_EGFP,-9.233042e-05,-4.653292e-05,8.1507606e-05,0.00016009121,-4.870773e-05,9.276375e-05,7.9171026e-05,3.9549275e-05,-0.0001512991,-8.499143e-05,1.6719106e-05,4.6242232e-05,0.00015754251,2.6403175e-06,-4.7539157e-05,7.330893e-05,0.00020867646,0.00015458402,8.66742e-05,-6.884163e-05,-0.00018126954,3.5452696e-05,0.00010382495,4.843243e-05,-5.251416e-05,-0.00014107184,5.14372e-05,0.00011609571,8.771416e-05,-0.00012145422,-0.00018671842,0.00016166575,-1.7327362e-05,7.083513e-05,-3.5217567e-05,8.4893705e-05,-3.075224e-05,3.908784e-05,4.2469095e-05,0.000100863566,0.00010942429,-3.165696e-05,5.353007e-05,-0.00010505874,0.00012382805,0.00012047691,1.1874507e-05,7.229442e-05,9.247616e-05,-6.832198e-05
T82_EGFP,-6.277668e-05,-3.5817106e-05,-2.5235966e-05,2.8204873e-05,-4.4267712e-05,-3.660814e-05,-4.4653385e-05,3.092792e-05,0.00010675234,-5.3032036e-05,0.00023575661,0.0002821646,3.6302165e-05,-6.068692e-05,1.0159638e-05,-3.2632015e-06,-7.102774e-05,0.00020539612,5.5817778e-05,-9.122915e-05,-5.2964177e-05,8.9622976e-05,9.111642e-05,-7.5587035e-05,-1.536644e-05,-4.821613e-05,9.471851e-06,9.216407e-05,0.00016006497,9.639029e-05,-1.2939092e-06,0.00018897383,0.00013025197,-4.1051906e-05,-1.7545666e-05,9.263579e-05,-0.00018125273,0.00018894376,2.4532954e-05,0.000109847395,7.0119524e-05,0.00014190607,-0.0001333603,6.479665e-05,0.00014597231,5.9345846e-05,-0.00017805725,-3.160433e-05,6.4931395e-05,0.00011550298
T98_EGFP,3.8631835e-05,-0.00010461675,-2.4018123e-05,0.000116955576,0.0001621176,0.00019574344,-1.372856e-05,-2.4288911e-05,0.00013796803,0.00025159557,-6.177296e-05,0.00011535342,5.109545e-05,-1.6672077e-05,-6.544028e-05,0.0002094174,0.0001586746,4.7405276e-05,8.106936e-05,-3.1791136e-05,0.00015501032,7.273833e-05,3.884269e-05,9.8694705e-05,5.6526722e-05,2.3133352e-06,5.1906303e-05,-8.277954e-05,1.5959562e-05,-7.176237e-06,-6.67808e-05,0.00010203617,0.00023543427,-9.395828e-05,-3.8254504e-05,9.570155e-05,-6.605755e-05,-0.00039551486,0.0002536767,-0.00013108144,-9.266052e-05,9.199739e-05,7.310884e-05,7.9542304e-05,0.00020443079,0.00012295033,-5.89899e-05,-4.0432573e-05,4.5805905e-06,-7.771734e-07
T163_EGFP,0.00026843275,1.6829348e-05,7.174093e-05,2.7360706e-05,-0.00014299144,8.961719e-05,6.5909146e-05,-7.516626e-05,-2.0556601e-05,6.728146e-05,-2.3836323e-05,0.00017086549,0.00011634606,0.00013418967,7.9968464e-05,3.8129685e-05,-4.6352554e-05,0.000103650076,5.603392e-05,4.0282688e-05,6.961053e-05,-5.427873e-05,-1.9728568e-05,-7.362583e-05,0.00013576917,0.00017132287,-0.00022945624,0.00010535046,-5.2097377e-05,-1.6374113e-05,-9.841873e-05,4.508748e-05,0.00012526811,0.00010713044,6.3268184e-05,9.565297e-05,4.128711e-05,0.0001027097,-8.640503e-05,0.0002076198,4.7989306e-05,0.00021436722,-4.9919097e-05,0.00016746308,-0.00012446169,-0.000121734876,0.00015065333,1.3586576e-05,4.705733e-05,4.9008835e-05
T412_EGFP,0.00017906638,0.00016561752,7.4216216e-05,-2.4418794e-05,-5.4240263e-05,-7.601177e-05,0.0001451076,0.00012210975,3.7219543e-06,-8.5372376e-05,0.00016671073,-7.837e-05,6.1551786e-05,3.1225496e-05,-3.426239e-05,2.2675473e-05,8.257483e-05,9.8396195e-05,3.0905612e-05,0.00011527902,-7.669185e-05,4.8367358e-05,0.00012876565,0.00017808675,6.508465e-05,0.00010241418,-0.00012364429,8.871348e-05,8.247927e-05,6.623914e-05,0.00011297178,7.142914e-05,-3.8710044e-05,2.8830327e-05,0.00010348118,-9.8363365e-05,-2.4651028e-05,0.000117281714,0.00031770318,9.480545e-05,-9.413358e-05,3.111234e-05,0.00014048627,0.00012491534,0.00016223373,0.00014437916,-0.00023092178,9.0346447e-07,-0.00011028971,-5.6135195e-05
T468_EGFP,-5.261915e-05,8.9636196e-05,8.276228e-05,0.0002590229,0.000112307265,-8.437153e-05,0.00015868415,-7.7211625e-05,0.00010026552,3.803598e-05,-1.830356e-05,4.0510044e-05,1.7486946e-05,0.00013021939,0.00019354396,6.8094814e-05,-6.5866625e-06,-1.5824824e-05,6.241605e-05,1.6437252e-05,-4.7326575e-05,0.000223481,3.4478584e-05,6.1409504e-05,0.00019557809,-0.00011079378,2.3316017e-05,2.5028898e-05,-8.475142e-05,-8.04589e-05,0.00030619156,5.209982e-05,0.0002036143,6.546483e-05,-7.400945e-05,8.683583e-05,8.597787e-05,1.506745e-06,7.3922754e-05,8.6597116e-05,4.9073773e-05,7.648182e-05,-5.0159138e-06,0.00015211046,2.8671684e-05,4.620043e-05,-0.000106130494,0.00015532468,0.00011419846,0.0001468093
T306_EGFP,0.00033860817,7.702267e-05,0.00018699483,6.314397e-05,9.549187e-05,0.0002569145,-5.1031053e-05,4.409247e-05,-0.00013417997,-8.732803e-05,0.0001827123,4.0556584e-05,-0.000113492286,-7.355271e-05,-4.0759365e-05,0.00011167216,-9.915282e-05,-0.00011865782,7.332945e-05,0.000105113184,0.00012405954,2.6573749e-05,0.00015455698,7.122585e-05,3.149573e-05,-5.2784006e-05,0.000121337085,-0.0002078106,-7.014824e-05,0.0001287177,-7.491314e-05,9.479955e-05,3.1932246e-05,-4.6464424e-06,9.609406e-05,0.0001636431,5.603449e-05,-5.8194768e-05,1.3197109e-05,3.4838144e-05,0.00023090803,1.29406835e-05,0.00021191349,0.00019662865,3.0956086e-05,8.940541e-05,-9.5093375e-05,-6.442408e-05,-3.4162407e-05,-0.00012803901
T459_EGFP,7.957107e-05,4.6167857e-05,8.6852386e-05,1.14996965e-05,0.00019262107,0.00010895369,0.00010075028,-3.950011e-05,2.5088815e-05,-7.9267316e-05,2.1423844e-05,0.0001447023,-1.3937191e-05,-6.609551e-05,6.5909015e-05,-6.6527115e-05,2.1362255e-05,9.6351694e-05,1.3913338e-05,0.00018145506,8.666186e-05,7.064404e-05,2.9530773e-05,-1.2404699e-05,0.0001292069,-3.463781e-05,1.2852338e-05,-5.090615e-05,-8.71307e-05,-5.798094e-05,6.539697e-05,6.599659e-05,-7.205685e-05,9.584362e-05,-0.00023526595,-6.147063e-05,-0.000106825624,-0.00020566292,-1.9394089e-05,-2.5995269e-05,0.00010200476,0.00017915649,0.00015810414,8.653365e-06,-5.295284e-05,3.6035774e-05,-0.00015101062,8.803819e-07,-0.00015531607,7.2723786e-05
T447_EGFP,-6.497732e-05,1.7747298e-05,0.00013475372,0.000120735254,-6.386305e-05,0.0001194175,0.00010398647,0.00017481008,1.9580344e-05,0.00010563171,0.00015825119,7.224245e-05,-3.667195e-05,-3.3632172e-05,-7.667006e-05,0.00013635964,6.178916e-05,0.00014395567,-2.3586605e-05,-1.3855177e-05,-5.5636687e-05,-9.382104e-05,4.259653e-05,0.00016725484,7.007621e-05,-0.00014040797,0.00011298882,3.0736373e-05,-5.7873902e-05,-1.7049737e-06,1.80177e-05,0.00012361383,5.3049334e-05,0.00014035666,4.9614508e-05,4.8648933e-05,0.00018112846,-4.205182e-05,-0.00013451687,0.00013260638,0.00016071873,0.00014937611,-5.042623e-05,-0.00010542022,0.00017605198,6.429886e-05,-1.1000095e-05,8.666227e-05,-0.000115010174,0.00011728646
T662_EGFP,0.00020617645,-0.00013488201,2.9031251e-05,5.6070112e-05,7.442658e-05,0.000151871,0.00028910305,6.018672e-05,0.00013508943,9.0813715e-05,-4.0185972e-07,-2.8999157e-05,-7.58778e-05,-0.00021353818,0.00012139008,4.3948312e-05,-0.00010626026,4.606605e-05,-2.760594e-05,0.00016417976,-2.5844838e-05,6.962397e-05,-0.00010881016,0.00011029229,0.000116570714,7.380556e-05,-6.8584473e-06,7.53171e-05,-0.00018438871,9.1377595e-05,2.851223e-05,2.3497203e-05,-5.751887e-06,0.00010753996,-5.571267e-06,0.00012820266,5.2823114e-05,-6.4100765e-05,8.093357e-05,0.00011360567,0.000120285615,-7.907363e-05,6.640057e-05,-2.940604e-05,-4.570676e-05,8.6813125e-05,-1.3775236e-06,0.00010211114,2.5604475e-05,9.965898e-05
T625_EGFP,-0.00012704675,6.727533e-05,0.00013414011,3.8965944e-05,-3.4167726e-05,-1.750947e-05,-0.0001509533,6.0383743e-05,0.00013464698,-6.0567905e-05,-0.000111950096,0.00012501238,-6.458327e-05,0.000113152404,9.177358e-07,0.00010672461,-6.712649e-05,2.1057742e-05,0.0002555464,1.8622162e-05,3.9643775e-05,-0.00011949556,0.00013582972,0.00018666123,5.794723e-05,-0.00016232402,1.6116615e-05,0.00015145996,-8.726658e-05,5.009654e-05,-5.2810243e-05,7.87086e-06,0.00017466843,0.00011636294,7.693663e-05,1.0402773e-05,0.00026863167,5.4931563e-05,0.00012841594,2.6053109e-05,0.00028124588,-3.8613957e-06,6.213035e-05,-1.38389405e-05,3.4123443e-06,-2.5161222e-05,0.000115995186,1.969086e-05,-0.00016319603,-6.255553e-05
