HIV1469_AF324493_5,0.00021730852,-2.4577126e-05,3.64169e-05,0.00010782722,8.8709705e-05,6.822849e-05,6.941961e-05,-6.8930865e-05,-5.73066e-05,-3.1142816e-05,0.00010731665,-1.4992681e-06,0.00019282069,0.00010549274,2.121753e-05,3.8391714e-05,6.5227425e-05,-3.5990048e-05,0.00017554805,8.573058e-05,6.444122e-05,3.874581e-05,6.239323e-05,-4.613504e-05,5.336088e-05,-7.695407e-05,6.59682e-05,-0.00014899338,2.9900832e-05,0.00028885965,1.1476055e-05,-1.8939679e-07,-2.6642304e-06,1.501286e-06,0.00015449834,-0.000120636054,-3.8133665e-05,-0.00015273137,9.1450245e-05,0.00026709883,0.0001895726,-8.226161e-05,0.0002313286,0.00019372134,0.00015713637,2.3106146e-05,-8.084441e-05,0.00030848707,4.0192626e-05,-0.00020318814
HIV1008_AF324493_1,0.000158543,-0.000109992725,6.556218e-05,3.5966943e-05,-4.746754e-05,3.083803e-05,-2.537043e-05,6.864864e-05,2.6843363e-05,0.00020775439,-4.7206016e-05,-9.2004135e-05,-0.0001520658,-5.806643e-05,4.3224714e-05,-2.004751e-05,0.00031159722,3.377929e-05,0.0001272462,-1.1144797e-05,-0.00019134284,-2.5909572e-05,0.00015100822,-0.00010260166,8.4028296e-05,6.656116e-05,-4.3840948e-05,-0.00013917535,5.892451e-05,-8.065387e-05,-4.0904335e-05,0.00015843206,6.803e-05,8.3400846e-05,0.00013133748,0.00022553687,-1.8181734e-06,-0.00010878652,0.00015423635,6.896674e-05,6.326348e-05,-7.209812e-05,6.479351e-05,8.0877835e-05,-1.1166541e-05,-2.5800246e-05,0.00019681374,3.320418e-05,7.204997e-05,0.00023025073
HIV1652_AF324493_5,3.0455645e-05,7.977569e-05,0.00019586747,0.00024382006,-1.7778973e-05,0.00016435275,3.0931038e-05,0.00018997943,0.00014739162,0.00012924513,7.798289e-05,-3.2007083e-05,-0.00016493397,-0.00020707549,0.0001597308,-0.000112030575,0.000110292,5.8020145e-05,-0.00015209714,2.7657014e-05,0.00018486414,0.000108560336,2.4934734e-05,0.00013583012,9.612435e-06,-6.262385e-05,3.582395e-05,-0.00013949911,-1.7552871e-05,-0.000121495694,6.4476008e-06,-0.000115477626,0.00015392769,-2.9502156e-05,6.682748e-05,-6.395864e-05,0.00015609268,-2.52809e-05,-6.200308e-05,-1.7054155e-05,7.767784e-06,4.5112978e-05,-1.0093283e-05,7.763967e-05,-2.4275175e-06,2.6756181e-06,1.6175862e-05,7.263799e-06,0.00013560001,6.885107e-05
HIV1492_AF324493_7,-4.0743457e-06,-4.2866428e-05,0.00015794019,-6.1380524e-05,-9.241665e-06,-2.3129223e-05,-0.00011990681,0.00013083247,0.00011176831,-7.778054e-05,9.874141e-05,0.00017495209,6.2175524e-05,-2.5767631e-05,-8.906771e-05,8.6188e-05,0.00017765099,0.0001285424,3.449932e-05,0.00011037159,0.0001254673,8.985412e-06,-0.00023022454,6.802758e-05,0.00018981233,-1.450886e-06,0.000114765935,8.427231e-05,3.265096e-05,-4.2726366e-05,-0.00010182981,-3.660574e-05,0.00014715192,-5.076117e-05,-7.829414e-05,0.00022287156,0.00014511457,2.7182556e-05,1.8714416e-05,0.00014935923,-0.00021853592,3.5370947e-05,-0.00015410279,0.00015653946,-0.00013615076,-7.689159e-05,0.0002701627,0.00016433361,0.00019075858,5.3684853e-05
HIV1320_AB023804_3,-8.122387e-05,-0.00017305653,3.6135418e-05,0.00011146947,2.5432362e-05,0.00016654331,-0.00015123026,0.00024675942,6.628387e-05,0.00014327126,2.3567596e-05,-1.5596834e-05,-0.000114956914,1.733667e-05,-5.767688e-05,-8.886179e-05,8.288006e-06,3.772283e-05,4.681638e-05,6.376186e-05,1.596162e-05,-1.6503669e-05,0.00016965705,9.151136e-06,-6.379189e-05,0.00027814702,7.232905e-05,-4.1257767e-06,-8.0141755e-05,0.000116563715,0.00014990228,0.00023848089,0.0001450331,-0.00016468784,0.0002855267,-0.00014075621,-1.8077606e-05,9.925473e-05,0.00017937232,9.671673e-05,-0.00014427272,4.3227974e-05,-8.8031346e-05,-9.11207e-05,9.115369e-05,-8.668482e-08,7.812526e-05,0.00024954593,3.2593292e-05,7.8229015e-05
HIV1613_AF324493_1,3.456437e-05,0.00016750615,2.4826702e-05,8.736913e-05,-0.00017499024,8.223673e-05,4.1910604e-05,-0.00011619521,0.00027597218,-0.00011191709,2.9067085e-05,0.0001020423,7.487438e-05,7.08558e-05,-5.5198296e-05,4.8360427e-05,-5.7018075e-05,1.2700002e-05,8.342532e-05,0.0001342012,0.00011238362,2.341214e-05,-3.9202692e-05,6.797729e-05,6.542634e-06,-4.5303368e-05,2.030343e-05,-8.0814134e-05,0.00013192257,-0.0001804223,-1.8434148e-05,-9.286158e-05,0.00011084132,5.8381105e-05,-7.384704e-05,-3.489607e-05,0.0001929225,0.00012100272,0.0002198072,4.6387926e-05,-3.5134544e-05,7.970938e-05,1.8769995e-05,0.00027459374,-4.416363e-06,7.392845e-05,-5.973798e-05,5.6098586e-05,7.8337114e-05,-7.943762e-05
HIV1006_AF324493_6,1.067096e-05,1.6905618e-05,3.318127e-05,2.7090051e-05,1.6139295e-05,-5.09725e-06,3.3863136e-05,1.76649e-05,0.0003084,1.759803e-05,6.933203e-06,2.1459766e-05,0.00017828812,5.521143e-06,0.00022085007,0.00014766851,0.00020045743,-5.75871e-05,0.00013539361,5.9484515e-05,0.00015989058,0.00010127036,0.0001780156,-2.0582178e-05,-7.629237e-05,-6.98455e-06,0.00013549019,0.0001544817,6.159446e-05,-0.00013173347,5.96293e-06,6.1704704e-06,9.313153e-05,0.00010584468,3.4789464e-05,0.00011778131,0.00024831967,2.9055785e-05,2.445493e-05,1.5079909e-05,0.00016032379,2.1901922e-05,0.00017801681,4.9713486e-05,0.0001371531,-0.000111521214,-6.479707e-05,-4.090309e-05,-3.7130463e-05,-0.00013692603
HIV1475_AF324493_6,-3.4633405e-05,-0.00015667589,-6.667872e-05,0.00022112454,0.00010385581,0.00017002987,-1.1779116e-05,0.00015192015,-5.684148e-05,-6.446193e-05,-0.00016168074,0.00018679946,-0.00016827673,0.00010141234,6.975684e-05,-1.5966976e-05,-7.544452e-06,0.00024683884,4.562898e-06,5.288556e-05,-1.2217892e-05,-4.226935e-05,0.00013591163,6.583034e-05,1.1972382e-05,5.020835e-06,0.00014758,2.6753587e-05,4.747395e-05,-7.359909e-05,-3.2393356e-05,9.221355e-05,-2.6315593e-05,4.4989898e-05,-5.3745276e-05,-8.709413e-06,-3.2197702e-05,-0.00017524192,7.263903e-05,0.000113734706,-4.0835414e-05,0.00012935603,-0.00010064144,-8.0950085e-05,0.00014320132,3.9414695e-06,-0.0001314474,0.000110668436,0.0002692697,2.6122003e-05
HIV1609_AF324493_6,8.1717095e-05,-0.00019634642,6.938915e-05,-5.8573867e-05,-5.7725123e-05,2.8995071e-05,8.230316e-05,0.00019290774,0.00022064749,-9.941425e-05,2.4303685e-05,-3.9156985e-05,5.4674856e-05,-3.0315414e-05,4.0551844e-05,0.00010277214,-4.367267e-05,-6.2006416e-07,-4.4262324e-05,0.00026291027,7.944777e-05,-8.417507e-05,-0.00018085004,0.00013490359,-3.4231296e-05,0.000107926455,0.0001694411,0.00024819456,-2.184483e-05,0.0001445866,-8.275431e-06,-7.227582e-05,0.000104352875,-0.00012129514,0.00013823915,0.00019358103,0.00012148894,4.087478e-05,0.00027048215,-1.9734733e-05,-1.7174225e-05,7.4682415e-05,9.651749e-05,-1.9211027e-05,6.725477e-05,-0.00014977899,-4.0575742e-05,-9.790115e-05,0.00014953317,6.929095e-05
HIV1238_AF324493_1,0.000107141575,0.00015904503,-7.980276e-05,2.332169e-05,1.1451399e-05,7.964439e-05,-0.00011920012,-1.3493881e-05,0.00013596115,0.00015399029,0.00010690249,4.3466374e-05,1.7026816e-05,4.05303e-05,3.5820452e-05,-2.291173e-05,-0.00012450345,0.00013157558,-0.00010949771,-0.00015142461,3.54574e-05,-0.00011301265,3.689879e-05,0.00027572588,1.4986649e-05,7.1708404e-05,-3.0522355e-05,-3.614407e-05,4.7519134e-05,0.000110912806,1.6488464e-05,1.7132923e-05,3.4938963e-05,5.3939984e-06,-9.172338e-05,0.0002058619,-0.0001392535,7.493397e-05,-1.6270216e-05,-8.263497e-05,0.00015662692,2.714619e-05,-0.00012080285,9.0591166e-05,-8.1051505e-05,-0.00016906984,0.00011395757,-9.581747e-05,-0.00013780204,-0.00013684602
HIV1643_AF324493_4,-0.00014731512,-0.000101390615,-4.0055293e-05,-6.542922e-05,1.4913513e-05,3.382724e-05,-0.000116459094,-2.0254463e-05,0.00011449156,0.00011452706,-1.7678208e-06,-0.00012043318,6.946557e-05,-8.243987e-06,-0.000108991844,9.9700505e-05,0.0002736747,1.226668e-05,0.00016586976,6.325328e-05,0.00011627006,0.00010872074,7.884543e-05,4.695186e-06,9.994198e-05,-4.875215e-05,-1.6747204e-06,-0.000106007144,0.0001687897,3.086668e-05,0.00012020815,-6.7335886e-06,-2.1369144e-06,-3.940311e-05,5.5851524e-05,5.2765397e-05,4.427338e-05,-7.365912e-05,0.0002515091,6.719876e-05,1.8050965e-05,0.0001628737,-7.551376e-05,-0.00011449515,-8.1257545e-05,1.3581092e-05,-0.00015649726,9.9254874e-05,0.0001407782,4.1850708e-05
HIV1419_K02013_4,-5.1136485e-05,4.2624208e-05,5.7190075e-05,-0.00014294412,5.229481e-05,-5.9790596e-06,-7.84717e-05,6.620389e-05,0.00011407556,9.4520976e-05,0.000110255365,0.00014769506,-5.1958315e-05,-0.00015658836,0.00013397123,-3.4724842e-05,4.7953552e-05,4.2528063e-05,-9.718419e-05,0.00013412643,-0.00013518782,-2.9645723e-06,-0.00014208835,2.9621477e-05,-7.483618e-06,7.918403e-05,-3.286504e-05,2.3444649e-05,-0.00021936219,0.00019613779,6.521544e-05,0.00012274834,-1.5699386e-05,-8.7094795e-06,-8.863232e-05,0.000106776635,-7.47284e-05,7.4628547e-06,0.00025424315,0.00022031191,0.00012123234,-8.446673e-05,7.3665535e-05,8.990694e-05,-9.131272e-05,0.00020378591,-2.3435166e-05,0.00018512005,-0.00012413278,0.000115048155
HIV1169_K02013_3,-1.7336622e-06,-7.830054e-06,-3.23126e-05,5.303974e-05,-8.610701e-05,-0.00017574111,3.2600474e-05,0.00013853707,-7.172823e-05,-4.909098e-05,7.183186e-05,-3.6324807e-05,0.00011749732,-6.513081e-05,-7.0200025e-05,0.00010395113,0.000108214874,-1.4012248e-05,-6.1958235e-05,-1.7259156e-06,1.3576547e-05,3.673717e-05,5.4709308e-05,8.056967e-05,6.0051134e-05,0.00018283518,0.00027708962,-1.5417489e-05,-1.5628675e-05,-4.3959913e-05,0.000115117546,-0.00018406613,0.00010323635,-0.0002183959,-1.5895184e-05,6.878667e-05,-0.00012717771,-9.543736e-05,7.347007e-06,2.9581584e-05,0.00011252953,-3.5816018e-05,-5.562867e-05,0.00011895346,8.5398766e-05,-2.6545604e-05,0.00011974577,0.00010154843,-9.4973424e-05,5.6199442e-05
HIV1150_K02013_3,3.4723234e-05,-7.747505e-05,-3.2470464e-06,-4.3592223e-05,2.1563635e-06,7.054359e-05,-8.71898e-05,-1.960521e-05,-0.00011354252,-1.364719e-05,-0.000104680235,0.00014769948,0.000108291686,0.00016589409,5.6131972e-05,-3.2343665e-05,-8.246795e-06,-0.00011194831,0.000112366884,2.6653806e-05,0.00012644434,-6.4572196e-05,0.00012548175,7.578339e-05,-0.00014992717,7.87732e-05,8.991124e-05,7.864337e-05,9.853368e-05,-2.5013318e-05,0.00024639617,0.00012480098,1.1090773e-05,2.0339187e-06,8.266627e-06,-0.00017093755,2.153333e-05,0.00022281257,3.353122e-05,1.2976583e-05,0.00014821488,-5.012656e-05,9.4768795e-05,-0.00010254347,0.000118520395,-1.1932663e-05,-4.268899e-06,0.00016175638,-0.00017228985,8.502364e-05
HIV1624_K02013_1,3.0332125e-05,4.7714493e-05,8.279445e-05,-0.000107290056,-0.00025484595,-6.253735e-05,-4.092703e-05,-5.707452e-05,7.537792e-05,-6.285516e-05,2.8180884e-05,7.4694864e-05,-9.785372e-06,0.00014294247,-7.865516e-05,4.111005e-05,2.7534226e-05,0.00019053495,3.6961068e-05,-1.3234453e-05,9.612769e-05,0.00011446289,-3.9924475e-05,0.00017666718,0.00018892006,-9.8007695e-06,-3.2081658e-05,0.00010384936,-2.976293e-05,8.075055e-05,0.00014241674,0.00020901555,6.015462e-05,5.548454e-05,4.7581994e-05,-2.3148015e-05,-0.00020841055,-0.00022070482,0.00014946325,-7.6161814e-06,-1.6039285e-05,-0.00020937099,-9.53184e-05,0.00017399636,-3.03257e-05,0.00011773904,0.00017778501,-1.0019777e-05,-8.708882e-05,7.910216e-05
HIV1328_AB023804_3,-7.546688e-05,5.6564917e-05,-1.0496988e-05,-0.00011420183,0.00018093696,0.00011389875,-6.487625e-05,-4.7674646e-05,1.7035749e-06,0.00013780022,-5.6521927e-05,0.00010889777,-1.4381009e-05,3.1365376e-05,0.00024245855,8.8034074e-05,-0.0001579802,-6.0481518e-05,0.00026875333,-3.4347053e-05,9.550346e-05,0.00013795019,0.000104998355,9.671434e-05,-6.535169e-05,-5.6682697e-05,-2.1133064e-05,1.3889924e-05,0.00011159077,4.1359373e-05,0.0003568219,1.926117e-05,-5.1966246e-05,0.00013172475,0.00015718055,-5.6317323e-05,8.456452e-05,-7.7275894e-05,0.00016732483,-4.3858883e-05,-4.0314924e-05,0.00013210165,0.00013443058,3.219416e-05,-9.2364064e-07,7.048888e-05,-1.8412618e-05,-0.00011603448,-0.000117284384,4.914149e-05
HIV1446_AF324493_3,-3.3338983e-05,0.00019354746,-6.036008e-05,3.5789533e-05,0.00015929021,0.00023550309,0.00018005185,-7.884691e-05,0.00013264922,9.118857e-05,0.00014446308,8.595236e-05,-6.7899387e-06,2.3478298e-05,-3.8909e-05,8.469147e-05,8.026851e-05,8.636036e-05,7.241143e-05,0.00013579648,-2.7262686e-05,4.3161574e-05,-7.4339376e-05,-0.00012065772,4.3198404e-05,-1.4997937e-05,2.7757476e-05,-4.347859e-05,-0.00011459159,-4.3616674e-05,-2.5988034e-05,6.903473e-05,3.398388e-05,-8.344524e-05,7.262103e-05,6.5598026e-05,-8.34776e-05,6.692849e-05,8.219435e-05,0.00019399809,1.1620638e-05,0.00022458364,3.1593427e-05,8.8011606e-05,1.7679498e-06,-7.093548e-05,0.00015408431,-1.5147256e-05,0.00012333905,6.3798725e-05
HIV1232_AF324493_1,0.00012933549,2.9127528e-05,-0.00013255865,-0.00019849977,-4.7293568e-05,-4.168689e-05,7.976846e-05,0.00023396523,0.00011834972,-1.0722596e-06,-0.00015022983,-0.00012898685,5.604842e-05,2.0638845e-05,4.7656365e-05,-2.0993375e-05,0.00010668271,9.343446e-05,6.0926104e-05,-0.00013687297,4.990924e-05,-1.4363223e-05,-9.833289e-05,0.00011659045,1.361543e-05,4.772631e-07,-2.526962e-05,5.0184884e-05,-0.000112379385,-5.5653432e-05,9.9890014e-05,-1.2356929e-05,0.00011400202,-5.3095882e-06,-8.923546e-08,3.7908623e-05,-2.169878e-05,-1.1954008e-05,-5.9286587e-05,0.00010378815,-1.0692111e-05,5.7975914e-05,0.00016334806,5.3564886e-06,0.00027786836,-8.00314e-05,5.3637716e-05,0.000102103026,-4.3173815e-05,0.00019150165
HIV1261_AF324493_5,0.00014418054,-0.00010010131,-3.8761214e-06,0.00018618672,0.00019292215,-0.00016631265,3.9182494e-05,-8.1780294e-05,4.5609745e-06,0.00015191302,9.4051415e-05,0.00010861316,-0.000113096605,2.3319975e-05,6.0023216e-05,5.2211948e-05,-5.9219696e-05,3.8191072e-05,0.00013805815,8.285821e-07,6.0687595e-05,-1.5796464e-05,0.00017995537,-0.0001875751,-2.900563e-05,0.0001454805,-5.311193e-05,-3.3188382e-05,4.9629645e-05,-0.00011582505,-0.00011302406,0.00017355393,5.6334095e-05,0.00019505863,8.044187e-05,-0.00029544786,-0.00024631812,-0.00010322908,0.00013858691,9.53367e-05,9.375611e-05,-0.00017980402,0.00023574078,-3.2472504e-05,-1.5914982e-05,-6.753685e-05,0.00011525548,6.6765744e-05,7.593022e-05,-8.015095e-05
HIV1254_AF324493_4,7.5113e-05,-9.797544e-05,9.847525e-05,5.189373e-05,-6.202983e-05,-8.4836625e-05,0.00038462324,7.2577284e-05,0.000118590266,2.6575324e-05,7.890649e-05,9.620456e-05,0.00016567373,-0.00016250582,-3.7596063e-05,0.00022117405,1.2103839e-05,6.957658e-05,-3.905812e-05,0.00013063644,0.00012289186,0.00017683332,0.00019602203,2.339925e-05,0.000115948846,8.748261e-05,6.287706e-05,5.8613645e-05,-2.5458745e-05,0.00010664173,-4.903742e-05,0.00012872119,-8.193896e-05,6.314248e-05,-4.917452e-05,5.9548503e-05,-6.3789287e-07,8.499037e-05,-1.8141132e-05,-0.000106070205,1.6323393e-05,9.946845e-05,2.5393285e-05,3.6279722e-05,0.0001350245,4.4648586e-05,-2.3114624e-05,0.00015088258,8.451183e-05,-1.4336633e-05
HIV1141_K02013_3,-0.00014194104,-4.849569e-05,5.4459375e-05,5.6985733e-05,7.706899e-05,8.983655e-06,0.000119980476,6.478252e-05,7.962719e-05,1.2843163e-06,3.2440148e-05,-9.7902055e-05,-4.866416e-06,0.00015373658,5.7290317e-06,4.7589576e-05,4.8926e-05,-5.5002198e-05,6.0480153e-05,0.00014000374,7.257503e-05,-4.561477e-05,1.6031798e-05,4.1631374e-05,-4.438208e-05,-7.238665e-05,0.00016958737,8.641058e-05,0.00020461589,-0.000115156356,0.00015153125,0.00012850612,0.00014472792,-6.7584115e-05,6.151029e-05,-4.4782922e-05,7.945425e-06,-1.0690284e-05,-5.145489e-05,9.194601e-05,5.236291e-05,0.00022815977,-0.00022625283,-6.769629e-05,4.5616194e-05,7.663282e-05,-8.926129e-05,-2.5358733e-05,4.1765434e-05,-8.3539904e-05
HIV1382_AF324493_1,-8.168005e-05,-4.3872024e-05,-9.7174205e-05,-0.00015381229,-9.41195e-05,-0.0001598955,-6.107258e-05,6.3086016e-05,-0.00010646624,-0.00014282684,-3.8194376e-05,5.8087848e-05,7.921265e-05,8.114577e-05,7.203518e-05,0.00020969292,0.00013666124,-4.0729778e-05,-0.000105908635,-9.05787e-05,-0.00013448726,2.1874925e-05,-2.670082e-05,-7.5689684e-05,6.17064e-05,3.9170314e-05,9.251567e-05,4.0969106e-05,0.00018502302,0.00015140159,-3.099901e-05,0.00017010895,5.78667e-05,8.511119e-05,4.5329176e-05,-6.819259e-05,9.1589325e-05,-9.703649e-05,-0.000117558535,5.93023e-05,-5.887323e-05,4.023847e-05,-5.0339924e-05,-3.235818e-05,0.00015754237,2.1316142e-05,-4.1684034e-05,0.00013938425,7.676993e-06,2.0810989e-05
HIV1079_AF324493_3,8.205313e-05,3.256641e-05,3.6454236e-05,3.9364237e-05,-0.00016935969,0.00014778606,0.000162869,-3.245297e-05,8.139158e-05,0.00017714838,-2.6633556e-06,-2.8918765e-05,-0.00010659041,-0.00014270697,4.6493038e-05,3.218306e-05,-0.00015676538,-5.2377645e-06,4.52037e-06,0.00013266598,-0.00010217587,0.00013648972,0.00016262126,4.707608e-05,-0.00017966593,-0.00015605819,6.1573446e-05,0.0001429394,1.4730956e-05,1.0906542e-05,8.101872e-05,3.0912925e-05,-5.741972e-05,0.000155008,-0.000117240954,-7.8494966e-05,-6.873037e-05,-8.9841305e-05,7.3514857e-06,0.00011208647,0.00022761415,0.0001509131,0.00015143128,6.453809e-05,0.00016577271,-2.8816408e-05,7.991273e-05,-8.080986e-05,-6.0470087e-05,3.3101296e-05
HIV1649_AF324493_4,-0.000146528,0.00019140528,-0.00016117214,0.000103145634,4.3850785e-05,0.00018958849,6.02807e-05,7.214618e-05,-0.000102930106,-0.000107354805,0.00013250571,-7.476222e-05,0.0001353635,0.0001704574,7.756568e-05,-0.00012535052,9.272886e-05,2.9745495e-05,-5.4267144e-05,2.7805722e-06,4.0740128e-05,-2.2205266e-05,2.5942936e-05,0.00014786782,4.11369e-05,0.00017754218,-0.000120542434,3.5448622e-06,2.042924e-05,0.00017316933,2.830237e-06,6.715135e-05,3.3094035e-05,1.946504e-06,-7.13136e-05,6.0048744e-05,-0.00014685848,-7.844428e-05,5.7586436e-05,0.000116555166,0.00016674335,-3.307982e-05,0.00012196209,0.00013934252,0.0001383577,9.250373e-05,-6.6159606e-05,5.8868918e-05,9.1705304e-05,-0.00011656157
HIV1248_AF324493_3,-8.2347455e-05,3.9816987e-05,9.9780686e-05,0.00013608328,9.7250384e-05,-0.00015030449,0.00015344683,0.00014329684,4.3248914e-05,-6.2914216e-05,-2.0580135e-05,-0.00010143038,0.000115381445,0.00014566562,0.00010895851,0.00013354431,-8.198566e-05,7.1306854e-06,0.00019293478,4.9473943e-05,0.00013203241,-0.00013511338,-5.8178037e-05,0.00020190653,-2.0436097e-05,-2.811131e-05,6.5546534e-05,0.00012286702,-0.00012249165,-0.000119372766,-4.9669427e-05,1.7913557e-05,0.00012277049,-7.881946e-05,9.441714e-05,2.3862016e-05,5.632738e-05,-8.202286e-05,7.988065e-05,-3.0328862e-05,-2.816529e-05,0.00014013004,-3.4777033e-05,3.245721e-05,-0.00014926179,0.00013521638,2.056622e-05,-8.99971e-06,-0.00016311774,-3.52283e-05
HIV1053_AF324493_1,5.5108823e-05,9.4781826e-05,0.00024134805,-3.348439e-05,9.888753e-05,-8.724398e-06,6.827904e-05,0.0001189742,-7.1102535e-05,7.511519e-05,-6.8397654e-05,3.5827507e-05,6.848355e-05,0.00021180857,-8.9702764e-05,2.234972e-05,3.6708876e-05,4.7079593e-05,8.70286e-05,6.9873795e-06,-1.236642e-06,-0.00016998893,-0.00015864667,6.3760825e-05,0.00013597273,-4.6131023e-05,0.00013697676,-2.2240803e-05,0.00010390177,-0.00011395544,0.00014348501,0.00024722988,0.00010569208,5.8776644e-05,0.00012545128,-0.000104351944,6.818979e-05,0.000114836264,4.4830973e-05,-0.00019678366,8.5356405e-05,0.0001034387,8.7716355e-05,-8.3212784e-05,7.548622e-05,-7.6017045e-06,-2.8190465e-05,-0.0001485482,-0.00011140272,0.00020327518
HIV1314_AB023804_1,0.00021958901,6.3344614e-06,-0.00010265486,0.00014241938,0.000101556325,1.2532873e-05,7.7036326e-05,-3.6470283e-05,2.890674e-05,4.0892268e-05,-0.00014811645,0.000101142134,-7.955034e-05,5.9084646e-06,-5.5119406e-05,1.8591496e-05,3.167469e-05,7.048067e-05,-5.344845e-05,-1.0690684e-05,8.543892e-05,-3.448651e-05,-2.4137566e-05,0.00013574587,-5.323226e-05,2.3171788e-05,-0.00016009816,-0.0001269084,9.862354e-05,0.00015068412,-0.00013533012,1.3068461e-05,-0.00026667363,-0.00019947722,-6.59153e-05,5.7964142e-05,1.7076089e-05,9.026496e-05,-0.00016919746,8.7459426e-05,-4.992661e-06,-1.0875237e-05,1.8518867e-05,-2.031229e-05,0.0002186972,-7.0473354e-05,-5.6110468e-05,-3.9027433e-05,0.00015222876,0.00012650024
HIV1237_AF324493_1,8.246935e-05,-2.7111424e-05,0.00010037261,0.00013236381,0.00014348037,-2.024879e-05,-5.640653e-05,-8.9884226e-05,6.951802e-05,-2.3775026e-05,0.0001370385,-0.00012809152,2.42909e-05,5.131928e-05,0.00010696709,-0.00014050849,-0.00010970097,5.5305143e-05,0.0001308102,-5.0796076e-05,-4.724864e-05,0.00014113428,0.00017609172,-5.8342193e-06,-2.088019e-05,3.6493006e-05,0.00018430963,0.000115803654,0.00018223793,-3.8559585e-05,-6.959668e-05,-2.2329077e-05,-4.5032448e-05,3.7187277e-05,2.6178672e-05,3.397774e-05,8.8015215e-05,-0.0001469256,-0.00018065663,2.0811833e-05,6.983245e-05,4.2357187e-05,6.764068e-05,0.0001003467,3.0640233e-05,3.466362e-05,2.210336e-06,-8.592657e-06,-7.404444e-05,-2.9927613e-05
HIV1013_EU541617_2,8.820708e-05,0.00015831373,8.160751e-05,3.323413e-05,4.1979365e-05,-2.6600828e-05,-0.00015839447,-8.4935884e-05,-4.355396e-05,2.5322499e-05,-1.168057e-05,9.8025295e-05,7.791745e-05,-9.458654e-05,0.000177108,0.000103995226,7.576387e-05,5.3867483e-05,0.00025929022,0.00015045698,6.989569e-05,-5.8336336e-06,8.478544e-05,-0.00017763418,4.6632005e-05,0.00013875116,6.613444e-05,0.00017995645,6.987514e-05,-1.1792743e-05,1.3312038e-05,-3.8436643e-05,7.903902e-05,0.000109084394,-0.00020065167,6.90155e-05,-9.677758e-05,2.023553e-05,0.00018486673,0.00013952199,6.182388e-05,-7.606808e-05,-1.3824599e-05,4.970777e-06,4.6245994e-05,-0.000107648986,-9.129118e-05,0.00013560383,0.00015179059,5.244431e-05
HIV1148_K02013_3,1.1128697e-05,4.729667e-05,-1.6937103e-05,1.3584342e-06,3.1754596e-06,-1.6284612e-05,0.00013633567,3.7844516e-06,-7.265802e-05,0.00015315645,0.00015509073,0.00011877812,-1.3068252e-05,3.504348e-05,0.00020734822,3.055434e-05,-2.2067034e-05,3.3495908e-05,5.4727076e-05,0.00011029562,0.00020200732,5.241049e-05,-6.9071507e-06,-4.401099e-05,8.3804116e-05,-6.807404e-05,5.0855015e-06,5.5832126e-05,8.951866e-05,-0.0001864219,0.00015767216,0.00016803209,2.400098e-05,0.00010586229,-9.863688e-06,-1.4899635e-05,-7.33094e-05,0.00013375288,-2.4424859e-05,0.0001238229,0.00035322615,3.9034912e-06,0.00021708409,1.684003e-05,5.066175e-05,-8.470807e-05,0.00013957673,0.00011342722,0.00017043548,0.00037250464
HIV1198_K02013_3,-1.2316696e-05,7.906367e-05,-1.1538972e-05,4.0155504e-05,0.00012258418,-5.286727e-05,-5.790564e-05,2.1960243e-05,-9.811822e-05,1.3431751e-05,5.607308e-05,1.2110616e-05,-0.000106215404,0.00021893231,-4.514427e-05,0.00018015898,5.2210315e-05,9.80315e-06,0.0001101143,-3.185694e-05,-9.2332203e-07,-8.28752e-05,-0.0001353526,-5.1711802e-05,0.00013870769,0.0001567174,0.00017284912,4.835458e-05,5.3960455e-05,6.382291e-06,-9.8695265e-05,5.8529225e-05,0.00016714825,-6.021877e-06,-0.0001162903,9.6173164e-05,1.5538586e-05,0.00019848165,-7.94742e-06,4.2122596e-05,-1.7023052e-05,0.0001904065,0.00014895671,0.00011318349,-7.856296e-05,6.3884734e-05,-2.9465453e-05,-2.8919234e-05,-5.7748686e-05,0.00019022296
HIV1514_AF324493_9,-8.3185456e-05,-0.00022343313,-4.7766487e-05,-8.670636e-06,-9.618186e-05,-9.8855526e-05,5.9197362e-05,-0.0001172194,7.75481e-05,-7.143067e-05,7.295653e-05,-2.3780156e-05,-0.0001725366,-4.5240577e-05,0.0001303661,1.3439462e-05,-6.242732e-05,-2.1375856e-05,1.939171e-05,-5.2838674e-05,8.6394444e-05,0.00019492419,1.1633123e-05,2.9724788e-05,0.00014890745,-7.890893e-05,-0.00012476147,0.00025747018,3.26739e-05,8.715625e-05,0.0001120006,1.1859879e-05,-0.00014435608,7.341439e-05,-9.441419e-05,7.144395e-05,-4.916996e-06,-0.00021510721,0.00013081747,0.00018726203,5.240273e-05,4.0136205e-05,0.00017505662,0.00015563484,-7.298634e-05,-0.00013142945,-0.00015012917,0.00010796682,2.8659708e-05,7.469097e-05
HIV1377_AF324493_1,-3.7283437e-05,0.00022297681,0.000119382574,0.00012414383,-2.2517772e-05,-7.625822e-05,0.00018963864,0.00013727428,6.459447e-05,-6.200173e-05,-9.1558635e-05,-0.000113017486,8.463474e-05,2.3588858e-05,0.00018891829,0.0001394086,-6.394986e-05,-0.00012328799,-0.00014823879,-5.4710377e-05,-4.8339323e-05,0.000120741825,0.00014969721,-4.0022696e-05,-2.438722e-05,-3.1129428e-05,-2.6481519e-05,0.00016220611,9.549912e-05,-0.000120167744,-0.00012368179,-2.4680976e-05,0.00012987663,-2.2698903e-05,0.00020823578,6.2335486e-05,0.00016384039,-0.00010350693,0.000111007736,9.1048176e-05,2.3495866e-05,3.090018e-05,3.7929167e-05,5.2223953e-05,6.512086e-05,-6.749934e-05,-9.475311e-05,-3.389771e-05,-8.049916e-05,0.0003176704
HIV1442_AF324493_3,0.00015820104,1.0275517e-05,9.394236e-05,0.00019412865,7.3437244e-05,4.8407215e-05,-9.8509976e-05,-0.00022497897,-6.523628e-06,-1.8926299e-06,0.00011240976,3.533372e-05,-0.00016467903,4.3469026e-05,-9.693628e-05,1.8269799e-05,-9.752461e-05,0.00020751536,-8.3971085e-05,6.131741e-05,1.6096828e-05,-6.3657986e-05,0.00012282218,-8.450396e-05,-7.3232986e-05,-0.00011555862,-1.3348342e-05,0.00016333132,-2.3003977e-05,-3.328592e-05,-1.3611295e-05,0.00019397837,-4.2115473e-05,4.888262e-06,0.00025096434,-3.5161876e-05,-2.9482622e-05,-3.1852698e-05,-8.966429e-05,0.00010235298,7.524901e-05,-0.000115535644,0.000120037774,-1.944945e-05,-2.737773e-05,8.9050314e-05,-7.985798e-05,-9.137818e-05,4.9764843e-05,-0.00010445822
HIV1175_K02013_3,2.9746014e-05,-9.599531e-05,-2.0843356e-05,2.3172927e-06,-2.8930594e-05,9.137939e-05,3.8780126e-05,-3.915642e-05,-2.438097e-05,0.00015368803,0.00014185104,2.2369477e-05,-9.5291165e-05,-0.00015388166,1.834069e-05,4.6805617e-05,-0.0001788371,0.00010668233,5.322052e-05,0.0001490388,-3.2738535e-05,-4.8712045e-05,9.636152e-05,-6.5888955e-05,-9.937818e-05,-7.2076423e-06,0.00013307303,-4.0530434e-05,-0.0002033149,2.0566267e-05,7.477761e-05,-3.8154376e-05,9.181793e-05,2.5188556e-06,6.8057496e-05,2.6049822e-05,-3.5489455e-05,-0.00011577247,0.00010928476,6.415182e-05,0.00012626234,6.317574e-05,-4.295083e-06,5.9803348e-05,-4.3748473e-06,-0.000117457894,-8.0893515e-06,6.044272e-05,3.956955e-05,3.5554982e-05
HIV1336_AB023804_3,0.0002276628,0.00013445318,8.892321e-05,0.00013547258,0.00021158783,0.00011709583,-7.854546e-05,5.7268524e-05,-5.565565e-05,5.8155874e-06,-0.000101953774,2.7092171e-06,1.0655713e-05,-2.014868e-05,7.9360565e-05,0.00024005874,3.4257057e-05,-4.630962e-05,0.00017683241,4.134338e-06,8.878922e-05,0.000103816026,0.00013397788,9.5835574e-05,-9.675218e-06,9.597902e-05,-0.00010534736,8.4709245e-05,-9.7463635e-06,0.0001139825,4.3746248e-05,0.00015844325,3.968705e-05,0.0001564348,9.2311944e-05,3.972625e-05,0.00020045639,8.415039e-06,2.8832933e-06,0.00020004834,4.8806098e-05,7.821611e-05,-4.746605e-05,0.00015240113,5.487687e-05,-3.5580335e-05,0.00011087646,-7.883073e-05,-9.341479e-05,-1.5807334e-05
HIV1338_AB023804_3,0.0002292577,4.003364e-05,-5.84632e-05,3.972854e-05,4.8265316e-05,-3.7107337e-05,0.00012968223,-7.129203e-05,-7.436947e-05,3.5932866e-05,6.337498e-05,6.22641e-05,7.4199306e-05,0.00014012502,5.301778e-05,1.7332382e-05,6.649719e-05,3.537907e-05,7.7646735e-05,-1.7722395e-07,-0.00014449333,3.0345964e-05,-5.8593128e-06,-5.1107265e-05,0.00014188937,0.00012775171,-3.757122e-06,0.0001638942,-8.284635e-05,9.2796334e-05,-1.334148e-05,-0.00018748238,0.00012415322,-2.7462946e-08,0.00021865254,0.00020816176,-2.7604217e-05,7.4055446e-05,0.00023847053,9.257249e-05,0.00017941114,-0.00013322326,-5.841077e-05,-0.000101729434,-0.00010550795,-0.00011838284,-2.5067251e-05,0.00015435794,6.867645e-08,7.731497e-05
HIV1078_AF324493_2,9.876849e-06,0.00010007033,3.9758156e-06,6.9671405e-05,1.2112621e-06,-0.00017299938,-8.128078e-05,-7.955507e-06,-3.6190126e-05,0.00012232263,7.081501e-05,7.376399e-05,0.00018365298,-0.00012483839,0.00018933263,-0.00012901142,0.00011550916,0.00015993431,7.604419e-05,5.9668513e-05,9.4174604e-05,0.00012046334,-9.550074e-05,-5.463916e-05,1.944555e-05,0.000119909135,-1.7342354e-05,0.00019283351,3.507033e-05,4.680399e-05,0.0002314106,0.00011417209,0.0001667792,1.4054895e-05,-7.152711e-05,0.00012267251,-7.209958e-05,7.384511e-05,1.0782249e-05,5.3821594e-05,8.334352e-05,-0.00014319988,7.5723474e-05,0.0001404812,-2.0113472e-05,0.0001397179,-5.3088206e-05,-9.450173e-06,0.00021384658,-9.825776e-07
HIV1342_AB023804_4,-0.0001247816,2.589517e-06,1.2202523e-06,2.2420621e-05,0.00014734225,-0.00017701315,9.380336e-05,2.387542e-06,4.267159e-05,-2.102585e-05,4.3438547e-05,6.9221176e-05,0.00012959678,-9.0699185e-05,8.686992e-06,0.00011354002,5.09861e-05,4.2816813e-05,5.937275e-05,3.1006664e-05,1.3888807e-05,-8.110604e-05,-2.6156871e-05,-5.4608507e-05,2.218052e-05,-6.546153e-05,7.608832e-05,6.805599e-05,0.00014086757,6.47506e-05,-0.00013452029,-1.900186e-05,-0.00013555873,0.00010647176,-0.00013936721,0.00013102671,-0.00011876128,-0.00012760551,3.1168547e-05,1.9698693e-05,-0.00015839003,4.0249717e-05,4.9157836e-05,0.00015445995,4.162624e-05,0.00014173315,0.00018837527,4.8637718e-05,-4.972946e-05,-8.8945904e-05
HIV1662_AF324493_1,9.412978e-05,-0.0001234295,4.899907e-05,0.00015748329,8.131771e-05,8.743599e-05,-0.00019071574,0.00017292431,0.00011012763,9.735722e-05,0.00011350313,8.455994e-05,-0.00013594877,3.59824e-05,0.00015832478,-7.698275e-05,-4.5906643e-05,-6.310027e-05,-3.4018562e-06,0.00017292282,-0.00017204628,3.1827527e-05,-8.362231e-05,2.0717016e-05,9.8888384e-05,-6.8314807e-06,-1.53863e-05,6.1288316e-05,0.00011491563,-0.00021137345,1.3937481e-05,-1.3013104e-05,2.5168342e-06,1.0931464e-05,-8.953279e-05,-7.235841e-05,-0.00011019811,0.00011243777,0.000112583606,-5.535165e-05,5.3475414e-05,1.3366978e-05,8.18551e-05,6.115366e-05,3.8421465e-05,0.00010551955,-3.709448e-05,-5.532718e-05,0.00022527929,-0.00014268931
HIV1146_K02013_3,8.741924e-05,0.00012258359,2.207968e-05,2.0469615e-05,9.2587e-06,-4.968843e-05,9.8052355e-05,-8.625732e-05,0.000107451335,-0.00012565029,2.7387789e-05,0.000119700446,0.00015272498,-7.357859e-05,-0.00013457531,0.000112669186,0.00014471226,0.000107648535,-4.516497e-05,-0.00016967655,2.7956961e-05,0.00011541386,0.000105301704,-4.9332208e-05,-8.795031e-05,0.00012313429,0.0001283903,3.7083162e-05,7.481254e-05,4.9553808e-05,1.7785753e-05,7.486484e-05,0.0001298888,0.00015761118,0.000111902824,4.9862094e-05,1.8620934e-05,-7.3348485e-05,0.0002151133,0.00016903305,-4.855496e-05,-6.499264e-05,-5.1138893e-05,5.8473877e-05,-3.466124e-05,-2.0205269e-07,0.0003707413,9.074237e-05,3.228467e-05,0.00011700783
HIV1303_AB023804_3,0.00015539103,1.0343323e-05,-0.00014022089,-1.8230114e-05,0.00024220507,6.203061e-05,3.7384565e-05,-6.3819894e-06,9.829383e-05,1.246782e-06,-0.00012715804,4.268732e-05,2.9651497e-05,-2.7168053e-06,0.00011984764,9.579152e-05,-6.688243e-06,-2.009894e-05,0.00015831893,1.5629492e-05,0.00012529202,9.830723e-05,6.17834e-05,-3.304333e-05,-8.052653e-05,0.000110363464,-4.3938933e-05,7.6013006e-05,-7.2437084e-05,4.8908565e-05,0.00019538304,1.6910184e-05,-0.000105947685,0.00011877068,-1.8250199e-05,0.00022437716,1.4045539e-05,-3.271156e-05,0.00021907488,-8.8898596e-05,-9.972934e-05,9.166605e-05,0.00015868623,3.33829e-05,0.000103961036,0.0003197521,1.5340576e-05,0.00015746038,2.6971129e-05,-0.00016939618
HIV1444_AF324493_3,1.3890447e-06,0.0001559402,-0.00017549201,-3.0795352e-05,0.000114832015,0.00021595656,0.00022914838,0.00014518698,-0.00011845365,9.833428e-05,5.657839e-05,-2.609518e-05,-5.468495e-05,-2.7221196e-05,-8.622085e-05,-4.05073e-05,0.0001718442,1.9630555e-05,7.2723396e-06,-0.0001286664,-2.9372193e-05,-3.8095925e-05,0.00014194312,6.144787e-05,-6.329133e-05,-3.0032957e-06,0.0001623876,4.643006e-05,6.573765e-06,9.127216e-05,2.8442342e-05,-3.5261506e-05,-1.4781707e-06,5.496494e-06,0.00020966415,-5.4844375e-05,1.9006564e-05,6.029133e-06,-3.7256916e-05,9.157353e-05,-5.8691712e-05,8.522781e-05,0.00018019897,-9.0928275e-05,0.00013938177,-2.806582e-05,0.0001293856,-0.00011769338,-1.8459348e-05,4.5866273e-05
HIV1489_AF324493_7,0.00014219507,-7.878828e-05,0.000102150174,0.00011938073,7.025664e-06,8.138538e-06,3.254145e-05,0.00021167636,-0.00012728629,-5.780028e-05,4.7001802e-05,0.00022297642,5.714324e-05,-5.6115197e-05,-2.8605078e-05,-2.2049386e-05,0.0001273354,-7.3475145e-05,-5.0347862e-05,-0.0001651984,-0.00012847337,5.811502e-05,-9.534577e-05,3.495766e-05,7.0460854e-05,-1.4752402e-05,0.0001925998,-0.00012700603,-1.7687113e-05,0.00014986044,-4.5798347e-06,0.00020083073,-0.00017804385,0.00012558563,-0.00011436145,-0.0001182361,0.00020176098,0.00010092175,-4.1782137e-06,8.442377e-05,0.000193932,-5.228825e-05,0.0002701749,0.00014242537,5.3205993e-05,1.1456748e-05,-6.105701e-05,0.00010059789,2.384256e-05,-0.00014971587
HIV1513_AF324493_8,5.5833647e-05,6.45395e-05,8.97688e-05,-0.00010604194,-3.6947087e-05,0.00011807151,-3.8911552e-05,0.00014174807,4.1483916e-05,-2.343258e-05,-1.6393014e-05,2.2023437e-06,-0.00010175879,8.321724e-05,-3.6543333e-05,8.8084904e-05,8.5003405e-05,1.6173315e-05,-1.2639981e-05,5.2260475e-05,-1.2606893e-05,5.483914e-05,0.00014780345,8.653271e-05,-6.666884e-05,6.691779e-05,-0.00012302319,5.5135635e-05,4.7881735e-05,0.00015261653,0.00026649484,-2.9111472e-05,-2.3527014e-05,5.0392766e-05,-1.7179218e-05,9.7272066e-05,9.959597e-05,2.8347835e-05,4.5105982e-05,0.00017028127,-8.6657376e-05,-5.0611648e-06,9.425401e-06,0.00014075713,3.536246e-05,0.00012635496,7.5111995e-05,-0.00016592385,5.7919126e-05,-8.085008e-05
HIV1612_AF324493_1,6.0262395e-05,-5.800726e-05,0.00020220764,0.00023873699,-0.00018697623,0.00013868177,1.6412014e-05,-1.5054727e-05,2.9088022e-05,5.6333163e-05,0.00015111435,1.19018196e-07,6.8895206e-05,0.00013378996,-6.757098e-06,4.7966867e-05,8.446533e-05,-7.133298e-06,-3.7562688e-05,-7.2216964e-05,4.9668302e-05,4.6095654e-05,6.236943e-05,6.276659e-05,0.00011279958,-4.7448884e-06,6.230192e-05,-0.0001557209,6.0511546e-05,-3.6928905e-05,2.9098326e-05,-5.738245e-05,0.000152877,3.3569722e-05,-1.9403264e-05,0.00010637972,0.00022142091,1.5154183e-05,0.00012864763,-3.5182053e-05,7.439506e-05,0.00013590496,-6.2937645e-05,7.770045e-05,-0.00011450734,1.7900395e-05,9.070012e-07,7.850275e-05,-0.00017062738,1.1418904e-05
HIV1466_AF324493_5,7.229097e-05,1.767106e-05,0.000111996145,9.897864e-05,-7.180459e-05,0.00025506606,-5.8885435e-05,0.000103981765,-4.1388623e-05,2.0482548e-05,0.0001144206,0.0001257089,0.00012009316,5.794362e-05,0.00012472265,-9.8822624e-05,-3.3516296e-06,7.8255056e-05,0.00013307061,-0.00017331593,4.1046886e-05,3.4183075e-05,9.97716e-05,-5.0744035e-05,-2.1841475e-05,9.592819e-06,4.7058238e-05,9.900025e-05,9.504706e-05,-7.878568e-06,-0.000106005835,5.0344115e-05,5.3038082e-05,0.00020667852,-4.797878e-05,8.1579004e-05,0.00015348315,0.00017439217,8.810289e-05,5.5446744e-05,0.0002039229,-4.042451e-06,-6.135404e-06,0.00011511063,0.0002323375,0.00016997523,0.00012446327,5.6203633e-05,-8.4397645e-05,2.9778708e-05
HIV1332_AB023804_3,-7.4321535e-05,0.00018530579,-3.1544147e-05,4.934616e-05,0.000105949686,0.00011217847,0.000101196616,-0.00019590418,-0.00023066354,-0.00011922775,0.00016105795,-1.4743114e-05,-7.113755e-05,1.4093083e-05,-4.1328924e-05,0.00011939725,4.9127262e-05,-8.218617e-05,-2.3020504e-05,-2.110614e-05,2.2794473e-05,-0.000109515015,7.734588e-05,5.9609185e-05,7.651653e-05,-3.012797e-05,0.00012757204,0.00018161701,-5.6579505e-05,0.00016923601,-4.4735763e-05,0.00025687754,5.220007e-05,0.00044787538,2.2163345e-05,4.156541e-05,1.6594377e-05,0.00010548072,6.292851e-05,0.00017518617,-5.4157215e-05,6.44937e-05,9.1801696e-05,-6.5232234e-05,0.00012853781,7.026362e-05,-0.00020575002,-2.8289238e-05,-0.000113549526,9.795937e-06
HIV1647_AF324493_4,0.00020972668,0.00014607866,-5.8314134e-05,-0.0001896813,3.2972523e-05,6.5543965e-05,4.1835076e-05,7.462729e-05,-3.558704e-05,1.2658199e-05,-5.1524912e-05,4.404233e-05,0.00018826898,6.0356142e-05,-0.00019873331,4.788711e-05,0.00010391598,3.847403e-05,-0.00015130478,0.00017401062,0.00023314368,9.7716555e-05,3.289683e-05,-4.1684598e-05,4.2112155e-05,-0.00012719564,-8.321929e-05,-3.346096e-05,0.00017594665,7.7543395e-05,0.00021853932,7.347641e-05,-0.00021673548,6.686115e-05,8.3765946e-05,2.692634e-05,1.2412911e-05,-7.2486782e-06,3.9599498e-05,-8.3833875e-06,-3.6471225e-05,-3.239228e-05,-3.661834e-05,0.00019583268,0.00012424705,0.00013163075,3.693971e-05,5.6658708e-05,-4.9699498e-05,-1.2624125e-05
HIV1567_AF324493_6,-4.846308e-05,-6.8630725e-05,-2.7046914e-05,-3.4234898e-05,-0.00010245449,7.075471e-05,4.013935e-05,0.0001875012,0.00012869171,0.00011118716,-0.00010340711,0.00018176841,-0.00014459537,-9.4859606e-05,-0.00023284816,0.00013653432,0.0001142195,5.6598205e-05,0.00016630035,4.6670997e-05,-4.1590723e-05,-2.0885702e-05,-9.1477064e-05,-0.00012975781,0.00013233557,2.541154e-06,9.1257025e-05,0.0001396709,-7.223169e-05,-8.414285e-05,-4.7862472e-06,-2.7881042e-05,-0.0001023327,3.998758e-05,1.9138051e-05,-8.18788e-05,-5.0905124e-05,-8.40568e-05,6.25666e-05,-2.0311636e-05,0.0003041072,0.00011787891,0.00014807895,8.143656e-08,-0.00010240935,-0.00015626608,-3.45119e-05,-0.00014445199,1.4449868e-05,5.0241255e-05
HIV1052_AF324493_1,1.7810577e-05,0.000103399485,8.481702e-05,-4.7304155e-05,0.00015796814,-1.08347385e-05,0.00018137955,2.7935488e-05,2.4249246e-05,-5.895826e-05,9.684938e-05,-0.00016261039,8.445201e-05,-1.183595e-05,3.2018188e-06,-5.6538425e-05,-3.9673057e-05,-4.9509552e-05,-0.00013969971,7.000363e-05,-5.3723255e-05,5.6600165e-05,-2.0006939e-05,-8.967971e-05,0.00014661974,-1.9649477e-05,9.545568e-05,4.340537e-05,8.978036e-06,6.445083e-05,-4.2270367e-06,2.798261e-05,2.214417e-05,-6.000496e-05,2.4217949e-05,-4.3627664e-05,0.00021366532,-7.581693e-05,-0.00012687131,-7.070281e-05,8.546138e-05,0.00012309616,1.4349507e-06,0.00010413857,6.431686e-05,0.00023519938,-0.00010702439,3.8338734e-05,0.00019419596,8.808985e-05
HIV1374_K03455_5,0.00012215608,4.318896e-05,2.6912146e-05,3.832345e-05,1.120983e-05,-4.508901e-05,-0.00010515385,3.6452024e-05,7.518794e-05,3.4106e-05,3.0122994e-05,-3.7366317e-05,3.249175e-05,5.68271e-05,3.2712538e-05,-7.966639e-05,1.02296635e-05,9.209394e-05,-5.3879678e-05,7.054663e-05,2.229399e-05,0.00011890256,0.0001860634,-4.264465e-05,-0.00011261711,-3.0310726e-05,0.00019051685,-0.00010485217,9.436923e-05,0.00014294511,0.00020876246,-0.00014234961,-5.7465546e-05,-1.6718772e-05,-2.8196799e-05,0.000351654,0.00012689683,-0.00016934221,-2.422342e-05,-7.184228e-05,7.365282e-05,8.877637e-05,0.00014718446,8.251355e-05,2.1871938e-05,0.00016703004,-2.5944777e-05,-0.00020165645,-0.00014075436,0.00014602813
HIV1470_AF324493_5,0.00012293726,5.185156e-05,0.00010557505,0.00016403115,3.47254e-05,-0.00010436559,-3.4357938e-05,9.108957e-05,0.00012712069,0.00017814901,0.00012679498,8.415915e-05,1.9482553e-05,0.000102372025,6.0729086e-05,1.0832676e-05,-0.0001178919,-8.42626e-06,5.643531e-05,6.0154263e-05,-5.4573666e-05,2.8197011e-05,-4.4941324e-05,2.2570895e-05,8.386688e-05,4.586682e-05,-1.7404658e-05,0.0001295635,-8.9501475e-05,0.00030088608,0.00013130685,2.179366e-06,3.608048e-05,0.00013761425,0.00012146191,7.398594e-05,8.867657e-05,7.417273e-05,0.0002850648,0.00010264822,2.2047772e-05,0.00027242547,2.4710624e-05,1.3507518e-05,0.00024575074,6.352814e-05,0.00011602427,3.7960017e-05,0.00010648961,-5.3563086e-05
HIV1357_AB052995_4,-2.1414491e-05,-4.78929e-05,0.00016625317,1.4238401e-05,0.00012927268,2.8189545e-05,4.8250447e-05,1.2445628e-06,0.00015428952,0.00026006237,-7.614544e-05,-0.00011272981,4.5792156e-05,3.2677097e-05,-7.332887e-05,8.1792095e-05,5.7859666e-05,-0.00032492378,9.075034e-05,0.00017243052,0.00022425025,-8.0523234e-05,-2.0411144e-05,0.00021810166,-6.5715176e-05,7.6032597e-06,-2.5592288e-05,3.7382117e-05,-7.570396e-05,9.431247e-05,3.4746354e-05,-2.112586e-05,1.8727038e-05,-0.00021619127,-5.4458385e-05,2.2590608e-05,4.7215926e-06,5.1193685e-05,-0.00018911055,3.0621504e-05,-6.667717e-05,0.00013898307,5.1523934e-05,0.00024059138,-6.1573235e-05,0.00023068907,-0.00010315456,8.389712e-05,-2.8635988e-05,9.6140124e-05
HIV1518_AF324493_1,0.00016023169,9.678089e-05,0.00020099363,-0.00018902723,2.887197e-06,0.00021554349,-0.00019137363,0.00016370432,1.4706403e-05,0.000105367864,0.00013937402,8.1677945e-06,5.8763842e-05,1.4035086e-05,0.0001343595,-4.8398302e-05,0.00011263602,-3.5494148e-05,-0.0001421069,-0.00010695898,-1.4068679e-05,0.00017345342,0.00011922837,4.7582493e-05,6.780335e-05,-2.3848082e-05,-3.646903e-05,-0.00011035899,-2.8768363e-07,7.840843e-05,-7.106119e-05,7.551037e-05,5.8715603e-05,0.0001312323,0.00018251849,1.49237085e-05,-1.8096554e-05,-9.509052e-05,-2.2084445e-05,0.00023732954,8.802242e-05,0.000118905285,-4.306796e-05,1.6753753e-05,8.617616e-05,-4.661913e-06,1.0962958e-05,6.243142e-05,5.4550845e-05,0.0001386827
HIV1471_AF324493_5,0.00016507729,0.00017017002,0.00018451229,3.16152e-05,0.00015823505,8.484461e-05,6.2537416e-05,-1.1664004e-05,-1.3673134e-05,-0.00012358645,4.7597485e-05,-0.00011898351,0.00014006285,0.00010608959,9.688484e-05,5.667728e-05,-6.969359e-05,-2.1670763e-05,-6.712473e-05,-6.644089e-05,3.1244258e-06,8.853936e-06,-3.515386e-05,-8.944456e-06,1.1169454e-06,0.00013789853,8.065769e-06,-6.357046e-05,6.862876e-06,0.000120659046,0.00011647495,0.00023642866,0.00012575283,0.00012741082,5.90123e-05,6.7944566e-06,0.00012677316,5.8109283e-05,8.229043e-05,9.607458e-05,0.00028492263,0.0001418518,4.2619824e-05,4.063886e-05,-2.6486584e-06,0.00018491875,-0.00011502423,0.00018531136,0.000116877214,0.00031559856
HIV1177_K02013_3,4.7888076e-05,0.00013513073,-1.7181917e-05,5.2417618e-05,-8.9423185e-05,-4.027648e-05,-2.1423159e-05,2.01127e-05,1.0562517e-06,0.00019747327,4.2612635e-05,0.000113408445,2.2563407e-05,4.2261563e-05,9.5240604e-05,-1.7262397e-06,-3.1905878e-05,3.5513152e-05,-0.00019057281,0.00014921218,9.734588e-05,-1.6041995e-05,0.00014117656,9.4836396e-05,8.134315e-05,0.00018985845,-1.9584199e-05,-3.49589e-05,-4.8682195e-05,-8.031267e-05,-8.519016e-05,5.228255e-05,8.723524e-05,-7.089097e-05,4.1265343e-05,-2.043514e-06,5.65496e-05,0.00013362092,0.00011321669,-7.4845525e-06,6.0805243e-05,-2.4915133e-05,5.6491717e-05,-3.8140188e-05,4.107893e-05,-4.982167e-05,0.00013836913,1.8231493e-05,4.8574115e-05,0.00010598139
HIV1036_AF324493_3,-0.00015838309,-4.782551e-06,7.7322016e-05,5.8054087e-05,7.897607e-05,-3.3035583e-05,9.514377e-05,0.00025840662,-0.00018751845,2.9011388e-05,1.9103802e-05,-2.3793273e-05,2.7758404e-05,0.00017503995,-0.00014198173,6.0636357e-05,-0.00011392912,0.00021612858,-5.519891e-05,1.2078797e-05,2.97763e-05,5.201302e-05,-8.325992e-05,0.00011777065,0.00021808421,2.5635867e-05,3.158694e-05,-6.4851476e-05,9.8321056e-05,1.7226594e-06,8.7561515e-05,5.2553365e-05,-6.1360224e-05,0.00015495304,9.663073e-05,0.00016324282,9.708333e-05,-0.0001470225,1.585029e-05,3.2081003e-05,2.2501714e-05,7.747412e-05,9.889328e-05,9.7100834e-05,0.00022136852,-7.5453136e-05,5.0848008e-05,-2.4905083e-05,-0.000113967304,-7.3055664e-05
HIV1412_K02013_3,-0.00013991758,5.8064627e-05,6.741691e-05,1.6714488e-05,-8.503256e-05,-2.7476044e-05,9.580859e-05,2.076516e-05,9.84663e-05,-4.7958034e-05,0.00015266155,-3.1011765e-05,-4.016654e-05,2.2352875e-05,-0.00011810267,-5.1456034e-05,-5.5083514e-05,2.7986851e-05,8.748949e-05,0.0001046521,-4.7261292e-05,9.7192285e-05,-2.1469818e-05,-7.804672e-05,0.00016058529,-0.00012958258,0.00015688369,0.00010109007,2.6260263e-05,0.00027521298,-7.0786577e-06,0.00011626874,-5.4061187e-05,-2.4043684e-05,0.000105486615,-4.31686e-05,0.00014426692,-2.2183376e-05,-2.7616734e-06,0.00017030559,0.00016198937,0.00011582343,-0.00012702002,3.625094e-05,0.00015098596,-3.4906454e-05,-7.645261e-06,6.113739e-05,2.750648e-06,-3.3511693e-05
HIV1443_AF324493_3,0.0001196205,-9.845252e-05,0.00022926337,0.000112473186,0.00014142897,-6.308589e-05,5.8669248e-06,-0.00011428733,-7.641992e-05,-4.779323e-05,-0.00010099645,-0.0001818363,-4.969409e-05,4.128622e-06,0.0001382974,1.4407868e-05,0.00013746065,-6.4549975e-05,2.939047e-05,4.976095e-06,4.494144e-05,1.7478978e-05,0.00011605688,-6.126513e-05,7.4320604e-05,-0.00014999109,-1.0359538e-05,6.3044456e-05,-7.013162e-05,0.00021496974,0.00026226486,-9.531737e-05,1.4105002e-05,8.353531e-06,3.726512e-05,0.00014875963,0.00015238937,-4.248615e-05,-6.7755755e-05,2.5294186e-05,3.9910792e-05,0.0001132248,0.000103648825,-3.5829646e-06,-9.6655e-05,-0.00014512002,4.1287112e-05,-8.34269e-05,-7.606896e-05,0.000119147466
HIV1211_AF324493_9,4.327846e-05,-5.6477704e-05,-5.3790677e-06,-0.00011914634,-2.8086855e-05,-0.00011564391,1.7791373e-05,0.00015619477,3.633805e-05,0.00013963076,5.1910327e-05,0.00011424599,-1.7432898e-05,1.982066e-05,0.00021765889,0.00014648736,-5.6426008e-05,0.0001621438,0.00018893906,-8.4634026e-05,0.000104207786,4.357306e-05,-1.1474711e-05,-5.270284e-05,7.14795e-05,-0.0001606116,9.755366e-05,-5.979319e-05,-4.281711e-05,-2.1391235e-05,-0.00010136426,-0.0001889779,0.00013738785,6.6989334e-05,-0.00012043859,4.2179385e-05,-0.00016424454,0.00011054326,0.0001501552,3.4527827e-07,-0.00017133064,0.0001290378,-9.126275e-06,-8.1236154e-05,4.646014e-05,-0.00021067454,8.1396385e-05,0.00018251121,5.0413422e-05,8.21111e-05
HIV1351_AB052995_3,0.00015075438,0.00010764619,-0.00012340811,0.00016069664,0.0001269079,2.577491e-05,8.335262e-05,2.7348e-05,-5.854576e-05,-1.6377746e-05,3.439226e-05,4.510697e-05,3.5676076e-05,1.2862292e-05,3.113603e-05,-0.00016669335,3.625152e-05,-9.693863e-05,-3.7733254e-05,-0.00016630694,9.0556205e-05,9.8805926e-05,-7.4322605e-05,0.00012725354,0.00017167792,-9.024926e-05,0.00013428034,-0.00017511967,0.00018382634,8.7728855e-05,0.00012449567,1.2914915e-05,0.00018089917,0.00013044965,4.3020264e-05,-3.0962834e-05,8.994672e-06,-6.113389e-06,-7.5878675e-06,1.7868468e-05,-5.4788048e-05,-4.4026725e-05,-2.4611947e-05,-2.740935e-05,-9.3413815e-05,-8.0719445e-05,-0.00012728207,0.00017149757,-4.9744904e-05,4.987186e-05
HIV1005_AF324493_6,8.413911e-05,6.355637e-05,-3.6193767e-05,0.00019328573,2.0877005e-05,-0.00018328037,0.00014712638,-1.905925e-05,0.00012170044,0.00021550279,2.6727412e-05,-0.00010220769,7.613897e-05,0.00016439489,5.2748e-05,7.991496e-06,0.00011069771,0.00017139137,-7.924535e-05,-0.00018809596,1.4604398e-05,6.6614244e-05,0.0001439973,-6.9710084e-05,7.504328e-05,-0.00012262953,0.00017445361,0.00010945765,1.1319992e-05,-1.4327891e-05,6.290577e-05,0.00010442681,-5.6926576e-05,4.2216492e-05,7.678617e-05,-6.123535e-05,0.0001131292,2.6321211e-05,0.000101692094,0.00011418173,-0.00018668249,-2.6910766e-05,0.00027198298,6.9560585e-05,0.00016248695,-1.452727e-05,3.644117e-05,1.8027862e-05,0.00019081125,0.00025102997
HIV1405_K02013_1,-4.868569e-05,2.7276225e-05,6.151928e-05,-8.32347e-06,-9.3923845e-06,4.698559e-05,-8.371217e-06,-1.3979054e-05,6.7919806e-05,7.2708695e-05,0.00016507703,7.276489e-05,0.00024304116,0.000103485545,0.00010920493,0.00017493652,0.000111916444,0.00021782736,-1.3237884e-05,-0.00016087596,-0.000116256684,8.8179775e-05,-6.399664e-05,-5.5537443e-05,0.00018187662,6.428549e-05,5.4130465e-05,-7.094563e-05,0.00012715107,9.2053604e-05,-0.00010353664,7.678809e-05,1.5418931e-05,1.5237495e-05,-1.5876632e-05,0.00018927659,9.6846736e-05,-6.6856286e-05,6.8705944e-05,-1.7050925e-05,8.102025e-05,-0.00013550861,2.2995571e-05,-3.9329905e-05,0.0001468792,4.0593175e-05,0.00015271317,1.3200751e-05,5.0223e-05,-0.00011607662
HIV1493_AF324493_7,5.2404997e-05,3.963763e-05,1.9541407e-05,-5.12261e-07,-1.0992979e-05,-1.4324053e-05,-2.35387e-05,6.199513e-06,-0.00011421278,8.0359154e-05,0.00023460541,0.00010768517,-0.00010311179,0.00023428792,-5.484373e-05,3.076644e-05,4.93336e-05,3.1098934e-05,-6.320204e-05,-2.985177e-05,0.00010416423,-1.1220084e-05,2.2029366e-05,0.00028861253,0.00013201057,2.9312345e-05,-5.5933568e-05,2.2803957e-05,-8.64524e-05,-0.00014826773,-0.0001328815,-4.120768e-05,-0.00021035706,0.00021297648,-7.358861e-05,2.2603503e-05,0.00011586068,0.00012985484,-9.280027e-06,6.8959234e-05,-0.00010104901,0.00018424471,8.159216e-05,7.490061e-05,0.0002776437,2.6409474e-05,2.1195929e-05,0.00031848528,-0.00023662116,0.00012727224
HIV1190_K02013_4,7.688845e-05,-2.7372673e-05,7.375237e-05,-0.000100861595,-7.352924e-06,0.00014974203,0.00012711374,0.00013811534,2.175565e-06,0.0001095168,0.00011005016,6.2625346e-05,-0.00015188481,8.5942214e-05,0.00015779908,0.0001300041,4.374078e-06,8.412481e-06,-5.9567537e-05,-5.3569653e-05,1.4082921e-05,0.00017806486,-7.391995e-07,0.00019351995,0.00014499451,3.5269462e-05,0.00011435587,-6.480957e-05,2.611063e-05,2.6151265e-05,0.00011199195,5.682249e-05,0.00011861009,-0.00012093502,0.000113450646,0.00020057926,7.347565e-06,-0.00014695941,0.00010294531,0.00022081967,-7.9357684e-05,3.2098164e-05,0.00014639494,0.00014679522,0.0001521472,-3.7387267e-06,-0.00023064124,9.981319e-08,8.871647e-05,5.97285e-05
HIV1362_AB052995_5,8.306863e-05,5.3075826e-05,-8.626679e-06,-0.00011264725,0.00020448449,1.0108601e-05,4.9971703e-05,5.343609e-05,0.00016453552,2.8585651e-05,0.00017280535,-2.4218692e-05,-4.2221094e-05,9.7026685e-05,-6.478463e-05,0.00014108424,-3.4281904e-05,6.921528e-05,-7.8815465e-05,0.00018904857,1.8045064e-05,-4.083467e-05,0.00017089587,0.00015846636,7.25586e-05,7.255511e-05,-9.790028e-05,-5.0824674e-05,-9.0108006e-05,0.00017767522,0.00019564235,-5.8976733e-05,5.5968172e-05,-7.815974e-05,-0.00026393705,1.5338157e-05,-1.2200815e-05,-2.9134731e-05,0.00018385093,2.3415325e-05,-9.379036e-06,-9.247876e-05,-0.00012090998,-3.233329e-05,-2.6198675e-05,5.9717968e-05,6.0206137e-05,-0.00013001733,0.00015456576,-6.808587e-05
HIV1268_AF324493_5,6.82073e-05,3.4215725e-05,0.000114484865,-7.932784e-05,0.00012613492,-0.00014874696,-0.00014659838,-4.635137e-06,0.00019395458,-8.887269e-05,0.00024254354,7.043215e-07,0.00015214078,2.2333488e-05,5.942753e-05,6.0729464e-05,-0.00011620976,0.00012900867,-8.006766e-06,9.625363e-05,4.8447655e-05,6.321031e-05,2.3942295e-05,0.000114172035,6.185412e-05,8.346191e-05,-1.9969808e-05,3.82112e-05,-2.6057989e-05,2.2304635e-06,3.6176152e-05,3.157416e-06,0.00018287737,0.00022781557,0.00011607578,9.357596e-05,-9.83601e-06,2.7833228e-05,0.00022527277,5.9128965e-06,3.176807e-05,9.656024e-05,0.00015846013,0.00016969244,0.0001730282,1.3905305e-05,8.17572e-05,6.6855915e-05,0.00013258359,-8.8071756e-05
HIV1258_AF324493_5,0.00013348045,5.3802403e-05,2.9097024e-05,-1.8653329e-05,-5.542697e-05,0.00010099986,9.90151e-05,-0.00012361103,-2.14752e-05,0.00015985519,0.0002335413,-1.3908726e-05,5.6674377e-05,1.4005803e-05,5.352718e-05,-1.9845053e-05,2.9290517e-05,-2.1309503e-05,0.00011803599,0.00018668671,-3.3822387e-05,9.695417e-05,6.4300846e-05,0.00011349076,7.0507966e-05,-1.18077505e-05,-0.00016315843,7.54823e-05,-2.051366e-05,0.00022260679,9.19268e-05,0.0002238729,3.5153087e-05,-0.00011746357,3.057437e-05,-0.00017822978,0.0003336404,0.00016574367,-5.2777555e-06,-2.3095878e-05,0.00010919407,-4.7398087e-05,8.24278e-05,-7.6639364e-05,-6.353321e-05,0.00014351164,7.175217e-05,2.5722864e-05,-0.00025142383,0.0001288804
HIV1433_AF324493_2,0.00015644512,0.00013476734,6.0291655e-05,0.00022082425,8.194978e-05,3.7319744e-05,6.273005e-05,-0.00019722163,6.7564906e-05,0.0001289931,5.931696e-05,0.00015544369,-0.00012807635,6.786497e-05,3.7827973e-05,0.00011337633,-5.8494035e-05,-4.846536e-05,0.00013808452,0.00013810939,-3.2684653e-05,-1.0222372e-05,-0.00010782075,-3.5795692e-05,2.552272e-05,6.002785e-06,0.00013894882,0.00024472983,6.754199e-05,-8.983119e-05,1.2485761e-05,2.535555e-05,-0.00021683206,6.4998174e-05,2.83739e-05,7.785113e-06,3.827155e-05,1.0061237e-05,-0.00014051079,8.7175526e-05,-4.5312492e-05,6.630252e-06,3.7209545e-06,0.00012214288,0.00025727745,0.00022878595,-2.7764178e-05,3.1747473e-05,1.4291335e-05,9.98219e-06
HIV1062_AF324493_1,9.703696e-05,-8.321139e-06,0.00010357732,2.7519585e-05,-7.072279e-06,-0.00011532324,0.00016173386,1.0461986e-05,-1.566139e-05,-6.500696e-05,-0.00013587816,0.00015580156,0.00014497258,2.3940649e-05,-1.2920275e-05,3.994443e-05,-7.5432225e-05,-3.7638398e-05,-9.4274656e-05,0.00020783357,2.9880197e-05,0.00012352726,-6.5318476e-05,-6.625674e-05,5.2023723e-05,4.7762107e-05,0.00010636441,0.000113744434,3.176679e-05,0.00015931248,-4.387622e-05,-0.00014128056,1.7569124e-05,0.00022152823,-1.1410682e-06,0.000112054295,2.8826531e-05,-0.00021924662,0.00013060634,0.0002424105,3.672493e-05,4.2470506e-06,6.383987e-06,-4.326116e-05,-5.9199192e-05,-0.00011096584,0.000184263,-5.8508744e-05,7.6237993e-06,-0.00017838484
HIV1228_K03455_3,-0.00011254183,1.7224695e-05,0.0001808174,4.1577317e-05,5.702613e-05,2.9898296e-05,-0.00011956954,0.00013122552,-5.7193367e-05,-1.416228e-05,-2.5422243e-05,-3.111451e-05,-0.000118257056,3.331959e-05,-1.13354645e-05,0.00022441446,-6.285282e-05,-0.00013957125,2.8341468e-05,2.891193e-05,6.752171e-05,3.8644077e-05,0.00015291522,-6.062039e-05,3.1915126e-05,0.000100755096,-0.0001111123,9.909526e-05,0.00027184712,5.517938e-05,0.00013782382,0.00017303429,-7.292879e-05,-5.851945e-06,-0.00014977694,-5.976168e-06,-0.00023143183,-0.000121846664,4.9156282e-05,6.663206e-05,0.00017868304,0.00013666744,0.00014406348,2.300364e-05,4.8608134e-05,1.6179067e-05,3.3921686e-05,-9.753261e-06,-4.2832868e-05,0.00033188993
HIV1305_M17451_2,0.00012005361,-1.3491785e-05,-1.6470402e-05,5.5873672e-05,4.7037294e-05,8.767066e-05,9.04975e-05,0.00014119905,-7.59298e-05,3.262378e-05,-0.00014415443,0.00014604436,0.00014440474,9.556375e-05,7.916166e-05,1.3116094e-05,-9.690138e-06,5.044668e-05,0.00014151871,-1.1423207e-05,3.7131984e-05,0.00010062057,0.0002496298,-0.00012845077,-3.8765043e-05,-3.1379845e-05,4.9148082e-05,0.00022117216,0.00030069172,3.505812e-05,6.022027e-05,7.658995e-07,-4.619498e-05,-0.00010508908,0.00014813105,-3.620349e-05,6.639687e-05,7.838868e-05,-1.9267534e-05,6.546562e-05,3.846448e-05,1.3115541e-05,4.0518366e-06,-5.715425e-05,0.00014384222,-1.36981325e-05,9.7515134e-05,0.00013610511,-1.0835575e-06,0.00022715238
HIV1453_AF324493_4,-5.4408098e-05,-8.0653794e-05,0.00030474286,-2.4138186e-05,-6.314888e-05,-1.40443035e-05,0.0001347857,1.3013283e-05,0.00019500928,0.00013618077,-4.1179414e-05,0.00016828913,-0.00022134284,0.00012741314,8.9732675e-05,3.1939308e-05,8.556734e-05,-0.00010404843,7.203776e-05,2.3244065e-05,2.8771092e-05,0.00017352417,0.000109274435,-4.103425e-05,0.00013227762,8.695498e-05,-4.3186137e-06,-1.2464844e-05,0.00010254316,1.9859805e-05,-5.4853426e-05,-2.0198995e-05,0.00017107345,0.00014836364,-6.5956745e-05,-2.7110014e-05,-6.2838975e-05,-7.7399505e-05,4.9641076e-05,-0.00018100096,4.0148687e-05,8.617564e-05,7.7860175e-05,-6.441755e-05,-3.4699784e-05,-1.611897e-05,0.000117095275,5.6605923e-06,-9.99359e-05,1.7997623e-05
HIV1485_AF324493_6,0.00026833377,0.00010160496,7.6211574e-05,-0.000102670914,0.0001252548,3.4758777e-05,5.326251e-06,1.3322399e-05,0.00013855226,9.316281e-05,5.764561e-05,-9.8880846e-05,0.00017915071,0.00016464102,6.843e-05,-7.7286175e-05,-1.6536193e-05,3.7182428e-05,4.3643213e-05,5.005153e-05,2.321111e-05,0.000107557076,-3.0886353e-05,3.6107125e-05,0.00012954723,9.6652955e-05,0.00010021073,4.1854226e-05,6.604607e-05,-0.00010756981,4.9666072e-05,-5.9678456e-05,-1.1375451e-05,-3.3490407e-05,-0.00013339963,6.0649007e-05,5.3121865e-05,0.00013645194,0.000122283,-2.1003072e-05,-9.598558e-05,0.00012325712,3.348479e-05,7.436558e-05,-6.845238e-05,-4.7018446e-05,5.403444e-05,0.00014541254,-0.00019250075,-3.8041388e-05
HIV1246_AF324493_5,9.5456315e-05,-1.5456902e-05,8.877681e-05,0.00012773057,-0.00014768538,0.00018983774,-9.82635e-05,7.082499e-05,0.00017790144,6.389757e-05,0.00015543439,5.246596e-05,-8.4055675e-05,-3.2852088e-06,-7.67711e-05,3.848173e-05,-0.00010401309,5.2028427e-05,-8.084096e-06,0.00012459875,-1.6033067e-05,0.00010513865,0.000111455556,8.999417e-05,-0.0001597481,0.00013745934,5.094693e-06,-6.971759e-05,-1.6186017e-05,-1.10186924e-07,-0.00016052066,0.00024455434,-1.9776665e-07,-2.6459502e-06,-0.00018447757,-0.00027997754,8.316242e-06,0.00019045714,-0.00019105843,0.00014175306,8.439483e-05,0.00027059962,0.00012253386,-0.00024257354,5.6950637e-05,6.685212e-05,2.8758517e-05,5.1459274e-06,-5.290239e-05,0.00019228691
HIV1154_K02013_3,3.0872452e-05,6.3512656e-05,-4.485739e-06,-5.1520033e-06,-2.9072271e-05,3.8509468e-05,-7.593694e-05,3.5572342e-05,-9.3822775e-05,-9.867399e-05,0.00019575465,-5.482471e-05,3.2877226e-05,-4.382285e-05,7.869088e-05,0.00012022422,-2.3341467e-05,5.4247987e-05,7.9901554e-05,2.6676447e-05,7.080296e-05,-1.7361886e-05,-0.00021138269,-6.221595e-05,0.00017060178,-3.5662182e-05,-6.143312e-05,0.00014437338,-3.842057e-05,0.0001364411,0.00024301138,4.4666358e-05,-5.4811935e-05,-6.1124642e-06,-2.6410029e-05,7.907817e-06,-3.805376e-05,2.0699166e-05,0.00010593755,4.957522e-06,0.00021462001,-7.462372e-05,-2.4319745e-06,0.00011425126,-1.669467e-05,0.00024052612,6.601373e-05,-2.2095222e-05,0.00017853736,5.2433297e-05
HIV1267_AF324493_5,4.2695934e-05,0.00013454116,6.2214135e-06,-8.616176e-05,0.00019575286,0.00016710027,6.570284e-05,0.00014689103,-1.592017e-05,-0.000104517865,4.7031677e-05,5.862005e-06,7.479485e-05,-5.6731627e-05,7.26175e-05,7.447013e-05,1.8135897e-05,-1.6733116e-05,-8.355354e-05,7.823297e-05,5.061222e-05,0.00019415145,2.9690824e-05,5.031386e-05,0.00024259559,0.00010604776,-7.6111595e-05,0.00019669966,-1.5678383e-05,-0.00014066725,8.395242e-05,0.00016772324,-0.00010255771,-0.00012245745,0.00021936427,5.6718756e-05,7.18723e-05,9.659583e-05,-1.3090697e-05,6.45353e-05,0.00017397689,9.3302246e-05,0.00012555871,7.801926e-05,-6.380136e-05,-3.829911e-05,0.00011978958,3.3603537e-05,-0.00018298614,6.0754737e-05
HIV1468_AF324493_5,9.4173425e-05,-0.00018300518,0.00013473406,-0.0001735896,4.1915664e-05,-0.00019019263,-5.2146697e-05,-1.3519993e-06,-1.7962768e-05,-7.456486e-05,-2.3933295e-05,-3.4801797e-05,4.104112e-05,1.3470001e-05,-8.3557265e-05,-6.999522e-05,3.779262e-05,0.00015502538,-2.2714956e-05,0.00022064043,9.7275406e-05,-1.4110798e-05,-6.6827895e-05,9.392564e-05,3.4063796e-06,3.0070974e-05,0.00010401511,-3.037923e-05,6.8391295e-05,-6.6817374e-05,0.000101390615,-5.0933922e-05,0.00015616242,2.3330951e-05,0.00013061364,-0.00010390741,0.00011182481,0.0001758866,-1.0035397e-05,0.00012136815,0.00011324059,-1.2380985e-05,0.0002758535,0.00012227232,0.0001592922,0.0001816404,0.00016343972,0.00018981098,0.0001787399,7.2963944e-06
HIV1376_AF324493_1,8.029029e-05,0.00014600871,-0.00011399571,-6.265507e-06,7.7419565e-05,-0.00013746449,-1.3447498e-05,4.2326676e-05,3.0500249e-05,4.3416017e-05,6.3124717e-06,-3.620248e-05,6.899287e-05,-3.6555317e-05,-7.399639e-05,5.9575905e-05,-6.5297114e-05,-2.4695291e-05,0.00011197827,0.000101691185,-6.653817e-05,6.756279e-05,-9.5418094e-05,-1.8918792e-05,-9.932224e-05,3.9587627e-05,9.707368e-05,-4.277986e-05,-4.3807835e-05,0.00022669056,1.6582557e-05,-9.085519e-05,-3.607674e-05,-2.204265e-05,-4.9758974e-06,4.55347e-05,0.00012054655,0.00016439879,-7.2300616e-05,3.3178945e-05,8.558793e-05,0.00018936333,0.00010084687,9.747681e-05,-2.979185e-06,-2.3139767e-06,-4.5663975e-05,0.00015024496,2.3959257e-05,-8.30444e-05
HIV1450_AF324493_3,-6.0388e-05,4.5885416e-05,-1.3504831e-05,0.00012969757,8.0384016e-05,0.00010601943,-0.00022046255,-0.00019308255,0.00014400047,6.037873e-05,0.000121210454,3.6275364e-05,8.817196e-05,0.00016380806,-2.0781148e-05,5.2765095e-05,4.863089e-05,4.5430865e-05,5.2660995e-05,3.8132707e-06,9.0642236e-05,-1.9535e-05,-0.00013753862,-6.139477e-07,-2.1262693e-07,0.00014201012,5.9955078e-06,-0.00015691381,5.5973436e-05,0.00020880575,2.4619694e-05,-2.6354819e-05,1.6926231e-05,-3.5368343e-05,8.69135e-05,-8.688813e-06,0.0001466527,6.254535e-05,-2.5252597e-05,1.5276402e-05,-9.898219e-05,6.9051785e-06,-1.707593e-05,-0.000162523,0.00013792052,0.00014739744,-0.00011768051,-7.14817e-05,0.00011151351,-6.337453e-05
HIV1356_AB052995_4,-7.913119e-05,0.000112189475,0.00011671315,-9.433628e-06,0.00013453886,-9.378733e-06,0.00019682068,5.5393986e-05,0.00020833513,0.00015475195,6.0712406e-05,-6.66626e-06,6.456554e-05,-2.089462e-06,7.4382675e-05,-7.332415e-05,0.0002190728,2.3061153e-05,0.00033270044,-1.4151387e-05,0.00020903474,3.6976056e-05,0.0001738494,-4.699905e-05,-1.3402817e-05,7.742786e-05,4.4015836e-05,9.561344e-05,-7.26472e-05,0.00012185205,4.0007144e-05,7.8048535e-05,0.00017776346,-8.979103e-05,-3.1929296e-05,0.0001676894,-8.9175875e-05,-2.3969766e-05,-4.296197e-05,0.00013277955,6.046984e-05,0.0001231354,2.84302e-05,0.00024046187,3.1396976e-05,3.35653e-05,-3.5068922e-05,-5.5845994e-05,-9.1554575e-05,1.359751e-05
HIV1502_AF324493_8,5.6046956e-05,0.00010650026,0.00011561607,8.9569825e-05,-6.718648e-05,-5.7275687e-05,-3.110294e-05,1.9737476e-05,-0.00013116916,-2.8959637e-05,9.7748256e-05,3.7070454e-06,-2.300579e-06,6.43875e-05,0.00012518963,-0.00012822435,-1.7520237e-05,4.816977e-05,-7.453936e-05,0.00014470745,-0.000121086116,3.8075752e-05,-8.31956e-05,4.0488765e-05,-2.0588885e-05,4.9228e-05,0.00014147982,3.7271784e-05,0.00017871594,0.00012587475,-0.00013323166,0.00011574813,-0.00013077966,5.1761188e-05,2.419152e-05,4.205605e-05,0.00017631265,2.0239575e-05,0.00015466775,-6.3155174e-05,-5.5868048e-05,6.5647655e-05,-6.818851e-05,-4.6256542e-07,-2.1730924e-05,4.945896e-05,-0.00012248155,0.00016757484,-0.00010628976,7.290731e-05
HIV1145_K02013_3,0.00012692263,-0.00012727123,-9.022032e-07,-3.452759e-05,0.00010305163,-2.6771779e-05,-5.0417407e-06,-8.307597e-05,-2.5112744e-05,0.00011638992,9.662297e-05,-0.000177261,-4.821698e-05,2.997742e-05,-2.3481327e-05,-8.698237e-05,-9.600156e-05,-5.150338e-05,-5.0502847e-05,7.7272125e-05,0.00020666813,0.00017726199,7.614964e-05,0.00018655759,0.00010308953,0.00011372037,0.00012415792,0.00019572976,5.743839e-05,2.8205124e-05,-3.4240336e-05,7.970261e-05,0.00010499555,0.00016756012,0.00012452216,6.222316e-05,-4.8318052e-05,5.0599636e-05,-4.390045e-05,-7.4374075e-05,-0.00012466726,8.529775e-05,9.2487324e-05,6.953651e-05,3.0110723e-06,0.00018436764,9.132005e-05,0.00012483197,3.3499325e-07,-0.0001574592
HIV1042_AF324493_6,0.00018167215,1.12764565e-05,-0.000121889534,-0.00018787227,1.3501807e-05,-1.9556286e-05,-2.273117e-05,4.557417e-05,4.721032e-05,4.32152e-06,-1.3649292e-06,-0.00013545186,7.191846e-05,0.00012498818,-4.979403e-05,-0.00018760466,-3.6880025e-05,0.00017089582,0.00013563885,7.5767086e-05,-8.137529e-05,-9.5107e-06,6.2461695e-05,-7.365295e-05,9.1038775e-05,4.8828624e-05,2.2936249e-05,4.4475168e-05,0.00016465285,-7.759073e-05,0.00011175931,2.864655e-05,0.00011962908,-7.5184835e-05,0.00013161045,2.0760797e-05,4.685252e-05,-0.000114853785,2.0947198e-05,-2.5113446e-05,0.0002927892,0.00022293687,-5.8326328e-05,-0.000110293295,-4.4542976e-06,0.00014781997,5.0072926e-05,0.00015769633,-4.530025e-05,-0.0002265947
HIV1552_AF324493_1,-5.0522478e-05,0.00015051189,9.828945e-05,-8.710264e-05,1.542549e-05,0.00010800247,-2.7000731e-05,-1.1598655e-05,-0.00010053649,0.00015547355,0.00013155804,-3.6979072e-05,0.0001107114,0.00015438106,0.00010195384,-2.0190082e-05,2.450002e-05,1.2501799e-05,3.0668202e-06,5.77696e-06,0.00028409212,9.301094e-05,5.1302603e-05,6.379058e-05,-7.3812946e-05,0.00016587714,-5.9528297e-06,-0.0001282122,-5.0194325e-05,4.00986e-05,1.5750767e-05,-8.2046914e-05,0.0001285551,-4.7185364e-05,2.6429689e-05,-5.4677155e-05,-5.141428e-05,8.399162e-05,1.711213e-05,0.00015322444,-4.830075e-06,7.730713e-05,-2.8728498e-05,0.00010548649,-7.2287294e-05,9.7512086e-05,7.0507434e-05,7.5613316e-05,1.1218263e-05,-5.910556e-05
HIV1634_AF324493_3,-4.665198e-05,-0.00013823043,-0.0001294715,0.00013318165,9.1445225e-05,-8.957037e-05,8.13431e-06,6.257398e-05,0.0002063101,0.00011499822,0.0002254045,-3.4550103e-05,-4.6620757e-05,-0.0003280008,8.634834e-05,-6.130169e-05,-3.7643204e-05,7.6702425e-05,5.992473e-05,5.213961e-05,-6.51917e-05,-8.485721e-05,0.00019012862,-7.830662e-05,-0.0001620396,-0.0001163652,4.478757e-05,8.1682316e-05,-0.0001291462,9.277152e-05,0.00010157864,2.4209698e-06,-0.00012224771,2.8155056e-05,3.38905e-05,0.00016044118,-5.7632773e-05,6.1263185e-05,4.405799e-05,0.00010650933,-7.345483e-05,0.00016329797,0.00011939058,9.11206e-06,0.00012646592,-3.4831505e-06,-9.8303084e-05,2.1814969e-05,0.0001330144,-0.000115829906
HIV1149_K02013_3,4.3894389e-07,-3.743507e-05,2.3926552e-05,-7.708296e-06,-7.2553867e-06,-2.843147e-05,6.939384e-05,-1.0880749e-05,0.00016681242,0.000112534384,-4.4172168e-05,0.00013684687,1.907183e-06,-0.00010161624,4.0241594e-05,2.509477e-05,-0.000106414554,0.00012220907,-0.00010700811,0.00013961957,6.426515e-05,4.3012562e-05,8.1585014e-05,0.00010485294,-7.380192e-05,0.00018855676,-0.00012576183,-8.777272e-05,8.2171275e-05,8.824636e-05,0.00018995604,1.5964177e-05,7.701784e-05,-2.3462017e-05,-1.4769414e-05,-0.00016360615,1.6769642e-05,0.00010480911,0.00011347755,9.591957e-05,1.7468015e-05,0.0002545301,0.00021344087,0.000113390444,0.00014287763,2.6783739e-05,0.00010046971,0.0002648033,-0.000121684636,0.00016401046
HIV1003_EU541617_2,0.00013553642,3.3199583e-05,1.7170559e-06,0.000107990265,-1.16382735e-05,-3.1251635e-05,-2.4220875e-05,-6.656413e-05,7.366565e-05,1.1196021e-05,6.011345e-05,4.630428e-05,-2.6695228e-05,9.921338e-05,7.142472e-05,-7.614826e-05,-0.00016715199,-3.073114e-05,0.000105153966,7.257078e-05,-5.558558e-05,-6.9299776e-06,-9.735059e-05,-1.1927786e-05,-0.00019736314,0.0002985207,8.793597e-05,0.000110045694,-3.9324834e-05,0.00017449961,0.00021455063,0.00010412582,-5.0207458e-05,0.00023047584,3.944328e-05,4.9437196e-05,7.956391e-05,-7.991105e-05,-2.1212918e-05,-7.1839977e-06,0.0001127346,3.743788e-05,-5.4425433e-05,-3.162282e-05,-0.00011427959,0.000111479894,-3.3930082e-05,0.00012659558,-2.136604e-05,-1.0363705e-05
HIV1014_EU541617_1,8.951527e-06,-7.643697e-06,-2.020113e-05,3.6822912e-05,5.577673e-05,-3.933218e-05,7.5106276e-05,-0.00010279235,2.5557556e-05,-1.637971e-05,-5.827083e-06,-2.0066995e-05,0.00014078914,0.00010107511,-8.324511e-05,0.0001555042,2.6806024e-06,7.935658e-05,-4.3557633e-05,-9.668379e-05,0.0001660218,0.0001678003,-0.00015940472,1.8600911e-06,-2.5054167e-05,3.7990358e-05,-2.3819186e-05,7.394187e-05,1.2788104e-05,0.0001660699,-3.1578507e-05,8.361742e-05,-7.6472745e-05,0.00018210942,4.7187464e-06,2.1188995e-05,0.00017726293,-0.00012029536,0.00017415223,1.8255856e-05,6.692493e-05,-4.0995943e-05,2.5157035e-05,-0.00013327427,-2.288201e-05,0.00017297416,2.8460903e-05,9.2978014e-05,-6.554343e-05,-0.000106359075
HIV1195_K02013_6,4.3131735e-05,-7.479293e-05,3.205922e-05,9.6198484e-05,0.00012670887,9.708159e-05,-0.00014054398,0.00012633776,8.7117705e-06,-7.035751e-05,-2.3853601e-05,-9.213188e-05,9.107152e-05,0.00015364816,-8.357552e-05,0.00012519564,-0.000112561785,-6.0406634e-05,6.103264e-05,-2.9376188e-05,9.243864e-06,0.00017839127,4.549246e-05,3.1998406e-05,3.3447766e-05,-6.2632374e-05,8.228435e-05,-0.00010165645,5.2432108e-05,-2.5987047e-05,0.00017117085,-1.2783073e-05,7.822666e-05,1.184836e-05,0.0001359506,5.232465e-05,-4.9048518e-05,3.2487926e-05,-0.00021479506,2.8607774e-05,4.5096192e-05,-5.266046e-05,3.251893e-05,5.681848e-06,0.0001217909,1.7249631e-05,3.6938425e-05,1.4426049e-05,7.281423e-05,-4.8997506e-05
HIV1265_AF324493_5,-4.9156457e-05,0.00020016852,0.00010762996,-7.482868e-05,-7.209864e-05,-7.50587e-05,7.9522026e-05,-2.4117446e-05,0.00013780735,8.336729e-06,3.097256e-05,6.44703e-05,-0.0001672264,-5.9253293e-06,0.00017204875,0.00032062043,5.0115326e-05,6.418013e-05,0.00021610357,0.00012327998,7.351976e-05,8.9066896e-05,-1.7076887e-05,-4.7516667e-05,-0.00016076436,0.00011331642,7.971168e-05,5.1373776e-05,0.000108554355,4.6038553e-05,4.7553476e-05,-3.120332e-05,0.00014690096,-3.4589753e-05,-1.3524591e-05,-0.0001979971,-0.00021479496,-3.326863e-05,-1.4059246e-05,-1.0855885e-06,-0.00013462352,6.132263e-05,-3.3676192e-06,4.029066e-05,0.00021070575,-0.00010992399,9.230778e-05,-1.2130931e-06,-0.00012543063,2.6494143e-05
HIV1090_AF324493_9,-0.0001269706,0.00011235735,-1.4652246e-06,7.400229e-05,4.9427836e-05,7.2896095e-05,4.1782296e-05,0.00011265585,-9.3368335e-06,8.784696e-05,-0.00012380948,-0.00014906512,-0.00012104912,0.00015374561,-0.00013862316,0.00021487332,-0.00019933692,-8.979065e-05,-9.881298e-05,-2.3128012e-05,0.00030637102,7.478762e-05,-9.0235735e-05,0.00017936956,1.1852183e-06,-0.00010953921,-9.2033915e-06,3.1324267e-05,-4.668783e-05,0.00012354337,-8.281031e-05,-5.439923e-06,-8.2286743e-07,0.00012215319,-4.4514745e-05,0.00010637324,0.00016745125,-0.00012098082,-6.0355633e-05,-8.648643e-05,-1.2594764e-05,2.755198e-05,9.32005e-05,6.694455e-05,4.8591673e-06,-3.6901725e-05,-1.4231446e-05,-1.5724389e-05,-4.3977583e-05,0.00012305372
HIV1192_K02013_5,6.4032465e-05,2.9333041e-05,0.00015558966,8.12784e-06,0.00011214813,-0.00010400386,7.720466e-05,6.743884e-06,-3.4810306e-05,-7.857997e-05,2.2438811e-05,0.000102000304,0.00015861506,0.00017700242,0.00010059385,0.00012413712,0.00017910103,9.192526e-05,-3.1994932e-05,1.422088e-05,-4.1543408e-05,-7.011761e-05,0.00010715182,5.8451595e-05,-7.962212e-05,7.902224e-05,3.9521186e-05,8.166365e-05,0.00016110003,-0.00017613654,8.894738e-05,0.0001457401,0.00024179905,0.00011287075,7.362077e-05,-5.2481544e-05,-3.323938e-05,-1.6485556e-05,1.7116872e-05,0.000120485056,-5.7467456e-05,3.0159454e-05,4.739876e-05,-9.224472e-05,-0.00010604554,9.590134e-05,0.00011632685,-6.8086425e-05,0.00028964708,-3.2574946e-05
HIV1406_K02013_1,3.3882483e-05,2.8721513e-05,3.5444074e-05,-1.6557788e-05,6.153588e-05,3.5500412e-05,2.02583e-05,-1.2849272e-06,9.8532015e-05,4.9061855e-05,0.00015510597,0.000257477,4.9271257e-06,0.00011797667,0.00023445058,0.0001641454,4.355863e-05,0.000114328235,-5.609538e-05,-0.00014065811,-2.8792381e-05,-0.00013296847,-7.0687e-05,0.00014183258,-3.933158e-05,-4.377565e-05,-0.00016887739,1.773251e-05,-4.3998683e-05,0.0001338805,8.018026e-05,3.5329318e-05,9.8349614e-05,4.349995e-05,-0.0001231515,-8.359994e-05,0.00019406642,-2.9270606e-05,-3.1951633e-05,7.468788e-05,-2.8580323e-05,0.00011764516,-4.7161604e-05,-0.000115159375,-1.4557573e-05,0.00017092378,0.000102612146,-3.5954177e-05,6.4072774e-05,-9.38334e-05
HIV1108_AF324493_5,6.157024e-05,0.00025786238,7.306221e-05,0.000106123865,9.920158e-05,-2.077702e-05,8.364395e-05,8.67426e-05,-1.11848885e-05,0.00011556684,-3.685427e-05,6.1848885e-05,-7.894288e-05,-0.00011410168,-3.794842e-05,-1.39411e-05,8.867678e-05,-3.9187216e-05,-4.8213962e-05,3.3761873e-05,0.00011895565,0.00013015042,-6.5070712e-06,0.00011566528,0.00018359598,7.44955e-05,0.00012424326,-3.5085817e-05,5.04334e-05,5.534867e-05,4.411623e-06,-7.313942e-05,5.3343574e-05,3.4757693e-05,-7.1005047e-06,-0.0002214878,0.00020822366,-2.9664061e-05,0.00015688252,-9.1587975e-07,-1.5582593e-05,0.0002691784,0.00010869845,0.00012963751,0.00012660457,-9.894094e-06,5.074031e-05,-9.970319e-05,6.204091e-06,-2.8265235e-05
HIV1379_AF324493_1,0.00017925882,-6.282574e-05,-4.5613353e-05,-5.7598314e-05,6.583251e-05,-0.00010341903,-1.108244e-05,0.00011447314,0.00017296783,9.659427e-05,2.8468448e-06,-6.0418584e-05,-6.604511e-05,-3.751019e-05,-0.00011710313,5.3608477e-05,2.4836618e-05,-6.0097642e-05,-2.9335411e-05,-0.00010137982,0.000120302364,0.00011305044,0.00017023695,2.4894061e-05,-5.097326e-05,6.1969906e-05,0.00010606397,3.7420134e-05,7.66408e-05,-8.898383e-05,-0.00014711476,-2.9395393e-05,-9.7591714e-05,9.556253e-05,0.00015071045,-8.9157795e-05,3.1445306e-05,3.80474e-05,-2.678066e-06,-3.9691342e-05,-0.00027322554,-2.6862386e-05,-3.017935e-05,8.485953e-05,-6.725328e-05,-4.3665743e-05,8.644461e-05,-3.908423e-05,8.679094e-05,-9.289694e-05
HIV1359_AB052995_5,2.6636122e-05,4.1490075e-05,-0.00014475177,0.0001292423,-9.9007884e-05,-2.7840159e-05,-1.1063745e-05,-5.990645e-05,-5.787007e-05,0.00013071776,0.0002020659,0.00020449545,-3.2064167e-05,-0.00015356542,-0.00012999956,6.2551524e-05,4.638582e-05,-8.7173496e-05,2.2704466e-05,4.516217e-05,0.00012977426,-3.8527246e-06,9.291286e-05,0.00012266712,1.877188e-05,-0.00014413976,-2.0030045e-06,0.00011025871,-0.00011344488,-1.4656529e-05,7.355698e-05,0.00013279013,0.00010423374,0.000104509425,-6.976573e-06,1.283896e-05,0.00016941573,-3.5118966e-05,7.6894496e-05,-8.117526e-05,0.00023548913,0.00015413368,-0.000104610976,-0.00010844053,9.570611e-05,4.488322e-05,-6.634251e-05,-1.33616395e-05,-4.1100233e-05,8.058285e-05
HIV1054_AF324493_6,6.371523e-05,0.00010462194,8.222406e-05,-5.246271e-05,0.00012882157,-5.8024e-05,0.00017225252,6.265923e-05,3.195472e-05,-4.9639424e-05,-7.135301e-05,-0.00011525558,0.00026061237,3.089452e-05,3.0343035e-05,1.963672e-05,3.7867983e-05,-1.0763874e-05,8.4416686e-05,5.266243e-05,-3.4818142e-05,5.9153852e-05,-0.00026165944,6.606003e-05,1.1032843e-05,0.00012527007,2.658182e-05,9.791145e-05,-0.00013491331,-3.2819597e-05,1.8760062e-05,-1.3506127e-05,-6.508737e-05,4.313012e-05,0.00021580356,0.00010220808,-7.834433e-05,0.00012046917,5.324931e-05,9.931951e-05,-2.9882285e-05,0.00014264691,3.934748e-05,-0.00013649353,4.6722318e-05,0.0001025275,2.5933223e-05,2.3263556e-05,-5.0584236e-05,0.00012512488
HIV1278_EU541617_1,-6.931686e-07,0.00015301259,0.00031792457,7.152145e-05,-7.564621e-05,6.36139e-05,0.00019432613,6.7066256e-05,-3.861864e-05,3.3409506e-05,0.00012322013,0.00010426113,-2.5168183e-05,2.9339146e-06,4.3828354e-07,0.00013490544,0.00015094517,-2.7978802e-05,-1.707696e-05,-0.00023709534,-8.764174e-05,-9.126812e-05,3.379404e-05,0.000107525266,7.119234e-05,-3.3092265e-06,0.00014278204,-5.0668645e-05,9.4866904e-05,-0.00013663688,4.2859207e-05,-3.1787888e-06,3.206834e-05,0.00022218625,-2.3399349e-05,-5.1249997e-05,-1.5621566e-05,0.0001423455,-2.559592e-05,-6.200966e-05,7.852237e-05,6.790137e-05,6.36041e-05,-1.6961474e-05,-0.000110654,0.00013129014,-0.00018296091,8.48642e-05,3.98509e-05,-4.3460364e-05
HIV1137_K02013_2,0.000100049016,4.2553893e-05,0.00015687116,5.8356705e-05,-7.104434e-06,0.00018932401,1.6944336e-05,1.4883868e-05,-1.862673e-06,0.00014300308,6.436972e-05,-0.00014336157,6.5502136e-05,8.664483e-05,5.6891167e-05,-3.951677e-05,-1.2030256e-05,-7.181433e-05,0.00025204726,5.807895e-05,-5.883043e-05,3.142625e-05,0.00015352925,-9.406731e-05,0.0001558605,-3.0448084e-05,9.469168e-05,6.887497e-05,-0.00013040373,-8.9280096e-05,-1.352286e-05,-2.2845763e-05,1.1799524e-05,0.00021185404,5.8057398e-05,7.0749025e-05,2.6287425e-05,-6.156676e-05,-6.5121417e-06,8.7835315e-06,0.00013151631,9.8582736e-05,-1.938215e-05,0.00015514676,-1.0958476e-05,0.00017751304,2.2246843e-06,0.00015256333,0.00021599137,3.907609e-05
HIV1329_AB023804_3,0.000104429884,0.0002094194,-5.056653e-05,0.00018051565,6.135617e-05,-5.1067695e-05,8.543496e-07,0.00010682948,0.00013997086,-0.00015235697,-3.7289406e-05,-3.3708516e-06,4.4333385e-05,6.0324386e-05,0.00022164911,9.541826e-06,-2.8277806e-05,4.6869674e-05,-6.0074624e-05,0.00024772756,-5.7622678e-05,0.00014834588,-0.00014473715,0.000104138715,-8.197674e-05,-5.7898716e-05,-4.298341e-05,9.3427894e-05,0.00011616392,0.00020493634,5.946055e-05,5.937058e-05,-1.5901824e-05,-7.427661e-05,-3.4723555e-05,0.0002965056,0.00013443343,-8.574351e-05,-3.892508e-05,-0.00017321519,-1.7262748e-05,-0.000120480145,0.00017532,-8.534539e-05,7.833624e-05,-3.226076e-05,-4.9259637e-05,-2.1709475e-06,-9.0965776e-05,0.0001011879
HIV1553_AF324493_1,-6.0269034e-05,-0.00016533975,5.5878027e-05,0.00014999691,-7.229845e-05,-0.00011392469,-0.00012731497,-0.00010464791,-8.342117e-05,1.6056998e-05,0.00014174466,1.6443426e-05,4.0107123e-05,-0.00010137769,0.00014742467,-2.7247133e-05,0.00020321363,6.904552e-05,6.3774685e-05,2.0538282e-05,4.5063356e-05,9.437533e-05,-6.109117e-05,-7.115867e-05,4.8953693e-06,7.8765064e-05,2.8551598e-05,-3.1853004e-05,-7.260337e-05,0.00016728792,-7.776812e-06,7.5635115e-05,-5.7704136e-05,-4.5172204e-05,8.176019e-05,-5.2447314e-05,0.00013402411,9.3045186e-05,-8.3069244e-05,-0.0001722504,-6.7631045e-05,-0.00016746864,0.00020734975,-6.562674e-05,6.860601e-05,0.00011421891,6.93077e-05,3.876472e-05,5.557902e-05,9.399083e-05
HIV1631_AF324493_3,-5.2966112e-05,4.241362e-05,0.00014295476,-4.6854027e-05,0.00023015593,2.2277778e-05,-3.011577e-05,0.00016119449,9.977016e-05,0.0001010869,0.00020693777,-5.842302e-05,-6.7445064e-05,0.000118570846,2.7345022e-05,0.00011023562,0.00020394473,0.00013794698,8.4252104e-05,9.6204705e-05,9.1082096e-05,0.00013097223,5.2055253e-05,7.852784e-05,0.00020025237,4.8363374e-05,-3.6531196e-06,6.404552e-05,-2.617491e-05,1.0704414e-05,8.952867e-05,0.00011626298,-0.0001637507,4.4089134e-05,-8.6784e-05,-3.4549754e-05,6.164831e-05,-0.00011000238,2.2524611e-05,0.00015280368,-0.000113822665,6.8267786e-05,1.8813867e-05,0.00015023179,0.00011851682,-4.84064e-05,-5.068345e-05,3.0289868e-05,-0.00011903255,-8.5279105e-05
HIV1109_AF324493_9,7.1866525e-05,0.000114702016,5.2282834e-05,-2.8658022e-05,-4.503114e-05,0.00020417648,-4.207188e-05,8.551127e-05,8.331712e-05,-0.00012232242,-7.062317e-05,-1.4977561e-05,5.6449346e-05,-9.427334e-05,8.641172e-05,0.00013311357,-0.00017783526,7.447454e-05,-0.0001392554,8.084127e-05,0.0001501039,0.00021459532,0.00011088818,3.719173e-05,-2.3949124e-05,3.1157793e-05,-3.2007197e-06,4.983612e-05,9.7159114e-05,0.000121723795,0.0002030097,-6.4156535e-05,2.5330251e-05,0.00013997323,1.5528896e-05,3.7469683e-05,7.2723065e-05,0.0001637781,2.779775e-05,0.00010638618,1.2720551e-05,-0.00022171349,0.00012675792,-7.398428e-05,-4.885211e-05,1.8868493e-05,-0.0001493536,-0.00010342695,-0.00020004404,7.150974e-05
HIV1275_EU541617_1,1.9291385e-05,2.3159731e-05,0.00014980804,-0.00012599406,2.8727056e-05,7.3277486e-05,5.448817e-05,0.00013413007,9.308877e-05,-0.00018049851,-2.1061309e-05,2.5806647e-05,0.00017222427,5.7824735e-05,0.00019709348,-5.9451802e-05,-0.00015544202,5.559318e-05,4.4830227e-05,-4.354067e-05,3.2145817e-06,4.8475104e-05,6.017768e-05,-5.7486526e-05,0.00015050524,0.00011705283,-0.00012079105,-0.0001098948,0.0001743564,-6.511295e-06,0.00013524671,-4.164616e-06,3.898659e-05,-1.7278602e-05,5.2183674e-05,8.8012646e-05,4.1196476e-05,-9.048989e-05,0.00015987111,3.8692933e-06,-0.00019776067,-3.609399e-05,5.0129158e-05,-2.2212572e-07,5.9552825e-05,-8.146895e-05,2.5116451e-05,-9.708057e-05,7.927144e-05,1.0419732e-05
HIV1482_AF324493_6,2.3525312e-05,3.3353568e-05,0.0001086561,-0.00012921657,1.8466173e-05,-0.00013645108,0.00019178238,0.00012063305,3.789593e-05,-4.410384e-05,9.4614035e-05,2.348098e-05,-0.000117668846,9.219356e-05,7.780375e-05,-5.1261504e-05,3.5617344e-05,0.00017073742,0.00015826311,-2.0171038e-07,-6.936687e-05,4.9590403e-06,-5.432554e-05,-4.227251e-05,2.5315618e-05,-3.7263395e-05,-3.386921e-05,0.00011379045,-0.00016769109,8.583344e-05,-8.820714e-05,8.042819e-05,-0.00013637188,0.00014692068,-3.6078985e-05,-0.00010264955,0.00014154342,8.056276e-05,5.3210963e-05,-3.1043477e-05,5.340074e-05,0.00011579617,0.00014927286,0.00017053992,-4.9964416e-05,6.3505795e-05,1.9265133e-05,5.2021358e-05,0.00013099967,1.7915896e-05
HIV1394_AF324493_1,-2.2429492e-06,6.43174e-05,0.0001536359,0.00020571037,-8.122648e-05,5.7730926e-05,0.000108356966,-9.1653834e-05,0.000114818446,0.00022946071,7.141039e-06,-6.932407e-05,-0.00014790383,-7.1864844e-05,4.4787364e-05,3.7022164e-05,3.3281263e-05,2.6693418e-05,4.7598303e-05,-0.00011440097,1.3977832e-05,-6.7312735e-06,4.1265946e-05,-3.767295e-05,-0.00015911215,0.000115122784,3.8104456e-05,-0.00014622477,9.789808e-05,-3.1891926e-05,-2.5406523e-05,0.00028549833,5.7461788e-05,-4.9023667e-05,-0.00014394612,0.00011187695,-0.000100338344,-8.4757485e-05,0.00010188233,0.0002126863,-3.083182e-05,4.2135704e-05,0.00015691185,0.00013636435,0.00013062402,-4.1631774e-05,6.683155e-05,-0.0001222905,-8.6883505e-05,1.1329888e-05
HIV1635_AF324493_3,-6.977751e-05,0.00012712702,0.00012391293,0.00017625614,9.742355e-05,7.809641e-05,-0.00021720234,2.6325462e-05,2.0650876e-05,-5.2045933e-05,-3.8807966e-06,8.8735425e-05,0.00022672825,8.4915846e-05,-0.00010925093,6.8540285e-05,0.0003052846,6.360165e-05,0.00014894104,0.00014028545,-5.9387687e-05,0.00013546392,0.0001300193,0.00014844928,-8.383524e-05,6.264257e-05,8.625856e-05,4.791181e-05,-0.00013834,-0.00010755332,3.685604e-05,2.380476e-05,5.691745e-05,-8.591894e-05,8.241496e-05,6.4189684e-05,0.00015718058,-6.818343e-07,6.303662e-05,3.548558e-05,0.0001180899,0.00020759006,4.566612e-05,-4.117786e-05,-2.0816775e-05,-0.00013356288,0.0001120045,-4.9244227e-06,0.000118157746,-5.9510225e-05
HIV1076_AF324493_2,0.00010453927,9.630285e-05,5.1286814e-05,-2.8533346e-05,7.250308e-05,7.365189e-05,6.754998e-05,-3.3439217e-06,9.554658e-05,-8.1149235e-05,-3.2825636e-05,5.4500433e-05,-8.78114e-05,-5.816992e-05,1.3679769e-05,-0.000100563164,8.566328e-05,0.00012691237,0.00033605058,6.403471e-05,6.1266204e-05,8.601773e-05,0.00010101912,0.00010316189,9.748095e-05,-3.3141612e-05,-1.4117104e-05,-0.00012403191,-2.552473e-05,-0.000115388626,7.957367e-05,3.0091302e-05,6.0659688e-05,0.00017949966,-3.3030716e-05,-8.15564e-05,-0.00018862606,-0.000103008664,-0.00012883985,-6.0623028e-05,-0.00016662784,5.2436284e-05,5.5699293e-05,1.9168489e-05,-5.2238887e-05,-0.00011881361,0.00018505257,0.00019063671,0.00015418822,-3.1804946e-05
HIV1091_AF324493_5,0.00012400482,-0.00012132599,0.00021922258,5.1996985e-06,-4.8669568e-05,7.824433e-05,-0.0001061659,8.889938e-06,9.173442e-06,0.00022916847,-7.9430145e-05,0.00025273082,4.8389757e-06,4.2928787e-05,-3.86273e-05,2.2626735e-05,-1.1451576e-05,-9.1399415e-05,0.000113573515,-0.000103164704,5.529483e-05,0.00012178673,4.285976e-05,5.0253046e-05,0.00032474598,0.00016414048,-4.018617e-05,-3.379161e-05,-5.5690216e-05,0.00010371472,0.00013255526,-1.5822148e-05,7.670069e-06,0.00010003532,-0.00012133747,-0.00012615796,-4.7853242e-05,7.067746e-05,-3.346645e-05,8.9107816e-05,0.00010859258,2.5608575e-05,0.00012601343,8.138991e-05,0.0001633178,8.8904824e-05,0.00017957269,7.805053e-05,4.3147767e-05,0.00012135444
HIV1499_AF324493_8,3.724205e-05,9.255517e-05,-4.359511e-05,0.00016444238,2.0549129e-05,0.00010035423,-3.647978e-05,-2.254035e-05,7.4752395e-05,6.6686276e-05,2.558627e-05,-2.9626088e-05,-3.261456e-05,-5.4758034e-06,0.0001247812,8.782291e-05,-0.00017481766,-5.4561588e-05,8.594049e-05,0.000109869674,-7.44524e-06,0.0001400828,-8.303119e-05,-3.190557e-05,-5.9817892e-05,3.0988263e-06,8.794227e-05,9.0909874e-05,0.00017255513,-0.00019259255,-2.8062102e-06,0.00012613644,0.0001473866,-0.00013750016,6.139915e-05,-6.570656e-06,9.016381e-05,-3.38473e-05,0.00013247012,0.00012917239,4.8584596e-05,9.490804e-06,-4.444384e-06,2.30643e-05,-2.969093e-05,3.2964246e-05,0.0001265114,-3.64136e-05,0.00012682518,2.1133303e-05
HIV1428_AF324493_1,0.00020476033,9.497451e-05,-9.196439e-06,-2.743999e-05,-7.428536e-05,8.0098944e-05,0.00024236008,7.2320356e-05,-4.5474815e-05,-6.162525e-05,-9.705246e-05,-0.00016595414,3.2391024e-05,-4.773461e-05,6.022358e-06,8.3238185e-05,-8.161222e-06,-1.9285793e-05,-0.00010260946,7.4198186e-05,9.718965e-05,6.719901e-05,7.796628e-05,-4.509021e-05,-4.8263177e-05,-1.7306342e-05,-9.134333e-06,0.00020467272,-2.3926448e-05,-6.416613e-05,6.329412e-05,4.0688366e-05,7.098608e-05,0.00020751533,5.918132e-05,-6.5660584e-05,-0.00010742634,0.00021657196,-0.00010300128,1.8912471e-05,-8.30569e-05,0.00014559022,9.016409e-05,-1.814299e-05,0.00010573438,8.512277e-05,0.00014872265,-8.897996e-05,-1.1274146e-05,0.00014432413
HIV1476_AF324493_6,0.0001679312,-0.00011743572,6.63657e-05,-4.7193134e-05,-7.100818e-05,0.00027878012,-0.00011437475,0.00015789994,1.918658e-05,0.00012685319,-3.3059725e-05,-2.6390653e-05,2.8134424e-05,0.00017923975,0.00016261236,-6.635226e-05,0.0001569596,3.1943768e-05,5.967215e-05,6.6791545e-05,5.2485917e-05,4.4255827e-05,-0.00015890482,-4.1051087e-05,-7.841627e-06,-0.0001298398,7.621536e-06,2.7408807e-05,0.00020518126,0.00022607826,6.256044e-06,-8.9849535e-05,2.0035357e-05,-8.367824e-05,-6.7205685e-05,0.000114082344,-1.2865537e-06,0.00011037267,-6.744588e-05,6.880117e-05,3.1846823e-05,8.062557e-05,-2.6970501e-05,4.4798933e-05,5.7202382e-05,9.7388984e-05,0.0002045636,6.0923187e-05,8.775512e-05,-4.7362292e-07
HIV1436_AF324493_2,-0.00014581556,0.000107946355,0.000103995844,0.00015214733,0.000116914176,3.8953593e-05,0.00023000628,6.464017e-05,8.340445e-05,-2.4589232e-05,0.000119538505,8.078704e-05,3.480425e-05,0.00013556091,6.331327e-05,4.965444e-05,0.00019933523,0.00015523672,-6.1494095e-05,7.6988494e-05,8.268812e-05,0.000109944325,4.397615e-05,0.0001041721,5.3288306e-05,6.2704756e-05,0.000109834116,-6.950377e-05,5.9807506e-05,5.5950128e-05,-3.8557617e-05,3.1767748e-05,1.2136637e-05,0.000201796,5.7884812e-05,2.0868532e-05,-9.28466e-05,-1.7085083e-06,0.00019446711,-0.0001644292,0.00018554267,9.933288e-05,-9.873023e-05,1.8332788e-05,-2.6867376e-05,0.0001243518,-2.4464573e-05,3.720591e-05,2.27037e-05,6.7088713e-06
HIV1569_AF324493_9,2.635217e-05,0.0001563306,6.0223734e-05,0.00012630905,4.449332e-05,-9.0177295e-05,0.0001291332,-1.6228012e-05,0.00013980005,5.888383e-05,2.300868e-05,0.00021928569,5.0444945e-05,6.971907e-05,0.000113240094,9.476885e-05,3.378671e-05,-0.00015897256,-2.1413174e-05,0.000117692965,-1.6675769e-05,-4.0126342e-05,0.00020451647,-1.7938788e-05,0.0001199,0.00015636579,-2.662886e-05,2.7424117e-05,0.00023391674,-8.925449e-06,7.600369e-05,0.00025383398,3.1330133e-06,0.00011052338,0.00011074021,0.00010344545,-4.5816225e-05,-0.00014342062,7.099918e-05,-0.00021454543,0.00016575093,9.305411e-05,2.2315135e-05,0.00012005549,0.00015295096,1.6014354e-05,-1.525196e-05,-7.543916e-05,0.00015158288,-0.000128963
HIV1118_K02013_1,5.7964124e-05,-2.1018064e-05,0.00012726091,1.6239599e-05,0.00014537478,0.00011994312,-3.8254802e-05,-6.6779794e-05,-3.2633777e-06,0.00026273006,0.00017123026,-0.00011510604,-0.00010536391,-0.00012745512,-4.1656887e-05,9.200488e-05,2.784224e-05,0.00015859307,-1.2452204e-05,0.0001893684,-0.00016827486,0.00019821343,-1.4258551e-05,7.0771624e-05,5.8542932e-06,-6.837863e-05,-9.2634946e-05,-3.0444979e-05,-0.00010888539,-4.8486323e-05,-2.5492682e-05,5.3439428e-05,-3.58489e-05,-1.2854859e-05,1.430476e-05,0.0001344159,3.041658e-05,0.00011725592,-0.0001562307,9.45303e-05,4.9924867e-05,4.7872487e-05,3.2866144e-05,-0.0001898549,8.045667e-05,-4.718308e-06,0.00022278736,0.00011914823,-2.8345283e-05,8.619958e-05
HIV1113_AF324493_1,-0.0001857014,5.1712723e-05,7.775004e-05,-0.00011699247,-7.4122385e-05,1.3627405e-05,-0.00010244143,1.2348673e-05,7.861458e-05,4.57802e-06,3.2889475e-05,0.00010246503,-0.00013413915,-6.502293e-05,-0.00014954175,0.00020083191,7.4349984e-05,-3.0015168e-05,-0.00010468318,0.00019135671,4.7371166e-05,-5.7346173e-05,-0.00010775079,-5.8216643e-05,8.8056855e-05,6.1898027e-06,-0.00010355985,-0.00016075504,6.3352105e-05,6.669403e-05,-0.00019644591,0.0001931858,-2.59732e-05,8.506678e-05,-0.00015171221,-5.1856743e-05,8.688755e-05,-2.6750264e-05,0.00013592985,0.00017931216,-0.000101098725,9.67384e-05,0.0001117542,-0.00010801401,-6.864614e-05,1.3262286e-05,9.806112e-05,-8.018854e-05,0.00014452556,-0.00018840982
HIV1511_AF324493_8,-4.644912e-06,5.2405532e-05,2.929068e-05,1.836052e-05,0.00017498623,7.271859e-05,-3.670256e-05,4.2675187e-05,0.0001242576,6.678767e-05,6.5436296e-05,4.3118607e-06,0.00011584569,8.95553e-05,-2.7939323e-05,-1.0561892e-05,0.00012581254,-7.4256504e-06,-2.4482606e-05,1.2190323e-05,7.343063e-05,-0.00019307129,7.643042e-05,-4.2870326e-07,1.5970283e-05,2.1016389e-05,-9.6916076e-05,9.976018e-05,-0.00014021841,0.00019886794,-6.67569e-05,0.00016253535,-8.6277425e-05,4.224369e-05,-8.081022e-05,-0.00010327649,5.4172164e-05,-3.862005e-05,-7.7762284e-05,0.00012002303,-4.6174475e-05,9.6972304e-05,-4.582433e-05,4.8575395e-05,6.600027e-05,-0.00011495071,0.00019654697,3.369259e-05,-5.465061e-05,-9.624562e-06
HIV1193_K02013_5,3.1939392e-06,0.0001415304,4.8910565e-06,1.2025112e-05,-8.767121e-06,3.071558e-05,-4.211307e-08,3.9820097e-05,9.4086245e-05,8.758011e-05,0.0003013813,0.00011261407,-0.000109407134,7.573522e-05,3.5947884e-05,0.00017724365,-2.2789294e-05,0.00013979386,-1.9013805e-05,1.8064155e-05,0.00010426778,7.29827e-05,-1.031953e-05,-9.726361e-06,3.296983e-05,1.5880398e-05,0.00020351048,-0.00016537806,0.00020472392,-2.7159545e-05,-4.7562302e-05,0.00018659867,5.572893e-05,-4.8563514e-05,9.7558666e-05,0.0001641646,-5.951731e-05,4.5340093e-05,-1.5676336e-05,5.854822e-05,-0.00012334528,-3.8547267e-05,-7.710196e-05,1.3245896e-06,0.00015706959,7.456369e-05,-0.00014778874,5.3227483e-05,1.8967079e-05,-6.035665e-05
HIV1166_K02013_3,3.4680903e-05,6.294427e-05,2.3473892e-06,8.866087e-06,-0.00012610247,0.00014326599,0.00013198137,7.770734e-05,0.00010205801,-7.2332026e-05,0.00012812627,6.485508e-05,-2.7678308e-05,-2.0886378e-05,1.0745543e-05,-4.8344515e-05,0.0002383308,-9.931235e-05,-0.00010019335,1.444557e-06,3.7511167e-05,3.921042e-05,-4.8388418e-05,0.00018823089,-0.00019999393,9.944873e-05,-7.202078e-05,-0.000108516244,4.1405536e-05,-8.058473e-05,0.00020423996,1.3035467e-05,2.0203497e-06,-8.127093e-05,0.00024118225,1.607722e-05,7.461522e-05,1.6204034e-05,0.00011260989,4.2980333e-05,-0.00014558376,2.7215727e-05,3.2619064e-05,6.606404e-05,1.6963718e-06,-5.6018325e-05,7.983099e-06,1.7039076e-05,9.819611e-06,-9.974255e-05
HIV1330_AB023804_3,-3.0425093e-05,2.922422e-05,2.4917957e-05,3.4775672e-05,1.0180423e-05,5.441856e-05,8.728369e-05,-0.0001118532,1.9213621e-05,-9.2405615e-05,-0.00013253144,-7.340657e-05,0.00012435403,6.495847e-05,0.00017975137,6.62594e-05,0.00011057856,5.2305302e-05,-0.0001863727,-7.457563e-05,6.485081e-05,0.0002448133,0.00014249422,0.00010488864,-7.166248e-05,-0.0001821977,-9.163428e-05,0.00019789037,4.4683125e-06,0.00013735412,0.00021268312,-5.5200533e-05,-4.342434e-05,7.156264e-05,-0.00011475022,0.0003058142,-7.1563874e-05,0.00016726888,3.9777555e-05,9.523421e-05,9.326314e-05,8.353657e-05,-0.00011671465,7.083745e-05,-4.5854915e-05,0.00015914565,8.56153e-05,-8.466113e-05,6.833292e-05,2.6983253e-05
HIV1298_K02013_3,3.682355e-05,4.2015105e-05,-0.00014296272,-1.240073e-05,7.507676e-05,0.00022073612,-3.2242217e-05,2.0493311e-05,7.841113e-05,0.00012905596,-7.093848e-05,5.5170236e-05,6.374396e-05,7.5085285e-05,-6.0463003e-06,0.00013732688,-4.7288377e-05,3.7639325e-05,-1.7039072e-05,8.902934e-05,5.863333e-05,6.8067355e-05,6.655292e-05,0.00012342648,1.287798e-05,-0.00011496534,1.9273715e-05,0.00016207267,1.6175203e-05,7.392368e-05,5.154156e-05,-1.8122042e-05,-7.797434e-05,3.374317e-05,2.661869e-05,-2.2712777e-05,-0.00011825545,-1.475127e-05,-1.4188531e-05,1.8114935e-05,0.000101561825,-5.7829548e-05,0.00012721331,-3.6436417e-05,0.00011319931,0.000163301,-8.869047e-05,0.000111083835,-3.112696e-05,-0.00012743915
HIV1022_AF324493_6,1.941609e-05,3.985291e-05,0.0001273676,1.5461841e-05,-2.0034791e-05,-2.1976682e-06,-5.698007e-05,-0.00010608214,0.00015984048,0.00019886595,0.00015410435,3.9422368e-05,-1.0876951e-05,-4.112142e-05,8.440889e-05,8.3941224e-05,8.838273e-05,4.311476e-05,0.00010154319,2.5064357e-05,5.32471e-05,0.0001285207,0.00018251667,-0.00016356126,-6.268531e-05,8.9301015e-05,6.1000836e-05,-0.0001510118,0.00013578325,-4.163652e-05,2.950294e-06,-3.3721866e-05,9.307059e-05,0.00015119524,4.4161883e-05,9.512681e-05,6.754882e-05,0.00011204751,4.7102535e-06,-3.7703794e-05,0.00012770752,-6.591807e-05,0.00011929641,0.00022675295,0.0002421428,-1.4738787e-05,-4.4121316e-05,2.155985e-05,-0.00014168404,-7.028035e-05
HIV1595_K02013_1,-6.658988e-05,-5.863873e-05,7.339011e-05,-4.2948086e-05,6.462416e-05,2.587756e-05,-2.2071472e-05,-0.00024020871,-3.7785223e-05,7.710795e-05,7.722291e-05,0.00016113538,0.00013210451,3.9599785e-05,-0.00019112416,-0.00012156241,-0.000115797906,5.7316887e-05,-5.6485853e-05,0.000102779086,-7.8154626e-05,0.000115191026,0.00012625707,-1.16837155e-05,-0.000104923565,-2.459463e-06,-8.132368e-05,8.748686e-05,-5.4976354e-05,0.00011975212,-2.4473566e-05,0.00012645515,0.000102550635,-0.00014803994,-5.1658866e-05,2.6154197e-05,-6.6075685e-05,2.1948334e-05,7.2194474e-05,2.5012981e-05,5.9584847e-05,-7.9354635e-05,3.4352823e-05,7.9188736e-05,-7.2922034e-05,0.00020521307,0.000106106905,-2.0040148e-05,-5.038449e-05,-4.3522443e-05
HIV1144_K02013_3,0.00011408527,-8.4768966e-05,1.9169643e-06,9.879105e-05,8.908625e-06,1.2331273e-05,8.904556e-06,5.6067664e-05,0.0001422695,-1.2787805e-05,8.524096e-05,-0.00013832946,9.8616416e-05,-2.380782e-05,-5.6537498e-05,2.2128937e-05,-1.2900034e-05,-3.9918024e-05,-0.00013600412,-0.00025221732,2.7695665e-05,-0.00018627387,-0.00010796357,-7.235265e-05,0.000117555515,5.9462673e-05,0.00015995235,5.9784987e-05,0.0002234653,-5.5652497e-05,-8.213812e-05,-8.2176586e-05,-9.070697e-05,-5.5440773e-06,-8.2008555e-05,3.194893e-05,-1.731022e-05,0.00010751061,0.00011067951,-4.2139738e-05,0.00012786071,-3.948929e-06,0.00011225745,9.3981296e-05,4.7574627e-05,0.00021136997,-5.649382e-07,0.00013273845,8.379859e-05,0.00014219295
HIV1464_AF324493_5,0.00011128374,2.093198e-05,-0.00013729894,-5.5503504e-05,-4.8211885e-05,0.00022653425,-0.00012713241,7.168517e-05,0.000119531374,6.75076e-05,-6.199875e-05,6.8185136e-06,9.158823e-05,6.838754e-05,3.763072e-05,0.00022932516,-2.4205854e-05,3.3959037e-05,-0.00011402245,0.00014202537,1.7499989e-06,4.4491626e-05,-4.959582e-05,7.296887e-05,-4.873066e-05,9.58222e-05,0.00014606395,0.00011444619,-1.08301365e-05,0.00018452827,9.816022e-05,1.938264e-05,-4.369863e-05,-8.77183e-05,-2.9382567e-05,0.000116317235,-0.00014905687,8.485921e-06,0.00011975275,0.00012654361,9.502825e-05,0.0002164776,-6.235577e-05,4.933779e-05,0.000119842916,0.0001249091,9.9418634e-05,0.000275266,7.036938e-06,3.4255085e-05
HIV1481_AF324493_6,-4.957712e-05,-0.000117539064,2.061609e-05,-0.00014778048,-0.00014656548,0.00016219134,-3.6580404e-05,-1.6809952e-05,-4.3858206e-05,6.9050286e-05,9.6527045e-05,-8.689547e-05,-8.307161e-05,-1.4704178e-05,7.659812e-05,0.000161256,0.00023434422,-4.167e-06,-8.847024e-05,1.2455734e-05,9.015692e-05,5.3242187e-05,-0.00017775477,6.5277854e-06,1.7464248e-05,0.00011200289,-8.517536e-05,2.2399516e-05,0.00012961219,5.2219744e-05,0.0001449334,-4.069136e-06,-2.116553e-06,7.291371e-05,-4.3466483e-05,-5.5142737e-05,8.284387e-05,-7.803065e-05,0.00016317071,-8.8878325e-05,3.5528217e-05,0.0001756514,-9.992903e-05,-4.598723e-05,-1.2606215e-05,6.572155e-08,-0.00014604095,8.1490936e-05,0.00013093028,8.272628e-05
HIV1286_AB023804_2,-9.923913e-07,2.8511482e-05,1.7544146e-05,-3.0310795e-05,-8.164542e-06,4.424525e-05,-5.4529564e-06,1.7832677e-05,0.00021633452,-2.9405803e-05,5.8469635e-05,8.596534e-05,-0.00012653721,7.967184e-05,8.286309e-05,0.00023134104,0.00010406269,0.00011478927,9.733459e-05,0.0001104095,0.000121623736,2.6558062e-05,7.397397e-05,-0.00013396813,-6.382002e-05,0.00024557402,-0.00013052479,3.4690547e-05,3.4814744e-05,1.3970948e-05,0.00014231852,-3.3439446e-05,9.802344e-05,0.00019559446,-8.464082e-05,-7.164631e-05,1.432166e-05,1.5434021e-05,0.00010265242,4.4620254e-05,1.790629e-05,8.5787186e-05,0.00012641108,8.243978e-06,0.00020903008,1.300873e-05,5.790547e-05,0.00012235419,3.606693e-05,6.0005434e-05
HIV1213_AF324493_6,0.00022559629,3.6499863e-05,-0.0001527754,0.00011701744,1.7140024e-05,1.3796158e-05,2.2745412e-06,1.4962289e-05,-6.203905e-05,1.5231835e-06,3.0522526e-05,4.4696233e-05,-7.146431e-05,0.00024750564,0.000108361884,-1.5323554e-05,-2.51159e-05,-2.0508012e-05,0.00013060744,-7.713135e-05,0.000114807364,4.7759426e-05,2.974691e-05,-1.698983e-05,-1.4449083e-05,2.928184e-05,2.4362644e-05,-0.00019751492,6.146296e-05,-3.8410104e-05,-4.7139878e-05,0.00022974041,-3.9502433e-05,7.932992e-05,-3.6470938e-05,0.00016867093,-7.081299e-05,-9.12862e-05,-0.00015107176,-2.2633414e-05,2.797892e-05,-3.6907553e-05,0.00014184107,7.355118e-05,-7.0341324e-05,-0.0001167866,0.00012267251,0.0002541937,5.3817017e-05,-0.0003358291
HIV1156_K02013_3,6.749515e-05,6.0156464e-05,1.5815433e-05,2.8563589e-05,2.3294462e-05,-7.659707e-05,6.375486e-05,-3.521927e-05,-1.3348441e-05,-1.8616662e-05,7.243076e-05,-8.3877945e-05,-0.00011071645,4.6924204e-05,-0.00015683575,0.00021168597,-5.8151414e-05,9.0550064e-05,-0.0001039895,-3.821945e-05,6.4153246e-05,9.584061e-05,-3.1176896e-05,0.0001296952,-6.39848e-05,-9.021256e-05,1.7454986e-05,4.9676837e-05,-0.00024381996,0.00015553014,-7.796353e-05,-0.00013351173,0.00013190854,7.6165575e-06,-5.943348e-05,2.711406e-05,-1.9112335e-06,3.0037427e-05,5.013407e-05,0.00018878074,0.00024238559,7.168439e-05,8.897668e-05,4.75254e-05,0.0001838633,-0.00010993316,-7.9045785e-05,-6.4041764e-05,-0.00021056185,7.443214e-05
HIV1416_K02013_3,3.8165614e-05,0.00014972496,3.8966347e-05,-1.0635466e-05,2.2211765e-05,5.033664e-05,-7.9202066e-05,-4.161384e-05,9.322572e-05,8.403613e-05,6.947313e-05,-8.7106884e-05,-5.55223e-05,1.1097405e-05,-0.00017057524,5.538304e-05,7.129292e-05,-0.00013982799,0.00015248437,9.276541e-05,5.6440676e-05,0.0001348165,-3.2143016e-05,-0.00011883327,-0.00015485348,0.0001554887,8.3455474e-05,-3.891953e-05,-9.236572e-06,-2.6991233e-05,8.336379e-05,5.180282e-05,-0.00010581385,9.5125935e-05,5.4245967e-05,-5.1420273e-05,3.384968e-05,6.865358e-05,6.2943946e-05,-4.846245e-05,2.452899e-05,6.8688536e-07,0.0001245686,1.52468465e-05,2.2733331e-05,7.773321e-06,1.8085406e-06,6.534117e-05,0.000106643354,4.2076048e-05
HIV1415_K02013_3,2.6619146e-05,0.00014492402,2.4405417e-05,1.5469845e-05,-6.785095e-05,9.5284115e-05,-5.9969974e-05,1.1332793e-06,0.00013253187,-2.5518873e-05,2.4906458e-05,-9.670401e-05,8.591424e-05,0.0001058571,8.9744346e-05,5.2700047e-06,1.51625745e-05,-0.00019114555,2.3560908e-05,6.784374e-05,0.00020680789,-6.337558e-05,3.143218e-05,0.00015420855,1.892386e-05,0.00015919667,-0.00010883988,-1.7077196e-05,3.233695e-05,8.7624925e-05,-5.3628432e-06,-0.00010286043,8.4030995e-05,1.8861735e-06,4.8137816e-05,7.4715186e-05,3.4137778e-05,6.746942e-05,2.3248243e-05,7.747234e-05,-3.9569375e-05,6.897877e-05,9.206149e-05,4.993473e-05,8.846428e-06,-3.8613118e-05,-7.2768016e-05,3.5089553e-05,-9.929429e-05,6.382047e-05
HIV1547_AF324493_1,-2.1196152e-05,8.757845e-05,0.00017060734,-0.00010116517,-6.392119e-05,-7.504371e-05,-3.1544576e-05,-5.6834127e-05,-0.0001053185,-5.2144683e-06,-0.00013849899,8.520387e-05,1.0061142e-05,-9.095348e-05,7.545831e-05,2.6333477e-05,-6.486399e-05,9.248639e-06,-1.9480007e-05,2.5484005e-05,-5.1358107e-05,-1.3222331e-05,9.51235e-05,0.00012216944,-1.3674542e-05,7.969212e-05,8.5720305e-05,8.736125e-06,-1.1001251e-05,-2.8594992e-05,-0.00010632621,0.00016652876,-2.9013592e-05,7.309637e-06,1.8100483e-05,0.00012498753,0.00013640133,8.75591e-05,0.000107927735,1.4005491e-05,-5.740101e-05,1.8454175e-05,-3.6085763e-05,0.00012102102,6.231012e-05,-1.4575557e-05,-6.687635e-05,-4.5964102e-06,-0.00014751137,-3.759478e-06
HIV1257_AF324493_5,5.248723e-05,-1.5034097e-05,3.3868128e-05,0.0001909798,0.00019489607,-5.8668113e-05,4.0600684e-05,-0.00011260551,9.656317e-05,6.6302484e-05,0.00010359149,4.940574e-05,8.137646e-05,2.705571e-05,2.5093634e-05,2.5830437e-05,-3.7467875e-05,2.7546976e-05,0.00014112165,5.463949e-05,0.00017264979,-7.403121e-05,0.00017582443,0.000103032966,4.573222e-05,0.000115436575,0.0001461313,0.00012005399,0.00028315381,3.0771258e-05,-0.0001603602,9.425501e-05,-0.00010714616,6.877803e-05,0.00015672014,3.680041e-05,6.300183e-05,6.1767714e-06,0.00017881233,2.8171971e-05,5.925544e-06,0.00013308057,0.00017794565,-0.00012435873,1.2018529e-05,0.00011477779,5.8206675e-05,-8.69383e-05,6.1730825e-05,4.5967627e-05
HIV1667_AF324493_8,0.0001016359,5.828058e-05,0.00012548023,0.0001731714,7.179632e-05,-6.2750228e-06,2.0905893e-05,0.0001448505,-0.000102049285,0.000221277,8.525187e-06,1.1286243e-05,8.028074e-05,-5.9620306e-05,-0.00014240298,-3.060754e-05,0.000178165,-7.3867144e-05,1.4615736e-05,-0.00016069331,-9.8311e-05,6.9723187e-06,-0.00012239533,6.004915e-05,-9.003621e-05,8.626178e-05,-5.019524e-05,7.3927935e-05,-8.903825e-06,-4.532223e-05,7.3379456e-06,6.9244394e-05,-8.754637e-05,0.00021821812,-0.00014126775,-0.00011690455,3.0533454e-05,-3.0304946e-05,-1.0511759e-05,2.5809934e-05,1.1093321e-05,-3.4638404e-05,0.00015146392,-0.00011369122,-8.3391526e-05,-4.6593814e-05,8.4996645e-05,2.5128282e-05,9.914878e-05,5.5414584e-05
HIV1249_AF324493_3,-0.00013066609,0.0001028537,8.3051134e-05,0.00015346064,-6.166727e-05,0.00015266478,4.4193122e-05,5.166665e-05,9.419915e-05,-2.1220114e-05,-4.089546e-05,0.00010306263,0.00024192414,9.512208e-05,6.068666e-05,0.00015587818,-2.3818744e-05,8.536423e-05,9.095343e-05,4.318549e-05,0.00012255496,0.00015335149,8.3731895e-05,0.00012451425,5.8672813e-05,4.6789948e-05,-0.00011594331,1.4930048e-05,-5.0285144e-05,5.0320326e-05,-0.00013002957,-0.00012395297,3.4951818e-06,0.0001591218,2.9328832e-05,-3.999636e-05,6.9255795e-05,7.142952e-05,0.00015128063,5.6922913e-06,5.993133e-05,-8.767856e-06,-9.782765e-05,5.0703737e-05,-0.000103303086,1.2831334e-05,0.00018193496,-4.512089e-05,-3.725823e-06,0.00013275603
HIV1500_AF324493_8,6.80692e-05,-9.237985e-05,6.188113e-05,-0.00012505971,-9.8418626e-05,-1.5290716e-05,3.2650638e-05,2.3411776e-05,0.00010785132,8.930326e-05,-3.5799567e-05,6.903968e-06,7.114125e-05,-4.1565127e-05,0.0001340139,3.694492e-05,0.00015608648,-5.893405e-06,0.00022027025,8.411584e-08,-0.00018340202,-6.4346306e-05,0.000281581,-0.00011540929,3.7829918e-06,-8.983018e-05,-7.2226685e-05,3.354739e-05,1.4952933e-05,1.23355285e-05,-4.025961e-05,-2.2625829e-05,6.945806e-05,1.7239554e-05,-6.394241e-05,0.000110238,0.00015888171,-8.072505e-05,-4.929665e-05,0.00012256153,3.0442394e-05,-0.00012131104,-5.5995508e-05,0.00019114734,-1.8680015e-05,-2.8238686e-05,-4.6759124e-05,9.540184e-05,9.341061e-05,-0.00015912893
HIV1562_K02013_2,2.3854362e-05,0.00012885641,-4.596755e-05,-0.000112205045,-5.408392e-05,-8.171633e-05,6.6174536e-05,0.00015146087,6.5066226e-05,5.0644103e-05,-0.00019190858,-5.3547683e-06,5.4076525e-05,2.9111976e-05,-2.9123941e-05,4.9746555e-05,0.00018114249,-7.190001e-05,3.3484037e-05,-4.609324e-05,5.4001237e-05,0.0001045807,2.30522e-06,-9.252486e-06,4.3279397e-05,8.964486e-05,-0.00013852541,3.84201e-05,2.8697381e-05,9.580243e-05,5.4614917e-05,1.9506399e-05,6.123211e-05,4.1153442e-05,0.000119760814,-4.229989e-06,-0.00011204434,0.0002095668,-7.040147e-05,-6.004085e-05,-1.2805045e-05,-0.00013862552,0.00030430776,0.00014267188,-6.138744e-05,0.00011110697,-3.928102e-05,8.1319675e-05,-6.6399984e-06,4.0651747e-05
HIV1301_K03455_4,0.00013224341,-0.00015528845,3.868389e-05,8.178476e-05,-2.0997913e-05,0.000111972404,8.2110426e-05,9.23966e-05,0.00018840564,2.0388752e-05,-5.3961558e-05,2.4068093e-05,-1.5619264e-05,0.00012858378,0.0001724113,0.00015006648,3.9710943e-05,-0.00010865832,9.829536e-05,2.497073e-05,-2.4342798e-05,-4.4833036e-05,-0.00011769698,4.5393995e-06,-1.2063425e-05,-0.00012313589,-2.2966228e-06,8.172826e-05,4.396717e-05,7.2443785e-05,7.7905715e-05,1.2268056e-05,6.201963e-05,6.918822e-05,4.966285e-05,4.7018548e-05,-0.00011497645,-9.114485e-05,-0.00023743248,6.0574406e-05,2.8053415e-05,6.802628e-05,0.000108309585,0.00017741992,-0.00017502686,6.581636e-05,5.0625584e-07,-9.820837e-05,-7.400466e-06,8.453587e-05
HIV1452_AF324493_3,0.00022197174,8.3496874e-05,-0.0001105818,0.00010916984,8.3739e-05,2.1145563e-05,7.8102545e-05,-0.00011050186,0.00023178266,-0.00014424883,3.5596007e-05,8.570934e-05,6.816146e-05,-1.8303052e-05,-6.4518696e-05,5.3228487e-05,-7.9761696e-05,0.00015621899,-0.00015317612,7.798436e-05,-7.050911e-05,0.0002289536,0.0001510413,4.5391385e-05,8.7374334e-05,1.661731e-05,-0.00010269033,3.1979293e-05,2.8309487e-05,0.0002166335,8.1225495e-05,0.00011864365,-4.403345e-05,-5.913993e-05,6.438396e-05,-0.000101793215,0.00018038106,-3.188783e-05,-0.00012827179,-7.0932685e-05,0.00015514724,0.00019341518,5.8746645e-07,0.00013149029,-0.00019181187,-1.9582826e-06,4.7214275e-05,-2.2783415e-05,5.891529e-05,0.00011326092
HIV1132_K02013_2,0.00014961945,2.0724445e-05,1.0037637e-05,-2.1876917e-06,6.328141e-05,-1.6498854e-05,-9.733676e-05,0.00014822601,-3.9996703e-05,8.3391424e-05,8.896421e-05,-0.00021063651,5.835453e-05,0.00010927683,-4.0762126e-05,-9.800967e-05,-0.00020439645,3.6220015e-05,5.1656283e-05,6.0995593e-05,7.821452e-05,-1.2616613e-05,6.2649095e-05,-1.9138153e-05,-7.766815e-05,4.5939996e-05,-3.5905916e-05,-9.768933e-06,-0.00020851972,9.436724e-05,-0.00018590057,0.00012506581,-9.4523065e-09,7.8501165e-05,-2.1597011e-06,0.00012056425,2.100449e-05,-0.00015258619,-1.3928335e-05,-5.637627e-05,8.4113846e-05,0.00013005709,8.505592e-05,0.00013851137,-0.0001345852,-4.3714594e-05,-3.5238717e-08,-6.652728e-05,-9.9052704e-05,0.00014543568
HIV1641_AF324493_4,6.0971306e-05,9.351021e-05,-2.9089919e-05,0.0002116107,1.6799226e-05,1.0758572e-05,7.799628e-05,4.302863e-05,-6.877482e-05,-2.5586718e-05,7.087617e-05,2.1219928e-05,-2.4511242e-05,-1.9833313e-05,-2.3756467e-05,-8.814798e-05,4.5124187e-05,-3.7960428e-05,0.0001873049,8.329441e-05,-7.05161e-05,0.00021737786,0.0001243548,0.00016296913,-9.2501024e-05,0.00012232333,-0.00024232859,5.2697338e-05,5.54729e-05,6.47896e-05,-0.0002061198,9.138268e-05,0.00014159335,3.041753e-05,-0.000116544325,-9.656874e-06,-3.865682e-05,-4.4908193e-05,-0.00014537133,-3.8890645e-05,-1.2543128e-05,1.6268159e-05,0.00022541686,2.2721519e-05,7.2961066e-06,6.255154e-05,-0.00014039005,-2.924667e-06,-7.147113e-05,-1.16137035e-05
HIV1188_K02013_4,-3.715575e-05,-8.155962e-05,8.084081e-05,7.1019576e-06,1.5180753e-05,0.00013160513,0.00019770778,-7.612406e-05,1.2718778e-05,-8.884075e-05,0.00024091378,0.00010428403,0.00012117317,4.831378e-06,-0.00016057475,0.00012383382,-1.6630394e-05,2.806394e-05,4.8349273e-05,-6.224137e-05,-0.0001208023,0.00012315832,-4.7755588e-05,7.780907e-05,4.9149883e-05,0.00013119867,0.00012347479,-8.678651e-05,0.00012312103,0.0001430375,0.00015794022,0.00017932156,7.190218e-05,5.2338553e-05,-5.708555e-05,2.8094335e-06,0.0001488753,0.00013848724,-9.754254e-06,6.808651e-05,-6.565613e-05,4.824322e-05,0.00017942625,-3.5321635e-05,0.0001365177,2.8430393e-05,8.6299246e-05,2.2977583e-05,6.865755e-05,0.00014095264
HIV1255_AF324493_5,4.5746612e-05,1.6566679e-05,-5.7682864e-05,0.00015838997,-0.000105718536,-3.4700748e-05,0.0001971591,-6.53889e-07,2.9577073e-05,8.984387e-05,-2.0993493e-05,-8.170503e-06,-3.0920684e-05,0.00011348922,-7.794527e-05,-7.56954e-05,-0.00016100933,-5.687055e-06,-0.00028651985,0.00011466722,6.029248e-06,-1.2325011e-05,6.676512e-05,4.978713e-05,-7.287347e-05,-7.54031e-05,0.00010369671,9.7752614e-05,-8.7578184e-05,-0.00018318584,0.00021346763,2.6278845e-05,9.173134e-06,8.031631e-05,0.00011262255,-0.0001004631,-0.00011347029,-4.1007625e-05,0.00022258659,-0.00014893938,3.5036443e-05,2.8064343e-05,0.00016940449,3.9915834e-05,0.0001395662,0.00014616526,-0.000106988286,0.00019793803,7.7222474e-05,9.000808e-05
HIV1632_AF324493_3,-8.180855e-07,-0.000160119,-3.3068172e-05,-0.00012285417,0.00013946413,-3.7199803e-05,0.00021854791,0.000117425494,0.00016007417,5.1476425e-05,0.00018327114,0.00019374388,-7.789483e-05,0.00010536538,3.583364e-05,-0.00027235056,6.32598e-05,-6.5113127e-06,-3.829125e-06,4.546966e-06,-9.181196e-05,-4.0380048e-05,-0.00011311557,-6.8732435e-05,0.000195687,-9.541278e-05,0.00016197475,-1.2060709e-05,-0.00014658355,-5.8787133e-05,8.936579e-05,-1.9849651e-05,-5.6322922e-05,9.864887e-05,8.1340564e-05,0.00013436186,-6.774648e-05,6.099777e-05,-5.700252e-05,0.00011323778,0.0001516996,0.00016954752,6.0665596e-05,3.63153e-05,0.00014836587,-5.885354e-05,9.931186e-05,8.900074e-05,5.018076e-05,-0.00014047947
HIV1153_K02013_3,2.132923e-05,6.733062e-05,4.432707e-05,2.772229e-05,-4.5538727e-06,5.773059e-05,8.998342e-05,7.0643495e-05,-3.4658355e-05,-0.00010118559,0.00018055008,2.1072789e-05,7.048667e-05,0.00013879071,6.972559e-05,0.00014665822,4.058046e-05,8.865871e-05,-1.019023e-05,-1.874279e-05,-3.4966433e-05,-7.813597e-05,6.1530416e-05,-8.505401e-05,2.9929606e-05,0.000261566,-7.567462e-05,0.00013538731,-5.6889043e-05,-9.254065e-05,-6.239958e-06,-6.670723e-07,0.00017177132,2.9120047e-05,-7.620236e-05,4.3681088e-05,1.08274635e-05,0.00021343312,0.00013433563,2.4328065e-05,-0.0001659723,6.798137e-05,0.00016569348,3.603872e-05,0.0001040624,-0.00010308566,3.0489655e-05,8.5657426e-05,0.00011227205,6.952343e-05
HIV1276_EU541617_1,-1.9208395e-05,0.00017936899,3.6260873e-05,2.6587659e-05,7.993506e-05,5.2077885e-06,-0.00018397515,0.0002339986,0.000105016596,-6.364254e-05,0.00016503532,7.664683e-05,7.9860416e-05,0.0001480417,-0.00011297982,-1.2421866e-05,7.3702184e-05,-7.990821e-05,5.641581e-06,0.00017384553,0.00016684306,0.00016156574,6.640001e-05,8.826528e-05,3.6509697e-05,2.7305134e-05,-2.3974e-06,7.167973e-05,-8.407578e-06,7.035178e-05,5.040945e-06,-4.851839e-05,-7.816545e-05,4.4790817e-05,-4.0911204e-05,-1.378896e-05,0.00013842211,0.00018909755,-4.078921e-05,-3.8067556e-05,-0.00014258633,-0.00013353326,-3.2647233e-05,-0.00020902885,-9.7836084e-05,-6.805357e-05,-5.743537e-05,-4.3287873e-05,-0.00016441879,6.272931e-05
HIV1182_K02013_3,0.00011631724,-0.00010347747,7.9345e-05,0.00017277413,0.00016175954,-0.00010934766,1.3355633e-05,4.783239e-05,7.987903e-06,0.000101554884,-0.00018092888,4.9905717e-05,7.7613186e-05,0.00017482227,0.00012197743,-0.00011750333,6.974346e-05,6.733331e-06,-8.27386e-06,9.131439e-05,-0.000116469404,0.000111572655,-2.8217119e-05,5.8191257e-05,2.5923886e-05,-2.7230655e-05,1.0988895e-05,1.965793e-05,0.00011232818,6.0317492e-05,0.00010350917,8.9723006e-05,0.00032490186,-0.00012072398,0.000118811884,4.311481e-05,3.060563e-05,-7.715642e-05,8.6691645e-05,1.0204849e-06,5.3034208e-05,8.3820945e-05,6.625433e-05,-7.652444e-05,9.73908e-05,8.459253e-05,-4.07392e-05,0.00019255339,0.00010248641,0.00018652223
HIV1233_AF324493_1,0.0001277577,5.004863e-05,0.0001224114,0.0001678189,6.110521e-05,-1.9240813e-05,3.1578173e-05,0.0001874974,-7.291072e-05,0.0001973478,9.057895e-05,-0.00014017175,-6.166532e-06,1.9302217e-06,2.8979708e-05,1.645369e-06,6.299564e-05,-0.00013623104,-6.6767e-05,0.00012839267,1.3977355e-05,-1.1893808e-05,5.5139837e-05,0.00014326065,7.741747e-05,-7.8620185e-05,-7.502442e-05,8.7678945e-06,5.911585e-05,0.00011918755,0.00012832764,6.164782e-05,-1.4420423e-05,6.8501264e-05,1.04703346e-07,3.094202e-05,-1.5635507e-05,-1.2866868e-05,-1.2774708e-05,0.00010958762,-3.6165253e-05,3.7885286e-05,-1.0797513e-05,0.00021824468,-0.00018479775,-9.469896e-05,-0.00015031303,-5.224559e-05,-2.0200455e-06,7.318426e-05
HIV1279_K02013_1,-0.000116599185,0.00015973684,3.836033e-05,0.00025405767,-0.00011631021,3.580655e-05,8.355348e-05,-8.8258064e-05,5.2755095e-05,-9.895661e-06,-9.556858e-05,-3.279387e-06,-4.9186514e-05,-8.7938046e-05,0.00020125261,4.9448616e-05,-0.00013789597,9.58893e-05,7.8281984e-05,-7.581209e-05,-0.00013071115,-1.0563582e-05,5.3077983e-05,5.172274e-05,7.706758e-05,-0.000108985485,-7.204897e-05,0.00010674832,5.5298577e-05,0.0002451289,9.2284106e-05,-1.8628089e-05,5.8713347e-05,0.00010745932,0.00022633057,0.00010433569,0.00013900847,7.19327e-05,8.2642044e-05,-1.4439292e-05,8.408128e-06,0.00011121728,9.095572e-05,4.684154e-05,5.024236e-05,-0.00018197852,6.727099e-05,0.000103337705,-1.6529577e-06,7.6123666e-05
HIV1392_AF324493_9,-4.1935844e-05,3.4221524e-05,-5.9636095e-05,-7.1311915e-05,7.334705e-05,8.755959e-05,0.00012365909,0.00012740167,-0.00012045942,9.179805e-05,-0.000111275454,0.00021549875,0.000105716725,0.00016391613,8.25127e-05,-5.6974455e-05,6.1666815e-06,-0.00013289256,0.0001328172,9.210444e-05,1.7450911e-05,8.684278e-05,-5.214967e-05,4.8408092e-05,-3.4257475e-05,-1.5937438e-06,-5.8122732e-05,-6.181818e-05,8.46655e-05,-0.00016009559,5.6877445e-05,1.9498724e-05,2.2843013e-05,0.00018600242,0.0001344877,0.00019160881,0.0001434488,0.00014367391,0.00014128539,7.3954734e-06,-7.657285e-05,0.00014156438,7.5084527e-06,-8.0583166e-05,3.908171e-05,1.7561932e-05,-6.3827145e-05,0.00015188166,1.0160816e-05,6.783696e-05
HIV1626_K02013_1,-1.6955879e-05,6.762115e-06,5.2249074e-05,3.8534556e-05,8.6846834e-05,-0.00012918828,4.739881e-05,2.9519651e-05,4.1402596e-05,-3.801987e-05,-7.403178e-05,0.00021233447,8.711283e-05,5.9758604e-05,-0.00010829649,-2.1872545e-05,-3.424142e-05,0.00011526429,2.2543074e-05,0.00017904631,-0.00010592706,-3.417239e-05,0.0001471768,4.6504552e-05,0.00010310511,-6.763821e-05,-0.00024053856,-1.4099275e-05,4.016552e-05,2.677087e-05,2.7482829e-05,0.00013541651,-6.7319525e-05,-0.000100273115,-7.286637e-05,1.7357386e-05,3.1498646e-05,-1.4198942e-05,-1.0747819e-05,-4.9438037e-05,-7.507169e-05,0.00013688732,8.723687e-05,0.00020171754,-7.4096e-05,6.306585e-05,0.00035238633,0.00014133312,5.71589e-05,4.4386893e-06
HIV1308_AB023804_1,8.2932944e-05,3.2189873e-06,0.00014417643,9.9897254e-05,-3.5006746e-05,1.3332903e-05,6.258742e-05,-0.00017162529,9.972142e-05,-3.590835e-05,9.318127e-05,2.7768892e-05,0.00014701931,-1.5550275e-05,1.533172e-05,-0.00018422677,8.697986e-05,0.00010591071,7.127439e-05,-0.00013780933,-6.267068e-05,2.7934562e-05,8.889074e-05,6.91918e-05,0.00021675904,0.00011529925,8.947551e-05,1.9325229e-05,5.2920084e-05,-4.0659277e-05,5.0669598e-05,-1.8625778e-05,3.9867413e-05,0.00023770213,0.0001513134,0.00011412609,-9.578344e-05,9.8756835e-05,-0.00010291396,1.2110728e-05,-7.810015e-05,1.0307892e-05,-2.2870707e-05,2.5467998e-05,-3.671822e-05,0.00013593274,4.3316908e-05,-0.00018595444,-0.00014175482,-2.9773353e-05
HIV1505_AF324493_8,1.7667004e-05,0.00015745322,2.2106642e-05,-8.721524e-05,3.7847863e-06,-0.00010769055,-2.1195841e-05,4.4746794e-05,-5.5972174e-05,-5.203349e-05,-3.1188356e-05,-4.838621e-05,1.8362874e-05,-8.253366e-05,-3.5869346e-06,0.00016797683,0.00013299088,6.2343854e-05,-0.00022142698,-0.00017775691,6.1343744e-05,3.23732e-05,-0.000101441634,5.0536855e-05,0.00016712093,5.8273792e-05,9.4280964e-05,0.00024462483,-1.3260719e-05,9.239409e-05,5.5933175e-05,-5.500133e-05,-1.0422603e-05,6.243324e-05,1.0105715e-05,-0.0001485701,0.00010123265,0.00013391534,6.527426e-05,-3.5547313e-05,-4.1948715e-05,0.00018149093,-2.8759945e-05,3.9670667e-05,8.8616034e-05,-4.8052603e-05,-7.407624e-05,0.0001319374,3.468067e-05,-9.0814516e-05
HIV1461_AF324493_5,-2.1103311e-05,0.00017888083,0.00016396621,-9.853821e-06,8.321574e-05,-9.012653e-06,6.0445433e-05,3.575541e-05,5.5737208e-05,0.00014745202,8.134757e-05,-4.758213e-05,-5.2799256e-05,-0.00014025022,6.2584055e-05,0.0003128137,0.000105852465,-0.00017082988,2.0240863e-05,6.665366e-05,0.00022185441,-0.00012396563,8.287472e-05,-2.2267293e-05,-0.00014103937,0.0001346203,1.2400472e-05,7.328451e-05,8.381032e-06,-5.279178e-05,0.00018651767,8.947625e-05,-2.314834e-05,0.000112481626,8.752661e-06,6.0380517e-05,0.0001727131,-0.00013793385,7.240534e-05,-3.7348276e-05,-1.0316423e-05,0.000101690704,4.4542452e-05,-1.543122e-05,-3.5999797e-06,-2.4955116e-05,0.00029823338,-4.9708135e-05,8.092135e-06,-0.00013383456
HIV1391_AF324493_8,0.00016502783,-2.385782e-05,-7.957873e-06,-0.00015328203,3.1919462e-05,-8.806727e-05,-2.2907392e-05,2.6859732e-05,6.211581e-05,4.8485057e-05,6.968569e-05,-6.457004e-05,-4.815113e-05,5.0022874e-05,-3.499181e-05,0.00015591868,-0.00011081542,0.00019507817,8.7093285e-05,2.2630647e-05,-6.2333325e-05,-2.187503e-05,-3.190482e-05,-3.0896448e-05,-4.667989e-05,0.00010083776,5.7201632e-05,0.00010330775,-1.7338829e-05,-0.00015576165,5.7786987e-05,3.1214831e-06,5.7962832e-05,3.5917164e-05,-4.770048e-05,-3.6923426e-05,-0.0001008762,0.00017085503,0.0001420639,9.492733e-05,6.88644e-05,-0.00010236772,1.4603124e-05,0.00011989321,-7.20848e-05,-2.5872023e-05,5.906994e-05,3.480207e-05,9.170313e-05,0.000121647165
HIV1241_AF324493_1,-7.9602025e-05,5.6034994e-05,0.00011535102,0.000107023116,5.886847e-05,8.756176e-05,-0.00011682403,-6.406591e-05,0.00012221694,-1.668133e-05,1.9565838e-05,0.00010223983,-5.03795e-05,-1.0689078e-05,9.7816264e-05,9.229925e-05,8.106477e-06,0.00015753183,-5.9178547e-05,9.9878744e-05,0.0001112846,-6.6751614e-05,0.00010781059,4.029819e-05,0.000110272325,6.572903e-05,-3.397491e-05,6.3749445e-05,8.751516e-05,0.00014640848,9.447863e-05,4.7133653e-05,-2.2769791e-05,-6.001935e-05,0.00011364736,-0.0001991708,0.00019452593,5.2456357e-06,-2.0706178e-05,0.00013219414,-3.452056e-06,-2.3933017e-05,4.723006e-05,3.197835e-06,0.00022357413,-6.924274e-05,6.941824e-05,-7.2839765e-07,5.917534e-05,0.00010167961
HIV1638_AF324493_3,4.3981305e-05,2.8434702e-05,-0.00017498514,0.0002877118,0.00013298095,8.3774205e-05,-1.5938725e-05,-2.8016866e-05,9.028462e-05,-0.00011466397,-8.8323584e-05,6.595197e-05,-0.00010871561,0.000201212,8.160303e-05,-1.41272785e-05,4.6066252e-05,-6.647416e-05,0.00011486683,8.624645e-05,2.2280858e-05,6.3251246e-05,4.9708015e-05,6.593877e-05,-1.4420348e-05,-1.6789187e-05,-6.171411e-05,5.8799655e-05,-4.801589e-05,1.1893444e-05,5.2817475e-05,0.00024124232,-4.2245272e-05,-7.861085e-06,2.2401922e-05,-6.55867e-05,-0.00010799347,6.024493e-05,0.00010926065,5.5471646e-05,1.676201e-05,-5.2142113e-05,-6.0538183e-05,7.439491e-05,4.825296e-06,-3.3322238e-05,-5.7376346e-05,-6.260574e-05,0.0002645501,0.00022719821
HIV1526_M17451_4,7.5933334e-05,-0.00015500821,3.699869e-05,0.00018130528,0.0001488343,-3.44331e-05,5.0387916e-06,1.1570563e-05,1.6717237e-05,8.5590225e-05,9.132423e-05,0.000121213074,8.495236e-05,-2.4586772e-05,9.520848e-07,8.533435e-05,-3.0450499e-06,0.00025274415,-3.0311514e-05,0.00018439053,-3.608116e-05,-8.325024e-05,-0.0001258031,9.700798e-05,1.9299874e-05,0.00015427907,9.961384e-05,0.000121593635,0.00016785666,9.859913e-05,-7.460597e-05,-8.6379754e-05,-0.00017031269,-0.00014676458,5.159945e-05,7.7451095e-06,6.0580664e-05,-9.2548165e-05,0.00013245302,1.6379126e-05,3.4057095e-05,6.805741e-05,-1.1232363e-05,7.0854665e-05,-3.474795e-05,5.382203e-05,7.4805874e-05,0.0001571339,1.1441828e-05,1.3524753e-05
HIV1438_AF324493_2,1.3605459e-05,9.47241e-05,0.00014716841,0.00014646012,0.00029408647,2.5382757e-05,0.000116249925,0.000102849845,5.5601984e-05,0.000109107095,9.366851e-05,0.00013346961,1.1427518e-05,-4.722205e-05,-9.0040456e-05,7.080192e-05,-3.0602548e-06,0.00019287218,-0.00014671008,1.2900443e-05,-2.8320595e-05,0.00011549541,8.573624e-05,4.329763e-05,-0.00011028855,6.69438e-05,-2.5880585e-05,1.5009839e-05,5.3060103e-05,0.00017506958,6.448737e-05,9.8363e-05,0.0001749366,0.00011913004,0.00018782461,-0.00012155222,1.8169138e-05,-0.00014478943,0.00013335042,0.00013887597,0.00019002368,-3.936546e-05,-9.316062e-05,-6.657129e-05,0.0001311634,4.5451474e-05,-4.966385e-05,1.07362985e-05,-7.2901853e-06,4.3676315e-05
HIV1088_AF324493_7,7.109217e-05,9.390789e-05,4.7125537e-05,-0.00016581599,4.975003e-05,-7.327867e-05,2.1605074e-06,0.00017011819,-1.7438439e-05,-4.8990016e-05,8.427281e-05,6.39551e-05,8.3890955e-05,0.0001474302,-7.091229e-05,0.00010532272,8.089455e-05,0.00011230827,0.0001790038,-7.5072e-05,-1.9371173e-06,-0.00015090137,2.0621108e-05,4.194887e-05,4.218754e-05,0.00018112574,8.7330896e-05,6.0552335e-05,0.000104196886,0.00018480748,-4.8673055e-06,-5.5907244e-06,1.5768363e-05,2.4737594e-05,0.00020594022,0.00020019001,7.54008e-05,6.2992214e-05,-0.00012059851,5.6842277e-05,8.321555e-06,-4.032431e-05,7.5651806e-05,0.00017222442,0.0001725214,-0.00035744495,0.0001722054,0.00027105823,7.4851094e-05,0.00018286845
HIV1200_K02013_6,3.0138413e-05,6.1794024e-05,-8.7156695e-05,-6.425582e-05,-4.3932396e-05,0.0002202837,8.096019e-05,5.8958998e-05,3.7492006e-05,-8.811165e-05,2.4501596e-05,5.606809e-05,0.00010582678,-0.00014422448,0.00015763403,-1.3559602e-05,-1.5900767e-05,-6.4822234e-05,-1.3956619e-06,1.5054497e-05,-5.5004646e-05,0.00013737417,-1.1509103e-06,-8.336394e-05,4.2638017e-05,1.7285503e-05,-3.3901266e-05,5.4586566e-05,-0.00018159814,0.000100464255,5.5004737e-05,0.00012736111,3.3403564e-06,0.0001750863,-4.6379035e-05,-2.2353834e-05,-0.00013033317,3.956779e-05,-9.963476e-05,3.5863955e-05,0.00025154304,-2.7155736e-05,-3.430381e-05,0.00020420838,-3.9454568e-05,-2.6629812e-05,4.200659e-05,7.164583e-05,3.8463764e-05,1.2002021e-05
HIV1311_AB023804_1,0.00011420736,0.00013554259,0.00012946266,-8.014608e-05,0.00012131142,6.115858e-05,7.435737e-05,5.899211e-05,-7.2726325e-05,-1.5061231e-05,6.159391e-05,0.00010832529,-4.4757366e-05,-5.1258732e-05,9.099102e-05,0.00020042813,-1.4127644e-06,0.00014365611,-8.679425e-07,-0.00014644643,5.233166e-05,6.875741e-05,-9.7731725e-05,4.8054085e-06,0.00014119135,0.00026094375,0.00010185477,-0.00011561189,1.9292387e-05,-0.00018087904,1.15394005e-05,0.00023366697,8.487943e-05,-1.1044337e-05,-5.6911285e-05,-8.587372e-05,-0.00011083185,-8.436058e-06,-4.987177e-05,-7.215216e-05,-5.9615413e-05,2.1701768e-05,-2.8464592e-05,1.6649021e-06,-3.967012e-05,0.00014488978,-0.00012285014,4.8055655e-05,-0.00017591819,3.1143707e-05
HIV1486_AF324493_7,-8.864739e-05,8.338585e-05,0.0001991091,-3.963397e-05,-8.222466e-06,-0.00018100944,-1.8930548e-05,0.00012210108,-3.1993273e-05,0.00016771487,0.0001299385,-8.557e-06,1.7827268e-05,0.00022782717,-4.690155e-05,-1.3543405e-05,-3.3724136e-05,0.00011486257,-1.7784105e-05,-9.4273564e-05,5.860056e-05,5.7976133e-05,0.00014721799,-0.00017741721,0.00014841933,-7.551026e-05,2.8617942e-05,-2.79165e-05,8.617586e-05,3.0074769e-05,0.00017068845,8.5379215e-05,3.4746823e-05,-0.0001107264,0.0001359846,-8.079501e-05,0.00011002266,0.00019875067,8.187165e-05,0.00011428348,-9.368776e-06,0.00020371024,-8.559901e-06,7.725879e-05,0.00015045016,0.00018350873,-0.00016539558,-8.122905e-06,0.00012070883,4.456224e-05
HIV1007_AF324493_9,2.635217e-05,0.0001563306,6.0223734e-05,0.00012630905,4.449332e-05,-9.0177295e-05,0.0001291332,-1.6228012e-05,0.00013980005,5.888383e-05,2.300868e-05,0.00021928569,5.0444945e-05,6.971907e-05,0.000113240094,9.476885e-05,3.378671e-05,-0.00015897256,-2.1413174e-05,0.000117692965,-1.6675769e-05,-4.0126342e-05,0.00020451647,-1.7938788e-05,0.0001199,0.00015636579,-2.662886e-05,2.7424117e-05,0.00023391674,-8.925449e-06,7.600369e-05,0.00025383398,3.1330133e-06,0.00011052338,0.00011074021,0.00010344545,-4.5816225e-05,-0.00014342062,7.099918e-05,-0.00021454543,0.00016575093,9.305411e-05,2.2315135e-05,0.00012005549,0.00015295096,1.6014354e-05,-1.525196e-05,-7.543916e-05,0.00015158288,-0.000128963
HIV1231_AF324493_1,9.790585e-05,7.460704e-05,9.249522e-05,-0.00013397647,9.35177e-05,7.6106335e-05,-2.2687787e-05,1.46095335e-05,-0.00010525398,-9.435601e-05,4.8629896e-05,2.5384756e-05,2.3795776e-05,0.0002583043,6.840251e-05,0.00021275436,2.3367238e-05,-0.00011464918,0.00013050142,-1.3083476e-06,0.00010070701,-0.00010229257,-4.4708297e-05,4.575647e-05,3.2784446e-05,3.102517e-05,-0.000101604026,-9.265354e-06,0.00013632757,4.132298e-05,3.7124766e-05,9.112955e-05,8.447011e-05,5.1829775e-05,8.316197e-05,5.373169e-05,-4.7272446e-05,0.00022943915,2.9116022e-06,-9.377223e-05,0.0001592437,2.2446227e-05,9.635755e-06,-9.3037816e-05,-0.0001154207,-6.7633744e-05,-8.263751e-05,-6.859909e-05,-1.0913537e-05,-5.7718677e-05
HIV1289_M17451_1,-9.751946e-05,4.2848933e-05,0.00010930204,4.4496293e-05,4.9658458e-05,0.00013753715,0.00013003212,-2.6769956e-05,-9.588816e-06,0.000169557,0.00013462214,9.709284e-05,9.3162154e-05,3.3023374e-05,3.4934408e-05,0.000107447144,6.2909974e-05,-9.36589e-06,-4.2923526e-05,7.3825286e-05,-2.9207336e-05,0.00013901638,9.444221e-05,-8.369848e-05,0.00012645627,0.00012393636,7.5382886e-05,9.0636695e-06,5.4140088e-05,0.00017289381,9.097857e-05,-0.00014411124,0.00022058007,0.00010288193,0.000101355385,0.00014681212,2.791047e-05,0.00010356795,8.65662e-05,0.00016623286,3.824365e-05,9.446348e-05,6.580189e-05,0.00013195576,0.00013341889,4.2161653e-05,-3.8562425e-06,0.00016806225,7.940101e-05,0.00038248562
HIV1319_AB023804_1,0.0001546991,0.00019210653,0.00012335062,-1.5696005e-05,-0.00012651172,7.188324e-05,8.665335e-05,4.443429e-05,7.125447e-05,-8.704464e-06,-5.918202e-05,-0.00010207323,8.1249884e-05,-0.00010689738,-3.98522e-05,9.6340314e-05,-4.6261946e-05,7.736948e-05,-6.2729894e-05,8.757212e-05,-0.0001631705,7.348001e-05,-7.985862e-05,3.6046968e-05,-6.811667e-06,0.00017796131,0.00010085128,0.0002215132,0.00011935991,-9.0353984e-05,-2.1083766e-05,-8.225589e-06,0.00011774617,6.413164e-06,0.00010959568,-0.00017541331,0.00011198367,3.6452653e-05,-1.9125622e-05,-1.9136865e-05,3.3264656e-05,-7.614736e-05,-0.00012881347,-0.00011388779,2.45671e-05,4.1770494e-05,-4.9168088e-05,0.00012959563,8.8126835e-05,0.00010443489
HIV1318_AB023804_1,0.00019635922,4.3128282e-05,-8.796636e-05,1.301847e-05,1.984143e-05,0.00013953744,3.023894e-05,3.6874902e-05,0.000109750436,0.00010950794,-6.260727e-05,-4.4079803e-05,-0.0001814398,0.0002446691,-3.9666244e-05,0.00019026076,-4.2057854e-05,6.0260867e-05,0.00018128316,2.857102e-06,0.00011565291,3.0655494e-05,-0.000104583596,0.00011758396,4.3012602e-05,8.184953e-05,-1.9968455e-05,6.3071435e-05,-5.856259e-05,2.6347787e-05,6.374622e-06,9.089958e-05,-0.000108582615,0.00010852187,-2.5453612e-05,1.0501624e-05,-1.8608098e-05,0.00013646614,-0.000100471254,8.3840896e-05,0.00015170776,3.4559704e-05,9.701271e-05,-2.9200355e-05,-6.855806e-05,-4.7626738e-05,0.00022654899,9.4974086e-05,-9.64812e-05,2.3595956e-06
HIV1353_AB052995_3,8.3813946e-05,0.0001494163,-8.697168e-05,5.2813735e-05,4.839466e-06,-1.857422e-05,0.000111918314,0.00020216116,0.00013499935,0.000111478475,5.0040046e-05,7.487401e-05,0.00010425756,0.00021971448,6.2584826e-05,6.573757e-05,1.4487107e-05,-7.579446e-05,-2.6847478e-05,-1.959866e-05,-6.12761e-05,0.00025894484,-0.00012561187,3.92502e-05,-0.00011173083,8.0767415e-05,-8.198911e-06,-6.597641e-05,7.397825e-06,-7.3720956e-05,0.00010968192,7.376816e-05,2.362348e-05,0.00013935391,-0.00011810607,-5.9799855e-05,-3.5628793e-05,-0.00016617647,9.032045e-05,0.00012140855,-4.338298e-05,0.00012312752,9.928088e-05,8.897754e-05,8.201332e-05,0.00010880198,8.540975e-05,0.00022768506,-3.2506516e-05,9.495548e-05
HIV1503_AF324493_8,3.0014391e-05,0.00012022615,-9.947083e-05,2.4824096e-06,-0.00012061606,-3.9790375e-05,2.304899e-05,2.7348633e-05,2.817785e-05,7.868347e-05,3.399963e-05,-1.8521852e-05,-2.9907626e-05,-0.00015180247,2.2208747e-05,0.00019744835,7.135065e-05,-5.95789e-05,0.00019220504,0.00014313005,-7.189216e-05,-4.5449942e-05,5.3144708e-05,9.870739e-05,-0.00023967099,0.00017291143,0.00011376335,-2.1301244e-05,-2.450893e-06,1.1124806e-05,-4.2828586e-05,3.5884048e-06,9.529834e-06,8.971014e-05,0.00010949304,-9.607586e-05,6.9902206e-05,7.97542e-05,3.0162048e-05,0.00025133087,1.070213e-05,-5.4699867e-05,-8.353666e-05,0.00016616385,2.5199997e-05,-4.2984735e-05,-0.00013915332,-6.455085e-05,-7.369175e-05,4.4699562e-05
HIV1491_AF324493_7,-2.3655619e-05,3.340441e-05,1.816347e-05,6.214501e-05,0.00010688053,-1.9631605e-05,8.228526e-05,-8.347329e-05,0.00011180094,0.00015823806,0.00015282338,0.00014040055,1.8637427e-05,9.747822e-05,7.989644e-05,-3.9598293e-05,-0.00012063649,-7.5899654e-05,7.219512e-05,-3.2894895e-05,-8.935457e-05,0.00024572684,9.454844e-05,-1.2040159e-05,7.2673756e-05,9.9765595e-05,0.00015609205,1.4068608e-05,-6.661674e-06,5.285045e-05,0.00033372454,9.0331516e-05,0.00016223012,8.610131e-05,7.840053e-05,8.643032e-05,-3.4714565e-05,0.00015363333,9.225554e-05,4.3404452e-05,-0.000105860905,0.00020289505,6.674945e-05,0.00018496123,0.00021449898,-1.2507859e-05,0.00022705481,-0.00010618926,4.255553e-05,-3.440555e-05
HIV1184_K02013_3,7.100088e-05,5.1420895e-05,-2.7824728e-05,0.00013219562,0.0001729758,-1.2617899e-05,8.711142e-05,8.342378e-05,1.6501788e-05,0.000121711884,0.00023896767,-2.9949955e-05,5.172691e-05,-4.588382e-05,0.00019647411,1.4587855e-05,0.00010670998,8.464846e-05,2.2346807e-05,0.00018591217,5.0632618e-05,0.00013233129,-2.674244e-05,8.289358e-05,-9.682723e-05,2.3457653e-05,2.8272487e-05,-2.1301128e-06,5.6675613e-05,-6.3986336e-05,0.00023043393,-8.299301e-06,1.00946445e-05,-3.1763568e-05,7.7224584e-05,0.00021043837,-0.00016953383,-0.000111386566,8.194681e-07,0.00015450905,-9.143236e-05,9.910235e-05,-1.7530913e-06,-9.147317e-06,-1.8757592e-05,1.2337652e-05,-6.761916e-05,-0.00014305701,-0.00010954855,0.00020655591
HIV1373_AB052995_6,4.8519356e-05,-3.7640588e-05,-0.00025197573,1.2041166e-05,0.00011596583,6.671845e-05,4.3291548e-05,-4.7380163e-05,3.852752e-05,-7.541731e-05,3.3365024e-05,7.623178e-05,0.00010566326,7.909147e-05,0.00016951024,-9.356518e-05,-7.2749554e-06,0.00010772324,3.1143427e-05,4.2900258e-05,3.7865433e-05,6.713342e-05,5.5221357e-05,0.0001319148,-0.00016405813,-1.2197994e-05,-0.00020451231,-5.669796e-05,4.2265623e-05,-0.00020310964,0.00011268446,5.919254e-05,-0.00011990729,3.940235e-05,-4.9278093e-05,-3.299893e-05,-5.765107e-05,-9.64452e-06,0.00014632677,0.00010614334,-6.4246684e-05,0.00014916596,-0.00016899107,7.893098e-05,-8.1120714e-05,-3.8365713e-05,0.00013245914,5.7278845e-05,8.845288e-05,-6.804908e-05
HIV1253_AF324493_4,0.00015001102,-1.9954907e-05,-4.517056e-05,-1.9977539e-05,0.00018598477,0.00029244352,0.00019951262,0.00021870343,8.607473e-05,0.000192615,6.094894e-05,1.9776784e-05,3.174698e-05,2.0139107e-05,0.0001123208,0.000104139704,2.6759453e-05,2.3064888e-05,0.00016589927,0.00021021793,2.2675296e-05,6.400049e-05,1.5200856e-05,-1.79183e-05,4.803875e-07,0.00015356219,0.00016373949,-1.1436042e-05,0.00020521008,6.212716e-05,0.00012831554,-7.89035e-05,0.00012760244,0.0001084066,2.2561213e-05,4.132226e-05,0.00013768543,7.30372e-05,-1.2341935e-05,1.5034624e-05,1.17298205e-05,5.8392463e-05,-4.201922e-05,-5.438612e-05,8.7602144e-05,3.6114195e-06,0.00016653645,2.9585404e-05,1.4838825e-05,0.00015706106
HIV1313_AB023804_1,-4.1222727e-05,-1.4435892e-05,0.00010301873,-2.3802722e-05,2.0279042e-05,5.393588e-05,-0.000106553955,-0.00010123254,-8.0418184e-05,0.00015333499,0.00017426957,-5.4219912e-05,5.173978e-05,0.00022859317,3.4272744e-05,-7.519128e-05,3.078335e-05,-7.2353755e-06,-9.2749084e-05,-4.9053688e-06,5.033697e-05,3.4906443e-05,-0.00018778894,-0.00019733018,-7.491533e-05,-7.255812e-05,0.00011621687,2.487905e-05,7.5020595e-05,-8.516596e-05,-4.7971105e-05,0.00011858671,-8.602564e-05,4.307259e-05,3.6808437e-06,7.096253e-06,-5.1988765e-05,0.00019699104,0.0001360767,4.924995e-05,-0.00018147242,-0.00015489767,1.568348e-05,-0.00021968111,1.6386459e-05,0.00010680525,4.0958534e-05,0.00010735615,-0.00010612023,2.2392964e-05
HIV1160_K02013_3,-1.0826509e-05,5.8388723e-05,2.4601797e-05,2.4861383e-05,-1.0238848e-06,3.0622562e-06,0.00012731836,7.893807e-05,6.562105e-05,-1.3581901e-05,-4.7536134e-05,9.450941e-05,2.6147203e-05,-4.3569227e-05,5.2458818e-05,9.9436234e-05,0.0001040449,-5.712355e-05,0.00011600233,-6.578102e-05,0.000109384295,-2.0962348e-06,-3.280426e-05,0.000157998,-7.31173e-06,0.00021358106,-1.607493e-05,-0.000147058,-8.496723e-05,8.314346e-05,0.00014864485,4.2579954e-06,0.0001261792,2.7253383e-05,-6.510394e-05,-1.6792786e-06,0.000112257905,-3.791667e-05,3.8462367e-05,0.00022531046,0.0002138417,9.52935e-05,-7.293755e-05,0.00023278271,8.7801665e-05,4.6998935e-05,-2.857696e-06,-0.0001315698,-1.4934952e-05,0.00024381382
HIV1263_AF324493_5,0.00010621076,3.2235537e-05,0.0001425079,0.00020751968,7.440583e-05,-0.00012549359,8.669891e-05,-0.00010554031,0.00014299402,-4.0097213e-05,6.615124e-05,0.00010557946,7.876186e-06,8.855327e-05,-8.931507e-05,0.00016854027,0.00018908187,0.00018330512,-4.286863e-05,-8.885487e-05,-0.0001272497,0.00010656327,0.00012219083,-2.6866517e-05,-3.703022e-05,0.00017241326,6.633232e-05,-5.0816867e-05,0.0001130163,-1.0454909e-05,5.4075765e-05,-4.3493495e-05,-6.831204e-06,-7.7458295e-05,0.00016185168,7.7499357e-07,0.00017897518,0.00013259293,-7.289905e-06,0.00013546707,-8.174277e-05,3.4147633e-06,-3.1383333e-05,-0.00010259555,-0.000101547994,1.6433546e-07,-0.0001425185,0.00016543505,0.00014632627,0.00014700498
HIV1100_AF324493_9,2.71049e-05,-2.162853e-05,2.3705188e-05,0.00011211137,2.6408432e-05,-1.0657128e-05,8.519937e-05,0.00024301436,-7.723487e-05,-9.6733726e-05,-7.497672e-05,-0.00014762013,0.00015394678,1.2748498e-05,-3.422516e-05,6.780034e-05,6.229618e-05,-9.442069e-05,0.00015758815,-9.332446e-05,0.00012625792,0.00014100221,-6.82198e-05,0.00010178758,3.605826e-05,8.230734e-05,-0.000103837134,0.00017814433,0.00011444094,-2.8862191e-06,8.0490696e-05,0.0001323689,-8.313308e-05,4.2907282e-05,0.00020595494,3.0105744e-05,0.0002551003,-0.00016392057,0.00014143351,-2.870499e-05,0.00017157046,-0.00012607574,-1.0210563e-05,0.000101649064,0.00013952033,-9.2297385e-05,8.659897e-06,0.00012668608,-4.5620207e-05,-4.918928e-05
HIV1131_K02013_2,0.00017568676,-8.941612e-07,-3.0133635e-06,-3.7024773e-05,1.8563564e-05,-0.00010657787,-8.646606e-05,8.873858e-05,0.00010307507,0.00013047628,1.806684e-05,0.00019702196,-0.00016264756,-4.748364e-06,-4.3601296e-05,-0.00013453682,3.416154e-05,-0.00017257633,7.851818e-06,4.049379e-05,9.21889e-05,2.1768896e-05,-7.5486365e-05,-9.301298e-05,6.868404e-06,8.499819e-05,1.5709631e-05,-4.646567e-05,0.00021474322,2.7060178e-05,0.00019601162,7.0448885e-05,-0.00011869962,0.00010116311,2.1576128e-05,9.9205805e-05,2.5380152e-05,-8.543109e-05,0.00010116711,-4.159423e-05,6.607314e-05,0.00012546878,-9.8882985e-05,-2.0670864e-06,-0.00018042036,-6.485024e-05,7.101627e-05,-3.878614e-05,3.818158e-05,8.385131e-05
HIV1296_EU541617_3,0.00027243712,2.1214473e-05,6.8505295e-05,9.750627e-05,-8.2808634e-07,6.207945e-06,0.00017686051,0.00013993999,9.901329e-05,-4.5498808e-05,6.859647e-05,-0.00014549519,7.236771e-06,4.8396787e-06,1.7575852e-05,-3.8942802e-05,5.8470527e-05,-2.2099111e-05,8.306011e-05,7.189338e-05,-9.708283e-05,0.000142712,0.00012588219,2.2876817e-05,-4.6313948e-05,9.103347e-05,9.456698e-06,6.242616e-05,0.00019929337,6.311229e-05,-7.564844e-05,-1.7180357e-05,5.6457196e-05,-9.220093e-05,-0.00015838923,0.00015664996,1.2812154e-05,-1.5798252e-05,-0.00016813392,-4.6000085e-05,-5.1734933e-05,0.00012695006,0.00011788847,0.0001028009,0.00010581609,-4.122251e-05,6.513699e-05,1.7632201e-05,-3.6847414e-05,2.2516182e-05
HIV1501_AF324493_8,4.643454e-05,0.0001458555,-4.2977197e-05,-0.000116487616,-1.2209654e-05,-3.061702e-05,3.069864e-05,-2.0198848e-05,2.0100297e-05,-3.915901e-05,-1.5217414e-05,0.000113015594,1.2156099e-06,8.8149194e-05,-2.1675736e-05,0.00020243373,1.465928e-06,-3.4107507e-05,8.2023726e-05,-0.0003013803,-3.6965134e-06,-1.9864636e-05,7.883776e-05,3.5749053e-05,0.00026767212,8.059517e-05,0.00015769035,2.187021e-05,1.6501052e-05,-1.0624278e-06,-4.6895166e-05,-1.0820022e-05,-3.9617913e-05,6.0771756e-05,-5.2796746e-05,-0.00014318066,0.00010628978,-2.4285227e-05,0.00015843954,3.4560424e-05,0.00017224356,-1.1654257e-05,-0.00011596226,-6.560323e-05,0.00012437462,-1.7814578e-05,0.0001079972,6.0756905e-05,8.916785e-05,8.5876556e-05
HIV1173_K02013_3,6.2910534e-05,-8.2920415e-05,6.808145e-05,8.1472615e-05,-6.512486e-05,-1.3247499e-05,9.106279e-05,-1.3967013e-05,8.8853056e-05,-3.0075933e-05,-8.233358e-06,0.00013402411,-1.890341e-05,0.00018781431,-3.1116764e-05,-2.2346878e-05,5.155468e-05,8.947685e-05,-0.00017696437,6.11604e-05,-1.5225094e-05,7.206757e-05,0.00014575112,-9.1853064e-05,-7.712189e-05,7.6107564e-05,-4.9026596e-05,0.00013928262,-4.800563e-05,5.3122298e-05,0.0001140483,-4.580357e-05,9.087905e-05,-8.461053e-05,-7.754708e-05,-0.00010240865,9.215325e-05,8.1293256e-05,0.00011399367,0.00013189764,2.9126413e-05,5.9751746e-05,-6.7024834e-05,0.00011495985,5.8131107e-05,0.00010060375,0.00016582802,-8.604496e-05,0.00011414673,-7.25522e-06
HIV1251_AF324493_3,2.5228708e-05,6.511221e-05,-0.00018774018,-1.9348014e-05,-8.486362e-05,-0.00010029408,0.00015249015,7.401117e-05,2.6971366e-05,-8.034774e-05,5.3952088e-05,5.21157e-05,9.104244e-05,-2.142272e-05,0.00020027369,0.00026654344,-5.3279677e-05,6.6818226e-05,-8.476878e-05,0.000113103364,-0.00019967866,0.00014752621,0.00017232481,0.00016323231,0.00021464624,-4.0328432e-05,0.00011487239,0.00017694943,0.00011183627,-5.388179e-05,5.4768574e-05,-4.62943e-05,2.228415e-05,0.00011661698,-2.9389465e-05,6.0308494e-06,-4.2383654e-05,-5.0785697e-05,0.00016281096,0.00019111004,3.6605081e-06,-9.659682e-05,0.0001603084,-5.4325723e-05,0.00014056893,-6.0218343e-05,-7.247608e-05,0.00011072997,-4.3374193e-06,-2.3177001e-05
HIV1478_AF324493_6,-2.378842e-05,4.3724947e-05,0.00011487714,0.00010036029,0.00019811411,0.0002189118,9.207151e-05,0.00018887775,8.045395e-05,0.00011013396,-0.00021119336,7.145926e-05,1.7817973e-05,-3.4637724e-05,0.00013541682,9.360568e-05,7.975429e-05,0.00016450766,-5.4457854e-05,-1.5252819e-05,4.2556472e-05,-0.00018255952,8.540433e-05,6.711882e-05,0.00018842395,9.0187634e-05,-2.1537182e-05,-8.606998e-06,-7.579198e-05,-8.7056455e-05,-1.7368857e-05,-3.4945206e-05,6.23977e-06,0.000113137634,-9.962496e-05,7.287835e-05,0.00011862827,0.0001624432,-0.00017325685,1.4743109e-05,0.00010556134,6.769515e-05,8.084731e-05,0.0001876024,-0.00010244116,0.00018212863,0.0001945362,6.456819e-05,0.00014105113,0.0001070014
HIV1239_AF324493_1,9.645958e-05,5.2863008e-05,-0.00020360129,0.00019352154,2.9415742e-05,2.5827844e-06,-8.079852e-05,-4.4749617e-05,3.2873486e-06,7.930585e-05,3.7096397e-05,-9.544583e-05,2.2796674e-05,0.00015776152,-8.236957e-05,1.5394127e-05,6.724083e-05,3.4531357e-05,2.235481e-06,4.5902627e-05,3.5632125e-05,7.2896764e-05,-8.114602e-05,5.076881e-05,-2.8269353e-05,6.697342e-05,1.9956753e-05,-1.6698006e-05,-0.0001990547,-0.00015137685,0.00014208804,-3.6849793e-05,0.00021687127,0.00011152882,-1.4290889e-05,0.00012681018,-4.888146e-05,2.2399367e-05,9.4129384e-05,9.422102e-05,3.9966468e-05,0.00013269355,3.9450493e-05,4.76909e-05,-0.0001900657,0.00013807954,0.00010637074,0.00021420006,-0.00010737889,2.779234e-05
HIV1158_K02013_3,2.7971377e-05,2.5005256e-05,-2.1785543e-05,4.3101605e-05,0.00010891862,2.458177e-05,-3.409301e-05,5.291341e-05,-1.0336211e-05,0.00013605313,8.774082e-06,6.104277e-05,2.5319096e-05,0.00011572605,8.8374065e-05,-0.00016871876,0.00010521526,-8.16879e-06,8.125827e-05,2.0038478e-05,0.00017315145,-3.2774613e-05,1.0757474e-05,3.9201826e-05,0.00013760859,2.5331581e-05,-5.7988946e-05,-4.5837656e-05,0.00012623503,-8.3000115e-05,0.00015069162,0.00020658177,0.000190283,3.5239205e-05,2.7157535e-06,0.00020280306,8.215831e-05,4.1286778e-05,5.314095e-06,-4.0383995e-08,2.6824919e-05,7.380094e-05,-1.892296e-05,-1.4027659e-05,0.00018057853,0.00020036039,7.3904055e-05,8.075638e-05,-0.000116647054,-0.00019661609
HIV1235_AF324493_1,0.00020955499,-5.4491677e-05,-2.3157605e-05,4.0379888e-05,-0.000107263804,-4.171248e-05,0.00026196387,-6.22069e-05,-0.0001152591,-0.00014134782,-9.978961e-05,3.910876e-05,1.2985028e-05,-3.0299914e-05,-2.6129464e-05,5.3653974e-05,-5.9960516e-05,-4.5203975e-05,-5.1747024e-06,-4.4272503e-05,-4.054161e-05,0.00018323517,-1.9348985e-05,-1.3236478e-05,-3.427585e-05,6.2134866e-05,-1.5920263e-05,-5.2551546e-05,8.814928e-05,-8.897438e-05,1.3566145e-05,-3.1449392e-05,0.00015776907,9.77485e-05,7.334976e-05,-0.00012431049,-1.6848593e-05,-0.0001347907,0.00024865312,7.793696e-05,-9.435043e-05,-0.00011141001,4.6245936e-05,-3.1658084e-05,-0.000150126,4.5825735e-05,0.0001470533,-4.1118024e-06,7.080158e-05,2.9134022e-05
HIV1170_K02013_3,1.07992855e-05,2.210563e-05,4.2578475e-05,-0.00010527273,-0.00013864198,1.9408257e-05,-2.8957304e-05,0.00015919165,-6.449915e-05,4.0739655e-05,2.6085681e-05,-5.512128e-05,-0.00013213116,-2.3775452e-05,-0.00016061672,-8.495913e-06,-7.354214e-05,-6.249884e-05,-6.347021e-05,4.2267926e-05,2.1175412e-05,-0.000105151215,0.000111106565,-8.640787e-06,0.000100241974,-4.6747627e-06,0.00030751067,0.00014927532,0.00012506232,5.7871952e-05,9.259963e-05,-2.9064407e-05,-0.0001154634,0.000207205,6.847827e-05,-0.00011370752,-0.00017213043,5.5434477e-05,5.3383617e-05,3.2324388e-05,-2.0141304e-05,0.00014813505,4.997803e-05,0.00014080174,1.4042166e-05,-0.00013988769,-2.4760495e-05,-2.9609877e-05,-3.1492345e-05,-1.3936183e-05
HIV1164_K02013_3,-5.0765907e-06,-5.585889e-05,6.5853183e-06,-0.0001295317,3.747307e-05,0.00016579352,-4.472691e-05,0.00026406182,-4.5683835e-05,3.199526e-05,0.00014154516,0.00013099307,0.000104361185,8.030548e-05,-4.3167634e-05,2.3097635e-05,-8.732595e-06,-4.1134215e-05,4.0906783e-05,-0.00010501851,5.1165687e-05,0.00017172082,6.279628e-05,0.00016295811,7.2770315e-05,0.00020451967,-7.489128e-05,-4.0321866e-05,0.0001401873,0.00010201851,5.3708125e-05,-0.00014492286,0.000107848646,-0.00014414261,-1.9864809e-05,6.836876e-05,7.47118e-06,6.4643005e-05,0.00013397424,-3.1035288e-05,3.3143322e-05,-0.000118191754,-9.1277776e-05,-3.409888e-05,-5.3760443e-05,3.7126367e-05,1.3153951e-05,-3.9314556e-05,1.07219e-05,-7.712436e-05
HIV1399_AF324493_1,7.558519e-05,-0.00018178744,-0.00012092991,3.300845e-05,-1.1100047e-05,-0.00013867414,6.4634056e-05,2.2601644e-06,-3.7389826e-05,0.00022689831,-9.767085e-06,-7.833566e-05,-7.637034e-06,7.311294e-05,4.3473912e-05,-4.4124467e-05,1.4359813e-05,-4.135399e-05,-0.00016625624,1.8977713e-06,6.452271e-05,-5.4687705e-05,3.3203763e-05,1.7237602e-05,6.895582e-05,2.4592819e-05,2.5068512e-05,-0.00031955456,1.5825259e-05,-8.703981e-05,-2.7066744e-05,-1.4689401e-05,9.686054e-05,-1.5818025e-05,-0.00018550723,6.559559e-05,-3.6944007e-06,6.666182e-05,3.335338e-05,-5.9099515e-05,4.4536257e-05,0.00016255458,9.727171e-05,0.00013605248,-9.221848e-05,1.835954e-05,-6.628336e-05,7.542548e-05,-6.7022374e-05,0.00017070689
HIV1129_K02013_2,0.00020354668,1.2568264e-05,1.6337272e-06,-2.0788915e-05,-0.00015949905,-1.9081288e-05,2.3423201e-05,1.5752443e-05,0.00014675134,0.00013297984,5.4676693e-05,8.210256e-05,0.00012443081,4.0099017e-06,-0.00016682514,-3.2511376e-05,0.00016851886,2.0061794e-05,0.00017299165,9.833951e-05,-1.2939157e-05,6.8500424e-07,6.394099e-05,0.00010411573,-0.00014389316,2.8564771e-05,9.561049e-05,-9.8315715e-05,-0.000137862,-5.961064e-05,-0.00010918642,-8.401862e-05,-7.3116885e-06,0.0001994732,7.760617e-05,0.00011788638,3.4108307e-05,-4.0193416e-05,2.941099e-05,-1.0399336e-05,-1.4749533e-05,-3.569982e-05,-0.00024799965,1.9446492e-05,1.8003404e-05,5.046459e-05,1.4743715e-05,3.1609037e-05,-2.4140034e-05,-5.9666225e-05
HIV1283_K03455_2,7.0674134e-05,2.8656239e-05,0.00012695347,-2.8540344e-05,-0.00013142517,2.0236275e-05,0.00012635405,1.884447e-07,0.00019579017,2.656921e-05,0.00017685295,1.9424187e-05,2.695967e-05,2.791204e-05,0.00016128714,-1.9725458e-05,-0.00014431772,-0.00011740032,9.551035e-05,8.595692e-05,0.00011035935,0.0002335498,-1.5769863e-05,-2.2314732e-06,-6.992252e-05,0.00015125194,4.8726182e-05,-4.540845e-05,-3.8479313e-05,8.481331e-05,5.7101384e-05,3.7071255e-05,1.01985925e-05,-1.4914985e-05,0.00016547191,3.906031e-05,0.00017513073,-2.13079e-06,9.46495e-05,5.7982532e-05,0.00017278414,1.2443959e-05,0.00014125372,0.00019059941,8.809472e-05,2.6719164e-05,-7.588904e-05,-1.9506393e-05,-5.6060544e-05,-0.00014417125
HIV1004_AF324493_6,5.436712e-05,-0.00014382879,-0.00015120486,1.8253566e-05,-3.6469312e-06,3.0026873e-05,0.00021663214,-6.1534e-05,0.00019151195,1.4253786e-05,5.8112302e-05,-9.516462e-05,4.7065103e-05,-7.554831e-05,-8.481458e-06,9.0410873e-07,0.00012286396,6.867713e-05,9.772438e-05,5.6543386e-06,0.00015241225,-3.5128367e-05,0.00013780022,5.1685205e-05,3.3488686e-05,-0.00012379442,2.6236821e-05,0.00017075858,3.241276e-05,0.00013478482,-0.00012257558,-0.00010480997,-4.8012862e-05,3.984371e-05,-3.2551885e-05,0.00017820916,9.47715e-05,-6.532176e-05,-0.00012315034,9.988536e-05,-1.6812002e-05,0.00016647737,2.0302796e-06,6.901401e-05,-1.9346584e-05,-3.4618188e-05,-2.138286e-05,9.9424185e-05,7.4753996e-05,0.00019211334
HIV1072_AF324493_1,-5.6502693e-05,-4.6853842e-05,0.00015943011,-7.036598e-05,-3.563542e-05,-4.4987846e-05,-6.735253e-05,0.00013625115,0.00017115215,1.1541478e-05,0.00013652538,-1.7871895e-05,2.7131756e-07,8.615784e-05,-5.198594e-05,-0.00016091514,-2.6550968e-05,0.0001491304,-8.661284e-06,6.495714e-05,-7.329804e-05,-0.00017054743,-0.00011369663,4.2903263e-05,9.603871e-05,-0.00011273796,-4.0802806e-05,-7.9111356e-05,2.9414346e-05,-0.00012319832,-3.361983e-05,-6.844801e-05,-5.2914118e-05,3.7493424e-05,-1.7461693e-05,0.0001823693,5.6440007e-05,8.994812e-05,0.00013456993,-2.759481e-05,5.6549765e-05,4.2591408e-05,0.00014067853,-2.4546487e-05,-7.008718e-05,2.9695455e-05,-7.870778e-05,2.8740615e-05,0.00011792064,-0.00010547541
HIV1080_AF324493_5,1.8337025e-05,5.473297e-05,-0.0001295924,3.2506076e-05,-3.0848096e-05,5.712072e-06,7.318319e-05,0.00015478267,0.00014092808,-3.347091e-05,-7.404679e-05,1.1254782e-05,1.1714937e-05,7.9714584e-05,0.00020353401,-3.1720756e-05,0.00017737394,9.472302e-06,-0.00023021639,0.0001969014,-4.0955587e-05,5.7159607e-05,0.00018803302,6.64052e-05,0.00011031894,0.00011932775,-6.2376086e-05,0.00015011601,-7.029951e-05,-2.85702e-05,0.00010790811,4.843616e-05,-6.176539e-05,0.0001488289,0.00010567636,-4.9415954e-05,-5.264346e-06,-5.7243094e-05,2.5384335e-05,1.6275924e-05,0.00025094143,-8.063692e-05,0.00016053428,2.7956406e-05,6.024981e-05,0.00025993638,0.000101733574,0.00015860064,-0.00012107346,-3.062813e-05
HIV1366_AB052995_5,4.535755e-05,0.00013118665,3.4343982e-05,6.3842776e-06,0.00012235658,0.00021292055,0.0002086756,2.951221e-05,0.00018958867,7.37514e-05,-2.159287e-05,-6.414358e-06,-4.1801883e-05,0.00010382534,-3.7678878e-05,-0.00010142806,6.260348e-05,-1.991029e-05,7.05174e-05,0.00010257592,4.8626705e-05,0.00012746538,-0.00010428994,-4.9401107e-05,1.8236777e-05,-5.8817597e-05,0.00016981152,5.0148006e-05,5.4678512e-05,0.00018105171,0.00017670254,0.00013560228,-2.108039e-05,0.00014538305,-7.273185e-05,-4.8359565e-05,-0.0001014116,0.000111443675,-0.000115164774,-0.00015278452,-6.260949e-05,7.674294e-05,-5.3694865e-05,0.00016718979,-4.84267e-05,0.00014207583,0.00031364156,8.693907e-05,1.711954e-05,-0.00012320683
HIV1335_AB023804_3,-9.06041e-06,7.7355726e-05,0.00017100974,5.3368145e-05,5.23693e-05,5.935191e-05,-0.00027470267,6.147129e-05,7.0862596e-05,5.340752e-05,9.292331e-05,8.011867e-05,-2.0058993e-05,-6.1698636e-05,0.00015411845,-0.00015936284,1.3740073e-05,3.9280196e-05,0.00016406881,2.8854778e-05,0.00022513545,0.00011472189,5.305803e-05,5.8634938e-05,4.412917e-06,8.805128e-06,9.1277856e-05,-7.190508e-05,-2.8465596e-05,-2.2097458e-05,-0.000117680545,-4.421357e-05,-9.40505e-06,0.00020899113,0.00012684202,1.4383561e-06,-5.7358284e-05,0.00017380426,-4.795127e-05,-0.00021433571,0.00018523069,-4.403652e-05,0.00023257361,-5.884695e-06,0.00010725529,-2.2544933e-05,8.5054744e-05,-4.9026705e-05,0.00011527355,1.9648205e-05
HIV1209_K03455_4,1.1693912e-05,-1.7921634e-06,-3.1335294e-05,3.1774027e-05,7.5064556e-05,-3.2356435e-05,-0.0001962374,-9.165563e-05,-5.2666564e-06,-5.237826e-05,4.9699014e-05,-0.000113214795,5.5070406e-05,3.8139176e-05,-6.660771e-05,7.503892e-05,-0.00015988284,0.0001995889,6.828889e-05,-0.00012034389,1.3010583e-05,-8.164779e-06,4.6659105e-05,0.00013383655,-0.000113873866,6.223761e-05,4.3518477e-05,0.00014891141,9.517751e-06,0.00016383646,-6.706378e-05,-0.00010139651,-3.7920631e-06,-7.856018e-05,0.00015387552,0.00017688143,-0.00015320769,0.0002971928,7.6176555e-05,-0.00015484479,0.00016457774,-0.0002567791,3.8014838e-05,3.448193e-05,-4.2351716e-05,4.8695852e-05,0.00015585162,-8.3292056e-05,1.6871914e-05,9.707238e-05
HIV1277_EU541617_1,5.7874327e-05,0.00018864065,-1.6655402e-05,-5.6973935e-05,5.130387e-05,1.9257535e-05,0.00012560113,-1.6952827e-05,0.00013812825,0.0001526398,-0.0001023508,4.7039277e-05,0.00017476063,0.00016586311,-2.974842e-05,7.572441e-05,6.99877e-05,-7.041188e-05,0.00011071551,-2.0819274e-05,-9.551515e-05,6.470811e-05,-7.489773e-05,-0.00012318988,-9.139767e-05,0.00015737845,-0.00021133923,4.44413e-05,-0.00010685938,-0.00017369569,7.1322094e-05,0.0001434863,5.4676028e-05,-7.798356e-05,8.614536e-05,5.8071764e-05,-4.971774e-05,6.936047e-05,-4.5795747e-05,-4.9672424e-05,0.00021604303,9.0829904e-05,-0.00011424499,2.367305e-05,-1.2735607e-05,-2.718963e-05,9.67662e-05,3.4331955e-05,-3.0338859e-05,4.178925e-06
HIV1365_AB052995_5,-5.2914012e-05,0.00020207521,0.00017984891,-0.00013617915,0.00011735393,-4.4474044e-05,1.970812e-05,0.00023441433,-4.944982e-06,1.5212035e-05,0.00012556861,-7.01077e-05,9.6675496e-05,0.000118960175,-5.9164093e-05,-1.6953696e-05,4.182049e-05,5.726975e-05,5.4059383e-05,-7.320057e-05,8.7531225e-05,0.00017728143,0.00010156921,-3.9769984e-06,3.0207037e-05,6.8189496e-05,0.00010001202,5.5399734e-05,7.290091e-05,5.858902e-05,-0.0001551478,5.4353324e-05,-3.510936e-05,0.00023163704,6.9476504e-05,0.00018426638,-0.00010002967,-0.00013039264,5.2145504e-05,-9.0762784e-05,0.00014253032,-0.000120793346,5.5758155e-05,0.00023666212,3.0372601e-05,-9.164387e-05,0.00013278601,-7.181953e-05,-5.0812323e-06,0.00013671281
HIV1212_AF324493_2,7.467708e-05,7.3869975e-05,0.00013655878,5.382958e-05,5.559081e-06,9.7856115e-05,0.00019100256,0.00020243757,0.00011812886,0.00014573603,-5.515806e-05,4.9651084e-05,6.1028033e-05,-1.312364e-06,-0.00012367064,-1.707668e-05,-6.175835e-05,-0.0001477099,0.00015219377,-9.674073e-07,-1.0819447e-05,-6.3560576e-05,-2.3150687e-05,-0.0001890762,1.4024624e-05,-6.897275e-05,-9.321396e-05,-0.00014922704,0.00010573203,-3.5333132e-06,-0.00013028258,2.3265753e-05,0.00019167253,0.00019470869,3.149404e-05,0.00010994956,9.518849e-06,0.00011163574,0.00012139008,2.5022027e-05,2.2446147e-05,-3.5553494e-05,7.8640136e-05,3.399312e-05,1.6630443e-05,0.00012594726,3.144267e-05,5.262208e-05,0.00018018058,0.00019425631
HIV1285_K03455_4,0.00020097282,-2.5269915e-06,0.00014774973,0.00015656392,-8.525702e-05,-3.932453e-06,3.42482e-05,1.6727307e-07,9.876338e-05,-8.1692466e-05,0.00011623592,0.00014147958,8.7833236e-05,0.00018100248,3.215981e-05,-6.9670125e-05,3.1725656e-05,0.00010800964,0.00010017644,5.5803706e-05,-9.7688935e-05,3.3096065e-05,0.00012265216,3.01626e-05,3.531671e-05,0.0001266366,-0.00011029715,-0.00015182207,-2.8346016e-05,0.00013198117,5.9184847e-05,9.240317e-05,6.424678e-05,0.0001418342,0.00019390872,1.0065677e-05,2.7086333e-05,0.0001262938,-0.00011954686,1.8626793e-05,0.00011712789,6.2235114e-07,-2.7624592e-05,-8.129162e-05,6.123142e-05,0.000105213694,1.7727223e-05,6.701588e-05,5.5130827e-06,-0.00014626597
HIV1086_AF324493_7,-8.453275e-05,9.907356e-05,1.1055517e-05,-0.00019190753,0.00011062231,-6.0647028e-05,6.998322e-05,-0.00011142845,0.00017044433,0.00018569767,-2.0245669e-05,0.00019444853,-0.0001330344,4.9432452e-05,-1.7504406e-05,5.2033552e-05,1.8368433e-05,-2.1437718e-05,0.00010756429,-3.706865e-05,1.7006685e-05,-0.00018300906,-0.00022402147,1.586116e-05,1.853958e-05,0.00011854924,0.00011357775,-1.2450833e-05,-0.00010303653,0.00014023719,8.69565e-05,-6.193951e-05,-0.00016721121,0.00015359561,-2.6922424e-05,-2.1016427e-05,-0.00010228487,-7.526955e-05,0.0002222801,0.00018831935,9.901932e-05,0.00011450256,0.0003508465,-3.9347953e-05,5.5216773e-05,-9.4142364e-05,-2.7567045e-05,-5.3370277e-05,-3.9178838e-05,5.4196575e-05
HIV1110_AF324493_1,0.00014200302,4.3859258e-05,-0.00012259885,-0.00013378337,9.795393e-05,2.489864e-05,-5.4653476e-05,-0.000101878584,2.6591206e-05,-3.0284644e-05,1.796753e-05,-4.7697362e-05,5.6020726e-06,0.00013327366,1.3925299e-05,-2.3267262e-06,-0.00026912565,-0.0001405337,1.5396261e-05,9.876831e-05,-7.599339e-05,0.00011884293,-0.00012871607,5.034667e-05,0.00021482485,-1.2643719e-05,9.1714144e-05,5.9675956e-05,-7.1992166e-05,0.0001060309,9.349536e-05,3.5074172e-05,1.6744291e-06,0.00013040996,-3.370451e-05,1.1743077e-05,1.2508655e-05,-7.398987e-05,5.3234995e-05,-0.00010259976,0.00011151225,-1.0831719e-05,-6.8101835e-05,5.656638e-05,-5.051335e-05,3.5785524e-05,0.00010566068,4.0116985e-05,0.00014163449,1.2681493e-06
HIV1309_AB023804_1,-0.00011019682,0.00013338827,-4.4724e-05,0.00012446429,0.0001471487,2.8399058e-05,-5.7221212e-05,7.793046e-06,8.5058746e-05,3.057907e-05,-4.1860667e-06,1.2250667e-05,0.00012183568,1.906214e-05,-8.083505e-05,0.00020410772,-0.0001459572,9.390794e-05,3.8416187e-05,5.4657514e-05,4.707023e-05,5.179098e-05,7.768811e-05,3.2786324e-05,0.00023079864,-0.0001716344,-2.041323e-05,0.00013241096,0.00015934631,1.4531888e-05,0.00012825483,-0.00013482154,0.0002886805,-5.78061e-05,8.58881e-05,7.600624e-05,5.560463e-05,2.707381e-05,-5.199726e-05,2.4064922e-05,-6.783142e-05,4.477276e-05,-6.909965e-05,9.2659735e-05,7.018773e-05,0.000107948435,-9.893048e-05,-0.00012800671,9.760678e-05,-5.2468702e-05
HIV1372_AB052995_6,-8.27924e-06,7.11466e-05,0.00021216129,6.453544e-05,9.9991834e-05,5.5736866e-05,-4.2569904e-05,-7.761714e-05,-5.0581348e-05,0.00010930369,1.3301524e-05,0.00019763249,6.180008e-05,-0.00012561104,-0.00011345227,3.6804693e-05,-6.5262066e-05,-8.604428e-05,3.6395313e-06,-2.5867876e-05,-2.8367773e-05,-3.8036594e-06,-8.7951645e-05,0.00016951315,-8.0367055e-05,-1.6266733e-05,9.63418e-05,0.00018271331,-5.902552e-06,0.00033402067,2.1114065e-05,2.7318421e-05,-2.6330765e-05,-5.273446e-05,2.6227475e-05,9.4327595e-05,-5.1186526e-06,2.6592437e-05,-3.2529188e-05,-8.445282e-05,0.000112092144,9.117733e-05,-0.00013188321,-0.00010949815,-2.4783824e-06,-0.00010587502,3.539425e-05,9.033866e-05,0.0002935141,-8.792059e-05
HIV1343_AB023804_4,0.00018113872,-4.03769e-05,1.1026276e-05,1.4303475e-05,-4.2329044e-05,0.0002248154,7.819773e-05,-3.5531695e-05,3.0439502e-05,4.2031566e-05,-2.616991e-05,6.396619e-06,-3.496546e-06,-6.147466e-05,-3.179506e-05,-0.00013731472,-0.00011760815,5.8146325e-05,0.00011846038,3.815471e-05,-5.1308867e-05,9.128058e-05,1.5899674e-05,-8.092773e-05,0.000115447154,3.8497095e-05,0.00010462252,0.00010456493,-1.9584193e-05,-9.673975e-05,5.6898025e-05,-2.6048145e-05,-7.785364e-05,-0.000100687445,0.00012680829,0.00021277698,-2.4583873e-05,4.3638916e-05,-4.1925596e-05,1.7660504e-06,7.6610435e-05,3.796692e-05,1.1799224e-05,9.826886e-05,6.669252e-05,0.00010625796,-0.00017954459,5.745245e-05,0.00021605555,2.7395483e-05
HIV1009_AF324493_2,0.00011406687,0.00015103385,4.344288e-05,2.8166545e-05,3.6017682e-05,0.0001059115,-0.00016157824,-0.0001847413,0.0001394248,-1.1218936e-05,3.7385456e-05,-0.00013634836,1.0504979e-05,-0.00016715331,-0.0001249518,0.00014267018,0.00012369046,7.8874014e-05,4.4322052e-05,0.000109641245,0.0001858169,-4.986793e-06,0.00024679824,6.318324e-05,-1.6742904e-05,2.6898064e-05,8.583395e-05,8.4874664e-05,-2.999437e-05,-3.8346654e-05,0.0001170736,6.5628556e-05,0.00014358839,0.000155877,-2.8669449e-05,5.0893846e-05,-0.00010213848,0.00018458243,-7.344461e-06,1.21606545e-05,2.6223119e-05,0.00022494492,2.6297788e-05,3.3348173e-05,3.3885249e-06,-5.420755e-05,2.7446216e-05,7.491287e-05,-2.073522e-05,1.866058e-05
HIV1174_K02013_3,2.473777e-05,-7.780808e-05,-3.7100934e-05,1.6311657e-05,-9.427214e-05,-5.4135133e-05,-4.697244e-05,7.901671e-05,8.173332e-07,0.000131668,3.328055e-05,-1.8325594e-05,3.1914893e-05,0.00013104205,0.000149114,0.00014851455,0.00014072318,6.961491e-05,1.5835625e-05,-7.549649e-05,1.4510361e-05,-0.00011352879,5.682024e-05,-6.643413e-05,0.00010803436,0.00014613161,2.7241097e-06,-3.0352492e-05,-0.00010567347,-5.9675025e-05,8.042397e-05,0.00010780004,-4.5834906e-05,0.000119141296,-0.00012238484,9.489105e-05,-9.190543e-06,0.00015480402,9.930907e-05,-6.40282e-05,0.00015875073,7.286502e-05,8.65583e-05,-1.084037e-05,-0.0001387442,2.3965842e-05,-2.6925258e-05,1.6355782e-05,-8.8757384e-05,0.00010078219
HIV1171_K02013_3,2.2781305e-05,8.207051e-05,2.1028649e-05,4.0135295e-05,0.00010047198,-7.759276e-05,-2.6754451e-05,5.984852e-05,4.6236317e-05,0.00010829116,7.152897e-05,4.6498135e-05,6.259313e-05,-1.2796151e-05,-1.3406155e-05,0.00025585352,-5.739976e-07,0.00014137829,6.361715e-05,-8.124384e-05,-2.2563567e-05,-4.4936998e-05,0.0001050116,0.00011536225,8.266032e-05,-3.4003115e-05,-0.00013468513,-2.6282301e-05,0.00010185288,-4.2698553e-05,-1.0667927e-05,0.00012060623,4.705404e-05,3.8205773e-05,8.539787e-05,-1.9591374e-05,9.4298746e-05,0.00014322049,-0.00017243846,9.569014e-05,-7.260653e-05,-9.743489e-05,-2.1957165e-05,2.6196147e-05,0.00016122962,0.00012468899,-4.4594188e-05,2.5005536e-05,0.00015048699,0.000143903
HIV1510_AF324493_8,5.5077082e-05,0.00011267771,7.284134e-05,-0.000101194,-2.799128e-05,-4.10027e-05,-6.7932506e-06,1.5363756e-05,1.5055051e-06,9.733692e-05,1.7231177e-05,2.0166339e-05,9.5802934e-05,-1.6764619e-06,-1.528463e-05,0.0001977816,5.0085087e-05,-0.00014006556,-0.0001936328,-2.232084e-05,6.38934e-05,0.00011273591,-0.00017884564,0.00018077287,7.97408e-05,-0.00010191241,0.00016642622,-6.052425e-06,2.8081142e-05,-4.67375e-05,3.6184756e-05,5.189281e-05,-7.0407856e-05,-5.446032e-06,5.91587e-05,-1.6003885e-05,0.00010136792,0.00018463198,-0.0001092744,7.745472e-05,-7.2587136e-05,0.00019074403,-5.908509e-05,-3.74252e-05,0.0001721693,0.00010885391,-1.2155441e-05,-7.51679e-05,0.00010362297,0.00011443963
HIV1448_AF324493_3,-2.4178586e-05,8.337662e-05,0.00020301706,-9.469126e-06,6.486205e-05,-1.2195844e-05,0.00024583066,-5.9631202e-05,0.0002453257,-1.3759774e-05,0.00010220043,0.000115982184,1.6295862e-05,0.00012649808,9.277937e-05,5.9204394e-06,-5.422061e-05,1.8179524e-05,8.178831e-05,5.4690616e-05,0.00013503652,6.378986e-05,7.614953e-05,9.698609e-05,-5.4719436e-05,6.575373e-05,-4.1656305e-05,3.197015e-05,7.534566e-05,2.00591e-05,0.0001743852,-8.360435e-06,1.8029368e-05,3.5285764e-05,2.551774e-05,0.00014781271,-6.253309e-05,5.5608834e-05,7.213142e-05,0.00016324988,0.00019767086,-9.483902e-05,3.0050876e-05,-8.1989696e-05,5.0810115e-05,-1.8859717e-05,-0.000111573405,0.00010525935,0.000121749625,-5.9297883e-05
HIV1645_AF324493_4,0.00019094456,3.16139e-05,0.00021818021,-0.00024519308,0.00010697362,-1.30382905e-05,-2.041192e-05,-1.7828834e-05,0.00015078177,0.00016622628,0.00011542482,-0.00011082451,-7.7164055e-05,0.00014367835,-2.518061e-05,0.00011861133,1.648641e-05,2.9444844e-05,0.00012424395,1.8198322e-06,0.00018102427,7.997182e-05,-6.524318e-05,-0.00010747815,-1.33645435e-05,5.725187e-05,-0.00011906296,-4.259683e-05,-8.600031e-05,0.00010705484,0.00013099037,9.250194e-05,5.9213366e-05,-1.754814e-05,5.8103178e-05,0.00020070211,0.00016817436,8.983647e-06,5.8577294e-05,-0.00015333302,9.317551e-05,1.1985159e-05,0.00014111974,-7.219762e-05,0.00022515994,7.984285e-05,3.0438197e-05,1.2413944e-05,-9.932876e-05,6.0343107e-05
HIV1371_AB052995_5,4.2318654e-05,0.00016363867,0.00017027522,3.0634405e-05,-6.6181947e-06,-0.00014454672,-0.00017365688,-0.0001341166,0.000112478876,-4.867884e-06,-0.00017146845,9.494514e-05,5.6402892e-05,7.0769885e-05,-5.905316e-05,-1.9291674e-05,2.434023e-05,-7.5681764e-06,0.00020509637,-0.00021246388,0.000120125675,7.9151076e-05,0.00016248823,-2.8795565e-05,-1.6394798e-06,0.00015342826,0.00019282928,0.00022246662,-6.2087245e-05,2.1524804e-06,0.0001221071,-1.2463444e-05,0.00011809299,-6.569297e-05,-0.000114481,-0.0001034285,7.866586e-05,-0.00018420957,0.00029728754,-3.4014454e-06,-7.057471e-05,-3.9655548e-05,-0.00011472976,7.322317e-05,0.00013290177,-2.1155178e-05,-0.000156901,2.535089e-05,9.704425e-05,-0.00011209722
HIV1423_AF324493_1,3.112195e-05,0.00023411424,0.00015269764,-0.00016878883,0.00026382058,6.038621e-05,-7.207737e-07,-6.133933e-05,9.1968934e-05,9.73574e-05,7.069411e-05,-9.9194076e-05,-3.0759125e-05,0.0001705169,-0.00010801495,0.00012077436,-7.875838e-05,-8.932194e-06,8.746861e-05,-6.375287e-05,-2.061024e-05,0.00010098835,-6.1503524e-05,0.00014835404,-9.141502e-05,7.256157e-05,-4.3492946e-05,-6.818474e-06,6.5644585e-05,-1.3711894e-05,5.4913646e-05,0.00013392845,8.573193e-05,1.1803771e-05,-3.9590333e-05,0.00021334078,-2.799864e-05,0.00015607035,-1.9463725e-05,7.187696e-05,-0.00016899951,-3.4566463e-05,-3.4915825e-05,0.00011582989,-1.39632175e-05,1.5224399e-05,-7.118733e-05,2.896215e-05,-3.0239737e-05,-5.837312e-05
HIV1479_AF324493_6,0.00018066324,-0.00018837638,0.00010966309,0.00019326778,7.761484e-05,6.609793e-05,8.1841696e-05,6.820221e-05,4.3000648e-05,1.4532986e-05,6.276511e-05,0.00013631635,0.0001393392,-0.00013206892,-8.480217e-05,0.00010747553,-1.0263744e-06,3.3070242e-05,-2.4840338e-06,-3.0868203e-05,-3.9848335e-05,-0.00014905146,0.0001710828,-7.8087425e-05,6.882594e-05,-4.273714e-05,7.4108243e-07,2.0308882e-05,2.0465255e-05,-8.391996e-06,6.243665e-05,8.600024e-05,6.9021366e-06,-0.00014870765,6.551868e-05,-7.8135534e-05,8.96541e-05,6.370929e-05,-5.2092575e-05,-8.409458e-05,-6.061678e-06,3.793042e-05,2.6310454e-05,9.359453e-05,-3.6816673e-05,-0.00019938059,7.6265984e-05,7.980866e-05,-5.860188e-05,7.945338e-05
HIV1459_AF324493_5,-6.761429e-05,-0.00016121705,7.907303e-05,9.418845e-05,0.00020719343,-1.4295529e-05,-8.439957e-05,7.59786e-05,-0.00022832905,9.5773124e-05,0.00018984498,1.7246015e-05,-2.1696624e-06,-2.3635655e-05,0.0001165451,1.48579975e-05,6.883664e-05,9.616283e-05,-4.3237967e-05,4.9367307e-05,8.4413914e-05,0.00019509978,0.00012652858,8.672816e-05,5.8145702e-05,0.00014827917,0.00019284278,-9.760909e-05,2.4987752e-05,-5.4796667e-05,5.1747844e-05,0.00021240755,-0.00029421385,5.958612e-05,-0.00011705006,0.00012902674,0.00011391095,7.550178e-07,0.0001593771,-0.00011367104,-9.860087e-05,-0.00023522277,8.275387e-05,-3.81884e-05,-4.281677e-05,8.113114e-05,-0.00018447165,0.00015447346,-1.3867707e-05,-0.00015613042
HIV1287_AB023804_2,-4.1682633e-05,7.5979726e-05,4.7553203e-05,8.7531174e-05,7.925793e-05,-0.00011526773,9.530173e-05,0.0001304648,8.033249e-05,-0.000157232,1.2737305e-05,0.00010440262,-4.0314822e-05,0.00013107879,-4.182346e-05,-6.937002e-05,0.000108926004,-4.7915502e-05,0.00012706105,2.287195e-05,0.00014820808,0.0002425146,-0.00010528485,0.00011400733,0.000110454515,0.00016230473,-0.00012633222,-0.000120006436,-0.00015398409,-5.7977424e-05,-2.345022e-05,4.41661e-05,7.0188704e-05,-2.0542431e-05,-0.000100905185,0.00010961238,-0.00013011417,1.5464435e-05,5.7837296e-05,-0.00010759775,-4.0162293e-05,0.00011703053,2.40746e-05,-1.616358e-05,-0.00016184375,0.00010126353,0.000107378706,-1.2937585e-05,2.6809812e-05,-0.00010257695
HIV1517_AF324493_1,-9.1574875e-05,-2.5225943e-05,0.0002667299,-2.2527765e-05,4.5703546e-05,-2.0972979e-05,0.0002318603,0.0002071637,2.838118e-06,-8.4554544e-05,0.00012573345,-4.3920754e-05,-2.0500698e-05,5.5232653e-05,0.0001362818,0.00018219666,-6.450253e-05,2.5543937e-05,-0.00015784266,-8.160405e-05,0.0001271765,9.565066e-05,-0.00015001351,3.6316214e-05,0.00010838711,-8.306688e-05,4.7081805e-05,-9.842514e-05,1.1524185e-05,-4.0923667e-05,1.2109011e-05,-6.556355e-05,3.4192282e-05,-0.00011167877,4.7836114e-05,0.00020400311,0.00012727633,5.974186e-05,-4.755043e-05,0.00010805367,0.00013849179,6.583186e-05,-0.00013431632,-4.195782e-05,-9.8416785e-05,5.3555523e-06,-7.246391e-05,-4.1223404e-05,9.15038e-06,0.00010298224
HIV1519_K02013_3,4.356344e-05,0.00011381675,-2.3386905e-05,1.390987e-05,-8.059916e-06,-3.4728369e-06,-0.00012659571,-2.4710722e-05,0.0001063997,0.00010658709,0.00015476979,-0.00010705334,3.8940536e-05,-4.210705e-06,-5.7384383e-05,-0.00022687444,-8.3597886e-05,2.531779e-05,2.2697393e-05,0.00020318106,-1.935591e-05,-2.9545023e-05,0.00023149741,-6.2404606e-06,-9.243877e-05,-1.9518979e-05,5.162205e-05,-3.8208935e-05,-4.412452e-05,2.9271516e-05,8.3245766e-05,-4.0751194e-05,8.667224e-05,-5.7782672e-05,-6.864792e-05,0.00012459463,-3.35546e-05,-3.0926207e-05,3.0666884e-05,-5.5971763e-05,6.061584e-05,-7.776173e-06,4.8210586e-05,6.908941e-05,2.8696566e-05,-1.1578584e-05,4.0529612e-05,-0.00013254398,1.9181567e-05,-4.8745096e-05
HIV1071_K02013_6,0.00018797147,3.945026e-05,-5.2193936e-05,-5.0375864e-05,2.0174584e-05,-0.000126851,2.0748916e-05,-5.1707204e-05,-0.00012721658,-0.00016027187,8.134289e-05,-0.00015853002,0.000120349294,0.00018924191,8.8962726e-05,-9.6977215e-05,0.00010196916,-8.456261e-06,-6.2882646e-05,-4.552699e-05,-1.49713105e-05,1.5995176e-05,4.8067443e-05,0.0001803383,3.215265e-05,8.043475e-05,0.00011775324,9.843534e-05,0.00011598553,-5.1064202e-05,1.8039517e-06,-5.2919066e-05,0.00012285715,0.0001576607,0.00010102037,-2.4039964e-05,7.456065e-05,1.2683295e-05,-0.00015767696,6.561628e-05,-6.861527e-05,1.7691256e-05,0.0002224851,0.000121117584,-0.00010258389,5.140617e-05,-0.00015106928,5.5553337e-05,3.415831e-05,-0.00014195526
HIV1295_EU541617_3,0.00024558007,-4.1147192e-05,0.00025082633,8.838517e-05,-3.280256e-05,5.8420785e-05,-2.6503476e-05,5.7817142e-05,-4.6776906e-05,0.00010376139,0.00010264167,0.000115619354,-2.1773869e-05,5.2370975e-05,-8.677321e-05,3.497803e-05,-6.157181e-05,2.0682306e-05,-7.1733564e-05,9.801711e-05,-9.354465e-05,8.532338e-05,5.4071545e-05,8.2400016e-05,-4.886997e-05,-0.0001373844,-1.177204e-05,-2.7397824e-05,0.00017792259,-7.494039e-05,0.00010067164,0.00015862627,-0.00011498899,7.0160213e-06,-5.9893093e-05,-7.687418e-05,-8.615678e-05,-2.2325097e-05,-0.00014698505,4.034094e-06,0.00018174613,0.00011330759,0.00033681892,5.8875776e-05,-8.274269e-05,0.00015553771,-1.2386947e-05,9.398059e-05,-0.00020852685,0.00012376123
HIV1591_K02013_1,0.00022015416,-8.267866e-06,6.106735e-05,4.1808627e-05,2.3492576e-05,-8.550496e-05,-3.2593674e-05,2.2055325e-05,-7.5397606e-05,-4.766581e-05,0.00013569879,0.00015193183,-9.644967e-05,-3.3062883e-05,0.00011113267,-4.1249503e-05,4.8831313e-05,-0.00011094247,-0.0002194241,3.0231704e-05,0.0002118603,-0.0001376715,-0.000104404186,-2.8299239e-05,-4.328027e-05,-7.317523e-05,9.3513525e-05,2.5516827e-05,0.00016842573,-7.4475545e-05,5.4242155e-05,-3.881624e-06,3.742479e-05,-7.8489094e-05,0.00012902953,0.000109219734,0.000188555,8.744572e-05,-0.00020315683,0.0001448206,8.844059e-05,0.00010383568,0.00015268559,5.7510595e-05,8.41382e-05,5.374191e-05,0.000110109206,0.00015405484,7.4540614e-05,3.354675e-05
HIV1360_AB052995_5,6.3675056e-06,1.3983736e-06,3.6290625e-05,-6.3355525e-05,-3.646613e-06,0.00011630187,2.6252708e-05,-6.236707e-05,4.295876e-05,0.00026523767,9.093309e-05,2.2912216e-05,3.3413446e-05,-0.00019400512,0.00023392875,0.00012892066,4.0892564e-06,-0.00013837242,-0.00015524571,0.00011764732,-3.111899e-05,1.8922787e-05,-1.8499077e-05,9.6798736e-05,4.540485e-05,0.00012597792,5.3211243e-05,4.107807e-05,5.6326728e-05,1.74892e-06,8.288808e-05,0.00019164599,-8.12903e-05,-4.5605568e-05,0.00015129475,2.1108272e-06,-4.0477153e-06,2.1807797e-05,4.1314783e-05,-6.0421087e-05,-0.0001395089,0.00016036615,0.00019160172,3.8703587e-05,-3.805016e-05,0.00013796275,-3.7797465e-06,0.00015900751,0.0001595129,-0.00012971224
HIV1457_AF324493_5,0.00010081373,-0.00011636015,-5.5224504e-05,1.3712486e-06,0.0002772957,0.00011734243,9.908735e-05,4.534501e-05,-9.892521e-05,9.061223e-05,-3.5066998e-06,1.6774344e-06,-7.798728e-05,0.00012458592,2.784701e-05,-9.152378e-05,0.00012060179,-3.351809e-05,6.631375e-05,-4.0229456e-06,0.00011350631,0.000112465255,4.9286875e-05,0.00016472055,-5.0707196e-05,0.00019572845,-3.6880378e-05,-5.832297e-05,3.2643275e-05,-0.00010180855,-7.760686e-05,-0.00025533146,8.130798e-06,-3.946791e-05,4.2616426e-05,-0.00026892865,-0.00019104779,6.401133e-05,8.294273e-06,0.0003324922,-4.3654894e-05,8.9227695e-05,0.00016069575,0.00025573518,0.000105029554,3.4602763e-05,0.000119935896,0.00018055427,8.408352e-05,1.1433055e-05
HIV1361_AB052995_5,2.2335098e-05,2.1399397e-05,7.217172e-05,-0.00012399205,6.5352855e-05,4.868235e-05,3.466569e-05,0.00022763328,0.00021886243,0.0001603264,-2.2141157e-06,0.0002624324,0.00012749723,-3.6107143e-05,2.2806822e-05,-0.00015140693,0.00011391126,3.464553e-05,3.295476e-05,9.455189e-05,0.00012539094,4.3082036e-05,-0.000101111546,-5.7828136e-05,0.00014830801,2.7031724e-06,-4.5323673e-06,-5.7364407e-05,7.1812865e-05,0.00013837859,0.00014474834,-9.330836e-05,3.2883047e-05,-0.00010138586,1.993912e-05,6.078105e-05,2.5515868e-05,0.00013240347,7.699354e-05,-0.0001852308,2.4266397e-05,2.6013335e-05,0.00020631582,0.00018936,0.00028821436,8.69598e-06,-3.6313468e-05,-0.00021085319,4.6770288e-06,7.2641626e-05
HIV1639_AF324493_4,2.783792e-08,-0.00014434793,-9.018138e-05,0.00012138447,0.00013028373,0.00013168687,5.1312385e-05,-0.00025431003,-3.5258323e-05,-9.2655246e-05,2.50665e-05,-7.616794e-06,0.00012490728,8.3274375e-05,0.00014215485,0.00014266779,3.0048648e-05,3.348101e-05,-9.883117e-05,9.793258e-05,0.00014914194,-9.134817e-06,-8.1154234e-05,2.4524013e-05,0.00020464495,4.8740763e-05,-3.186993e-05,2.2854189e-05,0.00014426453,-1.7082637e-05,3.6999e-05,-4.502115e-05,-3.3056054e-05,6.162741e-05,4.3805027e-05,1.7640848e-05,4.3873068e-05,1.9704642e-06,0.00015558646,-1.8652756e-05,0.00024909532,-0.00011089104,5.393266e-05,-0.00020176674,-7.3544106e-05,5.6742297e-06,2.8063638e-05,1.5369124e-05,-7.970405e-05,0.0001710116
HIV1640_AF324493_4,0.0001018236,0.00020946302,-4.6299883e-05,-6.198085e-05,0.00013244343,0.00012376969,7.208103e-05,-8.148874e-06,-7.900506e-05,-5.042384e-05,8.883135e-05,-0.00015175792,7.371645e-05,0.00024658118,0.00012923863,1.5672447e-05,0.00016710772,-6.0704027e-05,2.1599004e-05,0.0001248748,-3.6618345e-05,-0.00010880816,6.1958955e-05,1.4994637e-07,0.00012001189,0.00017209617,0.00010579366,0.00015568089,4.8914342e-05,2.5610963e-05,-6.962061e-05,-0.00011654533,1.4114799e-05,0.00015449931,8.589046e-05,8.803297e-05,0.00019863388,0.00011226072,8.426374e-05,0.00013027151,1.7591781e-05,4.4792665e-05,5.063647e-05,-0.00014121711,0.00019829726,-0.000128165,0.0002041265,2.8385024e-05,-0.00011218338,-2.5015235e-05
HIV1516_AF324493_9,-0.00012838187,-0.00020565295,9.969996e-05,7.0405636e-06,0.00014843082,1.6648673e-05,-5.0686227e-05,-0.00011571004,-9.4421404e-05,1.6485734e-05,0.000184823,-7.676886e-05,-0.000100380734,0.0001050321,-3.3672335e-05,-1.3607942e-05,6.0953134e-05,9.5220006e-05,0.00012089403,4.3874923e-05,-1.9458219e-05,-5.226266e-05,5.561094e-05,-9.7382996e-05,-9.2518085e-06,-1.1030848e-05,-2.8938843e-05,0.00021560933,0.00016310222,0.00012938475,0.00012633634,4.151874e-05,3.0404326e-05,-7.7995e-05,0.00010849022,0.000118365526,6.376993e-05,0.00024408256,-9.1231435e-05,0.00017384168,5.0188613e-05,1.8435834e-05,0.00015025899,0.00018224094,0.00014567397,-0.00012655047,-0.00016849465,-3.457991e-05,-5.5570083e-05,9.219539e-05
HIV1590_K02013_1,-3.7969072e-05,-0.00012042337,-3.0597396e-06,8.9477886e-05,-4.85775e-05,-8.708386e-05,7.104953e-05,0.00014452885,2.0108597e-05,0.00014076654,0.00013447303,-4.8338374e-05,3.3074741e-06,3.1079457e-05,0.00014669159,0.00026019497,-6.8219655e-05,-6.0083483e-05,-8.201378e-05,0.00013192804,-1.8697623e-05,0.00017893157,-6.061828e-05,9.8812e-05,4.4800443e-05,-0.00021251834,-8.2705395e-05,-3.4181634e-05,1.8210018e-05,-0.00013345112,-0.00010367658,1.6646793e-06,0.00013891792,-3.097421e-05,7.788986e-05,-3.8085072e-05,0.00015086363,-0.00018942302,-2.0854859e-05,4.058265e-05,9.097104e-05,0.00017569786,-9.854496e-05,-6.41366e-05,-3.252529e-05,-0.00016642068,5.45744e-06,5.84194e-05,-1.3966621e-05,8.084264e-05
HIV1114_K02013_1,1.4865597e-05,6.940433e-05,-3.116479e-05,-8.99144e-05,-8.956237e-05,-4.5521927e-05,-0.0001076848,6.113227e-05,-5.4460514e-05,-0.00012976196,6.9388705e-05,0.00025378412,0.00011075958,0.00015792716,0.00010542987,-4.6038807e-05,-0.00013017851,0.0001757047,0.00013924143,-8.6633045e-05,0.0001310854,0.00015809477,-8.7189255e-05,2.614122e-05,6.690622e-05,3.6801393e-05,4.232564e-05,-6.4511994e-05,-4.0936662e-05,3.469998e-05,-0.0002001214,8.395065e-05,7.3571966e-05,-3.018044e-05,-5.6859128e-05,-0.0001408386,-6.164317e-05,-0.00017945026,3.3911965e-05,-0.00013471159,-4.943684e-05,5.507879e-05,3.6091584e-05,-6.960246e-05,5.0919734e-05,0.00016868941,5.472464e-05,8.2186445e-05,6.131586e-05,0.00013853898
HIV1368_AB052995_5,4.0138406e-05,9.726074e-06,0.0001399759,0.00026968075,-4.990065e-05,-8.9061694e-05,-7.436336e-05,0.00026296248,-0.00013465555,4.4267777e-05,-2.1871407e-05,-1.5138395e-05,0.00014708971,-7.56559e-05,-3.6077488e-06,8.1245e-06,-5.4001946e-05,0.00027729917,0.00012474219,4.876125e-05,-0.00010846476,0.00026537364,9.733385e-06,9.728221e-05,1.3443168e-05,1.0518654e-06,4.444745e-05,0.000108203036,3.338658e-05,7.3075455e-05,9.21809e-05,0.000118548545,6.7611e-05,4.44092e-05,0.00015537768,0.000105832274,-3.1163643e-05,4.174731e-06,-3.0342206e-05,8.075345e-05,4.432662e-05,4.3005617e-05,0.00024793137,6.55377e-05,0.00011580409,-8.034727e-05,-1.49319985e-05,-6.10883e-05,-0.00011002587,8.987105e-05
HIV1633_AF324493_3,0.00026060344,-6.712566e-05,0.00020528404,6.1663806e-05,0.00023910381,-1.2435809e-05,-4.006169e-06,-5.6287354e-05,-2.1498941e-05,-5.778674e-05,-0.00013858278,5.354385e-05,1.8380331e-05,6.909756e-05,8.0410955e-06,9.819981e-05,-8.361722e-05,6.5685665e-05,6.100909e-05,5.746531e-05,-1.6042217e-05,-3.058556e-05,-1.7457223e-05,0.00019923091,1.3858019e-05,-8.408127e-05,7.1201604e-05,0.00013972222,0.00020398444,2.5385934e-05,-3.779108e-05,-5.51902e-05,-0.00010813976,-5.3622756e-05,-9.8193086e-05,-0.00010079354,9.0246125e-05,0.00013278773,7.157853e-05,-1.961962e-06,-3.9645867e-05,-2.576573e-05,4.519793e-06,0.00030668313,0.0001251112,-3.033155e-06,0.00010683608,8.0295365e-05,7.552239e-05,2.3798626e-05
HIV1168_K02013_3,-3.503455e-05,8.304948e-05,4.1023937e-05,-6.612609e-05,0.00012337371,-4.0610826e-06,-1.2092519e-05,7.2443276e-05,-0.00013690654,8.113132e-05,-8.049346e-05,7.950002e-05,-6.887024e-06,3.7900103e-05,1.4400858e-05,-0.00018108197,-0.00021333584,-0.00012173142,-4.5481436e-05,7.726206e-06,3.7137837e-05,-0.00016729638,-7.0878214e-06,-2.074388e-06,-0.00013300478,-3.389751e-05,0.00015573317,5.760958e-06,-0.00014396437,0.00020804185,4.7777936e-05,0.00010458642,0.00025332675,4.624232e-06,-3.087224e-05,0.00012930964,6.2377253e-06,-3.367566e-05,0.00012789348,8.30977e-05,-3.0184046e-05,4.1791805e-05,6.735172e-05,-3.634607e-05,1.283869e-05,4.9969003e-06,7.327459e-05,-0.00012628209,8.965659e-05,-4.0096504e-05
HIV1130_K02013_2,0.00017676342,1.9320446e-06,1.0766396e-05,-3.5721926e-06,-8.617092e-05,-8.624688e-05,-8.53086e-05,0.00011765688,-2.641814e-05,0.00011608505,0.0001324002,8.380473e-05,0.00016355836,-3.3839674e-06,-0.00019484844,-9.681341e-05,-0.00012552833,3.5202083e-05,-0.00011743216,2.9427296e-05,-8.186061e-05,-2.2169597e-05,-2.9698636e-05,-3.6162735e-05,0.0001887137,-5.5201803e-05,7.7714045e-05,-9.2978835e-06,0.000184333,8.2520055e-05,0.00011018927,-0.00012506529,7.967096e-06,0.00012429923,-3.3617394e-05,0.00015269128,-1.9453985e-06,-4.1286978e-05,1.6782538e-05,-4.9072576e-05,0.000119282515,-0.00014179293,-6.276888e-05,0.00018203325,-2.8997014e-05,-4.0348765e-05,6.944314e-07,3.8445116e-05,2.2821776e-05,2.0370839e-05
HIV1439_AF324493_2,2.8532644e-05,-4.3980057e-05,0.00010311441,5.9612607e-06,5.988618e-05,9.9351884e-05,0.00015294904,6.926982e-05,-0.00012567943,-6.7047135e-05,0.00017277495,-8.722902e-05,-1.0600404e-06,3.996359e-06,5.8340433e-05,0.00014046709,0.000106324886,-3.888681e-05,2.8912076e-05,-8.8997855e-05,9.580531e-05,0.00030053317,8.880753e-06,8.08827e-05,0.0002191284,-5.8613517e-05,2.5717072e-05,0.00017432326,8.1571394e-05,7.674522e-05,8.9319255e-05,1.6134547e-05,-2.364643e-05,0.00021439786,-0.00010201799,0.00014646525,2.6060348e-05,-1.9368948e-05,7.3556264e-05,0.00012222446,-2.8264414e-05,0.00013715909,1.9332505e-05,-6.7060464e-06,-1.17557265e-05,-8.8278466e-05,-0.00013837275,0.00013356228,7.991933e-05,-4.0619943e-06
HIV1161_K02013_3,2.6736408e-05,9.9364115e-06,-6.74274e-05,0.00011235146,-0.00012394587,-0.00011328197,-0.00013073617,0.000115853094,-0.00021886341,-2.0903286e-05,2.6680937e-05,1.7324415e-05,3.251499e-05,5.566731e-05,-9.1014415e-05,0.00020188818,-3.693296e-05,6.432356e-05,-4.335834e-05,-2.2728445e-06,1.4228192e-05,8.755788e-05,-4.6908033e-05,1.6893613e-05,-7.161733e-05,0.00016845985,5.4490003e-05,-7.2608564e-05,-0.00021633231,5.8400383e-05,9.6566524e-05,0.00015522525,-2.9622195e-05,5.5579276e-05,-2.8858065e-05,0.00012769015,1.911647e-05,-8.737396e-05,6.750265e-05,5.9175287e-05,0.00016041847,9.111598e-06,7.626732e-05,0.00013871035,-0.00022460255,2.8827026e-05,-0.00013170378,8.825536e-05,-8.1213136e-07,-0.00012088763
HIV1349_AB052995_3,5.704893e-05,0.00013997545,-9.2925984e-05,-4.659202e-05,0.00021416077,5.5682216e-05,-8.697625e-05,0.00022465024,-2.7857079e-05,5.640729e-05,-0.00014966274,3.135776e-05,4.0189865e-05,-0.00013973036,0.0001872756,2.0243924e-06,9.56718e-06,-7.841123e-05,-5.431983e-05,-2.4820725e-05,-3.4599885e-05,0.00014506347,-4.0235675e-05,8.553829e-05,6.496873e-05,-5.9496724e-05,1.8854711e-05,9.654974e-05,4.3074044e-05,2.110505e-06,-0.00014689736,0.00013832793,-3.2930875e-05,-6.34437e-05,8.573062e-05,0.00015091685,0.00014599515,9.195144e-05,5.896929e-05,9.235006e-05,0.00015446194,8.6062355e-05,-3.8383427e-05,8.408602e-05,0.00015040676,-6.817783e-05,0.00010211275,-5.6216122e-05,9.691816e-05,-2.1312564e-05
HIV1281_K03455_1,0.00014872446,-9.8817036e-05,5.8471873e-05,-2.2287835e-05,9.286316e-05,2.5590129e-05,-1.6490922e-05,0.00012826,-7.59272e-05,0.00016312246,6.9867087e-06,0.00017848524,7.5700504e-05,-4.5341156e-05,1.2392843e-05,0.00035284794,-6.742392e-06,8.867368e-05,1.35630125e-05,0.000106476524,0.00010589723,-7.0478345e-05,-2.6374497e-05,0.0001408181,-4.2635013e-05,0.00022099246,2.9554409e-05,-0.00010795076,7.993758e-05,-3.5873876e-05,5.0397564e-05,0.0001441211,0.00014182052,2.4490555e-05,2.3504223e-05,7.07924e-05,-0.000111557834,-1.8867115e-05,-2.6221147e-05,0.00019256635,4.53025e-05,-6.877878e-05,5.5506538e-05,7.360264e-05,-0.00018576984,1.3816744e-05,0.0001270185,5.938989e-05,0.00019800835,-4.142771e-05
HIV1418_K02013_3,2.6007829e-05,-0.00010308464,0.00011030653,5.32487e-05,9.009481e-05,0.00013237314,-0.00011381875,2.7315635e-05,3.654991e-05,-1.9867402e-05,0.00014900131,0.00021776244,-4.3430617e-05,0.00014268773,2.6505646e-05,0.00011481626,0.00019130387,3.6511294e-05,0.000112437825,1.3567239e-05,4.390945e-05,-5.54794e-05,-4.4131888e-05,9.517903e-05,-4.4569904e-05,3.8564634e-05,-2.542527e-05,-5.6310877e-05,4.648743e-05,-0.00012413117,7.305166e-05,0.00014129178,1.6817043e-05,0.00014894974,0.00028403898,-9.226621e-05,6.2828665e-05,-5.85845e-06,-0.00011059417,4.052822e-05,0.00014411083,-6.271695e-05,-2.1671593e-05,5.0545612e-05,-5.771823e-06,-8.8119144e-05,-8.815111e-05,-9.061767e-05,2.4754045e-05,-8.5595224e-05
HIV1611_AF324493_1,-0.0001206131,4.1086823e-05,4.5654655e-05,9.88545e-06,8.430775e-05,7.5583353e-06,0.0001041262,8.3871164e-05,8.940243e-05,-5.7910194e-05,4.9447393e-05,-0.00015910678,-2.0745687e-05,6.2359973e-06,-9.3968636e-05,4.3184376e-05,0.00016459978,0.00011925905,0.00015477666,-0.00013681308,1.7904233e-05,5.6527464e-05,-6.327565e-05,-2.539363e-05,-3.0193023e-05,-2.7452083e-05,3.3076503e-06,0.0002843062,9.779149e-05,-0.00016761631,8.501548e-06,9.7003845e-05,0.00010421244,-3.075374e-05,-3.1596992e-05,0.0001189346,8.9677116e-05,1.3277719e-05,2.0942285e-05,7.8105426e-05,0.0002085678,-0.00012975796,-3.110278e-05,1.6471697e-05,0.000168643,-0.00017747743,0.00015759013,8.287893e-06,2.3705852e-06,1.6495098e-05
HIV1341_AB023804_3,-7.999876e-05,0.00015873952,0.00014273213,0.00018777675,4.3849366e-05,-4.925026e-05,0.00016290044,-6.276447e-05,-9.9397024e-05,0.0003092265,1.4548415e-05,-7.33351e-05,-4.098333e-05,-3.9653196e-06,4.9534887e-05,-5.9351383e-05,-8.511108e-05,3.4269546e-05,7.1151866e-05,-0.0001495829,0.00019519076,1.0189017e-05,5.033069e-05,0.00020717861,-5.866053e-05,4.419502e-05,-3.510949e-05,6.461415e-05,9.713006e-05,4.0110444e-07,-1.3291292e-05,0.0001307505,0.00012948149,4.624481e-05,1.2271889e-06,-6.201423e-05,-1.7166014e-05,8.5587955e-05,1.580852e-06,4.1614774e-05,-0.00011794659,0.00010139628,0.00024736446,0.000105511186,8.354267e-06,-6.0702245e-05,0.00016901064,4.529853e-05,0.00011933468,0.0002502206
HIV1057_AF324493_9,7.749939e-05,0.000110362154,-8.369007e-05,8.162371e-05,0.00017933994,5.484298e-06,8.45451e-05,1.6144015e-05,5.7731544e-05,-0.00017828972,0.00013581828,2.8710712e-05,-0.0001642916,0.000104160885,3.3373068e-05,-9.4903946e-05,0.00015213598,-1.1715214e-05,0.00014628001,3.6965477e-05,-0.00011477048,0.00017590572,-2.9885732e-05,9.682485e-05,-8.357716e-05,-1.6783315e-05,-7.980256e-05,-8.074199e-06,-2.2119226e-05,0.00010701535,-9.877491e-05,-0.00016163327,0.00014629743,0.00013537692,-0.000110744375,3.4181369e-06,0.0001814435,-6.981321e-05,5.0741946e-05,0.00010278426,2.1922715e-05,0.00021979853,-8.43318e-05,-0.00012835272,0.00017962985,2.7994379e-06,-6.171091e-05,-4.3957123e-05,8.610375e-06,-1.3893232e-05
HIV1001_AF324493_9,2.71049e-05,-2.162853e-05,2.3705188e-05,0.00011211137,2.6408432e-05,-1.0657128e-05,8.519937e-05,0.00024301436,-7.723487e-05,-9.6733726e-05,-7.497672e-05,-0.00014762013,0.00015394678,1.2748498e-05,-3.422516e-05,6.780034e-05,6.229618e-05,-9.442069e-05,0.00015758815,-9.332446e-05,0.00012625792,0.00014100221,-6.82198e-05,0.00010178758,3.605826e-05,8.230734e-05,-0.000103837134,0.00017814433,0.00011444094,-2.8862191e-06,8.0490696e-05,0.0001323689,-8.313308e-05,4.2907282e-05,0.00020595494,3.0105744e-05,0.0002551003,-0.00016392057,0.00014143351,-2.870499e-05,0.00017157046,-0.00012607574,-1.0210563e-05,0.000101649064,0.00013952033,-9.2297385e-05,8.659897e-06,0.00012668608,-4.5620207e-05,-4.918928e-05
HIV1183_K02013_3,6.23945e-05,-0.00016615515,5.5039996e-05,6.9748225e-05,0.00019461197,9.8093486e-05,7.684758e-05,1.3208159e-05,-7.275656e-05,0.000103349994,6.1014256e-05,0.00020892984,0.00014133457,-4.2526008e-05,1.5116664e-05,-1.0871863e-05,9.109568e-05,-5.680348e-05,0.00016582082,5.444153e-05,0.00012237333,2.1483294e-05,7.965471e-06,4.7688372e-05,5.4204265e-06,-4.830986e-05,0.00013217841,-2.9765768e-05,0.00013237067,-2.5912923e-05,4.5725224e-05,0.00014267709,0.0001405696,-4.3032138e-05,0.00025964258,-0.00017199424,-6.5530876e-05,1.0949518e-05,0.0001537344,0.00013239542,-3.7887166e-05,0.000100843085,4.195601e-05,8.601892e-05,2.8442075e-05,-0.00010893385,1.8348652e-05,0.00014390738,0.00012446321,0.00013134553
HIV1380_AF324493_1,2.9260373e-05,0.00018244973,0.00024829645,3.499507e-05,-9.780876e-06,-3.4814163e-06,0.00017561554,6.526752e-05,4.958717e-06,7.9762125e-05,9.252888e-05,-7.2880364e-05,6.502247e-06,0.0002515602,-0.00018891032,-5.324679e-05,-4.4889944e-06,-1.7198083e-05,-8.642047e-05,0.00012868634,0.000106394895,2.9790695e-05,0.00015732933,1.9870522e-06,-3.800039e-05,5.3232452e-05,9.429331e-06,0.00012356802,4.39369e-05,0.00018919373,0.00013813254,5.795633e-05,6.962209e-05,7.818873e-06,0.00014531419,-1.4724726e-05,0.00019804749,6.216978e-05,6.0711907e-05,4.6277073e-05,0.0001551117,0.00012493735,-3.5772046e-06,7.778235e-06,-0.00013636051,6.2723644e-05,-7.759926e-05,-4.5677036e-05,-1.8798948e-05,0.00017027718
HIV1010_AF324493_5,6.810315e-07,9.325073e-05,9.9732046e-05,0.00027400913,0.00016171127,-2.0391217e-05,0.00016217242,3.4401222e-05,-5.8177637e-05,4.968907e-05,7.2369425e-05,0.000101097205,7.375385e-05,3.317921e-05,-1.5801044e-05,0.00010894672,-1.644989e-05,5.0707396e-05,-1.7329914e-05,-9.599713e-05,0.00015133175,8.384522e-05,-1.3202761e-05,0.00012531402,-5.398713e-05,5.58082e-05,5.608979e-05,8.2230275e-05,-1.502382e-05,-3.7220678e-05,2.1061436e-05,-0.00015537496,-4.8442407e-06,0.00021875174,-3.4974975e-05,0.00011805583,5.7175617e-05,0.00014748848,8.404746e-05,0.00012448161,2.4431138e-05,0.0001621783,-0.00011810148,0.00012479411,0.00010467938,0.0002711739,-5.7206988e-05,1.0935518e-05,-3.6411363e-06,0.0002271221
HIV1477_AF324493_6,-9.575491e-06,2.6776618e-06,-4.5748362e-05,0.0003025605,0.00020688988,9.853172e-06,-0.00015526083,7.563461e-05,2.2523887e-05,-9.301036e-05,0.00013435673,-0.00020036858,4.3926102e-05,0.00010523854,1.4109035e-05,1.0669653e-06,0.000111331414,0.00013907776,6.832924e-05,5.3458698e-05,-0.00011134195,-0.00014555603,0.00012116498,3.8645358e-05,7.073594e-05,7.3401534e-05,0.00016772658,3.9926577e-05,1.8532202e-05,-5.3324447e-06,0.00013296126,3.9951597e-06,6.057716e-05,8.296866e-05,8.3311614e-05,-6.883713e-05,-6.08456e-05,0.00010121991,-0.0001176679,4.6684203e-05,0.00017322628,-6.2816085e-05,3.087402e-05,0.00016841025,0.0001214971,0.00016437763,-7.768321e-05,0.00016531121,0.00019826517,5.786462e-05
HIV1333_AB023804_3,-7.39934e-05,0.000104969855,0.00011846046,9.505863e-05,-4.208978e-06,-8.078608e-05,8.464531e-05,0.00030480523,-3.6876376e-05,6.1170125e-05,-0.00012812518,0.00024400512,0.00023460136,-8.698121e-06,4.674289e-05,-4.4003908e-05,0.00021133214,-3.3241755e-05,-1.4212867e-05,3.807567e-05,5.2058418e-05,0.00011850182,-5.7848018e-05,-0.0001208226,1.0854314e-05,-5.858681e-05,-4.83361e-06,5.8128353e-05,0.00012826044,0.00019449556,0.000129828,-1.9242403e-05,0.00016217511,-0.00037172882,-4.644007e-05,-5.1925013e-05,-0.00011979511,0.00011273303,-3.3964287e-05,2.8936478e-05,-0.00011152153,6.8776484e-05,1.0329102e-05,-4.178714e-05,-5.6282443e-06,9.589681e-05,-0.00010479837,-2.0734726e-05,-3.2456748e-05,0.000108034954
HIV1348_AB052995_2,1.0877743e-05,-3.584574e-06,0.00018599152,6.329567e-05,3.7348753e-05,0.00014162548,-0.00014884977,1.0450218e-06,8.538597e-05,-6.375693e-05,-7.804066e-06,1.41551e-05,-6.3878404e-05,0.000118754986,0.00018747571,0.00012532536,-8.652629e-05,0.00011573072,0.00011651715,4.228645e-05,-6.1520244e-05,0.000218613,2.873898e-05,-0.000113838796,0.00010042169,6.3644424e-05,-0.00013884566,2.1279377e-05,0.0001515587,2.520865e-05,-0.0001083297,6.433805e-05,8.9048095e-05,1.1687504e-05,4.1496833e-06,-5.3264215e-05,-8.016788e-05,4.4704146e-05,8.628149e-05,-8.8805886e-05,-8.674239e-05,5.694989e-05,-0.00021103282,0.00016937024,1.6850016e-05,2.867443e-05,-4.75683e-05,-7.96649e-05,0.0001901598,0.00017679503
HIV1157_K02013_3,4.098304e-05,4.82809e-05,-5.0181497e-06,2.7028202e-05,-9.6014875e-05,7.223397e-05,5.068055e-05,-3.0146522e-05,3.0581486e-05,5.375506e-05,-9.446128e-05,-5.925342e-05,5.045662e-05,0.00011674205,-0.000103697166,0.00021768497,0.0001212809,-4.643646e-06,0.00013315813,-9.84287e-05,0.00012448852,0.000104775674,4.5350866e-05,-5.591668e-05,3.9629722e-05,-0.0001651022,-1.551628e-05,5.891779e-05,0.000116332674,5.344407e-05,-5.0594892e-05,0.0002226204,-0.0001696078,4.536451e-05,-6.918214e-05,3.1413685e-05,6.8698355e-05,9.800723e-05,-6.944617e-07,0.00016504964,6.2039275e-05,6.733689e-05,3.3392364e-05,3.547391e-05,-0.0002552298,-3.580015e-05,4.25052e-05,7.8594436e-05,0.00019695713,-0.00019007747
HIV1299_K02013_3,1.4678723e-05,8.269677e-05,-0.00012650453,8.895642e-05,0.0001187633,-6.320683e-05,0.000192159,5.753184e-05,2.017983e-05,1.6540014e-05,0.00013691963,4.0933937e-05,-1.5710351e-05,0.00015871748,-6.0240363e-05,3.726957e-06,-5.3152067e-05,-9.351523e-06,2.1032806e-06,0.00013206669,-0.000108867636,-3.7960835e-05,-1.5131024e-05,1.02596405e-05,0.00010530113,7.02533e-05,0.0001442476,-6.908583e-05,0.00016815345,4.677534e-05,1.1891815e-06,-0.00015943119,0.00014948618,-1.0042485e-05,-4.842165e-05,-6.760576e-05,3.7054226e-05,3.5766243e-06,1.3744146e-05,-7.899724e-05,-4.7723165e-06,1.5537713e-05,-9.55417e-05,-7.725757e-05,8.102179e-05,-0.00010887369,-0.0001345024,0.00012965372,0.00023384279,1.5314596e-05
HIV1194_K02013_5,6.53529e-05,-2.20619e-05,4.9047805e-05,0.0001831696,3.9817623e-05,-2.561308e-05,6.7584464e-05,0.00019674473,8.668264e-05,3.648637e-05,9.2718736e-05,-0.00012666475,0.00011536032,1.4239228e-05,-3.1397904e-05,0.00013551189,6.9419184e-05,8.388579e-05,0.00016920714,7.1481925e-05,-0.00012381838,2.5176027e-05,-0.00015985993,0.00016080128,-4.52167e-05,-6.328777e-05,5.3985503e-05,-1.0569086e-06,7.655256e-05,0.00013331063,1.3809011e-05,0.00034448842,2.4374878e-05,3.2094216e-05,6.9841895e-05,-0.00011692043,3.3237793e-05,5.216758e-05,-7.266598e-05,8.79434e-05,3.0006988e-06,-1.9779716e-05,1.7500486e-05,0.00013347683,-9.5609175e-05,-9.002574e-05,0.00019813326,-0.00014635127,0.00014424745,8.80286e-05
HIV1431_AF324493_1,-1.5742885e-06,5.7924884e-05,-3.3689103e-05,0.00015604605,-2.1449303e-05,-6.93414e-05,0.000112255664,0.00016717675,3.332569e-05,-0.0002072007,0.00016177219,0.00016977607,-6.499216e-05,0.00024358857,-1.3274138e-05,0.00011837397,4.2202126e-05,-0.000112710004,-9.105534e-05,0.00011479104,-1.67609e-05,3.1533473e-06,2.4754523e-05,-0.000118003845,8.333321e-05,0.00012876649,-0.00016098756,0.00010932337,2.1453356e-05,-3.8870512e-05,-8.967331e-05,-3.0286135e-05,3.5023133e-06,2.2070399e-05,-3.1497206e-05,0.0001766566,0.00015376662,1.2812746e-05,-2.5481504e-05,4.557913e-05,7.0603215e-05,4.427168e-05,-1.0032943e-05,0.00014391447,-0.0001111004,-5.864518e-05,0.000120900084,5.358183e-05,7.7492274e-05,7.517975e-05
HIV1474_AF324493_6,3.6889953e-05,-0.00016330308,9.2609174e-05,9.637576e-05,0.00022169614,0.00013804734,0.00012535467,8.3385574e-05,2.9291548e-05,-8.900369e-05,0.00013328486,0.00025721677,6.56634e-06,-0.00010844982,7.603306e-05,5.2099596e-05,9.261654e-05,8.183413e-05,-6.5658623e-06,-0.0002203724,-3.7019996e-05,7.605719e-05,5.7773916e-05,9.454191e-05,1.3058541e-05,-2.5497637e-05,0.000101342106,0.00013293412,1.656491e-05,7.331857e-05,6.514228e-05,6.8596273e-06,1.3579225e-05,-6.386536e-05,-5.853139e-05,3.0195724e-05,-5.1462546e-05,-0.00016869749,2.2978866e-05,0.00017082859,-6.122857e-05,0.00017623212,0.00012364984,0.00010708727,-0.00011874573,4.5538178e-05,-7.6327495e-05,9.360714e-06,0.00023846517,1.2135856e-05
HIV1608_AF324493_9,2.71049e-05,-2.162853e-05,2.3705188e-05,0.00011211137,2.6408432e-05,-1.0657128e-05,8.519937e-05,0.00024301436,-7.723487e-05,-9.6733726e-05,-7.497672e-05,-0.00014762013,0.00015394678,1.2748498e-05,-3.422516e-05,6.780034e-05,6.229618e-05,-9.442069e-05,0.00015758815,-9.332446e-05,0.00012625792,0.00014100221,-6.82198e-05,0.00010178758,3.605826e-05,8.230734e-05,-0.000103837134,0.00017814433,0.00011444094,-2.8862191e-06,8.0490696e-05,0.0001323689,-8.313308e-05,4.2907282e-05,0.00020595494,3.0105744e-05,0.0002551003,-0.00016392057,0.00014143351,-2.870499e-05,0.00017157046,-0.00012607574,-1.0210563e-05,0.000101649064,0.00013952033,-9.2297385e-05,8.659897e-06,0.00012668608,-4.5620207e-05,-4.918928e-05
HIV1435_AF324493_2,0.00015586679,-6.559002e-05,-9.579131e-05,0.00022304116,3.8647983e-07,-5.23094e-05,8.641595e-05,0.0001890857,-0.00018489138,0.00010365766,-0.00012380189,0.00015473092,-6.618697e-05,0.00013585332,-2.0476591e-05,-9.090898e-05,0.00011382535,-1.0502766e-06,3.8801463e-05,6.1405146e-05,9.2316404e-05,-3.575305e-05,-6.6767934e-05,7.105629e-05,-4.2527325e-05,9.990154e-05,-0.00016337796,4.0587332e-05,-0.0001492033,-4.8577138e-05,-4.5217388e-05,7.281883e-05,0.00026176375,-2.4701592e-05,-3.834405e-05,-4.3471984e-05,-0.00010975249,0.00010288892,-1.421569e-05,-0.000119499324,-8.810702e-05,1.4882792e-05,0.000104433864,0.00021846707,-0.000107640364,0.00021378566,-4.504906e-05,2.098411e-05,3.176046e-05,-1.8088396e-05
HIV1280_K02013_1,1.42823155e-05,5.4407443e-05,-3.327776e-05,3.146566e-05,-5.5754736e-05,0.00014111554,9.619333e-05,4.5181267e-07,-0.000113682065,0.00016840048,-4.7488567e-05,-8.63558e-07,-8.567199e-05,5.3933945e-05,8.432619e-05,-0.00010558573,-0.00015877816,-0.00020219618,7.488732e-05,6.72765e-05,0.000100202706,-4.529661e-05,-8.401855e-05,-4.8097878e-05,-3.5648445e-05,-0.00019370516,-1.0231605e-05,0.00016642694,-0.00016425435,7.499126e-05,-1.9924377e-05,-5.3614476e-05,-0.00015060097,-5.7082987e-05,0.00028140785,2.4250889e-05,-1.8732557e-05,-4.7922014e-05,4.8206803e-05,9.33473e-05,-5.4638116e-05,0.00012026506,-6.0241064e-07,-0.00010476298,-1.3681032e-06,1.7447584e-05,7.094131e-05,-0.00012296003,0.00025110992,-0.00016165158
HIV1059_AF324493_9,-5.267268e-05,-6.321293e-06,0.00018219276,2.8615374e-05,3.5774876e-05,-3.9130337e-05,-5.6654797e-05,4.5282406e-05,0.00020641167,0.000116237316,6.3490246e-05,9.380139e-06,0.0001678289,5.8170088e-05,-5.0649625e-05,0.00014144431,9.6902186e-05,5.8754395e-05,-3.275761e-05,-0.00011338277,0.00012088945,0.00018261815,-5.808155e-05,-0.00016368358,6.2729254e-05,2.4390167e-05,0.00016870913,7.59538e-05,-8.416838e-05,0.00014298555,3.398052e-05,0.00013833295,3.969227e-05,4.9586353e-05,0.00027360505,4.783565e-05,0.00010742348,-1.5940972e-05,0.00015918672,-1.1005427e-05,-9.14529e-05,0.00031655183,6.984498e-05,3.4511233e-06,0.00016682789,0.00016183902,5.650105e-05,4.5578498e-05,-4.4000004e-05,3.7003552e-05
HIV1056_AF324493_9,4.4877717e-05,0.00011522327,-0.000120494966,0.00014375642,6.770963e-05,-5.245134e-05,8.734447e-05,0.0002158287,0.000119597695,5.4247002e-06,2.5220139e-05,-2.0911195e-05,-4.0842922e-05,4.0573264e-05,5.763116e-05,0.00010563842,7.9481535e-05,0.00020552892,0.00019664713,0.00011092186,-5.7572313e-05,-1.5362279e-05,1.2962709e-06,0.00011606614,0.0001216695,0.00021370292,4.7693347e-06,5.32364e-05,7.4720083e-06,-6.0865517e-05,-2.228571e-05,-5.073721e-06,0.0002677201,0.00033971886,1.8428746e-05,0.000115690746,-6.2484614e-05,8.869499e-05,-0.000101647405,-0.00015785174,7.007092e-05,7.969963e-07,-2.4194826e-05,6.6278866e-05,0.00018672785,-3.1170686e-05,4.6268688e-05,0.00017984156,-2.0044254e-05,7.097565e-05
HIV1236_AF324493_1,0.00013534655,-0.00018653834,-0.00010312729,-2.2658442e-05,7.937119e-05,2.2722047e-06,2.786073e-05,-5.7984053e-05,0.00014332004,0.00020889947,-8.1643075e-06,-4.474753e-05,6.345924e-06,-5.321215e-05,-0.00010189815,7.5080876e-05,5.0007366e-05,-9.568014e-05,2.7018183e-05,5.0008905e-05,-1.6890757e-05,2.6067351e-05,4.340116e-07,-0.00018605769,-9.810535e-06,-4.4559463e-05,7.045891e-05,-3.4605e-05,0.00013376429,2.7157808e-05,-1.3338005e-05,0.00011745771,-9.982397e-05,8.223366e-05,-3.0999767e-05,0.00016497183,0.00011451415,-0.00015819009,0.00017220883,0.000121614285,9.635115e-05,4.517406e-05,-7.4978496e-05,0.00010898945,-0.00010027298,-5.3902815e-05,-8.38814e-05,0.00012336926,-3.279517e-05,0.00013577244
HIV1259_AF324493_5,8.473823e-05,3.8401547e-05,3.3334272e-06,-5.0062143e-05,9.8093966e-05,9.9009594e-05,3.2623273e-05,-9.1191025e-05,1.6801056e-05,-6.724938e-05,-5.5264394e-05,-0.00020481703,9.597085e-05,-0.00012403926,-4.440029e-05,0.00012628197,-5.6481895e-05,0.0001863183,-0.00014295396,9.274678e-05,9.433524e-05,-8.026259e-05,-3.782863e-05,-0.00014073636,-0.00018746514,3.8956307e-05,3.0489653e-05,7.8946025e-05,-9.569203e-05,0.00010266663,0.00023009798,0.00010636515,-0.00017984584,-3.8155136e-05,-6.9668963e-06,-3.4088545e-05,0.0002567662,0.00013401019,-9.6328615e-05,3.8671686e-05,0.00013715056,-1.3989227e-05,3.0387439e-05,-1.8727324e-05,0.000106651554,0.0003510033,0.00017247669,-1.0558945e-05,7.255389e-05,0.00014965354
HIV1557_AF324493_7,3.450325e-05,1.7108452e-05,-0.00015198787,4.4975714e-08,-0.00012462585,-2.7895156e-05,-7.9752346e-05,7.545942e-06,0.00013882734,-3.7531245e-05,6.124451e-05,-7.7445475e-05,3.4662797e-05,4.96051e-05,0.00026234795,3.7699443e-05,-6.915852e-05,-3.942252e-06,0.00013463302,0.00023265743,-2.0534477e-05,0.00015366421,-4.9686227e-05,0.00015934232,0.000106948944,4.286641e-05,0.00015255457,0.00014687594,0.00012136246,-0.0001200048,-9.200742e-05,0.00017000649,-4.8317124e-05,-2.8604978e-05,5.2877407e-05,-0.00011915885,-5.605763e-05,-5.9859252e-05,-5.19291e-05,3.4900484e-05,0.00013326692,-2.1073964e-05,-6.742237e-05,-3.746993e-05,-2.6823398e-06,3.7599217e-05,1.9696614e-05,0.00017200666,-2.1923735e-05,4.0779864e-06
HIV1186_K02013_4,-1.8000375e-05,0.0002498615,3.3260192e-05,0.000105757026,7.2604234e-05,-5.137012e-05,-4.089181e-06,-1.1052584e-05,4.100943e-05,0.0002299513,8.8218425e-05,0.00013627777,0.00021687502,7.187729e-05,6.957157e-05,5.1556697e-05,2.0430254e-05,6.3620166e-05,5.958751e-05,-5.9569087e-05,8.0523105e-06,-0.00016649604,2.5056745e-06,-2.6029627e-05,0.00014018909,9.838426e-05,-0.000111999165,-2.0904561e-05,-0.00014209042,0.0001580686,0.00019599753,-2.8056098e-05,0.00016175932,0.00021322347,2.9515848e-05,-4.8585625e-05,4.448076e-06,0.00011191522,-7.967065e-05,9.873193e-05,-2.897756e-05,2.405672e-05,5.4604232e-05,9.6749936e-05,4.1057894e-05,-0.00013815705,7.236992e-05,0.00016839756,4.3602387e-05,4.5287587e-05
HIV1451_AF324493_3,0.00013465734,6.2262276e-05,0.00011816898,0.00010348892,-6.5691056e-06,-8.631677e-05,2.2780547e-05,-5.729647e-05,4.796575e-05,-0.00011715257,-2.311152e-05,-2.2244503e-05,-8.1919294e-05,8.393669e-05,-0.000113513874,7.9404934e-05,6.888405e-05,0.000107918495,-3.0080824e-05,1.5831829e-05,-7.8877994e-05,-0.00016042532,0.000104270206,0.00012576606,-6.724952e-05,0.00017178082,3.301218e-05,3.5955554e-06,0.00012922086,-0.0001147932,3.7857237e-05,-2.3442892e-05,-0.00018550786,-0.00021246316,0.00017303004,-0.00012370122,-1.9310926e-05,4.4266086e-05,3.9488634e-05,0.0001259212,-5.425546e-05,-1.7395641e-05,1.3300503e-05,4.692926e-05,-9.808587e-05,-6.6396366e-05,2.1157548e-05,6.311734e-05,-8.178866e-05,4.5836347e-05
HIV1208_K03455_3,-8.7560926e-05,-8.791289e-05,-0.00012891828,0.00016606177,-0.00012318652,0.0001928517,-9.818793e-05,0.0001386533,4.5091274e-05,0.00019675249,2.656864e-05,0.00033965326,-2.4550187e-05,0.00022197158,6.4305714e-05,-6.816346e-05,-7.33019e-06,-0.00017997382,-3.9153285e-05,5.2784326e-05,6.37403e-05,-0.00016898752,4.7194564e-05,0.00019297688,6.568324e-05,-0.00016496553,-1.3610037e-05,-3.4224762e-05,-3.601162e-06,9.7831035e-05,-8.634593e-06,6.493109e-05,0.000208453,-9.985818e-05,0.00012458656,-7.262927e-05,0.00015691442,-4.623331e-05,8.282638e-05,-3.9881594e-05,9.84292e-06,-0.0001157776,-1.1627175e-05,2.8586845e-05,5.653064e-05,0.00011211606,-1.926173e-05,-2.0280107e-05,0.00014774097,4.4634246e-05
HIV1180_K02013_3,2.3319246e-05,0.00013837355,-9.489117e-07,6.682215e-05,8.1487626e-05,-3.081936e-05,-9.741529e-05,4.9926723e-05,-1.3236185e-07,0.00010969287,0.000113823065,3.194433e-05,-0.0001239261,-1.0738855e-05,-0.00010165041,9.587108e-05,7.65125e-05,-7.441221e-05,0.00024468373,-2.1124297e-06,0.00012149517,1.0848994e-05,-7.498329e-05,-0.000112252186,-0.00010267197,0.00016411526,-1.5985055e-05,3.0592055e-05,-6.91843e-05,1.6602437e-05,3.614155e-05,-2.9848603e-05,0.00013203373,-0.00013587103,1.1573568e-05,5.4898115e-05,3.2405704e-05,3.281497e-05,-3.7138943e-05,-5.3670108e-05,-9.846447e-06,1.8913648e-05,0.0001079765,-1.3380438e-05,1.0366558e-05,-3.223147e-05,4.713908e-05,6.165417e-05,6.123961e-05,3.752977e-05
HIV1323_AB023804_2,8.79014e-07,-0.0001083708,0.00010294746,4.323181e-05,-0.0001221522,1.4321091e-05,8.491969e-05,4.5361205e-05,0.00012546155,0.00016948406,-7.510503e-05,-3.884055e-05,1.3235314e-05,7.5712014e-05,-0.00016774051,6.4281034e-05,-0.00010168707,-3.1163363e-05,-4.125418e-06,7.414437e-05,0.00016690171,7.821035e-05,8.47003e-05,3.570018e-07,7.478793e-05,0.000100875826,-8.810753e-05,-5.8072837e-05,5.719526e-05,9.372501e-05,-5.300029e-05,4.434657e-05,-6.432071e-05,-7.9850106e-05,-0.00014154115,-3.411275e-05,-0.000101887636,-6.995184e-05,0.0002233311,-8.1469836e-05,-4.736712e-05,0.000178118,0.0001006724,-0.00015005589,0.00015874689,-9.3946204e-05,-7.0859205e-05,0.00022125652,0.000113701375,3.433906e-05
HIV1445_AF324493_3,0.00013848631,0.000111704,2.6095062e-05,0.00010813434,-0.00012089412,-0.00020260402,9.815958e-06,-4.4974167e-05,0.00013778462,7.601552e-05,3.2229575e-05,-0.00013005201,-1.733301e-06,0.00018417026,-0.0001148333,7.089519e-05,5.5194476e-05,0.0002068925,6.0136765e-05,9.525295e-05,4.5991496e-06,0.00012943966,0.000164104,0.00013101197,0.00015341402,-7.4314965e-05,7.8074314e-05,2.9804682e-05,-4.3708387e-05,4.652648e-05,-3.2200453e-05,0.00015651002,7.401744e-06,6.175257e-05,-3.737023e-05,0.00015340031,9.6434174e-05,-6.298215e-05,0.00017120135,2.4060495e-05,3.7110065e-05,-6.680453e-05,5.726984e-05,-4.719078e-05,-8.918683e-05,0.00013451053,1.060176e-05,-2.006429e-06,0.000109704924,-0.00015421539
HIV1593_K02013_4,0.00019223645,0.00011836014,-5.510196e-05,2.0780604e-05,0.00018911065,-2.5274954e-05,6.694202e-06,4.3433407e-05,-1.5508676e-05,-8.4126914e-05,-2.523679e-05,7.665656e-05,9.910828e-05,0.0002173102,6.192183e-05,0.00018471954,-3.7323523e-05,0.0001832584,-5.3130057e-05,-9.528572e-05,-3.6851397e-05,6.839401e-05,0.00011710568,1.5799933e-05,-8.928852e-06,8.6169734e-07,5.871947e-05,-5.09832e-05,8.265488e-06,4.9944556e-05,0.00021138648,-2.3296063e-05,0.00019876494,-7.9359215e-06,0.000100458135,6.083586e-05,-3.3145116e-05,-0.00012869186,0.00010658975,-6.349508e-05,7.0290414e-05,0.00019835484,2.7616172e-05,-1.6132019e-06,0.00023600066,7.134168e-05,-2.7549488e-05,0.00011256385,9.082199e-05,0.00018376752
HIV1260_AF324493_5,6.588711e-05,-3.792223e-05,-1.3388852e-06,4.598414e-05,0.00019101177,0.00017980447,-0.00010870057,-5.2195282e-05,0.00014775369,8.925855e-05,0.00011590286,0.00012853264,0.00012903378,4.8433205e-05,6.342053e-05,8.054726e-06,0.00012277892,-8.8864545e-05,-1.832504e-05,5.29813e-05,-4.250555e-05,0.00017361475,-6.504607e-05,-9.970473e-05,-6.9409376e-05,-8.003564e-05,-7.783615e-05,5.060888e-05,-2.4649622e-05,9.303989e-09,-0.00015447855,-0.00014009162,-4.0784114e-05,-1.5338095e-05,0.00010793186,4.250021e-05,-0.00010752334,0.00011429048,0.00013617633,-0.0002263505,0.00030151824,0.00017010071,3.7842476e-06,0.00018628965,-2.5761556e-05,-0.00026914146,3.8183935e-05,-4.602886e-05,9.3946364e-05,7.847024e-05
HIV1030_AF324493_6,-1.36708895e-05,1.2051853e-05,9.898723e-05,5.010809e-05,9.5989744e-05,7.8615456e-05,6.192756e-05,7.860474e-05,-0.00013698256,0.00012451026,4.5646542e-05,5.5980894e-05,0.00013252602,2.3511298e-05,-0.000105371604,9.475983e-05,0.00011822051,9.052029e-05,9.573621e-05,0.00020985732,4.5490135e-05,-3.1593874e-05,-0.0001708106,-2.4309216e-05,3.5552544e-05,7.683992e-05,-4.226294e-05,7.783993e-05,8.135689e-05,1.43448715e-05,-0.000120055665,-7.555372e-05,0.00025349547,4.9587157e-05,5.671442e-05,1.520216e-05,-0.000130639,-1.1438528e-05,-0.00023954178,-6.462728e-05,8.130106e-05,0.00018658415,-4.903531e-05,0.00010261411,9.084982e-05,9.2539e-05,-5.632901e-05,5.2898467e-05,-2.6850665e-05,0.000106139225
HIV1498_AF324493_7,-0.00013191612,-1.2097639e-05,1.1336617e-05,6.0294107e-05,1.7623755e-06,0.00016511175,2.2479942e-05,-6.132377e-06,-6.570259e-05,-1.5386198e-05,-3.9895538e-05,0.00015819338,0.00019514303,-0.00013880315,1.1220895e-05,-1.5441956e-05,0.00015908224,-8.196634e-05,-8.780829e-05,0.00021420843,7.870919e-06,6.16096e-05,9.551763e-05,-4.119989e-05,-1.9841214e-05,1.1463077e-05,0.00011006913,4.1887244e-05,-0.00019442773,0.00020831019,1.849204e-07,0.00010264776,8.841907e-05,0.00010048341,5.936177e-05,0.00011988147,0.00017267196,-8.6317246e-05,-1.2222066e-05,0.0001632172,0.00016631943,7.676693e-06,-4.2646872e-05,4.0206036e-05,8.476906e-05,4.8149483e-05,0.00017225526,0.00013549266,9.015827e-05,-4.349501e-05
HIV1055_AF324493_8,8.9056084e-05,0.0001434125,-0.00015251072,4.5895576e-06,2.5184823e-05,0.00014361642,3.1579217e-05,3.130081e-05,-4.5314686e-05,-4.3723598e-05,0.000133215,-1.5074942e-05,6.3693464e-05,-6.22363e-05,2.8412353e-05,7.679906e-06,-0.00014623039,-0.00011447071,-4.7039415e-05,-7.117374e-05,0.0001771336,-6.6149614e-06,-1.6437129e-05,3.070356e-05,-0.00018323904,9.926051e-05,0.000110328416,-2.7184675e-05,0.0002062773,5.111228e-05,-7.0079994e-05,7.1828067e-06,-1.6514401e-05,2.2222863e-05,8.2302126e-05,-0.00012225188,5.591046e-05,-1.1549789e-05,-0.0001349763,0.0002097459,4.0343803e-05,-1.7542856e-05,-0.00014965732,4.4745746e-05,-3.1314565e-05,0.00014314434,0.0001717018,8.974261e-05,-2.8787255e-05,-0.000103395265
HIV1017_AF324493_6,0.00011105109,-2.231645e-06,-6.209961e-05,0.00017263087,-4.9131577e-05,9.606324e-05,-5.175372e-05,1.9125857e-05,-6.279931e-05,1.9118914e-05,-3.442154e-05,-3.1620137e-05,-1.4738546e-05,0.00010750755,0.00016065464,0.00014204576,4.837658e-05,4.3869117e-05,9.7021984e-05,-0.00027766082,-5.516114e-05,8.277909e-05,-1.9791192e-05,0.00017794018,3.9315328e-05,-0.00016300454,1.0716002e-05,2.9183113e-05,0.00013505426,1.5688553e-05,0.00015530843,0.00019134286,0.00014376921,-4.0069222e-05,1.7409362e-05,-6.8173795e-05,-3.2340836e-06,0.00012126695,-2.761693e-05,5.3420114e-05,3.625022e-05,-7.392259e-05,0.00012554273,5.9802383e-05,0.0001725063,-1.5439784e-05,-2.6341413e-06,0.00011919811,-6.029559e-05,4.7682955e-05
HIV1558_AF324493_7,-5.1559407e-05,6.9798036e-05,2.0592846e-05,0.000230369,-7.5600474e-05,-7.4042524e-05,-0.00015939423,7.222365e-07,9.854589e-06,5.1121617e-05,2.4948151e-06,-1.677841e-05,0.00014072342,-6.3986794e-05,6.480152e-06,1.211365e-05,-7.411824e-05,5.027854e-05,-5.515151e-06,0.00015543315,7.4356096e-05,-2.3888198e-05,5.2943986e-05,0.00030105028,-2.3796276e-05,-0.00010899403,8.350384e-05,0.00011770501,-2.3662824e-05,6.1342056e-05,0.00017595489,-5.2622014e-05,3.0659787e-05,3.9922423e-05,9.971086e-05,0.00012990362,-0.00019153605,-9.765823e-05,-4.442442e-05,-9.6917676e-05,-2.980706e-05,-0.00013391227,0.00019630666,0.00016402233,-1.549273e-05,8.3107425e-06,-7.2953466e-05,0.0002460218,0.00011266795,-1.8914756e-05
HIV1455_AF324493_4,0.00019928064,0.00013624728,-5.480795e-05,4.2662217e-05,0.00014996414,1.2395244e-05,0.00026403056,6.356971e-06,-4.0994385e-07,1.9845387e-05,5.3627928e-06,7.784619e-05,0.00017626086,0.0002018405,-0.00013906653,0.0001447817,-2.5371792e-05,-9.7069555e-05,0.00015802229,-3.7488655e-05,3.9428418e-05,0.0002770576,1.4305929e-05,6.118456e-05,5.496644e-05,4.788659e-06,8.478873e-05,1.1324981e-05,-0.00015538251,-2.8638331e-05,2.0939187e-05,-1.41276405e-05,-4.0874907e-05,-3.3757888e-06,2.9143519e-06,0.0001682555,6.3789007e-06,-2.467287e-06,9.2948445e-05,7.548961e-05,3.88328e-05,2.7952072e-05,1.4769279e-05,-0.00010300425,0.00011447319,8.117533e-06,-2.4303494e-05,9.950311e-05,3.770856e-05,0.00013057613
HIV1340_AB023804_3,-0.00013149201,2.3237402e-05,0.00023377626,2.4336654e-05,-3.085438e-05,-7.68014e-05,0.00030449007,5.425435e-05,-0.000111719746,6.1251034e-05,9.315902e-06,9.27185e-05,-0.00012672273,0.00013264592,4.7348567e-05,-2.4112895e-05,9.3084556e-05,6.5817905e-05,1.5583093e-05,-3.5835634e-05,0.00020642628,9.142782e-05,-7.924585e-05,-6.490911e-05,0.0001293718,0.00010278669,-8.712783e-06,5.6654517e-05,4.945396e-05,1.1023941e-05,-4.707555e-05,4.264826e-06,0.00017361065,0.00010915742,-0.00011920233,4.345058e-05,0.00014170232,-6.538258e-05,7.736444e-05,-1.0400768e-05,5.0700484e-05,8.1280086e-05,0.00028441788,0.00012560481,0.000106337284,6.301386e-05,-0.00011056212,7.010638e-05,4.550357e-05,0.00022439026
HIV1344_AB052995_1,0.00026804846,2.8053512e-07,0.00014279966,2.121074e-05,-4.2722404e-05,8.9531444e-05,4.0468996e-05,7.114965e-05,0.00019544018,-0.0001274006,7.202366e-05,0.00012986996,5.8190046e-05,2.3990544e-05,2.4617446e-05,5.6096836e-05,-9.802055e-05,0.00011145917,0.00014038284,3.399023e-05,6.996376e-05,-0.00014908814,0.00011097684,-5.411709e-05,0.00018373146,-2.3128852e-05,9.993771e-06,3.6370777e-05,8.352666e-05,3.742205e-05,7.423829e-05,3.9562685e-05,-8.888859e-05,9.4406525e-05,3.4901328e-05,0.00024742974,8.042734e-05,-1.3339013e-05,-3.056377e-05,8.779178e-06,0.0001276226,9.771867e-05,7.917936e-05,-7.3730036e-05,2.5929696e-06,1.476235e-05,0.00014738645,0.00022678028,9.86028e-05,0.00014107813
HIV1570_AF324493_2,0.00012970819,-7.9269405e-05,6.525732e-05,7.448657e-05,-2.0895179e-05,-0.00010011803,7.0345435e-05,-7.033048e-05,0.0001364328,5.9773724e-06,2.7451246e-05,0.00027015424,5.495831e-05,-0.00017049871,-0.00015518427,-9.5073534e-05,-0.00013958836,4.0042505e-05,0.00011775677,0.00018579909,6.2957304e-05,-0.00014229707,-2.9037667e-05,0.0001665835,0.00019498683,0.00011187863,4.2947368e-06,4.1946045e-05,-0.0001884855,-4.364151e-06,2.6456686e-05,-4.781765e-05,-5.762602e-05,-6.4508946e-05,8.081413e-05,0.00011015666,0.00010102213,4.4124678e-05,0.00017027772,-2.9044204e-06,-0.00010643678,7.6320364e-05,-5.3700485e-05,1.1531753e-06,0.00016574621,7.805647e-05,3.721855e-06,0.00011721596,7.39518e-05,-4.3208192e-06
HIV1432_AF324493_2,-5.301108e-05,0.0001341129,0.00016211375,-5.836217e-05,-6.9587935e-05,0.00016275953,-0.00012613191,-0.00023373748,-7.497505e-06,0.000100456644,2.3870274e-05,0.00013026569,-2.9173723e-05,5.7596793e-05,0.000107878346,-2.180976e-05,-4.5195105e-05,0.00011603029,0.0001218297,-0.00021890248,4.3984408e-05,-5.6593362e-05,0.00018073915,1.9031755e-05,5.6904664e-05,5.519609e-05,4.7545673e-06,0.00010993596,2.8593977e-05,0.00012767324,-0.00012840577,3.1492843e-06,0.0001237711,0.00017473167,0.00010840131,-9.864151e-06,-9.2591574e-05,3.114492e-05,0.00020980416,0.00011010831,0.00030056614,3.2867443e-05,0.00011475781,-3.988348e-05,8.5158914e-05,-6.369977e-05,-1.0993998e-05,5.6656336e-05,1.0678072e-05,9.993978e-06
HIV1421_K02013_6,-1.3743855e-05,0.00012909253,0.000102451995,0.00010004813,2.798951e-05,-0.0001368585,-0.00017090629,-9.168992e-05,4.4244367e-05,1.7229766e-05,-4.5836456e-05,0.00014405874,-2.0879865e-05,4.5984925e-05,-7.201168e-05,0.00018297703,3.0140742e-05,0.00011803766,3.6075377e-05,-3.2591597e-05,-2.8000431e-05,3.7280675e-05,-4.3482818e-05,8.0699945e-05,6.4795e-05,6.833038e-05,-4.263446e-05,2.9759334e-05,0.00026813,0.000109969136,7.654624e-05,9.0951624e-05,1.0230855e-06,3.9593495e-05,-8.040716e-05,-7.0890754e-05,-2.4503548e-05,-1.1183334e-05,9.851336e-05,0.00016755078,0.00010486469,0.00016234258,9.751605e-05,2.526611e-05,9.051065e-05,1.7934053e-05,4.14328e-05,0.00010543729,5.874486e-05,-2.2405718e-06
HIV1434_AF324493_2,-0.00013784168,8.961681e-05,0.00012555245,9.683664e-05,-0.00012295823,-4.615079e-05,0.00016302784,-0.0001657272,5.1977906e-05,5.0726565e-05,0.00015497857,1.8643974e-05,0.000106050196,0.00018298933,7.272133e-05,0.0001682244,-0.00010619503,-1.2860063e-05,0.000193807,-5.012908e-07,7.898367e-05,-5.048539e-05,3.4415065e-05,-4.2334967e-05,-4.410265e-05,-1.460631e-05,8.964891e-05,-0.00013972672,6.7067325e-05,4.5548728e-05,7.429351e-05,-3.8989423e-05,1.8430319e-05,-5.0516564e-06,9.48554e-05,6.9278954e-05,-5.394705e-05,-9.7276185e-05,0.00017379277,-0.00019032901,0.00011805639,4.8571554e-05,2.6273736e-05,0.00018686728,9.356421e-05,8.6344895e-05,0.00010320426,-5.5955727e-05,0.00010184249,1.0035464e-05
HIV1327_AB023804_3,0.0002115993,-0.00012803474,-3.768339e-05,6.529852e-05,-0.00014084823,-3.7726426e-05,-0.00019647258,0.00016453913,7.754978e-06,-0.00010047404,1.4568747e-05,0.00011817136,5.4784625e-05,7.781855e-05,4.0760668e-05,-2.7713713e-05,0.00014019993,1.6521179e-05,1.7875202e-05,6.454917e-05,-2.0022499e-05,0.000130548,-0.00016768361,0.00010836755,0.00012627782,-3.620086e-05,-6.7337314e-05,0.00012496921,-1.6073163e-05,4.8572234e-05,0.00014328341,0.00023913675,-3.8548304e-05,-8.286085e-06,8.951244e-05,1.2236657e-05,3.9402377e-05,0.00017115007,-3.2653767e-05,0.00014867302,0.00010782784,0.00013611012,-1.145944e-05,-8.099681e-05,-3.0595897e-05,-1.3822869e-05,0.00022272038,7.855461e-05,3.1733096e-05,2.4881832e-05
HIV1653_AF324493_5,6.22792e-05,9.9016026e-05,-5.5337467e-05,9.769762e-05,4.643294e-05,2.4714072e-05,5.0664486e-05,-5.7847124e-06,6.0258088e-05,-4.669325e-05,-0.000113587535,-9.588006e-05,0.0001416048,0.0002031489,-2.4422035e-05,8.724634e-05,0.00021260638,0.00021953495,-2.2379525e-05,-2.6739783e-05,0.00015756483,0.00014225153,1.6441814e-05,-4.261324e-05,-0.00014079102,-0.00012612902,0.000113469185,9.925269e-05,0.0002607825,9.815365e-05,3.6159985e-05,3.7061652e-06,3.908642e-06,5.809192e-05,0.00015172236,-0.00012613031,7.265291e-05,3.4321467e-05,0.00014326774,0.0001637736,4.4245415e-05,-8.656849e-05,0.00014900291,8.379174e-05,2.8741915e-05,0.00016245173,-5.7478283e-05,2.897876e-05,9.874265e-05,0.00013516181
HIV1543_K02013_6,9.982756e-07,-1.9193154e-05,-5.0335348e-06,9.356441e-06,2.4561308e-05,-0.000107471955,-0.00010716128,-6.207002e-05,0.00022481303,-4.770788e-05,9.041966e-05,6.897644e-05,3.531553e-05,8.845338e-05,-8.610441e-05,-4.2486427e-06,9.225249e-05,-1.546027e-05,6.700261e-06,0.00020960243,6.841731e-05,0.00023308831,-5.3592525e-05,0.00020308189,-0.00023639078,3.0013567e-05,6.714914e-05,-2.8221431e-05,-9.3839844e-05,9.965635e-05,-7.0054324e-05,9.584542e-06,0.00016801475,-8.915533e-05,-5.679906e-05,-3.531655e-05,-1.8148481e-05,-4.2142205e-05,0.0001270128,3.455234e-05,-2.2491178e-05,8.502425e-05,0.00018128542,-7.576781e-05,9.756974e-05,3.463643e-06,-2.2768894e-05,-7.981878e-05,-0.000102575665,2.8729584e-05
HIV1367_AB052995_5,8.719305e-05,-8.1586404e-05,0.00013326261,-0.00010157707,0.00016250795,0.00012968267,9.182606e-05,6.767939e-05,0.00019825157,-0.00021954524,-1.4139362e-05,0.00015247132,6.3873784e-05,-2.9551858e-05,3.068791e-05,0.00013240632,0.00010299291,0.00018106302,2.663675e-05,-9.760177e-05,-3.9169413e-06,0.00017001637,-2.033967e-05,-8.600098e-05,-4.1733685e-05,-8.0378275e-05,0.0001558343,-0.000108181244,-6.0525854e-05,-1.9778081e-05,-9.0778936e-05,0.00031647866,-0.00015260169,4.389587e-06,3.262582e-05,-5.5883622e-05,0.00012971793,-4.449711e-05,0.00022885833,0.00010258698,-7.887797e-05,7.107277e-05,8.983337e-06,9.458932e-05,-6.395091e-05,-3.846703e-06,1.6631526e-05,7.4725496e-05,-0.00013970792,7.88661e-05
HIV1508_AF324493_8,8.227432e-05,8.384654e-05,-8.050452e-05,-9.969239e-05,-1.7306438e-05,-3.4820638e-05,1.8180526e-08,-4.180237e-05,-8.9489055e-05,3.4044383e-06,2.2274811e-05,4.9717248e-05,-6.0818045e-05,4.341445e-05,7.672631e-06,0.0002642694,-1.944758e-05,9.1823557e-07,-0.00021716367,-6.417825e-05,4.3577234e-05,0.00022001106,0.0001423982,7.728141e-05,-4.3654304e-06,4.9977953e-05,0.00022155783,5.1485813e-06,2.3835535e-05,2.9377872e-05,-3.0826915e-05,7.984743e-05,-5.1196323e-05,-4.360954e-05,1.535419e-05,0.00014386575,0.00012146887,2.3212739e-05,-0.00014291322,-3.9984414e-05,-2.7508699e-05,0.00014012156,9.9636374e-05,-5.227754e-05,-0.00019230485,9.447806e-05,3.994669e-05,-8.7346365e-05,0.000102867234,8.242819e-06
HIV1369_AB052995_5,-3.365802e-05,8.8469584e-05,0.00020980136,-7.462552e-05,0.00028698804,-1.5364922e-05,0.0001090656,-8.4236344e-05,0.00013276278,5.3383017e-05,-0.00012988497,-2.2912767e-05,-5.8605427e-05,-4.3911812e-05,-5.5223056e-05,0.00013163638,0.00021871358,6.11355e-05,6.1182036e-05,-4.6781395e-05,2.3679018e-05,1.3031952e-05,0.00017087744,0.000120236924,1.060169e-07,7.944013e-05,2.1373162e-05,-6.017848e-05,-4.822883e-05,0.000299228,-0.000103202125,-4.5054534e-05,-0.00018778419,2.9477316e-05,2.5771287e-05,-1.1618503e-05,2.4873218e-05,4.8407008e-05,-3.8312308e-05,0.0001927126,9.491365e-05,0.00012708125,0.0002476945,-4.9252694e-06,-3.30365e-05,-0.00011978922,6.244082e-05,0.00011398511,-0.00012352876,-0.00010681938
HIV1525_EU541617_4,7.4157775e-05,1.8712963e-05,0.00013668841,0.00010789141,0.00011994915,1.2255123e-05,-0.00017162121,-0.00020421541,-3.185368e-05,-5.4422322e-05,-2.492234e-05,-0.00010183811,-8.634073e-05,0.00020872815,-2.8923203e-05,0.0001761669,0.000164702,3.6655776e-05,-0.00019749459,5.639113e-05,-0.00020414946,0.0001742415,8.358971e-05,4.6138302e-05,-0.00016761897,-4.643942e-05,2.2511766e-05,-1.5729449e-05,9.13701e-05,-0.00012959905,6.2091516e-05,-1.751984e-05,6.480686e-05,3.0679636e-05,0.00013801489,-0.00018834772,6.086784e-05,3.339888e-05,0.000100352474,-5.073168e-05,4.3904815e-06,7.91321e-05,1.0226312e-05,7.845669e-05,-0.000138869,6.4390755e-05,0.00011096128,0.00015298494,-7.670094e-05,4.124759e-05
HIV1490_AF324493_7,-7.640895e-05,0.00018448202,4.538308e-06,-6.8678355e-06,-5.6713972e-05,-5.938027e-05,5.8706337e-05,0.00012205885,9.104531e-05,0.00027334993,0.00013248682,-1.5082908e-05,8.4074585e-05,-6.132687e-05,7.126094e-05,0.00013292285,3.1396517e-05,2.4814486e-05,4.716727e-05,0.00015078225,9.990833e-05,7.133222e-05,-1.2010006e-06,0.00014959394,-2.853953e-05,1.3541379e-05,0.00025300877,6.5355234e-05,-0.000110222085,5.716773e-07,-0.00019007479,-0.00012082075,1.0569911e-05,5.81917e-05,0.0001341535,9.3791044e-05,-1.7293163e-05,2.9664532e-05,-0.00021580239,0.00015486972,0.00017524992,3.2404794e-05,6.319713e-06,-0.00027946115,0.00010829565,6.274401e-05,-4.9158127e-05,5.01033e-05,0.00031853822,-6.611114e-05
HIV1403_K02013_1,3.9759318e-05,5.6768502e-05,9.112858e-05,9.833354e-05,0.00010315769,0.00010928089,-1.294463e-05,0.0001563907,0.00021260182,0.00015444736,9.566242e-05,1.30546105e-05,0.00010586334,9.9404475e-05,3.7469246e-05,4.431526e-05,0.00011505021,-5.395097e-05,-0.00017394595,7.954539e-05,-0.00010118936,0.00016780428,-2.200147e-05,0.00014981962,-9.986623e-05,4.639113e-05,6.469176e-05,-5.5320776e-05,-3.0380475e-05,-3.602878e-05,0.0001555477,-0.00019277677,0.00017119148,0.0001349813,-5.91046e-05,8.839038e-05,2.3243652e-05,0.0001551649,-8.7787645e-05,-0.00013038631,-9.5033385e-05,-0.00011748874,1.7581564e-05,7.203004e-05,8.887124e-05,-0.0001195366,0.00018262597,2.5544747e-05,-4.225828e-05,0.00011683232
HIV1465_AF324493_5,1.5565762e-05,4.0396746e-05,5.9334503e-05,6.9231037e-06,4.109874e-05,0.00011939339,0.00028904882,7.2129245e-05,8.405541e-05,0.00017470558,3.6680136e-05,-2.2858896e-05,0.00017159467,-7.6453405e-05,0.00012637615,0.00014972292,7.5068725e-05,-7.9872734e-05,-5.0674927e-05,-1.9044671e-06,7.144699e-05,-1.6168566e-05,-3.4327513e-05,6.2591906e-05,-4.6901638e-05,4.860257e-05,0.00013439571,4.2870157e-05,-2.0801253e-05,1.0277855e-05,0.00010144772,-2.646715e-05,-3.6186673e-05,0.00024658107,3.2053453e-05,0.00010445246,0.000121350386,0.00013422816,8.171858e-05,0.000223741,0.00019013009,9.1105496e-05,-0.0001947897,0.00024275207,0.00012316863,5.8548805e-05,-2.668902e-05,0.0001654996,3.0740102e-05,5.547852e-05
HIV1256_AF324493_5,5.1474388e-05,3.202518e-05,-2.9553199e-05,0.00021266846,3.4987497e-05,3.2841424e-05,-6.303682e-05,-7.7002194e-05,0.0001825153,-6.20796e-05,2.1636215e-05,-1.6060452e-05,5.611028e-05,0.00012394408,7.2795025e-05,7.063851e-05,1.7537373e-06,0.00014728011,-4.71207e-05,0.00014242524,-7.641529e-06,6.954188e-06,0.00011255655,0.00010685979,1.6088654e-05,-0.00010871449,0.00025230515,-1.3566709e-05,-0.00015167028,-0.00016151437,-4.6603687e-05,-5.0829836e-05,0.00013480031,0.0003103156,0.00013944226,5.5711116e-05,0.00013329148,-6.8986934e-05,1.3622214e-05,6.864507e-05,0.00011114522,-9.191919e-05,0.00018474685,4.3005784e-05,5.6118453e-05,-3.4775552e-05,1.718205e-05,8.099504e-05,7.150078e-05,3.89376e-05
HIV1310_AB023804_1,-7.3298645e-05,0.000105086205,5.1069237e-05,0.00016627999,0.00015335726,-2.992843e-05,-5.123165e-06,-5.935153e-05,-3.767338e-05,7.656572e-06,8.7918525e-05,5.8815785e-05,0.00014435919,2.2097634e-05,6.890393e-05,-1.7373184e-05,0.00025307818,2.8296345e-05,2.2173394e-05,-4.1219213e-05,0.00010383858,0.000102567574,-1.2798724e-05,5.525999e-05,0.00018959862,0.00021003372,7.3044635e-06,0.00011277117,5.4648845e-05,-0.00020707457,0.0001663705,-5.501112e-05,-0.00018726953,-3.564547e-05,0.00014374603,-0.00016021745,6.166928e-05,4.4611093e-06,-2.8680766e-05,-2.7574137e-05,9.0701884e-05,1.7088454e-05,-6.369361e-05,2.1156116e-05,5.504316e-05,0.000112028516,0.00017846932,-8.249404e-05,5.630793e-05,-5.534909e-05
HIV1642_AF324493_4,0.00010449435,4.2699357e-05,-2.6318476e-05,3.747078e-05,0.00016124909,2.7406515e-05,-8.297481e-05,-9.897934e-06,6.9785594e-05,8.55995e-05,3.3681995e-06,-7.294691e-05,0.00014465449,0.00027161854,2.0507452e-05,-7.7414574e-05,-4.996484e-05,-1.8221459e-05,2.2857099e-05,1.3717656e-05,-3.1962343e-05,5.7953104e-05,-6.3118687e-06,-3.583319e-05,-0.00012724074,0.0001407528,2.228165e-05,-9.2676426e-05,2.8995144e-05,0.00010304867,0.00016649054,0.00014496119,1.1172635e-05,-5.8152673e-05,4.5530647e-05,-2.4227898e-05,-5.542709e-05,-1.9056297e-05,-3.114494e-05,-2.3828357e-05,0.00011168417,3.941402e-05,4.5860448e-05,8.731167e-05,-0.00014323066,-2.6950438e-05,3.7061993e-05,0.000111700996,0.00011190818,0.00010876606
HIV1269_AF324493_5,-4.9844148e-05,-4.588721e-05,0.00020558848,0.00015089769,-0.00015406133,3.3946093e-05,5.482431e-05,-5.5952067e-05,-6.9065296e-05,0.0001072183,-0.00020196292,0.00011335561,8.642559e-05,0.0001701797,-2.7509554e-05,0.00010715571,2.0642008e-05,1.9288676e-05,0.00019425809,7.18714e-05,5.7348552e-05,0.00010175368,6.185929e-05,8.665171e-05,-3.170877e-05,2.2076876e-05,3.539638e-05,0.00011219452,-5.801909e-05,-1.1223536e-05,-1.3926366e-05,0.00016306611,6.184418e-05,2.2809643e-05,9.393062e-05,0.00020588077,0.00010884221,-6.827602e-05,0.00020436449,-8.077322e-06,-1.2013196e-06,7.399491e-05,0.00023920498,9.877172e-05,0.0001422649,2.8010532e-05,0.00010301722,5.0629013e-05,-5.098447e-05,0.00013484445
HIV1664_AF324493_9,-1.1584093e-05,2.308961e-05,6.4561675e-05,2.9030403e-05,7.999912e-05,2.313915e-05,3.689468e-06,0.00019645054,-1.99899e-05,6.843612e-05,0.00014073146,0.00013203826,7.502242e-05,0.00012565225,4.961631e-05,-0.0001441899,5.167017e-05,0.0003169617,0.00012732136,0.00017644346,0.00011629497,6.285138e-05,-0.0001566246,-7.7927536e-05,-7.945589e-05,-9.002521e-05,1.1154579e-05,5.2643332e-05,0.0001352246,0.0001543399,1.796959e-05,0.00014962307,-2.4700255e-05,-9.325639e-05,0.00016136724,-8.559381e-06,-3.2552714e-05,0.00010624558,0.00016092953,-7.1298646e-06,-0.00013157536,7.365024e-05,-0.00012246873,6.558908e-05,3.5706034e-05,0.00020718305,5.2472067e-05,0.000103653336,3.244491e-05,6.5406704e-05
HIV1345_AB052995_1,0.00012808904,0.00011155081,0.00012176052,0.00022574681,0.00021058953,1.4999299e-05,7.281647e-05,-5.887491e-05,-1.2296651e-05,7.3896204e-05,-5.0939507e-06,-6.0334543e-05,4.267013e-05,0.00010673591,-0.0001798633,0.00016508516,2.1839121e-05,9.4514166e-05,0.000109466,5.1027986e-05,-1.1498664e-05,7.0513845e-05,0.00018219138,9.33064e-06,-8.659931e-05,-5.962406e-05,-9.8273704e-05,-3.4672106e-05,3.4644872e-05,7.064709e-05,7.494319e-05,-7.18988e-05,-2.9894018e-05,0.000102508144,0.00010775299,-4.76717e-05,6.91637e-05,-6.381097e-05,0.00015368914,9.3574046e-05,7.398473e-05,-0.00010953542,-3.693701e-05,2.4398923e-05,0.00016281194,-8.0570746e-05,-2.993934e-06,5.6982197e-05,1.5503741e-07,5.5375327e-05
HIV1381_AF324493_1,-0.00016404701,-5.1541985e-05,-0.00010136668,-6.610866e-05,5.7037545e-05,5.2813997e-05,-0.000111570414,-4.5314053e-05,0.00017935049,-5.360559e-07,-2.6577523e-05,-3.98118e-05,5.9561302e-05,0.00014537077,-8.23626e-05,-1.8597844e-05,6.0824987e-05,-4.1193423e-05,0.0001471104,-0.00012105953,5.282094e-05,7.824781e-05,-7.902902e-05,-4.6231584e-05,6.747284e-05,3.263365e-06,7.012562e-05,4.3728513e-05,-1.531909e-05,8.557237e-05,-0.00013238422,-0.00010836135,-0.00013084887,0.00014215053,-3.863644e-05,-8.7201e-05,-8.55532e-05,-4.8473157e-05,6.256764e-06,0.00019039643,0.00013895972,-4.1729494e-05,-4.0496423e-05,0.00012666943,8.433884e-05,6.329029e-05,1.4925235e-05,-7.532415e-05,-7.717655e-05,-9.644294e-06
HIV1127_K02013_2,0.00013709227,-5.6034798e-05,2.4004334e-05,1.2307443e-06,-7.8902594e-05,2.3717968e-05,-3.842089e-06,-1.6528096e-05,8.839524e-05,2.6047997e-05,9.611644e-05,2.8634584e-05,8.609987e-05,-3.1650216e-05,-0.00013536107,2.4823878e-05,-7.8885765e-05,0.00012961842,-0.00010596824,-3.312027e-06,2.5984533e-05,7.600028e-05,-0.00010318661,4.074293e-05,7.330614e-05,0.00018560105,-8.35257e-05,0.00018951879,-2.3182396e-05,2.439618e-05,2.7406677e-05,-4.9904935e-05,-4.3698972e-05,1.9954825e-05,-0.000107412394,6.0567203e-05,-0.00014205184,5.294532e-05,-0.00013596169,2.811493e-05,0.00024553086,-5.4303742e-05,0.0001082327,-0.00010081413,2.7995547e-06,4.02972e-05,0.00012807535,-0.00012580305,-0.00017680235,-6.7374494e-05
HIV1602_K02013_2,-2.2874176e-05,-8.717857e-05,6.9058246e-05,8.897865e-05,0.00014774008,5.9468082e-05,0.00010300996,9.131132e-05,2.1080461e-05,7.2751434e-05,0.00014961389,-7.7326215e-05,0.00022832952,-2.3963137e-06,6.046181e-05,-1.4679678e-05,0.00010149517,-4.176776e-05,-3.40912e-05,0.00015886035,-0.00010403368,-9.888689e-05,-9.7189404e-05,-0.00016576784,-5.8435795e-05,0.00022925995,0.00012190954,-7.8293066e-05,-6.778096e-05,9.578529e-05,-3.174182e-05,0.0002007302,4.357388e-05,0.00010597964,-6.769468e-05,6.8223766e-05,0.00012577703,3.891378e-06,0.0001159906,-0.00013702945,6.611364e-05,-2.8152692e-05,-4.1776966e-05,4.3526346e-05,-0.00021698189,0.0001486926,4.520965e-05,-0.00010361373,-7.638932e-06,-1.0362136e-05
HIV1386_K02013_2,-0.00011450594,0.00015193406,0.000113042144,9.4325354e-05,-8.412239e-05,5.1401457e-05,6.90808e-05,-0.00010366788,7.0225897e-06,-0.00015427682,-2.7415253e-05,6.660544e-05,-5.8190148e-05,-5.111621e-05,2.576566e-05,0.00013042355,3.829491e-05,-3.2041167e-05,5.624787e-05,-1.888171e-05,0.000114760114,0.00020915322,8.788323e-05,2.0630145e-05,9.0298374e-05,0.0002534271,-8.838737e-06,8.000134e-05,-5.7927322e-05,-8.6067535e-05,2.1608237e-05,-1.0564158e-05,0.00013527999,7.397003e-05,-0.00014766931,-2.6593962e-05,6.454493e-05,4.069866e-05,-1.6270398e-05,-2.6990847e-05,0.00011201319,-8.7061664e-05,-7.09651e-05,-4.9538146e-05,-0.00020214253,4.3921853e-05,-9.773818e-05,0.00011552559,2.5741867e-05,7.329458e-05
HIV1282_K03455_2,7.9409234e-05,2.146388e-06,-2.2625707e-05,0.00011055659,-1.1976146e-06,-8.246637e-05,-0.0001777373,-1.9853747e-05,4.3292042e-05,9.426e-05,-0.0002462376,-2.868576e-06,0.00016051451,0.0001609451,4.628562e-06,0.00014869522,-4.803136e-05,0.00018906694,-6.4338885e-05,5.1142695e-05,-0.0001054978,8.076641e-05,-1.538401e-05,-6.934923e-06,-0.00016976768,4.2503045e-05,7.740866e-05,6.476976e-05,5.074127e-05,-1.0465618e-06,-4.9820366e-05,4.8167745e-05,-0.0001358423,-3.9091952e-05,-1.16705e-05,6.3889297e-06,0.00026267255,-6.903431e-05,-2.4227382e-05,-4.6086607e-05,2.530908e-05,0.00014890608,-7.429227e-05,4.7103826e-05,-0.00010121228,9.072452e-05,0.0001312502,-0.00013011768,-9.914868e-05,0.00011809563
HIV1244_AF324493_2,6.338067e-05,0.00018410989,3.9116127e-05,-0.00012629907,-3.195215e-05,-2.102162e-05,0.00022248822,-0.000117408475,-2.31215e-05,0.00014216696,7.2003204e-05,-8.251459e-06,0.00016776084,5.7751742e-05,0.0001875939,4.2069063e-05,1.9321991e-05,-0.00010979969,7.2327086e-05,8.704889e-05,3.2937813e-05,-9.613436e-06,0.00012519404,-5.3589552e-05,6.326795e-05,2.681039e-05,5.5512024e-05,0.0002075611,0.00015359223,-3.852632e-05,0.00011082435,0.00014813886,0.000116657895,-8.078871e-05,-7.307592e-05,0.00012703035,2.4796194e-05,9.350191e-05,-7.630018e-05,-0.00010868484,0.00016840542,0.00015668863,0.00011867923,0.00012706232,3.760114e-05,0.0002361918,-1.8161472e-05,0.00015373796,-2.260007e-05,5.402855e-07
HIV1495_AF324493_7,-0.00011860175,0.00014123747,5.170831e-05,-1.5909733e-05,-7.133467e-05,0.000117870484,-9.527001e-05,0.00015692465,8.6663595e-06,0.0001370659,-1.1350528e-06,-6.530811e-05,0.00013629902,-6.7649584e-05,7.934348e-05,8.675773e-05,7.9273974e-05,1.29078635e-05,-1.617307e-05,5.4430726e-05,0.00023627277,0.00019098991,1.1139648e-05,-5.4793803e-05,2.1764534e-05,-1.8620052e-05,6.8413596e-05,-5.3927015e-05,9.675297e-05,-0.00016195729,-5.2486692e-05,-7.349154e-05,4.7471458e-05,0.00014020166,0.00014922586,-0.00011587825,9.8636185e-05,0.000107163934,7.2743336e-05,1.9096899e-05,4.3688324e-05,0.0002771378,0.00030874606,2.5265774e-05,6.088612e-05,0.00032953906,-8.337651e-05,-0.00010468937,0.000275476,-7.1079e-05
HIV1426_AF324493_1,0.00012664797,0.00020766052,-0.00010957769,0.0001051436,1.7177079e-05,6.341936e-05,0.00018777348,0.00026744299,4.0843322e-05,6.696495e-05,0.00016791816,0.00015654613,4.0826176e-06,-0.00021646387,0.00014458346,0.000112148366,0.00010428512,9.427429e-05,2.797455e-05,7.551335e-06,-2.6909729e-05,-4.3913482e-05,0.00015359414,-7.088264e-05,2.073348e-05,0.000111966314,-3.4221546e-05,1.636573e-05,-8.555718e-06,-7.953223e-05,4.178278e-06,-0.00012110541,5.7209418e-05,-4.2546264e-05,-2.3459099e-05,0.00020526908,3.084152e-05,8.790215e-06,-1.4547553e-05,4.0448045e-05,5.133075e-05,-6.2076935e-05,3.179433e-05,8.900428e-05,-1.5251032e-05,3.81378e-05,-0.00012243733,0.00010379954,8.619811e-05,0.00012247439
HIV1402_K02013_1,9.246101e-06,3.2575437e-05,0.00010665823,7.951469e-05,-9.7736265e-05,0.00017143754,-0.00012778353,1.6694077e-05,7.36742e-05,0.00011672037,0.00022771591,0.00017728275,8.628199e-05,-6.3831096e-05,0.00010697968,8.4627616e-05,-7.218183e-05,-8.01062e-05,2.905254e-05,0.00017847304,0.0001469352,0.00020024076,2.3544929e-07,-4.7439444e-06,-8.9534675e-05,6.308605e-05,2.7632928e-05,-2.527073e-05,-7.984114e-06,7.481238e-06,0.00016497327,0.00012928643,0.00016631444,0.00021898022,-0.000117151394,-8.134438e-06,-1.3675015e-05,9.96988e-05,-6.498669e-05,0.00011581821,-0.00013730305,-2.1481712e-05,-8.948643e-05,-3.9195118e-05,9.222953e-05,5.7585417e-05,0.00012537406,0.00019101647,-7.107327e-05,-3.3714543e-05
HIV1266_AF324493_5,-0.00014516404,5.948919e-05,-8.431166e-05,4.5183457e-05,0.00017965684,-5.880108e-05,4.3471577e-05,0.00022036035,8.662132e-05,0.00012730311,9.7744814e-05,2.544635e-06,1.0046926e-06,6.635339e-05,-0.00010387816,5.724544e-05,-1.4281565e-05,0.00015399809,3.9326956e-06,-0.00017674621,-3.7308466e-05,-0.00018416205,-9.4286435e-05,8.1877595e-05,2.215963e-06,-1.8719129e-05,-7.1696755e-05,-0.00022518307,0.00014415362,-0.000112593174,2.74416e-06,-1.2658648e-05,5.368336e-05,-3.6073936e-05,-0.00010207485,0.00015795,-3.8808732e-05,-7.5077216e-05,0.00010771845,0.00014343041,0.00010154307,0.00016746872,-1.1955549e-05,-3.6420555e-05,0.00012409178,-7.156974e-06,7.681909e-05,8.051838e-05,-2.7904469e-05,-9.5985575e-05
HIV1240_AF324493_1,7.589761e-05,9.873311e-05,0.00022417214,6.338828e-05,0.00015447577,-1.3991831e-05,-5.503665e-05,-7.583074e-05,-3.5584875e-05,-5.052695e-05,-4.01583e-06,0.00012007991,6.438436e-05,0.00015538339,5.152092e-07,1.4008486e-05,-5.482836e-05,-3.8386106e-06,-3.955021e-05,3.672229e-05,-4.8138238e-05,6.0540104e-05,8.145517e-05,-1.0130012e-06,1.10313695e-05,2.4244353e-05,0.0002059158,3.5866873e-05,-7.303664e-05,0.00019205465,0.00017026969,2.4397199e-05,0.00013935217,-0.00014847552,9.30299e-05,-4.9546554e-05,4.5386264e-06,-3.3575827e-05,0.00013493438,1.2610241e-05,-0.00010142531,0.00018302127,9.792213e-05,-0.00012022728,8.636143e-05,8.796488e-05,0.00023045712,-6.0467646e-05,-0.000111872825,5.5236684e-05
HIV1060_AF324493_9,2.4056764e-05,0.0001473901,4.9280487e-05,-0.000118562006,4.416194e-05,-2.706039e-05,6.906576e-05,6.324203e-05,0.00015573319,-4.3993823e-05,-3.6195415e-05,2.595378e-06,0.0001985641,6.134016e-05,0.00011076715,-0.00024584495,0.00010741859,0.000299932,-5.7585545e-05,0.00011360114,-0.00010154126,2.2864308e-05,-0.000111048495,-0.000177496,-9.969785e-05,-5.6088596e-05,-7.9373356e-05,5.555055e-06,-9.459777e-05,6.187115e-05,9.160244e-05,-7.1562e-05,0.00016207901,8.0684185e-05,0.00020231903,0.00012794122,2.1836282e-05,5.0263883e-05,-3.5073106e-05,3.3737203e-06,0.00021124509,0.00017260991,0.00019922016,-3.885246e-05,-8.245416e-05,8.581155e-05,-1.2622059e-05,-0.00011414298,-0.00019401859,-6.1552506e-05
HIV1317_AB023804_1,0.00017906423,8.525374e-05,1.2240631e-05,-0.00015358646,4.9493352e-05,-1.4722447e-05,-1.8261906e-05,-2.369967e-05,6.584001e-05,-0.00019493894,0.00012768639,0.000109828536,6.952935e-05,0.00011921233,5.3718028e-05,5.1343017e-05,-0.0001045309,0.00029708297,-1.7698254e-05,9.1981754e-05,1.9949939e-05,6.8881265e-05,-2.0769201e-05,-3.0195952e-05,0.00016306873,-8.8452296e-05,-2.1323883e-06,1.5220736e-05,-7.759509e-05,7.3023155e-05,-4.6103152e-05,5.3612468e-05,-1.7004952e-05,7.5653e-05,-1.3613214e-05,-0.00012847177,5.0698563e-05,-0.00014216345,0.00018234391,6.86187e-06,5.3409207e-05,4.0364575e-05,-2.0885926e-05,0.00012571824,7.0991795e-05,-0.0001906453,2.5030224e-05,-7.1882154e-05,-8.609686e-05,0.00016775988
HIV1245_AF324493_3,-0.00014290723,4.450837e-05,-5.1484316e-05,-9.866969e-05,2.3690964e-05,0.000148179,-2.943349e-05,2.0706348e-05,0.00014739539,-1.47491055e-05,0.000105636915,8.857937e-06,-0.00013814615,-0.00010433318,6.073398e-05,-8.517848e-05,-0.00028431203,3.484282e-05,-0.00012507812,0.00027314996,-4.6385918e-05,8.1299586e-05,0.0001288353,8.997063e-05,-0.0001365597,8.511205e-05,4.8487902e-05,3.1045005e-05,8.5295615e-05,-3.4882694e-05,-0.00015298795,1.4106648e-05,-1.2433793e-05,-8.369176e-05,1.0270125e-05,-3.572878e-05,6.6144894e-05,2.6882555e-05,0.00018307679,4.8427748e-05,-4.797876e-05,-0.00011920695,-1.3846396e-05,-5.3206375e-05,-4.7809877e-05,9.977302e-05,-9.8097415e-05,3.2759934e-05,-1.2102336e-05,5.40943e-05
HIV1504_AF324493_8,-4.8460814e-05,0.00011264416,-0.00012876597,-0.000108134176,9.5287163e-07,-5.804735e-05,2.8070264e-05,9.157018e-05,-6.398131e-05,2.4233846e-05,8.867293e-05,-6.183063e-05,7.532426e-05,1.696051e-05,8.317088e-05,0.00022545809,-3.4977395e-05,-5.9886097e-05,-8.0642116e-05,-0.00018071594,-7.452707e-05,-0.00015363457,-5.669827e-05,-6.210442e-05,-7.439749e-05,7.456912e-05,1.7908387e-05,0.00022324873,-3.9323375e-05,1.0574691e-05,0.000100749276,1.8312423e-05,0.00010429621,3.500771e-05,1.70575e-05,9.5654905e-05,-3.5332654e-05,-8.707209e-05,0.00015084384,-6.0224273e-05,0.00021045907,-0.00011598769,-0.000109797504,7.309951e-05,-2.280918e-05,-3.2091848e-05,1.4405817e-05,9.008653e-05,-0.00010801801,9.197383e-05
HIV1346_AB052995_1,-3.558558e-05,0.0002779212,8.406704e-05,-0.00010320218,-8.758934e-05,-1.9770943e-05,-4.8502898e-06,2.6429198e-05,3.5525176e-05,-1.3476534e-05,0.00011553969,8.86092e-05,2.86627e-05,7.177036e-05,0.00016679543,7.644724e-05,0.00013976295,5.7210826e-05,7.509349e-05,1.919099e-05,0.00013029571,-3.8952938e-05,-0.00023957844,3.4959965e-05,2.84727e-05,0.0002680503,-1.7716922e-05,-5.2038213e-05,8.253703e-05,-2.1948586e-05,-3.0305866e-05,1.0031184e-05,7.0894057e-06,-7.8399484e-05,0.00015823112,8.051306e-05,5.6931804e-06,-2.2423586e-05,1.2429918e-05,0.0001224318,1.688827e-05,-1.4144385e-05,9.313504e-05,3.7410817e-05,3.242259e-05,-6.0801605e-05,-4.3911463e-05,2.2760543e-05,-1.9288134e-05,-2.884021e-05
HIV1449_AF324493_3,-4.537458e-05,0.000112014684,-5.739126e-05,3.348137e-05,1.0316977e-05,-7.0703773e-06,0.00014535214,-7.1870413e-06,0.00010522077,2.0167901e-05,2.3908908e-05,0.00012864519,-0.00018575347,3.7451377e-05,0.0001510344,-9.5903175e-05,0.000250474,-4.145078e-05,5.4084103e-05,7.498567e-05,8.421406e-07,-6.256951e-05,7.0270544e-05,0.00023932799,0.00016019795,0.000102319005,3.8757564e-05,-0.00015157695,9.062599e-05,0.00015233061,9.94104e-05,4.5147004e-05,-3.346293e-05,2.9620734e-05,0.00011716152,-3.0941446e-05,7.367878e-05,-3.4727265e-05,-1.6712302e-05,-3.753809e-05,8.46551e-05,6.758477e-05,1.86819e-05,-6.75678e-05,-2.2188255e-05,-7.8660516e-05,0.00014088002,-0.000117452364,8.217626e-05,-4.2651845e-05
HIV1497_AF324493_7,0.00010197221,-0.00011848112,3.068349e-05,7.495655e-05,-1.9415007e-05,5.0927642e-06,-0.00015702107,-1.452805e-05,9.305222e-05,-3.1449355e-05,-7.6429584e-05,8.9094e-05,0.0001681621,-3.6988553e-05,9.977377e-05,0.00018490771,-0.00013722478,-4.884929e-05,8.105518e-05,-2.8026216e-05,3.392052e-05,5.9617116e-05,8.2754275e-05,-0.00014439102,0.00016665438,-0.00010676955,0.0001274178,-0.00010574361,9.125094e-05,0.00012406091,5.864404e-05,7.111491e-05,-0.00018057118,0.00015036095,-0.000107447544,0.00021848237,0.00011722908,0.000111713634,1.741376e-05,0.00014148137,0.00026931457,0.000211387,8.7221684e-05,0.00019723937,0.00027746512,0.0001998792,-2.9777095e-05,0.00018450401,2.9343584e-05,0.0001644744
HIV1306_M17451_3,-5.4577813e-05,7.214602e-05,4.033611e-05,0.00012868768,3.8037767e-06,-1.5456133e-05,0.0002305937,0.000119888005,0.00011754081,-4.1090694e-05,0.00020365579,0.00025388342,-2.2516917e-06,3.0579722e-05,3.2364747e-05,0.00015450123,-4.0552045e-06,-2.6763018e-05,3.0700533e-06,5.4572447e-05,6.232879e-05,-7.50242e-05,5.641108e-06,-0.00014187947,-0.00018971016,-4.3482483e-05,7.323997e-05,4.0795676e-05,7.1275295e-05,-1.052885e-05,-5.8781356e-05,0.000117746626,0.00020698887,4.979692e-05,5.194652e-05,5.0254366e-05,0.00016841321,0.00019614991,-5.9749036e-05,4.7401467e-05,2.4388324e-05,5.9810136e-06,0.00012420483,0.00016128743,8.53081e-05,8.0391726e-07,-3.8098027e-05,-2.8867555e-05,9.456018e-05,3.488649e-06
HIV1302_K03455_4,8.399877e-07,0.00017449664,-4.0799678e-05,-8.651993e-05,-6.0672874e-06,-0.00017038852,6.06019e-05,7.3137904e-05,0.00011554458,9.818477e-05,0.00015079141,-0.00017667025,-2.5372428e-05,8.682679e-06,7.347839e-05,1.9033685e-05,5.0660645e-05,3.0750445e-05,-9.738431e-05,0.00015342074,0.00011606841,3.109498e-05,0.00017030444,-0.000101412494,-4.6162786e-05,2.3090433e-06,0.00018653,-2.7484599e-05,8.124799e-05,4.4754303e-05,0.00019057328,0.00012989553,-6.313467e-05,-7.343254e-05,5.4928354e-05,7.837102e-05,9.248469e-05,8.8424364e-05,2.0301208e-05,-2.2470946e-05,-6.3164174e-05,-8.68714e-06,4.6703713e-05,0.00014802048,0.0001350052,-4.2651565e-05,7.934488e-05,-0.00016459032,9.075708e-05,-5.4408974e-06
HIV1378_AF324493_1,0.0001317349,-2.1219495e-05,7.4757096e-05,3.7077956e-05,-1.7561133e-05,0.00014735018,1.9745381e-05,-1.1734956e-05,-8.9278736e-05,-8.795301e-05,0.00018336154,-0.0001474557,-8.3629886e-05,6.410687e-05,-9.937895e-05,0.00016518608,0.00014327402,0.00017611371,2.8214597e-05,-5.7304092e-05,8.814648e-05,-0.00011416081,1.6931985e-05,-5.8888505e-05,9.622172e-06,0.00010359584,-0.00025981702,8.363559e-05,-1.7536931e-05,-2.5282376e-05,0.00013973347,-1.1340035e-05,-8.967747e-05,-0.000112971626,0.00016544611,4.327477e-05,2.1795543e-06,-4.7410693e-05,5.1518986e-05,-0.00014249222,0.00010900522,-6.231318e-05,4.7725436e-05,-0.00010231518,-8.370558e-05,-9.6639524e-05,5.0072895e-06,-6.279246e-05,-9.265053e-05,0.00013117708
HIV1429_AF324493_1,0.00014383534,-0.00010976645,-5.481992e-05,-0.00012487952,-0.00010546874,7.275706e-05,-4.904157e-05,-4.4986944e-05,0.00010212187,-0.00018173328,-0.000114945564,0.00015759976,4.0217303e-05,2.1985552e-05,0.000103730905,8.688638e-05,1.6255592e-05,4.2416177e-05,0.00023833927,0.0001600072,5.9509428e-05,1.2840067e-05,-5.240848e-05,0.00019199749,4.2602787e-05,9.371286e-05,-5.3356405e-05,0.00014728938,-2.4984467e-05,0.00016695635,-4.3379594e-05,0.00011960708,9.2778595e-05,3.270649e-05,4.109727e-06,-8.146804e-05,-9.6588396e-05,0.00014041996,-9.598248e-05,0.00010881543,-0.00010760841,1.6469097e-05,0.00012514523,1.8360444e-05,-2.8015205e-05,-4.3059886e-06,-5.4840177e-05,4.682468e-05,0.00010155519,0.00010820176
HIV1629_AF324493_2,0.00021374771,7.470285e-06,0.0001698641,1.4270271e-06,2.1457503e-05,-4.745797e-05,1.6513151e-05,0.00013036748,5.2868385e-05,-6.5525135e-05,8.52182e-05,0.00011975503,5.327222e-05,3.341158e-05,-1.6137623e-05,3.6112087e-05,1.0731047e-05,0.00018066674,-5.559761e-05,2.8000168e-05,-0.00014517074,-9.334009e-05,2.9410145e-05,3.1460724e-05,-5.1086674e-05,5.034705e-05,0.00013369689,3.8125534e-05,0.00012572034,-1.6446693e-05,6.8134046e-05,2.9356565e-06,0.0002372441,1.7878878e-05,0.00012691696,9.470933e-05,-8.256365e-05,-5.6214558e-05,0.00011322451,9.122865e-05,0.00015639128,4.133933e-05,0.00019839907,4.7550307e-05,9.681769e-05,0.00014988061,2.4543628e-05,-0.00015509795,-1.376511e-05,9.352154e-05
HIV1243_AF324493_2,0.00015978981,2.2941687e-05,-5.4361273e-05,0.00014472686,0.00010398122,3.2964617e-05,-1.9049887e-05,9.605937e-05,6.7924807e-06,-0.00018235817,-3.895947e-05,-4.9294333e-05,0.00013841443,-5.545076e-05,-9.979308e-05,0.00014040447,-0.0001352076,-0.00010902219,9.403668e-05,0.0001719211,5.8995556e-05,-9.822962e-05,0.00025227532,-0.00013261908,1.258889e-05,1.8693598e-05,0.00028795958,3.1603988e-05,1.9957645e-06,2.5384848e-05,-3.5700912e-05,-4.9631595e-05,0.00012120389,0.00013478335,-7.5502554e-05,6.421807e-05,8.331577e-06,-2.5804376e-05,9.430062e-05,2.7700955e-05,-2.2885379e-05,0.00013142395,6.213731e-05,0.00018296218,-2.8642979e-05,-3.2820673e-05,6.161419e-05,0.00022437451,0.00017910391,0.000104920386
HIV1315_AB023804_1,1.5092286e-05,-0.00020197744,2.9121962e-05,-3.9385737e-05,-6.72767e-05,-6.5649925e-05,2.3246186e-05,0.0001319859,-9.774115e-05,-3.2090964e-05,6.100426e-06,0.00012694126,-0.00012153771,-1.5362684e-05,9.812727e-05,-2.6636277e-05,3.765835e-05,0.00010862731,-0.00011455705,5.275523e-05,0.0002520807,3.557526e-05,0.00015438793,-1.773761e-05,4.5519755e-05,-0.0001339587,0.00011885077,-9.042414e-06,-5.627855e-07,-7.478043e-05,-0.00014695888,-8.531004e-06,-3.8076556e-05,-9.729653e-05,-2.3903525e-05,0.00019093386,-0.00010397215,7.065403e-05,4.2461626e-05,7.24747e-06,7.723708e-05,9.667958e-05,0.00013859489,-2.4471925e-05,2.745979e-05,-9.347893e-05,-4.833085e-05,4.0304752e-05,2.1469948e-05,-3.3261298e-05
HIV1566_AF324493_6,-0.0001650671,1.8678451e-05,5.9136586e-05,6.833476e-05,-6.158388e-05,-1.1152707e-05,8.0368365e-05,-5.8739715e-05,7.334572e-05,-0.00018641038,3.6968715e-05,1.0272374e-05,0.00020426055,-1.2340171e-05,2.060923e-05,-7.223181e-06,6.550028e-05,1.5305466e-05,-2.1317283e-05,1.4032297e-06,-9.103485e-05,-0.00011332107,-3.889747e-05,0.00010201192,-6.7350666e-05,0.00021062502,0.00019419467,0.00011000884,-9.170519e-05,-0.0002146961,0.00015786599,-7.2151044e-05,-9.869016e-05,2.3801336e-05,0.00018886606,0.00018660573,0.00014809068,-7.052784e-06,0.00013724636,-7.110279e-05,-9.723951e-06,-1.9705572e-05,-3.488309e-05,4.6348745e-05,5.264316e-05,-6.70514e-05,8.377318e-05,-0.00012234208,4.606328e-05,0.0001675563
HIV1176_K02013_3,4.0584313e-05,0.0001341629,3.0156318e-05,-5.5623455e-05,9.481801e-05,-5.2580035e-05,-2.1458825e-05,-4.247295e-06,5.3245934e-05,8.080366e-05,0.00021064868,9.248328e-05,-0.00010321594,0.00012910635,0.000111942,4.5558536e-05,-3.6739884e-06,-3.318993e-05,-1.6720562e-06,0.00012986577,-4.8943024e-05,0.00012795454,-4.1369236e-05,0.00014582167,-3.0191266e-05,9.318434e-05,-0.00013165777,-9.109659e-05,-1.4976147e-05,3.187006e-05,4.9169856e-05,0.00014807782,-3.337154e-05,-8.000547e-05,-6.911714e-06,5.2674863e-05,7.626911e-05,7.101097e-05,-1.2976703e-05,0.000115979485,5.424198e-05,-0.00012177627,9.7945536e-05,-1.32601945e-05,-8.680108e-06,-6.8212714e-05,0.00014395123,2.1256103e-05,-3.190692e-05,0.00013791237
HIV1312_AB023804_1,6.0762253e-05,-1.4920148e-05,0.00022449649,0.00016401534,-0.000170359,1.4562027e-05,-2.0743653e-05,-2.6982832e-06,4.9913695e-05,0.00013547674,-3.8292183e-05,0.0001927653,-7.8111065e-05,5.879449e-05,-2.73812e-05,0.00013530732,7.597902e-05,2.7382182e-05,9.909611e-05,2.0072031e-05,0.00015275007,-8.7867105e-05,9.3469986e-05,-5.475286e-05,0.00010504963,0.00014031412,0.00016279881,4.0813316e-05,5.7023466e-05,0.00015917813,0.0002349992,-9.247723e-05,2.941957e-05,-5.1112027e-05,-9.156742e-05,-0.00015942186,8.469617e-05,0.00012374489,-4.4226632e-05,8.812443e-05,6.927151e-05,-0.00010729476,-3.946373e-05,7.290052e-05,3.1399468e-05,-2.6785317e-05,0.00016304043,7.849475e-05,9.3169256e-05,9.946491e-05
HIV1473_AF324493_6,-8.474658e-05,-0.00011226074,-7.623303e-05,0.00021049865,0.00018719399,0.00011927435,8.9720605e-05,-2.045777e-05,-2.2771794e-05,-0.00016547838,6.501792e-05,-0.00019665693,-0.000108922,-3.0728686e-05,-0.00014846845,-2.2187747e-05,-7.754235e-06,2.6093694e-05,7.537193e-05,-0.00013339422,0.00012204166,5.6873156e-05,0.00013171563,2.1829048e-06,0.00016237149,9.726709e-05,-6.899196e-05,-0.00010742483,-3.935818e-06,5.0737526e-05,-5.987844e-05,-5.1682204e-05,5.511057e-05,1.1937182e-05,-4.6590343e-05,9.2249975e-05,-0.00012572545,4.0363073e-05,-2.9762746e-06,0.00017364018,-8.475172e-05,-7.002364e-05,0.00017773644,0.00012022241,-0.0001123535,2.8949014e-05,1.4387646e-05,0.00010344287,7.441417e-05,0.00020917086
HIV1651_AF324493_5,-3.0970277e-05,4.6247667e-05,-3.4245546e-05,4.7711772e-05,-4.843693e-05,-0.00011119201,0.00010914978,0.00019611635,5.3930155e-05,-0.00010934071,0.00017657975,-3.771591e-05,0.00013731055,0.0001174175,-7.156636e-05,4.6428297e-05,0.00013918628,0.0002238953,7.0235634e-05,-0.00014027796,0.00022121344,-1.72846e-05,0.0001689056,7.0223046e-05,-0.00014813854,-9.2716495e-05,2.5539963e-05,0.00014856462,-6.9917936e-05,-9.695941e-05,-3.6094472e-05,-8.368757e-05,-8.6482665e-05,8.563432e-05,-9.370509e-05,9.37498e-05,7.357602e-05,0.0001288604,-3.9180995e-05,0.00019480598,1.4104222e-05,9.6384814e-05,8.220192e-05,-9.874166e-05,-7.775038e-05,4.9719445e-05,0.000107728585,-1.3099389e-05,-9.79312e-05,0.00013696626
HIV1456_AF324493_4,9.924979e-06,-0.00014588622,0.00010553202,0.00017374204,2.0225163e-05,2.2229307e-05,-3.8403756e-05,-2.73806e-05,-1.5436404e-05,4.1215437e-05,8.5018946e-05,-1.19004e-05,-2.308273e-05,0.00013311693,-0.00011041067,0.00011250798,4.7936297e-05,0.00011147189,1.8388566e-05,2.3609411e-05,-0.00013367628,5.9916354e-05,-1.4382258e-05,2.3617033e-05,-5.5414377e-05,-0.00014324815,5.401403e-05,-0.00017846764,0.00021378545,3.5411567e-06,-3.970348e-05,0.00010017981,0.0001973551,5.9657254e-05,-4.1040916e-05,0.00012292214,3.896512e-05,0.00016189783,-0.00011591757,7.732938e-05,7.635238e-05,8.081981e-05,0.00017275831,4.535765e-05,-0.00011753129,6.945713e-05,8.275518e-06,-1.731047e-05,9.604729e-05,3.9814262e-05
HIV1527_K02013_6,-2.4629313e-05,8.1689184e-05,7.731957e-06,-4.0773677e-05,2.9223957e-05,0.0001304174,-6.789452e-05,-8.582457e-05,-2.3528655e-05,5.4683962e-05,9.2044314e-07,-0.00014595673,0.00021843272,-4.6285175e-05,-0.00013196867,8.9909576e-05,7.453807e-05,-9.686383e-05,0.000104596984,8.0290425e-05,-1.6232087e-05,-5.428087e-05,-9.163279e-06,3.3759527e-05,-0.00011570296,0.00021713937,-4.4221848e-05,9.786572e-05,0.00012431685,-0.00010011105,0.00016015532,3.359263e-05,-0.00020963646,2.4987787e-05,0.00017127795,2.7080509e-05,-0.00014328836,3.773854e-05,2.0603145e-05,0.00014023049,6.3309e-05,-1.1698716e-05,-2.0970141e-05,-7.497305e-05,0.00016188674,-9.104313e-05,-5.966613e-05,-0.00013432081,5.0808005e-05,-2.0347428e-05
HIV1437_AF324493_2,7.397073e-05,0.0001453992,-4.2590513e-05,0.00021631703,-2.386448e-05,-4.234416e-05,-7.1496026e-05,0.000234442,0.0002144836,1.5087721e-05,9.9270736e-05,0.00012342524,-0.00016950919,8.157662e-05,-3.757838e-05,3.996723e-05,-9.067515e-05,2.6299118e-05,-1.9662966e-05,1.6501335e-05,-8.424407e-05,2.9226321e-06,4.9297156e-05,0.00016723336,1.9647232e-05,0.0001709937,-0.00017205815,0.00010010159,-2.9899056e-05,5.5088145e-05,3.41895e-05,0.00010548885,0.00010715309,0.00013876198,2.86384e-05,-5.7055695e-05,4.6494002e-05,0.00017878195,2.6805603e-05,-9.6176125e-05,6.7474306e-05,5.9306396e-05,0.00021518543,3.808021e-05,0.00018129661,0.00016358448,5.675447e-05,4.984867e-05,-1.7122715e-05,-6.8664954e-06
HIV1401_K02013_1,-1.3035795e-05,4.8810463e-05,8.53673e-05,8.6758526e-05,0.00012820728,4.8012735e-05,0.00018973285,1.5984131e-05,6.250696e-05,0.00030138434,-9.0576206e-05,-0.00015133094,-6.660826e-05,-9.802115e-06,-3.6917245e-05,3.1763862e-05,-7.235258e-05,0.00012305863,8.98344e-05,-0.00016154743,-0.00011369216,-0.00018716602,0.00015900398,-3.614401e-05,-4.924948e-05,-6.211181e-05,3.5118093e-05,5.0089355e-05,4.371388e-05,7.1835884e-06,-0.00021346174,2.987252e-05,-0.00012947664,3.145433e-05,2.691452e-05,1.87697e-05,9.164003e-05,3.763731e-05,0.00020663755,0.00010014246,0.00020469535,6.960092e-05,-3.6956983e-06,5.6326273e-05,-1.1044051e-05,6.647551e-05,9.829232e-05,0.00018614174,8.337075e-05,-9.0844864e-05
HIV1172_K02013_3,-5.189609e-05,-0.000109917746,3.3301392e-05,0.00011360667,3.330877e-05,7.409006e-05,7.661042e-05,1.0469655e-05,-3.5535468e-05,9.800709e-05,9.354582e-05,-5.198919e-07,-1.9498944e-05,1.6224896e-05,0.00017802542,0.00014256031,-6.314163e-06,5.089642e-05,0.0001507316,0.00013499835,-6.0556373e-05,0.00011206619,3.892343e-05,-5.7109373e-05,-7.676929e-05,1.3278913e-05,0.00014877538,4.902426e-05,5.4228087e-05,-0.0001336882,-6.9725276e-05,0.00010572261,-6.2746294e-05,-9.829456e-05,-8.973594e-05,-7.563426e-05,-7.911491e-05,-4.1569165e-05,9.603041e-05,4.3416738e-05,0.00012371795,-7.228468e-05,0.00010108236,-0.00011436602,-4.9305516e-05,9.8113196e-05,2.1977955e-06,0.00016573665,-0.00011467399,0.00014753542
HIV1165_K02013_3,-2.980703e-05,1.3651044e-05,2.4900122e-05,-0.00012242986,7.292152e-05,5.9387643e-05,-0.00026229437,1.9342012e-06,-1.7424116e-05,-2.0051912e-05,0.00017887121,-0.00015749111,0.00010278582,4.97081e-05,4.3238193e-05,3.0235453e-05,2.6984624e-05,-5.5964734e-05,-3.0423264e-05,0.0001943351,4.1666004e-05,-2.8355258e-05,6.9082496e-05,0.00021800683,0.00014808454,0.00014459228,-1.4175078e-05,-0.0001261562,7.368562e-05,0.00010255467,0.00012036768,0.000107231135,0.000103257196,0.0001476791,-4.468172e-05,-2.1576412e-05,5.7953755e-05,0.00017887595,-4.3013148e-05,-9.223469e-06,2.3318911e-05,0.00010026269,-2.5975934e-05,0.00010597027,-4.072507e-05,-1.8244798e-05,-3.7619668e-06,-4.323786e-05,3.1869837e-05,0.0001043391
HIV1142_K02013_3,-8.945058e-05,0.00010019623,-0.00014071069,8.7128814e-05,3.9463503e-05,2.6144384e-05,3.516269e-05,0.00011391332,7.7368386e-05,-1.2315962e-05,-1.304337e-05,-3.296399e-05,-7.661274e-05,-4.2019827e-05,-4.9072834e-05,6.347214e-05,0.00013881388,0.000121886515,2.0020927e-05,0.00012559787,3.063194e-06,0.00014289656,-0.000121554,2.7957525e-05,-0.00020863656,2.5958583e-05,-4.254153e-05,2.4765848e-05,0.0002189669,-0.00010296675,-9.518563e-05,1.5659905e-05,3.7719343e-05,0.0001805728,6.033437e-05,8.207731e-05,1.5148075e-06,3.51363e-05,0.0001495766,0.000110209956,0.00016922868,-0.00010579452,-1.6822845e-05,-7.0716615e-06,7.798079e-06,-0.0002141479,8.293654e-06,-3.9085994e-06,-5.8455207e-05,-0.000102105485
HIV1648_AF324493_4,0.00022616451,0.00025912636,-0.0001327625,8.235914e-05,-5.496644e-05,-6.0341354e-05,0.00028797289,6.729421e-05,7.3336596e-05,-3.3369783e-05,-0.00010832994,7.482135e-05,2.0186351e-05,3.5447301e-06,-9.11227e-05,0.00012570382,-0.00019336857,0.00012180474,-6.6858694e-05,-6.480815e-05,0.00021451306,2.9277084e-05,-3.3135184e-06,-0.00010673982,-4.7711517e-05,-1.8415349e-05,4.7590493e-06,0.000112074595,0.00012514617,0.00010596754,-4.7483958e-05,-2.6306134e-05,7.824247e-05,3.1177646e-05,6.708317e-05,0.00014945453,2.748567e-05,-4.876026e-05,5.3663367e-05,5.4617954e-05,4.298947e-05,0.0002550945,-4.8407095e-05,-0.00011245539,1.7106935e-05,0.000107356056,0.00021242416,-9.418963e-06,1.3390258e-05,6.7540655e-05
HIV1316_AB023804_1,0.0001049696,0.00011251293,0.00010862685,3.2447864e-05,-7.012973e-05,-6.26833e-05,0.00011088194,3.2252885e-06,-1.2164544e-05,-0.00014556434,0.00010808279,-0.00013960207,6.936204e-05,-4.8004254e-05,-3.0373976e-06,-3.3637723e-06,0.000110475055,0.00013043762,-3.2666387e-05,-0.00023665758,-0.0001377523,8.025608e-05,0.000107293126,9.406173e-05,5.43194e-05,4.4020682e-05,-6.068419e-06,-2.511275e-06,8.265468e-05,-1.262167e-06,-9.065772e-05,0.00013339758,-4.9498718e-05,-0.00014833642,1.2571561e-05,-0.00013946819,-6.194558e-05,-3.3308297e-05,5.3538474e-06,-0.0001381836,-3.593362e-05,-5.8733e-05,1.4516639e-05,9.083467e-05,5.032927e-05,0.00012991588,-0.0001651827,4.7344536e-05,-0.00013365265,-0.00012829184
HIV1480_AF324493_6,0.0001669135,-1.7057531e-05,1.0915923e-05,3.3849057e-05,0.00021286869,-9.902497e-05,-0.00014174679,-8.319121e-05,4.2370844e-05,5.4499706e-05,0.00015461925,2.197295e-05,-0.00011365314,5.117669e-05,0.00016981382,-6.629195e-05,2.2987435e-06,3.1567102e-05,8.985569e-06,6.1692146e-05,-0.000115952025,0.000104905,-0.00015877793,7.743656e-05,-2.2719018e-05,-8.18284e-05,0.00025967546,-5.464722e-05,0.00010066802,-7.3416166e-05,-1.5620379e-05,-6.8170695e-05,8.651661e-06,0.00021384422,5.9003123e-05,8.781331e-05,9.024741e-05,-5.195698e-05,5.2152434e-05,-1.7774892e-05,3.54608e-05,-6.31686e-05,0.0001297366,0.00012669987,-0.0001534801,5.2120686e-06,0.00015272349,6.593254e-05,6.358858e-05,-7.1603914e-05
HIV1061_AF324493_9,2.2960865e-05,-0.00025149947,8.894171e-05,0.00013954447,-6.4992586e-05,-4.4208307e-05,9.232434e-06,0.00014049558,7.814858e-05,5.100907e-05,0.0001697414,9.526739e-05,-0.00011158182,7.29701e-05,-6.1783517e-06,-4.563958e-05,-4.7020636e-05,5.915225e-05,4.691519e-05,0.00011441118,0.00022092184,-0.00016336684,4.6282214e-05,-0.000106193555,2.8321578e-05,6.6591015e-06,0.00028151137,6.865972e-05,3.6287194e-05,-0.0001082408,-6.972493e-05,-5.339723e-05,-7.4256044e-05,-0.00010299737,-5.0819704e-05,-7.705783e-05,5.2209316e-06,-1.25066545e-05,3.9810734e-06,0.00012034345,-8.550927e-05,0.00016964453,-0.00021073903,1.5809784e-06,-2.896994e-05,0.00018339923,-0.00020323554,4.5523197e-05,8.3695835e-05,-9.551846e-05
HIV1496_AF324493_7,-7.616362e-05,0.00018925559,4.754742e-05,-2.5611962e-05,1.539508e-05,0.00016752737,-4.926969e-05,0.00014465461,7.8551566e-05,6.003503e-05,-3.5863224e-05,2.698638e-05,-3.7151116e-05,6.114962e-05,0.0001430121,0.0001380639,0.00018155841,4.4335102e-05,0.00014204362,-2.451235e-06,3.371455e-05,0.00010967224,0.00010086127,0.00011586375,-7.0414855e-05,-7.818244e-05,1.5210641e-05,-7.154284e-06,8.147796e-05,-0.00011296648,2.6053793e-05,-3.2970947e-05,-0.00011812955,-2.6229022e-06,0.00021131635,-0.00013248809,-0.00016166085,8.416346e-05,8.298486e-05,0.00013326903,-1.8203922e-05,-8.456524e-06,0.0001722078,0.0003805723,9.585379e-05,7.787938e-05,0.00023090414,0.0001734793,-0.00010311238,0.00022961444
HIV1467_AF324493_5,0.00020529011,7.5386175e-05,8.716879e-05,-1.24488515e-05,4.189938e-05,0.00014145186,2.2804026e-05,4.4875913e-05,0.0001140822,-0.0001399096,1.571475e-05,0.00019559627,-2.6356916e-05,-2.5844558e-05,-3.770623e-05,3.3341672e-05,-6.6281987e-06,-0.00011417845,0.00015522909,-1.6943955e-06,0.00011285995,-5.0548002e-05,6.1232655e-05,9.0606816e-05,-2.1363376e-05,0.00014106171,5.4421642e-05,0.00010519109,0.00020447597,9.413225e-05,1.6846012e-05,8.957613e-05,9.986796e-05,-0.00014204558,0.00012905052,4.413555e-05,0.00012783123,-7.560804e-05,8.6951804e-05,0.00022526273,0.00019379491,0.00011819065,0.0001542912,0.00017814875,0.00020192316,0.00012786023,1.8461693e-05,1.2258914e-05,0.00010408097,2.343844e-05
HIV1098_K03455_3,-0.00011254183,1.7224695e-05,0.0001808174,4.1577317e-05,5.702613e-05,2.9898296e-05,-0.00011956954,0.00013122552,-5.7193367e-05,-1.416228e-05,-2.5422243e-05,-3.111451e-05,-0.000118257056,3.331959e-05,-1.13354645e-05,0.00022441446,-6.285282e-05,-0.00013957125,2.8341468e-05,2.891193e-05,6.752171e-05,3.8644077e-05,0.00015291522,-6.062039e-05,3.1915126e-05,0.000100755096,-0.0001111123,9.909526e-05,0.00027184712,5.517938e-05,0.00013782382,0.00017303429,-7.292879e-05,-5.851945e-06,-0.00014977694,-5.976168e-06,-0.00023143183,-0.000121846664,4.9156282e-05,6.663206e-05,0.00017868304,0.00013666744,0.00014406348,2.300364e-05,4.8608134e-05,1.6179067e-05,3.3921686e-05,-9.753261e-06,-4.2832868e-05,0.00033188993
HIV1404_K02013_1,4.9991868e-05,0.00011261609,4.37784e-05,0.00012648139,3.604784e-05,4.2376618e-05,1.0441845e-05,-0.00014130864,0.00013881733,0.0002658316,2.527589e-05,4.4262375e-05,1.359987e-05,-0.00014145137,-3.376158e-05,6.934392e-05,-7.1035625e-05,1.3189239e-05,0.00014500326,-5.2931864e-05,-6.634639e-05,-0.00013521318,-8.925705e-05,-8.171238e-05,-0.00020672183,1.0314918e-05,-8.8439476e-05,0.00010048262,5.1131556e-05,1.7719236e-05,-0.0001812417,4.4226895e-06,9.5845746e-05,9.4662035e-05,0.00028040967,8.890767e-05,9.799095e-05,-1.8470755e-05,1.6095493e-05,7.1845236e-05,-3.8684386e-05,0.0001925251,-3.1737916e-05,7.658849e-06,6.302035e-05,9.154453e-05,0.00013633136,4.6147776e-05,-6.8003064e-05,1.0012981e-06
HIV1264_AF324493_5,-2.4108034e-05,-0.00011471051,-7.744745e-05,-8.594795e-05,0.00017932469,0.00017089928,3.1117794e-05,0.00013981052,5.1969102e-05,-8.09958e-05,8.741194e-05,-5.3471253e-05,9.641114e-05,5.078528e-05,7.879892e-05,-5.5350334e-05,3.4296976e-05,0.00022155521,0.00015239127,0.00034437727,0.00023279552,-5.4936678e-05,6.774866e-05,9.818644e-05,3.679567e-05,1.7567718e-05,3.9746683e-05,1.548259e-05,-5.432483e-06,-0.00021148416,2.4079138e-05,-0.000118693526,-0.00018106439,3.656153e-05,2.4181581e-05,-2.7731929e-05,7.323946e-05,0.00012503227,0.00010409692,-0.000116433956,3.7919744e-05,6.97385e-05,-0.00020769653,4.6126474e-06,-0.00013837877,-9.628684e-05,3.3490698e-05,-3.6860332e-05,-8.6017004e-05,0.00012978948
HIV1494_AF324493_7,-7.8436366e-05,1.11310155e-05,-7.21772e-06,7.071554e-05,6.812521e-05,8.983571e-07,-2.3498598e-05,6.6730725e-05,-1.6195829e-05,-7.0023293e-06,0.00024923903,2.8597016e-05,0.00018385146,6.652804e-05,0.00017747724,6.3655584e-06,-9.0610505e-05,7.710051e-05,-1.4166171e-05,0.0001286514,0.00012874353,0.00017967298,-0.00016336457,9.249024e-06,0.00011109849,-0.00018424085,6.077996e-05,-1.8967257e-05,5.886029e-05,0.0001642055,8.190867e-05,6.467479e-05,-0.00012977872,0.00016003629,0.00011725098,0.00012815637,0.00014481429,-0.000109781555,-0.00017407995,0.00011251533,-6.657939e-05,0.00015185426,3.0438316e-05,0.00024896502,2.5126315e-05,0.000101668666,0.000110673296,8.751437e-06,0.00035810555,0.000115939496
HIV1630_AF324493_3,7.768697e-05,4.419585e-05,-0.00013226166,-0.0001194158,8.78439e-05,-3.2981625e-05,0.00011885137,4.066251e-05,1.5535979e-06,0.00036761648,0.00017130593,-0.00015973335,0.000118584845,-0.00012869721,-4.697913e-05,-7.822186e-05,-6.908023e-05,4.544195e-05,0.00014106021,5.394725e-05,3.924465e-05,-3.6632428e-05,6.3418447e-06,5.9895112e-05,4.740447e-06,-5.4352386e-06,2.5689638e-05,0.00011588238,2.9796629e-05,-0.00012605533,-8.121571e-06,-1.140706e-05,0.00012616171,-6.62698e-05,-0.00014523756,0.00016065841,-5.9667986e-05,-0.0001640804,6.805438e-05,0.0002052506,-5.870416e-05,-2.8645458e-05,0.00011125843,5.93612e-05,-9.133863e-05,1.0022405e-05,0.00011138818,4.0408904e-05,0.00010588975,0.00017414145
HIV1383_AF324493_1,-8.389092e-06,4.0680086e-05,-0.00014437837,-6.03512e-05,3.210499e-05,-3.3147124e-05,0.0001359503,-7.9625e-05,0.00020767667,-8.441988e-05,2.2687633e-05,2.3445818e-05,8.412528e-05,2.8521405e-05,5.7130062e-05,0.00019618342,0.00018397119,0.0002594586,-8.749211e-05,4.8201564e-05,0.00012544022,-4.166948e-05,-6.271743e-05,7.309989e-06,-9.405201e-05,0.00011235096,-7.2017137e-06,-9.159649e-06,7.5731645e-05,8.899555e-05,-4.042701e-05,0.00024595697,-9.864548e-05,0.00015748318,-2.0190024e-05,-2.6025122e-05,0.00013830271,0.00018587813,0.00010063039,0.00017141798,-1.38676205e-05,0.00010296218,3.5659305e-05,-3.6326743e-05,-4.084526e-06,0.00010945836,0.00015441299,-2.047524e-06,8.713837e-05,-1.5117235e-05
HIV1370_AB052995_5,7.002874e-05,0.0001900648,0.00012375785,1.2361069e-07,7.946939e-06,-0.00023839287,0.000108882894,-5.3515128e-06,-3.8595714e-05,-0.0001445783,-0.0001736433,-3.8104292e-05,1.8042324e-07,-2.8392236e-05,-4.2629243e-05,3.3722205e-05,-3.7854825e-08,4.76848e-05,-6.036363e-05,0.0003083736,0.0001898618,-0.00010079791,-7.148341e-05,-3.8638813e-05,-9.8657016e-05,3.7461545e-05,0.00016454534,0.00012371673,-4.3933658e-05,1.0479857e-05,0.00018060872,-0.00013292507,0.00013205913,-4.4345255e-05,-0.00021720825,6.203692e-05,0.00013138402,-8.0541504e-05,-0.00029374205,-3.8384645e-05,-2.0622092e-05,9.2611386e-05,-0.00013524246,-7.606448e-05,0.00018324656,6.112968e-05,-5.7113048e-05,-2.6101929e-05,0.00011305377,-0.000108215274
HIV1358_AB052995_4,-0.00012043603,-0.0002095528,-4.7908317e-05,2.2316031e-05,8.019709e-05,4.196959e-05,-5.7930603e-05,-1.441602e-05,-8.99437e-05,0.00021272113,0.00013010163,-4.274088e-05,-7.451034e-05,-7.975816e-05,-1.6721862e-05,0.00010651834,5.3332744e-05,9.342538e-06,0.0002522795,-5.4403652e-05,0.00016901837,-1.9566693e-05,0.00015816953,0.00021929642,0.00023698308,0.00021405553,0.00020764144,0.00017713665,-2.416752e-06,3.177152e-05,-4.2986634e-05,9.7590135e-05,0.00014373791,-0.000103975006,7.2427516e-05,3.0000963e-05,-4.93226e-05,-7.635084e-05,2.278923e-05,-0.00014738546,-8.653056e-05,-3.252996e-05,0.00014892373,8.831067e-05,9.3861614e-05,-5.654692e-05,-0.00013154035,0.0001344952,0.00010594521,0.00011097255
HIV1668_AF324493_1,-5.414723e-05,5.408095e-05,0.00016031641,-0.000104506275,0.00011102142,-2.6550662e-05,1.61677e-05,2.5410047e-05,7.804199e-05,-0.00010277416,-0.0001647695,5.033611e-05,-5.2532127e-05,7.861489e-05,-2.6534302e-05,1.1345352e-05,0.000106818945,6.104573e-05,-4.1880197e-05,-6.3969705e-06,6.971078e-05,-0.00013714026,-2.2699704e-05,1.5668016e-05,6.405499e-05,-3.9297007e-05,2.8724278e-05,-3.4555653e-06,5.9363214e-05,1.3640017e-06,9.1514405e-05,-0.00012751242,4.927948e-05,4.1311614e-05,-6.492679e-05,9.625895e-05,8.733356e-05,1.5775118e-05,-4.604005e-05,-6.540524e-06,8.05224e-05,0.000142857,-4.1094354e-05,0.00023159386,6.559715e-05,-2.9368348e-05,4.1757507e-05,2.9676019e-05,0.00015113992,0.00027900963
HIV1326_AB023804_2,4.3810873e-05,-0.00012622189,1.661644e-05,-3.830008e-05,9.053585e-05,8.4122665e-05,3.91914e-05,0.00010793324,2.972697e-05,0.00014610258,-0.00014472102,0.00016948396,8.79812e-05,-9.944622e-05,0.000109919565,0.00015577728,0.00010447068,-8.0835925e-05,-9.440424e-06,9.6906e-05,-4.320066e-05,-0.00025000185,-8.8749795e-05,1.8523067e-05,5.8015e-05,4.679974e-05,-0.00012556024,0.00022750451,0.00010017172,-3.184396e-05,0.00011304498,0.00017739613,3.395635e-05,5.3461245e-05,9.196797e-05,2.1013673e-05,-5.016075e-05,1.3197757e-05,5.235997e-05,0.000102870465,0.00010601427,-0.00012098717,0.00011445316,-0.0001689802,2.4552943e-05,1.6920838e-05,5.9233837e-05,0.000114456,7.071042e-05,-4.3788263e-05
HIV1354_AB052995_3,0.00010081936,0.00015301173,-0.00013707053,5.4345393e-05,0.000103786035,6.323815e-05,3.1257383e-05,0.00018795728,-4.767441e-05,-0.00011130234,-6.6033914e-05,0.00016650262,5.455894e-05,7.184676e-05,0.00013670106,0.00012386762,9.8467644e-05,-7.025585e-05,5.6059416e-05,-4.403859e-05,-4.4289263e-05,0.00032162835,1.1017067e-06,4.573468e-05,-6.2734443e-06,-5.47676e-05,3.1848485e-05,-4.6809277e-05,3.4326007e-05,-0.00011651173,0.00010985656,-4.4514905e-05,-5.0291113e-05,0.00011668248,-7.605227e-05,-9.4890835e-05,-8.352778e-05,-8.173032e-05,3.3932956e-05,0.00019696068,2.530692e-05,6.670567e-05,1.4478306e-05,8.327398e-05,0.00010011641,0.00016062945,0.00011957337,8.5555504e-05,-1.1795495e-05,-5.8219204e-05
HIV1288_M17451_1,-5.1369007e-05,8.7980494e-05,0.00013451157,-1.4384979e-05,3.8092637e-07,0.00017653895,0.00014287383,4.4425084e-05,0.00013436764,-2.4650462e-05,0.00014894505,7.363291e-05,4.2327378e-05,0.000119974815,-4.375744e-05,-0.00012675668,1.1692672e-05,1.0564889e-05,3.8239104e-05,3.0523584e-05,-3.0219242e-05,8.436548e-05,0.00010759795,8.426135e-05,-8.044399e-06,3.734503e-06,-9.580897e-05,-0.00014894105,0.00024240123,0.00017004766,0.00017395469,0.00010048757,-5.748731e-05,4.337847e-05,6.7558714e-05,0.00018843985,4.101741e-05,-7.595305e-05,5.0960032e-05,0.00010993637,0.00013260245,-1.5561865e-05,0.00013866404,6.779454e-05,1.7705412e-05,0.00012906455,6.41771e-05,0.00011568938,0.00010420512,0.000102311344
HIV1389_AF324493_9,4.8566504e-05,-6.124687e-05,-9.4393785e-05,0.00012920123,-1.9696901e-05,6.5694134e-05,3.7779162e-05,3.9280658e-05,-9.696306e-05,2.3309087e-07,0.00015411041,4.3407672e-05,-8.1739054e-05,2.730598e-05,-3.663975e-05,0.00017174918,0.0001016976,-0.00013857638,-1.4539011e-05,-2.3748687e-05,5.8865327e-05,0.00016755925,-0.00011132738,-0.00015273443,0.00014257681,-2.2314622e-05,0.00021358965,8.9364585e-05,0.0001677166,0.0002536627,6.7816145e-05,-6.834748e-05,6.155968e-05,-8.46913e-05,-6.686089e-05,9.492528e-05,9.736639e-05,-0.000113149275,-0.00022790447,-0.00027937928,0.00010536633,0.000105280844,-1.6367112e-05,0.0001527075,-8.2882056e-05,-8.761545e-05,-7.0666414e-05,-6.412524e-06,-2.0605748e-05,-1.3211292e-05
HIV1424_AF324493_1,9.91149e-05,0.00019049595,6.134325e-05,0.00021372506,-0.000108843524,-9.493504e-05,0.0001966552,-0.000100806436,-0.000101763224,-7.130102e-05,2.2645017e-05,0.00017235702,-0.00021607248,-7.106777e-05,5.4348784e-05,-0.00012080627,0.00019129342,-3.078333e-05,5.614885e-05,-0.00012989853,-0.00017630501,2.2492433e-05,-6.256747e-05,-2.1743697e-05,3.8837417e-05,3.6147263e-05,-9.976399e-06,3.8790226e-05,5.9150963e-05,-3.9632163e-05,-8.441134e-05,0.00011878855,1.945302e-05,0.00010178782,-9.058334e-05,-0.000112627735,-6.87006e-05,-1.8308852e-05,-2.5883872e-05,5.9840953e-05,-8.407453e-06,-8.350653e-06,-9.580244e-05,0.00015562525,5.1579762e-05,0.0001463878,-4.2188385e-05,-8.23447e-06,2.2923266e-06,0.00011495471
HIV1657_AF324493_8,8.870536e-05,2.715013e-05,0.00010668909,6.3023625e-05,-1.0413533e-05,-0.00010251983,-4.147583e-05,-1.0427973e-05,1.2410358e-05,-2.4536894e-06,-0.00011128689,-1.6656462e-05,0.00011281215,7.162133e-05,0.00015593674,-5.0783594e-05,9.909509e-05,-2.8475197e-05,5.6575485e-05,4.222797e-05,3.390741e-05,-9.662927e-06,-4.2261727e-05,0.00020629894,-7.990614e-05,-6.108376e-05,8.104898e-05,5.8495963e-05,-0.00016042689,0.0001057828,6.536115e-05,-6.135367e-05,4.4584976e-05,-1.34591e-05,7.463964e-05,3.4575965e-05,5.6384513e-05,2.8631033e-05,-0.00013056309,-0.00023709437,5.007587e-05,-4.4112643e-05,-9.04287e-05,0.00012996809,-7.942938e-05,5.0953884e-05,1.3136015e-05,-6.459575e-05,0.00014726266,-6.910181e-05
HIV1512_AF324493_8,5.969559e-05,5.5221364e-05,7.156136e-05,-0.000102021,-0.00014156238,8.507966e-05,0.00013122882,-1.947091e-06,-2.1694852e-05,-1.9769948e-05,2.5355548e-05,-2.1759184e-05,5.962525e-05,9.236087e-05,-5.2607673e-05,-4.613994e-06,8.830132e-05,5.4741173e-05,6.573041e-06,-1.608287e-05,6.188007e-05,-0.00017234735,0.000112780755,-3.4036211e-06,4.750777e-05,6.2349565e-05,-7.075621e-05,0.00017318515,0.00011038433,0.00016205333,-0.000132742,-0.00015933847,4.8254835e-05,-1.7566925e-05,-0.000108280794,-7.1834496e-05,2.9209463e-05,-6.2231293e-06,3.3751858e-05,0.00021324672,9.536845e-05,3.8242026e-05,-9.522391e-05,1.9639552e-05,0.00011428801,6.232648e-05,6.170578e-05,0.00013677074,-0.00010764497,4.608184e-05
HIV1594_K02013_4,1.0295109e-05,-0.00014681667,0.00012885677,0.00010654679,7.737558e-05,0.00012523115,4.7552418e-05,9.245353e-05,8.54694e-06,0.00030977416,-6.1134883e-06,-1.4015502e-05,-0.00014767822,0.00013017729,4.781931e-05,6.82943e-05,-5.7769852e-05,1.8779197e-05,2.6650538e-05,-8.771256e-05,1.5092146e-05,-2.9025234e-05,0.00013388059,4.0747334e-05,-9.587566e-05,-9.281263e-06,0.00012864286,-0.00015562022,0.00021378981,4.5218974e-05,6.943139e-05,-0.00013581799,0.00014362168,2.4521303e-05,0.00019747904,-6.507062e-05,-0.00011284085,2.1887186e-07,-5.249062e-05,0.000116426825,0.00012205725,6.381806e-05,-4.0777526e-05,0.000107397944,7.946114e-05,7.7148565e-05,9.6783406e-05,4.5928096e-05,-0.00021363217,8.99007e-06
HIV1488_AF324493_7,-6.0459017e-05,7.416417e-05,-1.1047843e-05,0.0001871376,9.2467126e-05,-0.000111723166,-0.000102984115,-0.000106452986,0.00011299583,0.00020720066,-4.6211003e-06,-8.130532e-05,0.00024309296,3.3977136e-05,-1.969672e-06,-2.238621e-06,-7.438828e-06,-2.8008366e-05,0.00012266093,8.85149e-05,-4.9594284e-05,4.618573e-05,0.00023794545,-0.0001603235,-6.394222e-05,-3.755292e-05,8.136254e-05,4.924473e-05,-0.00014104383,2.776241e-05,-5.9735103e-05,5.723059e-05,9.898411e-06,9.7547076e-05,0.00029103598,8.676758e-05,-1.687613e-05,0.00018785946,8.063929e-05,0.00010735592,0.00013171202,0.00029044176,0.00015936648,1.1332335e-05,0.00020501397,3.893828e-05,2.9469289e-05,0.000101260935,5.751599e-05,3.074171e-05
HIV1324_AB023804_2,-1.709337e-05,0.00016222664,-3.730744e-05,3.3084572e-05,-5.0618733e-06,6.9316125e-06,9.8156364e-05,2.2498083e-05,-5.1153107e-05,-6.249281e-05,0.0002801981,-0.00017711826,9.7410404e-05,4.238172e-05,3.597698e-05,-0.00012783357,0.00013404076,-2.0205782e-05,5.1506846e-05,-3.4965535e-05,8.178538e-05,-7.892962e-05,2.689489e-05,-1.785638e-05,1.6779146e-05,-1.4433362e-05,8.634201e-05,0.00010611302,4.2550248e-05,-8.618033e-05,-3.9298233e-05,-6.0017413e-05,-3.840353e-05,0.00026303483,-0.00013137018,-2.1476966e-05,0.000108639295,-0.00012297231,0.0001003222,0.00017431406,5.988356e-05,3.4205637e-05,-0.000113554306,-0.00017017269,-5.7894715e-05,0.00019723005,-7.5075164e-05,-4.865651e-06,0.00016122329,0.00013954408
HIV1167_K02013_3,3.743529e-05,6.076074e-05,3.5252247e-05,-6.6976027e-06,0.000104646606,0.0001183406,-2.8416802e-05,0.00014793512,-8.066862e-05,0.00011526458,0.00013525719,5.5928565e-05,1.7717692e-05,5.1333398e-05,2.4096336e-05,5.665667e-05,0.00015775762,0.00017342565,8.253358e-05,6.620835e-05,-2.8740162e-05,0.000112153764,-6.0117116e-05,0.0001499672,-9.20024e-05,-0.00024139634,-4.1059535e-05,7.575248e-05,-1.5332496e-05,-9.5392235e-05,0.00018646024,6.600983e-05,6.926775e-05,-9.228405e-05,9.256009e-05,-0.00023644452,3.0749976e-05,-3.288496e-05,0.00016780336,-8.694597e-06,3.0200792e-05,-4.7139205e-05,-3.729641e-05,4.8638296e-05,-1.5389338e-05,7.4179104e-07,-1.9800415e-05,2.1190164e-05,-3.1448115e-05,0.00016610991
HIV1297_EU541617_3,0.00013498153,-2.6716072e-05,0.00011381989,-1.1654593e-05,0.00013919554,0.00014450742,-4.7359244e-05,9.506581e-05,3.99567e-05,1.2029659e-05,-9.9568795e-05,1.22366155e-05,-5.8075504e-05,3.6602945e-05,6.361712e-05,0.00013158693,1.0494701e-05,-3.3712844e-05,-0.00010737417,1.4992358e-05,-2.8524866e-05,-7.7876364e-05,0.000118840115,-2.7305297e-05,0.00021063212,0.00010379584,0.00021171232,1.0048707e-05,-3.511066e-05,0.00010492189,8.120364e-05,-8.865171e-05,6.521764e-05,-6.746134e-05,-0.000106352454,-3.4491048e-05,7.6980294e-05,-0.00016727603,3.737718e-05,-7.971239e-05,0.00014280147,8.402125e-05,8.8061315e-05,0.00011311323,6.942404e-06,0.00024645153,0.0001844751,5.32934e-05,0.00023998543,9.469222e-05
HIV1592_K02013_6,-1.0388781e-05,4.876946e-05,-0.0001173379,-5.590775e-05,-5.349574e-05,6.188623e-05,0.00018035086,0.00016671605,8.878946e-05,-7.1393933e-06,-5.803681e-05,2.0428631e-06,8.882424e-05,-7.2034345e-05,-0.00012588821,0.0001744254,2.6263844e-05,-0.00014956508,-5.0994375e-05,6.594744e-05,2.7764552e-06,0.000108831155,0.00020823035,0.00013544165,2.4131082e-06,8.2002014e-05,6.335451e-05,-7.374873e-06,0.00018916753,-7.907191e-05,-1.2744744e-05,-2.6939239e-05,-0.00019153851,-9.857176e-05,0.0001487571,7.033511e-05,-1.9198204e-05,-0.00014958142,-1.8425204e-05,0.00015594416,-2.3573917e-05,3.561886e-05,-9.922236e-05,-6.485197e-05,-6.720191e-06,-0.00012823979,-8.085496e-05,-2.9758023e-06,2.019209e-05,0.00017376499
HIV1646_AF324493_4,7.384524e-05,0.00029214253,-0.00017290255,0.00016298422,8.800763e-05,-4.983507e-05,-1.761466e-05,0.00019731448,-0.00018400837,-1.724315e-05,-0.000104604056,-6.7195855e-05,5.103192e-05,-4.7415662e-05,9.6461474e-05,4.8454727e-05,-0.00011865502,0.00016877624,2.1074067e-05,-0.00012197673,0.000110543246,-0.00014983486,-2.8886266e-06,-0.00015637807,-8.927476e-05,0.00010169086,-2.2353615e-05,-9.923222e-05,6.928241e-05,-6.080404e-05,1.6219792e-05,1.9103283e-05,0.00015167994,-2.2835922e-05,-0.00012612157,8.548099e-05,5.831405e-06,0.00034871727,7.980154e-05,-4.0508603e-05,7.302235e-05,0.00013194063,-0.00011680056,5.0140658e-05,0.0001586013,-1.0545615e-05,-1.8258193e-05,-2.7493557e-05,3.7614514e-06,-7.190799e-05
HIV1483_AF324493_6,1.2503714e-05,6.2903004e-05,-1.9434892e-05,-0.00015394765,3.7132482e-05,0.00016475505,1.7038072e-05,-0.00013247224,0.00016193466,4.6480673e-05,1.5879154e-05,0.0001486931,0.00014103067,8.2679886e-05,4.546261e-05,3.711119e-05,-6.471829e-05,0.00012522684,-7.711513e-05,5.0851886e-05,-9.9349396e-05,6.670073e-05,-4.9575225e-05,0.000102633596,1.9916857e-05,-4.067294e-05,-8.918495e-05,5.7049958e-05,-1.2303936e-05,0.00013916704,6.6641e-05,0.00012870802,2.6221342e-05,0.00023656682,-5.9518967e-05,8.7044784e-05,-3.7177146e-05,0.00014081858,-3.927509e-05,-5.907905e-05,9.532276e-05,0.00012808957,0.0001303184,0.00013276136,9.4499825e-05,-1.0521856e-07,8.0496764e-05,5.3633885e-05,7.634115e-05,-3.6500962e-05
HIV1284_K03455_3,0.00018154619,0.00025617905,1.8634035e-05,4.8506674e-05,-2.7622396e-05,-1.51982185e-05,9.5239055e-05,5.8655853e-05,4.6834917e-05,-3.6832877e-05,8.810191e-05,-2.6320877e-05,-5.1530445e-05,-0.0001280365,0.0002592383,-7.615194e-05,4.155964e-05,-9.355625e-05,-2.3693749e-05,1.8934159e-05,0.00013470471,8.943905e-05,0.00021656697,3.3928423e-05,7.16691e-05,-2.451893e-05,-3.941641e-05,2.688023e-05,-5.1750536e-05,7.0266295e-05,-0.000114421106,0.000103704806,0.000116502924,5.895242e-05,-1.5856189e-05,-6.792746e-05,-0.00014182918,0.00022973788,1.950803e-05,8.498881e-05,3.6208294e-05,9.7216966e-05,0.0002018405,5.3946205e-05,6.0155722e-05,-0.0001514328,0.00015710402,-0.00017626763,-2.4071065e-05,9.869245e-05
HIV1252_AF324493_4,-0.00010591613,4.4136e-05,-1.0477566e-05,-5.186036e-05,-8.478346e-05,0.00019020941,0.00040111993,0.0001081446,3.5313446e-05,0.00021667886,1.4393601e-05,-4.912833e-06,-6.2939886e-05,-0.0001579841,1.375852e-06,0.00012510047,0.00011013025,-6.615826e-05,9.051721e-06,-0.00014907445,0.00015221079,-5.2700347e-05,1.4901457e-05,3.879107e-05,7.9195976e-05,7.9585125e-06,9.930676e-05,0.00025410712,-0.00011543944,0.00012223126,3.712763e-05,1.5573483e-05,0.0001519072,-4.078652e-05,-5.8409332e-05,-0.00011782269,1.3343374e-05,-3.2431282e-05,3.8724927e-05,-2.3516051e-05,6.463223e-05,2.1446578e-05,-9.266716e-05,-7.840818e-06,2.6731786e-05,-3.305966e-05,-0.00012714272,3.0509595e-05,4.872696e-05,-6.775406e-05
HIV1242_AF324493_1,0.00011849085,-3.7366917e-05,-8.640803e-05,4.726883e-05,3.4100024e-06,-4.4460587e-05,-7.006892e-05,-2.3323397e-05,5.2213207e-05,3.9756585e-05,5.931738e-05,0.00012206216,3.5130786e-05,0.00013840105,8.664361e-05,-4.1995914e-05,7.0514616e-05,0.00016500242,0.00012473298,9.573431e-05,0.00014391236,9.938923e-06,2.3423838e-05,1.3338972e-05,-5.7001285e-05,8.242044e-06,4.039045e-05,-0.00018846882,0.00016751212,0.00016702761,-6.0047016e-05,4.70176e-05,2.8368786e-05,-6.834729e-06,0.0001692891,4.060358e-06,8.505829e-05,7.707527e-05,0.00014130663,0.00015122766,9.01595e-05,2.7954555e-05,3.1269796e-05,-2.112678e-05,-0.00017497416,0.00015270317,-0.00017798338,0.00010180859,1.332928e-05,0.00024144923
HIV1625_K02013_1,4.145385e-05,-4.3400228e-06,-9.421369e-05,-2.1698486e-05,3.5635938e-05,0.00014920048,8.525653e-05,3.70913e-05,3.3814136e-05,3.180229e-05,0.00018467034,-2.1517722e-05,3.361509e-05,-0.000108932865,-2.7098096e-05,0.000116975265,-2.050724e-05,2.5110314e-05,-9.803118e-05,2.9044247e-06,-0.00014796981,0.00013303361,7.502488e-05,6.862483e-05,-0.00013999335,-8.81861e-05,2.482996e-05,0.00015016845,6.0720326e-06,-6.048747e-06,-8.628393e-05,-9.3508104e-05,-2.3618153e-05,-1.5936075e-05,0.00019673974,-2.1038445e-06,5.148269e-05,-4.658286e-05,2.5866242e-05,0.00010553596,-0.00016975861,0.000104667466,-3.4478282e-05,5.186931e-05,2.3829845e-05,2.7632716e-05,-1.673702e-05,7.8804485e-05,-0.00024625834,-5.2504497e-06
HIV1020_AF324493_3,0.0001405985,0.00023304293,7.12668e-05,0.00013133249,8.295104e-05,-0.00010093654,0.00013117772,-0.00010285271,-3.9477172e-06,3.0263325e-05,0.00012840137,-0.00015369555,0.000106084284,0.00010814689,-8.951818e-05,5.0017952e-05,-0.00010075399,-1.3821661e-05,4.5950907e-07,-5.0804487e-05,-0.00013114118,1.6253605e-05,-5.475899e-05,6.7413675e-05,-3.0289644e-05,0.00014592818,0.000107208456,-9.640063e-06,0.00010975741,5.437033e-05,-0.00015227053,0.0001989725,-6.155408e-05,1.5129052e-05,0.00014926864,0.0001401776,-2.9181208e-05,-0.0001179956,-0.00015052111,0.00011549876,-1.9614148e-05,-0.00013554147,0.00010367873,-3.034534e-05,-2.1235712e-05,-7.43568e-05,-4.4014647e-05,2.4684246e-05,7.499508e-05,-8.076897e-05
HIV1413_K02013_3,0.00017541695,4.522855e-05,-8.92284e-05,6.952713e-05,5.1968458e-05,-1.8603021e-05,6.3978936e-05,8.383535e-05,-6.885219e-05,6.627861e-05,5.5010823e-05,2.8874115e-06,7.2380695e-05,-1.3374553e-07,-5.4975764e-05,9.642873e-05,0.00013208728,0.00013196967,6.7477944e-05,-1.7124486e-05,0.00016098112,3.0683976e-05,-2.893355e-05,-0.00014300055,-0.00013809322,-3.1894233e-06,-4.3195476e-05,-8.588103e-05,-7.876093e-05,0.000230881,8.652911e-05,-1.4562165e-05,-9.7788994e-05,8.755917e-05,6.669482e-05,2.4692605e-05,0.00012174075,0.00016235469,-5.4337783e-05,0.00018470747,0.00012817096,-3.6217065e-05,8.1744496e-05,1.9723393e-05,-0.0001896303,7.3813186e-05,-9.2511345e-06,5.469666e-05,0.00026033632,9.974439e-05
HIV1347_AB052995_2,0.00017337194,-1.49287835e-05,4.29066e-06,2.4428615e-05,2.125439e-05,-6.028758e-05,-4.6574414e-06,7.6237775e-05,9.575763e-05,1.6605092e-06,4.33026e-05,5.3346757e-05,0.00028395854,0.0001104447,-4.954616e-05,1.586741e-05,-0.00018376077,-4.478629e-05,0.00012510591,3.051298e-05,0.00018186371,1.1816515e-05,1.6040347e-05,-7.97669e-05,-6.703149e-05,-7.598472e-05,-1.6764227e-06,-0.00020343508,8.731501e-05,7.464335e-05,-4.1386014e-05,-2.5546897e-05,-0.0001320856,0.0001367558,-4.9123242e-05,-3.51335e-05,-4.583384e-06,9.960346e-06,-0.00010884825,0.0001081261,0.000106856045,0.0001060307,0.00016567152,8.86583e-05,0.00016064434,-0.000111013134,8.9952206e-05,4.315116e-05,-8.884424e-05,7.3868054e-05
HIV1355_AB052995_4,0.00012317882,0.000121416284,0.00013919402,-8.461098e-05,0.00015023445,-5.297753e-05,-8.367891e-06,-1.305828e-05,-3.9317794e-05,0.00011478156,0.00017176001,0.0001691102,2.4035739e-05,-1.8355215e-05,-9.689739e-08,8.414801e-05,5.6740196e-06,0.00010518777,0.00034280104,-9.703401e-05,0.00013311215,7.549946e-06,0.00025992625,9.2777416e-05,-3.745911e-05,0.000121412166,-0.00012647279,2.5144685e-05,0.00014790616,-4.671082e-05,2.3292155e-06,-4.5168024e-05,-7.870591e-05,1.11127465e-05,0.00015402543,3.447542e-05,0.00017619757,-0.000101027596,-3.104757e-05,-0.00012259313,7.283992e-05,3.669506e-05,0.00020888723,2.443947e-05,9.4649025e-05,-0.00011594093,0.00013744048,0.00011444247,3.5212517e-05,0.000157584
HIV1550_AF324493_1,2.5634803e-05,1.6864009e-05,3.0242397e-06,1.1629178e-05,9.516419e-05,-0.00014338983,1.3590056e-05,-0.00014625341,-1.792418e-05,3.9326722e-05,-0.00011689886,7.059059e-05,-0.00025257067,-3.9742205e-05,-0.00011873991,-0.00010977904,0.000104782725,4.791418e-05,-0.00016336364,-0.00015370389,7.4840515e-05,-2.5992033e-05,9.1622765e-05,-9.4210765e-05,8.9278066e-05,2.0682266e-05,-8.947551e-05,2.9948655e-05,-0.00015629112,9.686603e-06,-0.00019067485,4.3445572e-05,-0.00012770623,0.00011727671,-0.00010880765,5.0292245e-05,-1.3525553e-05,7.872408e-05,3.596629e-05,0.0002190782,1.3293127e-05,-0.00015306,0.00015594493,-8.831042e-06,0.00016791433,-0.0001739111,6.836054e-05,0.00019680061,0.00014931658,-3.5019825e-06
HIV1509_AF324493_8,-5.3936324e-06,9.9945944e-05,7.46249e-06,8.3982304e-05,-9.348995e-05,-1.53788e-05,0.0001208909,5.346425e-05,-2.3638491e-05,9.015154e-05,4.3028653e-05,2.6464193e-05,8.348332e-06,0.00010884441,6.99254e-05,2.0987085e-05,-0.000102350976,0.00012287048,-9.4724324e-05,-7.653627e-06,0.00010199584,-3.507061e-05,4.5030025e-05,8.209692e-05,3.0791314e-05,6.769128e-05,4.8513848e-05,-0.000104625484,-0.00020031126,0.00027194715,-0.00011558539,-0.00015626645,-7.880793e-05,4.511857e-05,6.246524e-05,4.3242588e-05,-9.616842e-05,0.00010962588,-4.099605e-05,-6.4455206e-05,-6.566644e-05,3.4550772e-05,9.9620855e-05,-1.4464566e-05,6.30296e-05,-8.294515e-05,-9.2911505e-05,-5.4129287e-05,-0.0001743441,-7.308778e-05
HIV1099_K03455_5,8.3740364e-05,9.741245e-05,4.4665358e-05,2.2768196e-05,0.00012684712,4.072762e-05,2.7414066e-05,-4.245033e-05,3.6499692e-05,-1.0102617e-05,-7.703028e-05,-9.337859e-05,3.2567223e-05,5.665966e-05,1.9017363e-05,1.33767135e-05,-0.00011063009,2.1792042e-05,-6.095288e-06,-3.5838697e-05,0.0001497603,7.004991e-05,5.902316e-05,0.0001563053,0.00011629181,0.00020870454,0.00017796033,-1.8405599e-05,-0.0001407197,-9.8373224e-05,-0.00022841872,7.122168e-05,-6.021288e-05,0.00014595938,-7.991426e-05,4.3801e-05,3.5468863e-06,0.00020928287,0.00018165696,0.0002894842,-7.1646136e-05,4.1560532e-05,-5.928044e-05,0.0003459101,9.526869e-05,8.68906e-05,0.00014435018,0.000102883314,0.00013528655,-0.00016571947
HIV1462_AF324493_5,-5.2980937e-05,3.243869e-05,0.00012300553,0.00022640452,2.730908e-05,6.8751806e-06,9.4422685e-05,-4.155656e-05,0.00015895412,5.1912106e-05,0.00015001265,9.442549e-05,0.00012389918,0.00015704933,-7.2984703e-06,5.5150773e-05,-0.000107368025,0.00020272512,-7.524848e-05,-2.021632e-05,-2.8291472e-05,4.0250594e-05,-2.8428984e-05,0.00017179178,-5.734073e-05,2.575525e-05,5.1158418e-06,7.3097275e-05,-0.00021776913,0.00019084942,8.145222e-05,-9.063885e-05,0.00020191763,-4.19724e-05,6.544184e-05,-0.00011043673,7.689171e-05,8.3663734e-05,-0.00014989323,-0.00010014408,-0.00016299594,-7.577996e-05,-7.598463e-05,-1.7771697e-05,7.5919015e-05,0.00012500475,-4.894805e-05,8.4296844e-05,4.1292304e-05,4.6921712e-05
HIV1596_K02013_1,8.191867e-05,8.399598e-06,-5.830328e-05,-1.3523054e-05,4.7590194e-05,-1.728073e-05,3.526754e-05,0.00012278886,2.3394302e-06,-0.00015778714,8.899843e-05,8.731792e-05,2.9617642e-05,0.00018251542,2.7130507e-05,-4.6057205e-05,0.00028414323,8.707194e-05,0.00011684071,-9.835475e-05,9.279587e-05,2.4953208e-05,5.587485e-05,6.263216e-05,0.00011197924,4.5669767e-05,-5.8837915e-05,0.00012171105,0.00011865324,0.00013435444,-0.00010755268,0.00014260763,3.097143e-05,8.230821e-05,0.00023634317,0.00014472667,6.274574e-05,-0.00010163018,7.067141e-05,3.3839533e-05,0.00014441251,4.235383e-05,-2.2482449e-05,-4.246932e-05,9.384573e-05,1.4613117e-05,-1.4990152e-05,3.4656645e-05,-0.00013489263,0.00014034442
HIV1134_K02013_2,7.4270174e-05,7.985753e-05,-0.00013363834,-8.587431e-05,2.9770965e-05,-2.5734873e-05,6.715011e-05,-3.8491476e-06,0.00016508672,6.536357e-05,2.8284063e-05,7.492623e-05,-0.00013203357,-2.1123647e-06,0.00019893181,0.00012281771,0.00010458067,2.6311436e-05,7.5614036e-05,6.7893314e-05,0.00011889277,0.00012084239,-8.248694e-05,-0.00010371063,8.911191e-05,0.00011352478,9.523141e-05,-4.063549e-06,1.6475442e-05,-5.1236348e-05,2.2669079e-05,-7.5873606e-05,4.685374e-06,7.0416056e-05,5.197819e-05,6.3148e-05,8.907042e-05,0.00012337536,0.00023244836,-1.9385177e-05,-0.00017025897,0.00015787326,0.00026955898,-0.00015623996,0.00017818807,-3.2129906e-06,-0.00016086809,6.321094e-05,-0.00011015417,7.5482494e-05
HIV1655_AF324493_6,3.7371716e-05,0.0001281518,0.00016933384,8.0800724e-05,-0.00013064973,0.00013941125,-3.3253207e-05,4.836285e-05,4.661235e-05,2.5596533e-05,-0.0002366146,-6.895641e-06,1.6291771e-05,-7.30736e-05,-0.00013132297,-7.910601e-05,-4.0428935e-05,3.995597e-05,0.00010594952,0.00014271669,0.00019021054,-3.5477744e-05,-8.578711e-05,-0.00012128621,1.6368962e-05,-8.319388e-05,4.4106924e-05,-3.08992e-05,4.1506384e-05,-4.7361642e-05,-0.00011968894,0.00018328257,-2.8101097e-06,-9.122652e-05,9.113222e-05,0.00012963571,-5.311839e-06,-8.527419e-06,-1.746927e-05,0.000121813,-2.2171767e-05,-5.387768e-05,6.7967834e-05,2.121107e-05,-0.0003521088,1.7856966e-05,-0.00016735596,-7.428995e-05,6.9347145e-05,-3.518931e-05
HIV1654_AF324493_6,-3.869414e-05,0.000108871805,6.484005e-05,1.9242156e-05,0.00015851352,0.00017487675,3.8753045e-05,-9.2810915e-05,-0.0002166662,7.405312e-05,2.1938764e-05,-0.00012517841,0.0003037938,7.726234e-05,-4.1886266e-05,-0.000118073345,-7.7837797e-07,-2.3093802e-05,8.74931e-05,-8.465748e-06,-2.241905e-05,8.776378e-05,8.537218e-05,-0.00012616877,4.8763024e-05,6.478955e-05,-5.102799e-05,-0.00010157162,1.9631672e-05,2.5015177e-05,6.2942294e-05,-3.0669147e-05,-7.221117e-06,-5.5606786e-05,-3.9395665e-05,0.00010760575,9.8691635e-05,7.778812e-05,8.0072576e-05,4.8743575e-05,-0.00010127399,9.62934e-05,2.7090993e-05,8.616774e-05,5.7288093e-05,0.00021470746,-5.1834035e-05,-1.9410887e-05,1.2822084e-05,-2.3728277e-05
HIV1325_AB023804_2,0.00013159544,-0.000112749956,-1.0548091e-05,-1.1787349e-05,3.9646366e-05,9.776105e-05,-2.604521e-05,1.592194e-05,7.176883e-05,9.994227e-05,-6.2132865e-05,-5.0493953e-05,0.00030488535,-1.6729891e-05,0.0001210703,-0.00014549382,-6.5256376e-05,-5.573481e-05,1.9978217e-05,-7.722279e-06,4.5182633e-06,1.0318702e-05,-4.948309e-05,2.3404531e-05,5.620601e-05,0.00010231871,6.08691e-06,0.00012459076,9.751329e-05,-0.00011237383,-3.4100307e-05,2.7980366e-05,0.0001404879,2.7955482e-05,0.00022527121,0.00013153879,5.653163e-05,0.00014527689,-0.00017372734,-9.399205e-05,-0.00015483244,6.496021e-05,3.1263375e-05,0.000111328234,2.1074191e-05,0.00013774319,0.0001891303,-3.5743586e-05,0.00012930823,-0.00019233243
HIV1205_K03455_2,3.9610466e-05,0.00010059693,-7.308402e-05,0.00014149655,1.33654075e-05,5.4878717e-05,9.304911e-05,3.4340002e-05,7.244406e-05,-7.4849806e-05,-4.7736037e-05,9.2572984e-05,0.00016506122,0.00017612622,3.383387e-05,5.7022164e-05,1.6932254e-05,4.9223752e-05,-2.432929e-05,4.117725e-05,0.00016663977,-3.3704015e-05,1.4154473e-05,-9.248775e-05,0.00024268705,-0.00014385565,8.165448e-05,-1.8268027e-05,0.00016297349,-1.6957403e-05,1.9801912e-06,-2.8864053e-05,-8.559639e-06,1.0604268e-05,-7.5518174e-06,8.390669e-05,-7.0292e-05,6.7864414e-05,0.00026230738,3.347996e-05,-6.0173315e-05,-0.00013269694,9.661862e-05,9.123819e-05,-5.793116e-05,1.0729362e-05,7.746871e-05,0.0002043506,0.00020530309,1.2904789e-05
HIV1463_AF324493_5,0.00015472314,0.0001274413,4.717657e-05,-7.571869e-05,-1.4011982e-05,-1.406664e-05,4.3773354e-05,-0.0001672907,0.000248549,-0.00016187101,7.042644e-05,8.185052e-05,0.00013854804,-3.438176e-05,-6.9807174e-05,6.889149e-05,9.724059e-05,-4.441883e-05,-6.107868e-05,9.723147e-05,-3.9375805e-05,5.2869564e-05,-4.2124044e-05,0.00014354267,0.000107005544,2.4981206e-05,-6.025094e-05,7.282241e-05,0.000115723786,0.00011616591,9.586745e-05,9.9217e-05,7.0631945e-06,0.00011757313,1.1130797e-05,6.60978e-05,3.0333667e-05,0.00019774867,0.00011436674,0.0001435054,2.130771e-05,-3.4628883e-05,8.993353e-05,-4.442755e-06,-7.093129e-05,0.00024304217,-3.92187e-05,8.745769e-05,-3.3431575e-06,0.00027409423
HIV1271_AF324493_8,1.7667004e-05,0.00015745322,2.2106642e-05,-8.721524e-05,3.7847863e-06,-0.00010769055,-2.1195841e-05,4.4746794e-05,-5.5972174e-05,-5.203349e-05,-3.1188356e-05,-4.838621e-05,1.8362874e-05,-8.253366e-05,-3.5869346e-06,0.00016797683,0.00013299088,6.2343854e-05,-0.00022142698,-0.00017775691,6.1343744e-05,3.23732e-05,-0.000101441634,5.0536855e-05,0.00016712093,5.8273792e-05,9.4280964e-05,0.00024462483,-1.3260719e-05,9.239409e-05,5.5933175e-05,-5.500133e-05,-1.0422603e-05,6.243324e-05,1.0105715e-05,-0.0001485701,0.00010123265,0.00013391534,6.527426e-05,-3.5547313e-05,-4.1948715e-05,0.00018149093,-2.8759945e-05,3.9670667e-05,8.8616034e-05,-4.8052603e-05,-7.407624e-05,0.0001319374,3.468067e-05,-9.0814516e-05
HIV1524_AF324493_1,4.515677e-05,3.097823e-05,-5.855313e-05,-2.514084e-05,7.00509e-05,8.015079e-05,-1.73927e-06,9.492817e-05,0.00018997517,0.00010927342,1.08940385e-05,-0.00021854679,8.931123e-05,-0.00029612368,-7.417648e-05,2.3473003e-05,-0.000105939755,1.4087097e-05,-8.011196e-06,3.468593e-05,-3.1512263e-05,3.6927013e-05,0.00010319583,-2.646513e-05,3.93735e-05,-0.00024282731,-3.9011287e-05,4.8121583e-05,4.6900605e-05,-9.45113e-05,-8.509744e-05,5.161963e-05,7.9149344e-05,5.6564742e-05,0.00011887091,2.8868433e-05,-0.00016970727,7.735866e-05,0.00012015767,-5.4762662e-05,-3.2321204e-05,0.0001533294,-9.591117e-06,-3.1524734e-05,-5.4453354e-05,0.000102377206,0.00017312684,3.696437e-05,7.213699e-05,0.000202812
HIV1650_AF324493_5,0.00021372084,6.1421895e-05,0.00012621513,-0.00012031368,6.220643e-05,-0.0001632464,-8.948013e-05,6.362739e-05,-8.9078494e-05,-9.024242e-05,-8.9245215e-05,-5.4563775e-06,9.520836e-05,0.00021746452,0.00019025996,2.4992909e-05,9.042379e-06,0.00012434291,0.00015515683,-4.5539605e-06,5.710368e-05,-9.9900535e-06,1.3576874e-05,1.1759603e-05,6.7361994e-05,0.00021340245,-0.000112961876,4.048249e-06,8.626152e-05,5.9096586e-05,-0.00012649783,0.00019713414,0.00019598317,0.00018960061,-3.7458703e-05,0.00017031979,0.00016281978,8.729928e-05,-9.5836e-06,0.00012640665,-2.2224925e-05,5.4690146e-05,0.00017875891,2.7573973e-05,4.2146057e-06,4.6566047e-06,9.538772e-05,2.38376e-05,0.00016747169,2.7049837e-05
HIV1234_AF324493_1,0.00013846127,-5.016775e-05,-7.787163e-05,0.00016913626,4.33843e-05,0.00011990885,7.444475e-05,7.207422e-05,4.945613e-05,-6.458628e-05,0.00020681128,-3.1143645e-05,-0.00013275443,-3.5185258e-06,2.3242446e-06,-2.5627842e-05,6.2125495e-05,-6.036183e-05,0.00013207542,0.00012026728,7.737678e-05,-3.490535e-05,4.8323862e-05,0.0001198073,0.00011419452,-7.860665e-06,2.4203842e-05,0.00010232015,1.848094e-05,2.665061e-05,1.2934469e-05,0.00014033951,-2.2914232e-05,2.5080376e-06,0.00012704107,5.535712e-05,4.293666e-05,4.5558172e-05,0.00016677177,-2.4368579e-05,8.880922e-05,7.6835466e-05,-0.00016604322,-0.00014336481,0.00012218235,7.387353e-05,-6.949401e-05,-0.00012492662,2.4144983e-05,6.5880864e-05
HIV1515_AF324493_9,0.00018962623,0.000117347125,7.8341465e-05,5.994454e-05,-0.000110801746,7.9786514e-05,0.000195149,-6.2119216e-07,8.2628874e-05,5.3257743e-05,-6.5500404e-05,1.428066e-05,0.00010576191,8.3673876e-05,7.864114e-05,-6.3689076e-05,6.6365465e-05,-3.524161e-05,0.00010907416,-7.1653245e-05,3.4194865e-05,-8.694925e-05,-4.7645637e-05,-0.00016087166,-2.2335056e-05,7.329395e-05,2.1190865e-05,-0.00015012159,0.00023699898,0.00011503698,0.00013748118,-3.976208e-05,0.00019506643,4.384389e-05,0.00014729559,-2.2901375e-05,0.00013822502,0.00020801439,3.8291513e-05,-3.266003e-05,-2.003863e-05,-9.867257e-06,0.00018589597,0.00015156454,-0.000109193286,-0.0001634071,0.00014604584,-2.2306713e-05,3.3885404e-05,9.606952e-05
HIV1352_AB052995_3,-0.000116831594,4.097149e-05,-2.294711e-06,6.975999e-05,-0.00016584352,-0.00011443635,7.717316e-05,0.000106710046,-5.4608878e-05,6.787857e-05,-9.046775e-05,-6.5615e-05,8.805825e-06,-0.0001985153,2.1577911e-05,1.9957935e-05,4.3567652e-05,0.00021724033,8.6364525e-05,0.00015955082,0.00010814964,2.653638e-05,-4.4206345e-06,6.425843e-05,0.00022888482,0.00018139859,3.790609e-05,-5.300078e-05,-5.4334283e-05,-0.0001131326,-0.0002527394,6.846937e-06,-9.329053e-06,1.4081513e-05,-5.5715263e-05,8.201759e-05,7.866356e-05,-1.4571244e-05,-3.3182998e-05,8.458227e-05,-3.4204135e-05,8.786593e-05,-0.00013003066,9.559513e-05,4.999577e-05,-2.5795529e-05,2.0911455e-05,7.641058e-05,-7.0680464e-05,0.00015278319
HIV1460_AF324493_5,9.045402e-05,0.00017322777,8.472529e-05,0.00011831715,-5.939409e-05,-5.7452828e-05,0.00012739813,-0.000116103336,0.00014926416,7.637731e-05,8.8627865e-05,-1.6362494e-05,0.000106180574,6.85711e-05,-4.788774e-05,5.8248777e-05,-5.944096e-05,0.00037946712,0.000119637676,0.00010570805,9.069643e-05,5.1476625e-05,-4.6488323e-05,0.00013191073,1.2496547e-05,9.293002e-05,-7.30661e-05,-4.974225e-05,6.1527695e-05,9.8686745e-05,2.8765677e-05,-0.00016826672,-0.000108606684,-3.6743015e-05,5.1794552e-05,0.00019474278,8.498358e-06,6.0427512e-05,0.00010601573,-5.37652e-05,5.9921174e-05,0.00023243923,9.118677e-05,1.7242073e-05,-6.967746e-05,0.000106872205,-0.000110450026,8.6442735e-05,-0.00015581126,-0.00014135048
HIV1058_AF324493_9,7.607235e-05,-6.6790158e-06,-4.867766e-05,0.00013406842,-7.110969e-05,0.000113685936,-3.3215954e-05,8.023643e-05,0.00016984709,1.5392018e-06,-1.6066733e-05,0.00013614121,0.00025953632,-2.7532398e-05,-0.000110828194,3.519244e-05,0.00012857594,5.5787248e-05,0.00012880145,-9.52125e-05,6.499355e-05,6.124754e-05,-5.241353e-05,-2.2951359e-05,0.00019700387,2.435148e-05,-2.2134982e-05,-0.00015659453,-5.5579738e-05,7.3593634e-05,-9.214509e-05,0.00013839442,-8.512064e-05,0.0001771692,-1.2387829e-05,6.0917995e-05,0.00020784124,0.00014647089,-2.3103246e-06,-0.0002968372,9.7108175e-05,0.00020470552,-0.0001690758,-1.6836031e-05,-2.084578e-06,-0.00014321227,0.00010683548,4.9701125e-06,2.3674844e-05,0.00012589173
HIV1484_AF324493_6,0.00023925526,-3.961533e-05,-0.00012310685,6.9969637e-06,-4.910181e-05,-8.145068e-05,7.731477e-05,-4.9022772e-05,1.4799925e-05,0.0001384547,-0.00010040559,6.817392e-05,6.588554e-05,0.00020190717,8.783194e-05,9.240961e-05,7.481393e-05,8.014904e-05,7.202605e-05,-8.275514e-06,-3.545724e-05,9.6703174e-05,7.2884184e-05,4.9371425e-05,-7.045252e-05,-1.794673e-05,-0.00016338273,3.3694858e-05,6.6310335e-05,9.3733055e-05,-2.4319474e-05,8.778357e-05,4.7889265e-05,3.2212934e-05,6.450426e-05,5.8355112e-05,-1.3068202e-06,0.00016872077,-2.1076473e-06,4.2921136e-05,2.374654e-05,-0.00015741141,-0.00013005322,5.8237576e-05,3.7307946e-05,5.310059e-05,-0.000103115504,0.00019592722,-8.1435894e-05,7.6037424e-05
HIV1585_EU541617_2,-6.903877e-06,-8.615077e-05,1.4857733e-05,9.62844e-05,6.148872e-05,6.5980894e-05,3.3492423e-05,0.0001082587,-0.00016379826,-4.291239e-05,-0.00022597214,-6.4407245e-06,5.8332804e-05,0.00012130018,0.0001964219,-4.0698782e-05,-5.086857e-05,0.000110898654,-7.862764e-05,4.2697797e-05,9.470521e-05,3.3896573e-05,-6.962552e-05,-2.0702546e-05,-0.00012073489,-5.394823e-05,8.6148386e-05,0.00010917194,0.00017098391,0.0001290367,7.2376715e-05,-6.6674984e-05,-0.00015119693,-0.0001850239,-5.021178e-05,0.0001327499,9.829575e-05,3.8481154e-05,9.07975e-05,3.0413925e-05,0.00011048465,5.8238625e-06,0.000102571066,0.0001680265,-7.4347015e-05,-3.696615e-06,8.602755e-05,3.6408852e-05,-0.0001659963,7.3674215e-05
HIV1138_K02013_2,8.24635e-05,-2.1999504e-05,0.0001087634,1.0379385e-05,0.00015364669,7.052747e-05,0.00012687003,9.337682e-05,-6.284066e-05,-8.445199e-05,0.00010413124,-3.8672853e-05,-4.4550605e-05,2.9653134e-05,5.7349127e-05,-0.00019486481,-8.671948e-05,-0.000114058916,0.00016917878,0.0002673725,0.00012032917,0.00010627724,-1.8022538e-05,6.380248e-05,0.00012780793,6.765531e-06,-0.00011726147,9.734727e-06,9.741781e-05,-6.731095e-05,5.2303258e-05,-0.00010076239,5.249947e-06,4.2952888e-05,0.0001388999,8.1692e-05,-1.59542e-05,-0.00011949691,0.00014089493,5.611416e-05,2.9643788e-05,0.00012510504,-0.00014076801,-6.46732e-05,-5.01087e-05,9.423644e-05,-8.803664e-06,0.00016332412,-9.359148e-05,0.00019403623
HIV1300_K03455_4,0.00018731378,-1.1033877e-05,9.317366e-05,0.00015126783,-9.853787e-05,-4.5544177e-05,0.00012695139,4.6986366e-05,2.0795129e-05,0.00016354302,7.906227e-05,5.371256e-06,0.00020202441,0.00013870288,7.7346886e-05,5.6409648e-05,-5.5629684e-05,0.00013086092,5.485107e-05,-7.533254e-05,8.336076e-05,-0.00018002841,4.453341e-05,-5.5133198e-05,3.5134977e-05,1.3518068e-05,0.00010058281,7.352073e-05,-0.000112695954,3.11966e-05,0.00016346377,-1.2210957e-06,-0.00010833254,9.517062e-05,0.00020227939,0.00010896735,0.00012459223,-4.5951696e-05,-0.00014202822,6.914239e-06,-3.542965e-05,7.018675e-06,-0.00017325366,9.196941e-06,-8.350128e-05,0.00011810652,5.8057514e-05,1.959199e-05,6.4755004e-05,-0.00012510555
HIV1440_AF324493_2,0.0001061092,0.00011557668,0.0001661186,-0.00010528778,-0.00010781402,1.3197314e-05,0.00011338304,8.484473e-05,-2.7538215e-05,2.5420944e-05,4.9139766e-05,8.657528e-05,4.2793014e-05,8.526689e-05,8.435445e-05,-0.00014187302,0.00010575837,3.5121644e-05,3.2947055e-06,-5.231898e-05,-0.00011963718,0.0002760144,1.8019642e-05,0.00012317013,4.8269798e-05,-2.0522042e-05,0.0001383564,8.835248e-05,0.00014082524,-0.0001203841,0.00021236893,6.844697e-05,0.000102357895,-0.00024597452,-6.9058005e-05,-4.9690305e-05,0.00019658424,6.460704e-05,0.00017511082,-7.280309e-05,-8.743926e-05,-1.9277637e-05,5.459643e-05,0.00017945415,7.0640075e-05,-0.00012540117,0.00015282008,0.00011867945,0.00021838993,8.954082e-06
HIV1139_K02013_2,0.000103356506,1.44586775e-05,-4.0249997e-05,-1.95625e-05,0.00018920185,0.00016572907,-8.726828e-05,6.198648e-05,-1.9447607e-05,-6.229522e-05,0.00011729405,-2.117317e-05,-9.838803e-06,-8.877075e-06,-8.231747e-05,-0.00017595325,-8.1671446e-05,-4.04839e-05,0.00023981056,0.00023815312,-2.6544774e-05,0.00010587696,-6.804647e-05,9.0197755e-06,0.00016014418,-1.3554091e-05,0.00011144572,-6.1046885e-05,0.0001063595,-4.5908157e-05,2.5636327e-05,-5.750097e-05,4.071467e-06,4.369552e-05,0.00020429019,4.480147e-05,-1.8083701e-05,4.461801e-05,6.330081e-05,0.00014543766,3.879221e-05,0.00019745484,9.558119e-07,-2.3184357e-06,-1.5528434e-05,-1.1013788e-05,1.3031436e-05,-0.00015741166,4.6909354e-06,0.000100860096
HIV1136_K02013_2,3.8909788e-05,0.00013625133,0.00010572069,3.919964e-05,-9.608686e-05,2.1756863e-05,3.2145083e-05,9.9810284e-05,0.00017347957,-1.6042419e-05,-0.00016514416,-6.25333e-05,5.2235493e-05,-7.1532566e-05,3.807907e-05,0.00010410556,-6.0968796e-05,0.00011913137,4.379599e-05,-6.7155386e-05,0.00011220297,-2.3282011e-05,-3.8237846e-05,3.4473294e-05,-6.837059e-05,9.923486e-05,0.00011731564,-6.0713017e-05,-6.7269407e-06,-4.0043133e-06,5.6203553e-05,0.00010062372,-3.0421059e-05,-3.593609e-05,0.00011659016,9.327432e-05,6.083034e-05,8.668453e-05,0.00010949848,-9.118564e-05,0.00017125931,0.00011173796,0.00033978338,-4.4886897e-06,4.588906e-05,0.00013460143,6.2039886e-05,-8.005198e-05,-1.068403e-06,-1.9177725e-05
HIV1441_AF324493_3,4.5884502e-05,3.758882e-05,8.58719e-05,0.0003332167,6.4247695e-05,0.00011486373,2.1273934e-05,8.154646e-05,-0.0001186448,1.8503044e-05,-0.00014392567,-2.71302e-05,0.00010259196,-4.204557e-05,-0.00019059358,1.7012771e-06,3.9751674e-05,-2.6337751e-05,-0.0001484105,6.233781e-05,-6.468804e-05,0.00011880987,-6.0631675e-05,1.03196735e-05,3.2896554e-05,-3.264274e-05,-5.8312806e-05,1.1933579e-06,4.171095e-05,-5.1739597e-05,8.913209e-05,0.00021195401,6.0247745e-05,-8.0241014e-05,-3.4958786e-05,3.6154852e-05,-2.221974e-06,-0.000121204386,0.00015280851,6.180328e-05,-1.51657105e-05,-6.2939784e-05,-7.385276e-05,-7.748944e-05,7.918175e-06,-9.568662e-06,-4.373374e-05,-9.909279e-05,3.1006814e-05,0.00029130586
HIV1454_AF324493_4,0.00021388521,3.794592e-06,0.00019835882,6.544479e-05,0.00018798717,7.188405e-05,5.9223024e-05,-8.791245e-05,0.0001634435,-2.0984893e-05,-3.4168334e-05,-0.0002251701,0.00011062915,-0.00019764621,3.518182e-06,-0.000121969424,-5.6067955e-05,0.00014783902,-8.156432e-05,-0.00010728067,0.00019154689,4.9337097e-05,8.3943916e-05,-5.314669e-05,0.00013208827,-4.1320814e-05,-0.00010876827,7.769537e-05,-7.978023e-05,-7.164114e-06,-1.2699071e-05,1.5777428e-05,-9.229028e-05,4.93057e-05,0.00013921472,5.4361408e-05,-3.793483e-05,5.7209807e-05,5.4917185e-05,9.0000496e-05,9.028747e-05,-0.00014792806,-7.41412e-06,0.00010919223,6.723708e-05,5.1585735e-05,0.00012873963,4.515502e-05,0.00011686544,-0.0001644253
HIV1229_K03455_1,5.0829785e-05,6.18551e-05,-2.7887376e-05,0.00015419186,-8.878826e-05,-5.096582e-05,-7.9711805e-05,2.4814455e-05,4.9292452e-05,1.949259e-05,0.00016697214,-6.600221e-05,-0.00016461911,4.23482e-05,-1.8368572e-05,2.2201779e-05,-3.123275e-05,-6.14955e-05,0.0001923223,4.5333258e-05,-0.00018701375,0.00012070577,4.6899095e-05,-6.678557e-05,6.881003e-05,5.8683076e-05,-7.696216e-05,0.000118593634,0.00016943275,0.00017207373,5.724618e-05,7.882888e-05,0.00013918737,0.00011280232,4.649666e-05,-8.19087e-05,-1.0834313e-05,5.4350905e-05,-7.433982e-05,2.871583e-05,0.00015605759,2.0203455e-05,8.116205e-05,4.4868557e-05,0.00013987673,1.9262585e-05,-5.6329507e-05,8.469407e-06,-6.9054055e-05,-0.00021601938
HIV1458_AF324493_5,-4.863433e-05,-7.3099014e-05,0.00025673409,-0.00012909542,-0.00011256197,0.00017044491,4.1542906e-05,-0.00012130218,0.00013950215,-4.0107778e-05,0.000115873336,6.447868e-05,6.1050014e-05,-5.828856e-05,0.00011815211,5.4304604e-05,-5.0443363e-05,9.62179e-05,8.935482e-05,-3.6036872e-05,-2.2856007e-05,0.00011157438,7.1170965e-05,0.00026318635,2.2018494e-05,-1.3608527e-05,0.00019219823,-3.0460611e-05,-6.719955e-05,-3.7727328e-05,0.00014723372,-0.00014391272,6.460284e-05,0.00011653301,0.00023296209,0.00025992052,0.00018855253,0.00019620132,0.00012704094,-3.114803e-05,-0.00028390094,5.8190686e-05,0.0001896639,1.2229371e-07,3.237743e-05,2.1793112e-07,0.0001360685,2.896304e-05,0.00013658669,-6.441319e-05
HIV1363_AB052995_5,2.6259102e-05,-4.6511126e-05,-0.00022347423,9.3034956e-05,8.4533815e-05,0.0001777491,0.000107287575,-1.5465814e-07,-0.000110285146,-1.6957514e-05,6.66094e-05,0.00013929565,5.7714245e-05,-6.834556e-05,-3.6902404e-06,-0.000102815684,-8.211749e-08,-0.0001494077,9.6568314e-05,-1.9558862e-05,0.00018758293,-1.3475583e-05,9.687388e-06,0.00013869232,-3.2243523e-05,1.9851872e-05,-3.7259142e-05,0.00031498924,0.0001279008,-1.407186e-06,0.00016025039,6.2209416e-05,0.000103092316,0.00012206371,-0.00020209872,9.6119375e-06,-0.00010914326,0.00019388447,4.3841737e-05,-7.218911e-05,-5.5799926e-05,9.549125e-05,3.7332495e-05,0.0001009711,-8.187824e-05,5.656442e-05,5.4825196e-05,0.000104311475,3.2197542e-05,7.32742e-05
HIV1207_K03455_3,2.2632028e-05,0.0001155124,0.0002782935,0.00015591684,0.00015483484,-3.2355674e-06,-7.262411e-05,9.144585e-05,-0.00025740106,-0.00013070472,0.0002315948,3.577513e-05,6.938314e-05,0.00024023105,-4.851088e-05,0.000121114346,6.0571483e-06,6.356788e-05,5.466369e-05,4.5062523e-05,-0.00012019488,0.00015342234,0.00012294152,-3.7175592e-05,5.1011615e-05,-8.742825e-05,-5.6681987e-05,3.4131535e-05,-4.557559e-05,-0.000114084236,0.00014759235,-1.1277175e-05,1.38511705e-05,-0.00012665309,-2.619355e-05,3.0608393e-05,8.5751657e-07,-9.978351e-05,0.00011366727,2.4277044e-05,3.074688e-05,1.5189373e-06,-0.00014231038,-0.00014576867,0.00013887814,-9.3338225e-05,1.5605732e-05,1.0694989e-06,7.7905475e-05,-8.474544e-06
HIV1350_AB052995_5,3.503987e-05,-2.2478718e-05,0.00030829335,-8.850356e-05,4.83454e-05,4.222337e-05,0.00014627271,-2.4230858e-05,-8.490027e-05,-2.173419e-05,4.9508017e-05,0.00020797287,-6.8478475e-06,-7.186683e-05,-5.5817045e-06,0.00014460579,5.8301353e-05,0.0001057298,5.2326668e-05,6.94696e-05,0.000102460544,0.00014438869,4.7859572e-05,2.312822e-05,0.00020235454,2.0073316e-05,0.0001160055,0.0001788752,-0.00012788056,7.7663266e-05,2.2716507e-05,0.0001644643,9.779614e-05,-0.00014547791,0.00017754671,-0.000116454285,0.00013544464,-9.969014e-05,7.1190676e-05,-5.071232e-05,0.00023076474,5.6251272e-05,4.6760364e-05,-3.2458804e-05,-4.873361e-06,0.00010886033,2.062184e-05,-6.660349e-05,6.665856e-05,-1.1742781e-05
HIV1128_K02013_2,0.00015846903,-2.5679803e-05,1.1873531e-05,1.795679e-05,-6.34665e-05,2.5433444e-08,1.1738128e-05,-2.5242716e-05,8.245451e-05,3.7732185e-05,8.096491e-05,-0.00010674473,7.0568574e-05,4.586828e-05,9.381863e-05,1.27525545e-05,-0.0001362249,0.00011964302,-8.016268e-05,1.2400683e-05,-7.97236e-05,4.4929868e-05,-8.6358705e-05,7.46598e-05,0.00013537412,0.000138588,-3.2315005e-05,-0.00012974931,-0.00014522795,1.8780052e-05,-6.459118e-05,5.4341803e-05,-9.986065e-06,-0.000116220835,-2.3447974e-05,-4.8684073e-05,-0.00010259211,5.155965e-06,-0.000116725634,0.00010402577,0.00016357095,7.841415e-05,0.00022785622,-1.1142522e-05,-1.3133866e-05,5.4377444e-05,8.4494975e-05,0.00012323125,-0.00016430706,-3.9876693e-05
HIV1331_AB023804_3,0.00010542285,0.00020815567,-3.3000113e-05,-3.9975323e-05,0.0001244022,-3.1957105e-05,0.00012562795,-6.7821624e-05,9.0026253e-07,7.913221e-05,-0.00011411023,0.00021310343,0.00014422632,0.00014861251,-6.6247085e-05,-9.234965e-05,9.2829134e-05,0.00018525198,5.8990954e-05,-6.196895e-05,1.3302318e-05,7.5135016e-05,0.00021642778,5.810609e-05,9.352028e-05,-5.5132106e-05,0.0001394626,-3.452447e-05,-2.877486e-05,0.0001727422,0.00016460997,-0.0001409128,0.0001259127,0.0003294746,0.00023533773,0.00010531559,0.00012555755,-0.0001375019,2.4083287e-05,6.367513e-05,-7.562706e-05,-5.5201097e-05,3.359825e-05,-4.2750717e-06,-0.00013398353,4.3456235e-05,-3.1844077e-06,-8.7251196e-05,-4.2529846e-05,-2.7211507e-05
HIV1400_K02013_1,-3.9749626e-05,-7.404448e-06,0.00011634185,2.2492579e-05,0.00015907985,0.00016243527,2.4237808e-05,4.9081944e-05,-2.5534566e-06,-7.75875e-05,-0.00030111385,0.0001169955,9.59095e-05,9.68654e-05,3.838598e-06,4.214909e-05,-6.369902e-05,-0.000119754375,4.8529186e-05,-0.0002128876,-0.00019760219,4.467542e-05,-5.9450704e-05,0.00014217649,-4.3938732e-07,-5.3909257e-06,-1.9421761e-05,-8.676135e-06,-7.61017e-05,-8.658118e-05,0.00019505539,-2.7509659e-05,-3.4203615e-05,4.5441957e-05,-3.1137784e-05,0.00015791503,0.00010327857,6.978508e-05,0.00018620689,-0.00011499868,0.00012005494,4.426575e-05,-1.3372264e-05,9.974639e-06,-6.179278e-05,5.4439442e-06,4.4689703e-05,0.00021190752,-8.0764885e-06,0.00014684236
HIV1337_AB023804_3,0.00021674129,4.9230042e-05,0.00010560941,0.0002730075,0.00013510694,5.916516e-05,7.4328804e-05,0.0001211508,7.490866e-05,-5.162801e-05,9.458477e-05,-0.00019251203,-2.0698135e-05,-4.7754453e-05,-3.1987267e-06,8.917501e-05,-2.0876296e-05,8.4710235e-05,0.00014062974,6.207614e-05,5.9498166e-06,2.335458e-05,-3.35646e-05,9.2224065e-05,1.040245e-05,0.000105224666,7.699149e-05,-9.333955e-05,-4.922053e-06,-0.00013440975,-5.5519482e-05,-5.3272208e-05,-0.00012878476,0.00018262668,2.8053253e-05,6.1447914e-05,5.9608148e-05,9.602879e-05,-9.272622e-06,-3.8824634e-05,0.00010454327,0.00019164613,0.00020251653,0.00013553111,0.0001516687,0.00014185887,1.0073475e-05,-5.1334657e-05,-4.074277e-05,0.00016647064
HIV1151_K02013_3,-2.8734246e-06,5.0001338e-05,-4.0465516e-06,7.356371e-05,0.00014570545,7.058743e-05,-6.2492625e-05,3.7167043e-05,-5.0927956e-05,-8.656425e-05,9.928768e-06,2.8935872e-05,-1.580469e-05,0.000289605,-3.5058245e-05,-4.0330085e-07,0.00015347057,5.7379064e-05,-7.9995725e-06,0.00012517706,0.00010853569,-6.7121604e-05,-0.000119593984,-7.082002e-05,0.00013691217,6.387661e-05,7.288331e-06,0.00011945337,8.288765e-05,4.6530495e-05,-0.0001495504,3.4953664e-05,0.00016540734,0.000113582406,0.00013968111,8.537875e-05,0.00016236285,-9.842366e-05,4.5001663e-05,9.9054145e-05,8.790789e-05,0.000101746235,4.7006706e-06,0.00015027334,0.00012980403,1.9315916e-05,-7.263391e-05,-1.2934831e-05,0.00010049382,0.00015659853
HIV1162_K02013_3,2.9830539e-05,1.7496493e-05,6.1181505e-05,-0.00011112381,-0.0001567983,-0.000118537035,0.00016539269,9.851435e-06,0.00019572306,2.1275415e-05,-1.0802366e-05,1.6818727e-05,9.976308e-05,-3.3046068e-05,0.00017627531,4.025112e-05,-5.263907e-05,0.0001191757,-1.7376793e-05,2.0811569e-05,-8.936574e-06,4.624148e-05,-7.1991763e-06,-0.00011009919,-3.7451275e-05,0.00020412542,4.2146115e-05,8.813174e-05,-0.00018773502,5.5474764e-05,4.94519e-05,0.00014620494,-3.4008813e-06,7.011906e-05,4.240423e-05,0.00013823897,6.6384244e-05,3.2698175e-05,-4.665436e-05,0.0001177438,-0.00017956654,-3.1792544e-05,0.00013374646,-0.00012900868,-3.783788e-05,0.00016454453,-6.376536e-05,8.3079576e-05,5.890736e-05,0.00021626944
HIV1575_EU541617_3,0.00014140194,0.00015977984,-8.904415e-05,-6.9542984e-05,-6.8363915e-05,-6.167882e-05,0.00023942221,2.630613e-05,0.00011719647,-9.6884214e-05,9.164268e-05,5.0003568e-05,-7.217738e-05,2.2977e-05,4.6328085e-05,0.00016155497,3.7620033e-05,7.961078e-06,0.00013624024,5.6191886e-05,4.1301588e-05,-6.405219e-05,0.00016586728,-9.979245e-05,2.8599821e-05,3.882851e-05,6.330306e-05,0.00019738711,-3.5028555e-05,3.5365814e-05,5.2846928e-05,7.038962e-05,6.807716e-05,6.344288e-05,0.00014316707,-0.00011083192,0.000111971065,2.7664595e-05,7.830528e-05,0.00023113798,9.651832e-05,-2.6711015e-07,-2.605118e-05,-9.781448e-05,0.00013061229,0.00020424185,6.2465595e-05,6.260188e-05,-0.00026343425,0.00028777466
HIV1430_AF324493_1,-0.00015528152,5.4595963e-05,-0.00017677402,-0.00011164474,4.41842e-05,1.170054e-05,4.7669488e-05,-0.0001069343,3.304749e-05,0.00014543958,3.639802e-05,-4.488479e-05,-9.475137e-05,0.0001062801,0.00014238888,9.94099e-05,-1.3805562e-05,9.584855e-06,9.1599766e-05,-1.932229e-05,1.9834553e-05,-4.6461733e-05,0.00013597248,9.722342e-05,2.9374467e-05,4.4308414e-05,-1.1058275e-05,-1.04765e-06,0.00013795403,-0.00020063913,4.757657e-05,0.00010500296,-1.2862026e-05,7.832725e-05,-6.0850256e-05,0.00019895638,3.8468625e-05,-6.5678314e-06,-6.47513e-05,3.494806e-05,2.0485712e-05,-7.4684925e-05,5.013962e-05,8.07405e-06,6.044683e-05,1.8498355e-05,0.00024728628,1.5595562e-05,6.072361e-05,-0.0002822107
HIV1656_AF324493_6,-0.00012488429,5.9007187e-05,8.141192e-05,-8.5810774e-05,0.00015609592,8.277326e-05,-0.00010456885,-5.6823724e-06,6.0033937e-05,3.8006972e-05,0.00017781043,-2.9007782e-05,0.00013452022,0.00028211853,7.333289e-05,0.00015605369,-3.1014133e-06,0.00017413397,3.806448e-05,8.236495e-05,5.3927026e-05,7.611207e-05,8.9005945e-05,9.7988e-05,8.876993e-05,-5.6099103e-05,2.195242e-05,8.400914e-05,0.00016314027,9.680153e-05,0.00010878264,5.1969637e-05,-3.371681e-06,-9.059983e-05,-4.6212186e-05,0.0001552809,-6.092785e-05,0.0001710127,-5.0615904e-06,0.00016511568,3.478269e-05,0.00010265617,-0.00011595508,-0.0001433991,8.11116e-06,-0.00010231944,2.1580243e-05,-5.8453785e-05,0.0002833931,7.233652e-05
HIV1568_AF324493_6,2.704595e-05,2.7090062e-05,5.3464174e-07,-7.711212e-05,-0.00013896031,1.7817601e-06,-9.2561306e-05,1.6293987e-05,-0.00018484917,0.00017910854,9.2602495e-05,-2.9431127e-05,5.5873734e-05,3.8770784e-05,2.9176217e-06,0.000116113435,-2.4958024e-06,0.0002808363,3.2083193e-05,0.000122795,2.75505e-05,-4.4969365e-05,-9.065539e-06,1.3466703e-05,-0.00017909743,0.00016810547,5.9458132e-05,-4.9064474e-05,7.517822e-05,3.423101e-05,-0.00010922615,9.891451e-05,-1.8680721e-05,0.0001310262,-0.0001282963,-0.00012784393,6.577509e-05,3.625515e-05,-7.051209e-05,0.00012353818,5.56889e-05,0.0002190514,7.470508e-05,-7.811778e-06,-7.005571e-05,-3.981848e-06,-2.7880187e-05,0.00020034816,-0.00011495107,4.0555744e-05
HIV1250_AF324493_3,-0.0001083942,0.00014032779,6.758725e-05,0.00016496291,7.807062e-05,-0.0001034179,6.5287444e-05,3.219183e-05,9.3006005e-05,1.2707293e-05,9.4760726e-05,0.00014010038,0.00016707907,-1.615602e-05,-0.00013265718,0.00012762229,3.991869e-05,-6.192331e-05,-4.9404553e-06,6.5818385e-05,-8.507793e-05,0.0001889589,2.2958542e-05,0.00013745102,-0.00011149303,-2.1493126e-05,-5.253839e-05,8.976831e-05,-4.9406055e-05,0.00019289218,-5.6577406e-05,-1.758303e-05,-4.467556e-05,9.583644e-05,9.532578e-05,8.805402e-05,9.2752234e-05,-7.5155345e-05,1.9198913e-05,-1.0799933e-05,-4.9138544e-05,-2.505455e-05,-6.3617495e-05,3.862635e-05,-8.614444e-05,-6.434378e-05,0.0002539373,-8.073762e-06,-5.2105217e-05,7.286869e-05
