A655,0.008583411,0.044584457,0.045130074,0.0044017783,0.000564513,0.0444786
A857,0.028276509,0.026827203,0.03384221,0.0019775277,0.015610278,0.008705418
A476,0.006857089,0.046121266,0.0037197797,0.046287134,0.03326834,0.030953927
B285,0.0007602029,0.06336307,0.006565633,0.005921232,0.036754265,0.015297681
A2418,0.018751029,0.039557047,0.013911824,0.04130421,0.03172044,0.02822372
A1548,0.026162945,0.025004381,0.009815481,0.021435227,0.0025467384,0.01285573
A1425,0.009416102,0.043699417,0.048080675,0.0024933624,0.033785693,0.020817133
A859,0.017927874,0.0262387,0.0057777804,0.016382597,0.007769307,0.0077617113
A532,0.034261048,0.029535117,0.00028452466,0.0007894464,0.00022162472,0.0014673354
A1608,0.0174839,0.007514901,0.0067722904,0.008805168,0.00036860805,0.0066267797
A585,0.02511731,0.007937191,0.0025618933,0.009291377,0.0002879958,0.0013193203
A500,0.060525395,0.014561145,0.035842516,0.03371602,0.036886685,0.021745453
B319,0.046878852,0.0046604956,0.04694064,0.0032655406,0.03511996,0.031306084
B262,0.014305842,0.014530712,0.015348298,0.0055298456,0.0090041915,0.0070466464
A1686,0.01985437,0.02991762,0.0013258415,0.00052534597,0.009646141,0.018529354
A1707,0.0023596948,0.0014857122,0.0005329064,0.0011894875,0.0009993181,0.0005526109
A990,0.0042370805,0.00435369,0.002834622,0.0047156564,0.0007099573,0.0038804088
A1148,0.0069804513,0.024947409,0.013417635,0.021863852,0.004699169,0.024861561
A2252,0.03152396,0.009213124,0.0154464785,0.008560096,0.0027904026,0.021981232
A642,0.03848621,0.016623668,0.027440555,0.005011166,0.0127789015,-0.0004461214
A2100,0.037394583,0.00086649385,0.03408669,0.011695757,0.0340925,3.156307e-05
A2158,0.008224333,0.08031277,0.010526718,0.006675871,0.018861972,0.0425383
A426,0.02417636,0.04186208,0.04452251,0.006828623,0.032024715,0.03334329
A1013,0.009253328,0.0006879217,0.0010225062,0.008049168,0.0044861464,0.0045218635
B51,0.03611374,0.043619156,0.012210813,0.039137624,0.0045745224,0.0035081655
A1690,0.014909382,0.03852788,0.041432418,0.002148663,0.026944064,0.02607578
B380,0.049816526,0.0007185404,0.018837577,0.04067375,0.021152245,0.04029092
A1702,0.01614766,0.02114766,0.029903863,0.0029495477,0.010963565,0.010004419
A1065,0.064407796,0.004939718,0.045671884,0.007296589,0.029548902,0.032881748
A19,0.008140161,0.043808836,0.037360493,0.0098046325,0.032306768,0.023627184
A257,0.049688254,0.02018819,0.017508723,0.021653933,-0.0020738624,-0.0069839507
A266,0.00951412,0.0001610384,0.0019489105,0.0007934304,0.003117847,0.00504557
A1279,0.008602319,0.003683171,0.00075100985,0.010411379,0.0066806744,0.0060562585
A2425,0.030139433,0.034322727,0.049441658,0.021038173,0.035745546,0.0005559338
A616,0.022970794,0.035435524,0.014466973,0.042993773,0.012150041,0.027444473
A1169,0.024650542,0.0056945393,0.008578726,0.014954855,-0.000752594,-0.0017390203
A1512,0.023076143,0.021338373,0.0317721,0.005450038,0.0029469815,0.0035128975
A976,0.037868537,0.03090579,0.030963814,0.030640531,0.040002238,0.016091127
A1166,0.00081630016,0.00013330951,-7.6784505e-05,-0.000110615634,8.343059e-06,1.3991206e-05
B394,0.04141717,0.04400175,0.0010069833,0.015556117,0.02628612,0.033571173
A37,0.008184403,0.024069676,0.011407164,0.018669741,0.006028071,0.00030934348
A2275,0.051253576,0.055923816,0.00011790609,-0.00013602395,0.025540927,0.008048655
A334,0.033372678,0.032621667,0.041880358,0.038911585,0.010511017,0.045350917
A1670,0.003030443,0.054964833,0.0023291626,0.0012288769,0.005688951,0.02778251
A75,0.06486277,0.021975132,0.020602094,0.03268593,0.011339972,0.0024310756
A604,0.014534659,0.02294175,0.026978796,0.012207476,0.016872087,0.017041227
B205,0.0263086,0.04022389,0.00818565,0.0390294,0.010429796,0.0258572
B358,0.044955213,0.030028282,0.0067964057,0.037050955,0.009237262,0.0064949407
A1590,0.027315432,0.06094885,0.00984113,0.0066220495,0.03323498,0.014803871
A1917,0.011493603,0.057004336,0.03446724,0.020947048,0.0042694686,0.016646419
A335,0.0064049694,0.04634776,0.035791744,0.044599093,0.025561836,0.0391315
A1010,0.04409588,0.008681626,0.003856437,0.03026825,0.023027325,0.0022109454
A1726,0.019114127,0.018044144,0.003204878,0.017940575,0.012984088,0.0011853034
A715,0.019712655,0.012918868,0.012644405,0.00014423391,0.014854758,0.016181903
B372,0.03480519,0.014899924,0.012228227,0.019797292,0.009501393,0.020073494
A2270,0.0422678,0.03062519,0.026116433,0.020558592,0.0013580453,-0.0027519227
A1751,0.008627918,0.0021004449,0.0010845077,0.003199855,0.00018660571,0.0006391561
A1072,0.0013681282,0.044129193,0.026738496,0.0083003035,0.02900199,0.009485027
A1095,0.012538301,0.07114392,0.014983085,0.0028856818,0.0011961717,6.339548e-06
A1653,0.03736312,0.011361345,0.019385906,0.022462543,0.016000343,0.015601102
A1971,0.010753116,0.042567275,0.03853359,0.015444654,0.011252622,0.03916118
A2066,0.011451242,0.0033743097,0.0020723091,0.009556572,0.0021979616,0.004761455
A2296,0.049660005,0.039027628,0.00046863823,0.008058739,0.014936301,0.006410016
A713,0.019139469,0.005676291,0.0024161742,0.011543587,0.015621136,0.004858977
A904,0.057840344,0.014197916,0.013338851,0.033250757,-0.0012959496,0.0032653685
A2038,0.0036424506,0.011345808,0.011136734,0.0010075796,0.00032047747,0.0030547068
B39,0.05397215,0.019801477,0.0034404686,0.03997587,0.009862064,0.022808542
A1303,0.043278497,0.01732864,-3.2271375e-05,0.0009359653,0.013340614,0.0053772284
A353,0.0582237,0.030270724,0.010250552,0.011714169,0.023799121,0.04061782
A1601,0.0077279047,0.002888195,0.0026317681,0.0046244576,0.0035868485,0.0023685577
A2365,0.0020495795,0.014769854,0.012355671,0.005485413,0.0016810402,0.0019966473
A743,0.0002165889,0.00015330348,-3.9962365e-06,-3.2120113e-06,2.8064554e-05,5.2026855e-05
A1958,0.07194124,0.007864385,-0.0034838975,-0.011021244,0.0380797,0.0011803978
B369,0.0046466617,0.0021772746,0.0017398116,0.0021480792,0.0008013984,0.0001477852
A1799,0.018365722,0.02641408,0.023687465,0.006020787,-0.00065375975,-0.001145615
A1890,0.022854682,0.007167829,-0.0015542028,0.021651722,0.00806902,0.0059066294
A1678,0.031607136,0.03061631,0.03891145,0.020175489,0.002428677,0.04328518
A265,0.0036058116,0.0073361574,0.0026048273,0.0008646712,0.0036350642,0.0035705164
B387,0.023298578,0.013923761,0.016385667,0.020417629,0.0022130995,0.0073429127
A400,0.011385614,0.0035803365,0.0050612423,0.008825204,0.008473153,0.003145021
A132,0.035541356,0.013855225,0.023874266,0.018338336,0.010942142,0.033051506
B253,0.064545535,0.012777988,0.03984012,0.021197159,0.029042156,0.034969352
A1486,0.0023676758,0.00062431797,0.0007008391,0.0011187997,0.00063444383,-2.015417e-05
A1312,0.0020231314,0.012671324,0.009799881,0.0011167398,0.007138422,0.0035417313
A2009,0.0017211598,0.0014790767,0.0006705389,0.0013549993,0.0013802549,0.00060008833
A2395,0.0018661569,0.00032845332,0.0008476659,0.00021777766,2.5858428e-05,9.676478e-05
A454,0.053097114,0.018342668,0.03155989,0.02637308,0.008208863,0.010027629
A746,0.04736544,0.0076062055,0.0008923122,0.0023123182,0.007896602,0.023969341
A2347,0.016502926,0.046412695,0.0016111879,-0.00058628415,0.004359328,0.00273217
A1576,0.034143366,0.014861541,0.0047290167,0.0282858,0.015567885,0.015215765
A1829,0.031256635,0.05912476,0.03137238,0.03270102,0.008813098,0.04573665
A1075,0.03883841,0.03445532,0.012177921,0.03994023,0.023899816,0.03946602
A89,0.008263738,0.0038673521,0.0043477328,0.005465278,0.00015820212,0.0016885635
A254,0.0504752,0.005466796,-0.005668142,0.00031430487,0.022414636,0.0042870855
A2188,0.014340961,0.04084365,0.04039679,0.013937662,0.04240522,0.011795046
A1875,0.0067466637,0.035926938,0.019138664,0.012776309,0.01881347,0.004841148
B180,0.016623389,0.008813121,0.016864752,0.0025822155,0.014605794,0.00081834453
A1665,0.01470894,0.056944076,0.01461136,0.022182845,0.033502642,0.030440219
A2310,0.02502659,0.012659806,0.011645647,-0.00066830654,0.009806354,0.004986606
A1118,0.001389322,0.022234697,0.02313914,0.0055400548,0.011530066,0.010626977
B72,0.027911521,0.047512118,0.009331257,1.0494801e-05,0.0046127345,0.0002331469
A1440,0.06353622,0.018665897,0.00869698,0.035922326,0.008468363,0.040419143
A2151,0.0144815035,0.05364396,0.03596947,0.0072494,0.045546018,0.036792476
A714,0.02120125,0.0026779473,0.011585603,0.0042181895,0.018740498,0.008277307
A1266,0.03423301,0.019894136,0.00021503051,0.002726654,0.0010117594,0.0016780752
A587,0.017913707,0.037155546,0.015118736,0.02203595,0.0026829736,0.0032074403
A617,0.056283705,0.020356499,0.029640116,0.0029280973,0.024389023,0.06306176
A1454,0.0022054461,0.026421059,0.0006560074,0.0046735206,0.0019666052,0.004083904
A1943,0.044574693,0.030829838,0.05144849,0.013275039,0.004854246,-0.002763226
A1812,0.047818348,0.0051995036,0.009876675,0.047386203,0.023037013,0.04065322
B168,0.06235554,0.0019937775,0.02400923,0.05740028,0.00899967,0.009722059
A1309,0.00034335887,0.0003848628,0.0003779811,0.00018714456,4.2864544e-05,3.8816903e-05
A2162,0.024175197,0.040462043,0.019631982,0.042088386,0.03612647,0.028008675
A2120,0.04720867,0.000934436,0.016503688,0.04352524,0.0077633443,0.04640931
A1860,0.037422407,0.03302231,0.031364493,0.010145779,0.017266294,0.001445877
A1711,0.0434695,0.03561206,0.013427092,0.01793257,0.0030592373,0.021804819
B166,0.008599295,0.031711053,0.011274086,0.024919607,0.03069164,0.0034956743
A297,0.049743827,0.020683894,0.004998858,0.004862056,0.0066556786,0.010483995
A2384,0.009134674,0.00487818,-0.00089209987,-0.001977638,0.002154099,0.002159192
A900,0.04275288,0.016912403,0.034879185,0.041233122,0.022172015,0.026017351
A693,0.0013320559,0.00030608938,0.000615387,0.000662148,6.706067e-05,0.00020503983
A2035,0.04539239,0.0034765317,0.03773837,0.031808443,0.036967326,0.0013756361
A2355,0.0013172099,0.0038356637,0.002061014,0.0020329508,0.00010951109,0.0005089004
A379,0.02630468,0.03628342,0.02720376,0.03558102,-0.0018218776,-0.0044295746
B330,0.024209507,0.012724969,0.010773893,0.009668336,0.013406525,0.0042082397
A116,0.016195066,0.022871323,0.012969759,0.022632886,0.002737697,0.0029471396
A1,0.013569677,0.00040832272,0.0012531264,0.00313582,0.002870709,0.0027692975
A1002,0.009270019,0.016510362,0.005895902,0.015359338,0.01518449,0.0041406373
A2335,0.012453476,0.03343748,0.0013504822,0.00074919994,0.002682663,0.011538232
A1761,0.0018486271,0.059713647,0.011875794,0.009959474,0.03614388,0.00013373717
A2359,0.017125746,0.049461946,0.00045796015,0.0014759885,0.008944926,0.012048442
A777,0.05731378,0.0049711657,0.026976874,0.028344136,-0.0011588705,0.0011699428
A308,0.0042991834,0.0393392,0.027273525,0.035065375,0.019598285,0.042066015
A110,0.037716422,-0.0011568666,0.009617707,0.019432522,0.026292346,0.0006349606
A2291,0.05426113,0.02632221,-0.00033632864,0.00257868,0.0008661624,0.006663372
A1012,0.00048110355,0.00017537152,0.00017026173,-3.211717e-05,-1.7616707e-05,8.392471e-05
A1005,0.040492084,0.019771457,0.0154548595,0.042052317,0.018644545,0.040345456
A342,0.017333228,0.045093086,0.045789592,0.009733435,0.039201718,0.03110844
A647,0.006891231,0.017190473,0.0021881491,0.00048578024,0.004212813,0.008860258
A1147,0.023573065,0.012876427,0.0112773115,0.023362515,0.0048087533,0.025119456
A333,0.038136777,0.047652043,0.0017756354,0.0016738077,0.0075719655,0.033342414
A656,0.041872554,0.014427995,0.042411186,0.0062547023,0.029772457,0.030686766
A522,0.039426353,0.055779815,-0.0017322967,0.00020070051,-0.008366964,-0.0046369
A1811,0.04037681,0.02764932,0.050247774,0.0058729155,0.038874675,0.020087918
A628,0.04845284,0.009437507,0.040364537,0.006072859,0.004187039,0.043986026
B23,0.018135242,0.0273037,0.020124009,0.022378212,0.019122723,0.027450655
A303,0.0015500006,0.0066235363,0.0018578421,0.004451317,-5.2205138e-05,0.0005140689
A363,0.048241343,0.010877084,0.03154231,0.024703303,0.0049059815,0.025997933
B68,0.004614006,0.006309311,0.0053243544,0.001699322,0.0020946898,0.0028758748
A34,0.0015316731,0.01128658,0.010381834,0.0036661217,0.0039326693,0.010117114
A1251,0.0051602116,0.046148296,0.045338657,0.00052785635,0.020325223,0.038717035
A1567,0.02968909,0.013686823,0.0022694587,-0.0036482394,-0.0009109833,0.017815622
A1842,0.04469586,0.0154189635,0.0070357746,0.03775801,0.0133300265,0.03386028
B345,0.040978298,0.02556054,0.007634848,0.004163401,-0.003239656,0.0020340972
B378,0.03326987,0.0031273714,0.0004932548,0.01846363,0.000613514,0.00014558822
A1817,0.04616253,0.068616994,0.0026576952,0.027547903,0.045097005,-0.0005358007
A927,0.04902651,0.038068313,0.036507484,0.02076788,0.039215945,0.007316832
A1941,0.03578552,0.030829847,0.027756969,0.015023047,0.024056012,0.030523723
A754,0.022680245,0.03946356,0.045462254,0.033441026,0.023061423,0.025650686
A1721,0.0038016154,0.040460605,0.029700302,0.027192466,0.02067491,0.005814984
A1225,0.016474372,0.034398317,-0.00053959497,0.000119226235,0.0063671037,0.004712459
A950,0.02432795,-0.0019518102,0.0013869359,0.00960512,0.0019006466,0.0015455548
A1017,0.0075663356,0.06007349,0.0039814953,0.0051065953,0.023634719,0.024827905
A126,0.015988886,0.015599181,0.02040207,0.0077658473,0.017969383,0.008968715
A198,0.00014916707,0.042914208,0.039315876,0.0034166968,0.027722033,0.027314654
B315,0.011302876,0.08862684,-0.0019144744,0.0009053528,-0.00053320057,0.0014723566
A2072,0.0409706,0.03127406,0.023772946,0.032268394,0.04514538,0.0019897358
A1450,0.047051504,0.02802201,0.0011579939,-0.0012691183,-0.0050855144,-0.016374964
A1482,0.00040066143,0.0013241188,0.0001535602,0.00060867716,-0.00020811796,3.4896017e-05
A1236,0.011463809,0.027639667,0.020826263,0.011420194,0.014484018,0.012188766
A124,0.047134664,0.0010933257,0.054076064,0.0051250267,0.03691498,0.009543722
A2217,0.03924249,0.01605877,0.006774764,0.006851737,0.0067176116,0.007916162
A1928,0.027291609,0.032672834,0.0024914674,0.0009288845,0.0007434822,0.004669597
A261,0.011572308,0.008811371,0.0022697307,0.004888841,0.0071997447,0.006117161
B265,0.007369259,0.045284953,0.02222598,0.008811903,0.0015835001,0.019142453
B299,0.02384744,0.03382049,0.029915212,0.026280457,0.012323437,0.031749118
A2342,0.0072515463,0.06472872,0.049234882,0.03538629,2.457855e-05,-0.000978391
A1735,0.030699251,0.06489855,-0.0044261934,-0.0057483767,0.028938299,0.03346988
B110,0.051937457,0.022162842,0.014770409,0.023346169,0.012140426,0.023824899
A669,0.04610567,0.019786358,0.03221811,0.027288502,0.03530492,0.00880514
A1167,0.00031391994,0.00046441128,0.00030361375,0.00020252763,0.0002417934,2.8411821e-05
A230,0.021390827,0.009070855,0.009033257,0.011678057,0.008778665,0.00915025
A1972,0.040197838,0.022091119,0.035964016,0.0283264,0.04322048,0.015101457
A1451,0.00859583,0.054876983,0.0011206163,0.00015237104,0.02024167,0.004269443
A1453,0.036834456,0.0129866265,0.0063257013,0.0010562323,0.01204632,0.010018474
B167,0.06371576,0.0055255974,0.047714166,0.0031030832,0.01930369,0.0015210396
A1242,0.033090897,0.0053863483,0.00012406548,0.005079703,0.01004776,0.030018546
A168,0.031449914,0.06737649,-0.006088208,0.0069753355,-0.007177444,-0.015430141
B201,0.029733483,0.004663095,0.0069204876,-0.00036308233,0.017267777,0.00963249
A1161,0.0063065747,0.034277286,0.017517779,0.024200225,0.021721048,0.011833986
A1475,0.027420027,0.040238593,0.02574349,0.03652908,0.03936521,0.025051353
A1633,0.04509894,0.034138646,0.0024596346,0.0054575647,0.035068583,0.004706315
A1656,0.044311766,0.0015630893,0.0040129167,0.040963616,0.0005381118,0.038042206
B135,0.01887675,0.0041111093,0.004583893,0.018207338,-0.00020713006,8.223414e-05
A1961,0.035232875,0.01946153,0.025087437,0.020230532,0.035358343,0.0038311316
A634,0.078482814,0.010974836,-0.0048891953,-0.00026030108,-0.018396424,-0.0014140828
A307,0.033934716,0.020607688,0.042273954,0.013881717,0.024914568,0.038626365
A1924,0.02016927,0.05871868,0.047925066,0.025228653,0.009820604,0.043552656
B25,0.075385965,0.008247102,0.011163263,0.02935028,0.011162034,0.0054482045
A942,0.046034403,0.016255723,0.002491236,0.048340257,0.009824781,0.04275886
A994,0.0030347495,0.001769939,0.002213291,0.0010887639,0.0003957087,0.0003876838
A2130,0.028902078,0.03999912,0.047850605,0.009401796,0.08412311,0.025312616
A1587,-0.00059609074,0.042734463,0.046548326,0.0011282023,0.01259051,0.05168874
A58,0.0100151505,0.03001021,0.010921195,0.021882368,0.0055335807,0.019393511
A247,0.035198197,0.03250956,0.04275613,-0.0032006155,0.0005723746,0.0018543807
B348,0.017608693,0.00024236372,0.012153986,0.0058115073,0.0016506345,0.0018481922
B398,0.02405495,0.017526085,0.0035951163,0.023102907,0.0058639604,0.016700346
A574,0.0069928407,0.0043408335,0.006770267,0.0031309898,-8.247091e-05,0.00063520257
A2274,0.050940976,0.03461246,-0.0046264892,-0.0021104107,0.007916885,0.009826516
A213,0.00806163,0.0015277078,0.005132491,0.0019441914,0.001601459,0.0044634263
A726,0.003341587,0.009744042,0.0012369062,0.00048704725,0.0030556188,0.0021913808
A2404,0.013200743,0.026385425,0.022793412,0.0018976334,0.023870844,0.010471985
B13,0.00020642082,0.0014118075,0.0005744175,0.00039172434,3.0972056e-05,2.42076e-05
A1359,0.005965088,0.0037022734,0.004025028,0.0012058041,0.0005447594,0.00091826427
A903,0.047720905,0.013091611,0.016022451,0.008373789,0.026210446,0.0086690085
A1206,0.0021054477,0.008962116,0.0009279627,-0.00018890596,0.0050560087,0.007002368
A1162,0.047108453,0.03101614,-0.0002540477,-0.00032165687,0.023401162,0.023954747
A1504,0.0396231,0.03414965,0.013261114,0.039309263,0.039201062,0.025757676
A1324,0.047123317,0.00064242183,0.0031926557,0.046977513,0.03723593,0.028808726
A1564,0.0022860724,0.059077844,0.039461393,0.01908471,0.0024023016,0.0030405668
A1969,0.06623525,0.02330503,0.03172445,0.03647274,-0.0023788542,0.0033039763
A1288,0.01639725,0.0070135603,0.008590131,0.008587604,0.009510347,0.009999383
A1150,0.01184452,0.022362826,0.014632013,0.021076892,0.015048059,0.020240845
A298,0.0052711433,0.09123883,0.0003248743,0.00028634424,-0.017823715,-0.0019065662
B56,0.035461243,0.0146218045,0.036584258,0.010734505,0.0017477018,2.5054516e-05
A1962,0.004267606,0.072176054,0.019431686,0.012305453,0.0043240474,0.0015657115
A995,0.007259393,0.0072275754,0.009362188,0.0013634864,0.0064478046,0.0019492279
A703,0.024071215,0.053983863,0.020312762,0.005754953,0.006389259,0.039096612
A170,0.025051687,0.025093986,0.00057150633,-0.00073199585,-0.0031168135,-0.00042616858
B197,0.00027702854,0.0013910377,0.000565958,0.0005948591,1.2797358e-06,7.6588236e-05
A1626,0.03799202,0.033229142,0.039892476,0.006037505,0.022844994,0.03962061
A223,0.016718855,0.04406454,0.023905003,0.047490552,0.023131127,0.04100336
A962,0.020053575,0.041144002,0.012488026,0.04398767,0.036379036,0.024028681
B230,0.042558312,0.02449169,0.04556989,0.0035140018,0.04383198,0.016995437
B370,0.014492573,0.004860283,0.009216226,0.003070455,0.0013776912,0.0018498212
A1428,0.047701456,0.0032421984,0.030093579,0.021984288,-0.0017063679,0.0013612319
A300,0.04566661,0.027344804,-0.0013258461,-0.0034836465,0.018989438,0.00021885401
A1612,0.030280558,0.047808,0.031848293,0.011791552,0.0013227336,-3.2549353e-05
A1662,0.009959409,0.040357422,-0.0005197877,0.00037424,0.0034766654,0.0053533306
A1822,-0.00013431671,0.004711485,0.00034704938,-0.00015883916,0.00031525368,0.00040483134
A1684,0.011281298,0.026553946,0.006553386,0.0059155687,0.0025851352,0.0027880284
A404,0.030956138,0.020639036,0.027939428,0.001882194,0.030501876,-0.0048777256
B255,0.009288261,0.04712306,0.032802995,0.03012257,0.0076584783,0.04414453
A1896,0.004707533,0.02488037,0.01197152,0.002992894,0.0017518661,0.012014685
A1517,0.0028552674,0.0028182021,0.0035550424,0.00073206465,0.002316467,0.0020954267
A1037,0.002044345,0.0014036815,0.0027089543,0.00047859948,0.0008264024,0.0005403539
A1631,0.056353383,0.0492137,0.0440736,0.0063895495,0.0019612373,0.009619911
B406,0.040269654,0.016304784,0.032547247,0.023819422,0.0052790926,0.04218625
A1433,0.005092836,0.0025895706,0.0044225906,0.0015798656,0.004065412,0.0014385126
A1238,0.023229526,0.02857415,0.036150653,0.008669075,0.015291745,0.03213617
A2240,0.043775856,0.01403245,0.03624508,0.025716411,0.0129854195,0.047986496
A1487,0.0009820996,0.00048410936,0.00013628729,0.0004022607,9.507885e-05,0.000119017306
A301,0.033655893,0.01922478,0.008747476,0.021712117,0.02269187,0.00019327716
A1442,0.0074839485,0.04618288,0.037253253,0.010684482,0.010184289,0.02996174
A1237,0.057631068,0.01968584,0.031486213,0.03890175,0.042598017,0.026709057
A2257,0.04136604,0.018001104,0.006345989,0.06555821,0.011207435,0.011435206
A2040,0.016222242,0.0013680219,0.010699241,0.003185593,0.007744433,0.004025163
B61,0.01888395,0.037003897,0.011029307,0.03342485,0.0138186915,0.012067542
A57,-0.0015978952,0.031603493,0.0024360458,0.024346856,0.020105021,0.00017741129
A1639,0.007786477,0.0024399378,0.0020153155,0.0038998516,0.0012363617,-1.1006067e-05
A1861,0.035196792,0.019824479,0.023613377,0.012206488,0.010079023,0.000933422
A573,0.020059984,0.011720789,0.0005849545,0.021201132,0.005559249,0.018641572
A1938,0.018425878,0.038441144,0.011022476,0.052071456,0.0061180126,0.007844599
A1352,0.010921612,0.062209614,0.005127541,0.00081101776,0.03982963,0.019091265
A1920,0.021690708,0.035292786,0.022986997,0.034864087,0.0297562,0.028072778
A1691,0.038203202,0.025646653,0.014356434,0.038898315,0.019070782,0.036802676
B349,0.043690424,0.0046491395,0.03672706,0.0009408712,0.009063677,0.038856972
A645,0.013691851,0.052422088,0.03302456,0.021234924,0.00100419,0.016335059
A138,0.004660196,0.0030377174,0.0026980822,0.0029236467,0.0028575896,-0.00016767268
A447,0.07400543,0.0038324324,0.005070538,0.001754167,0.031148221,0.043432757
A1749,0.016077384,0.044758294,0.043538805,0.015398408,0.021812864,0.04056764
A154,0.018686406,0.017603574,0.024926506,0.014146267,0.013780681,0.016085362
A1916,0.04369712,0.03783102,0.029256692,0.028310137,0.018725831,0.0041432213
A167,0.06176984,0.018548805,0.0013544778,0.003270707,0.019714627,0.045367263
A350,0.030825706,0.03376776,0.0055688173,-0.00097044086,0.002051628,0.0032155637
A389,0.014058949,0.04903504,0.021385564,0.026527762,0.005028837,0.028223766
A1137,0.04755368,0.019145718,0.025944363,0.028351154,0.013621724,0.04073258
A778,0.017791934,0.007484337,0.014210095,0.006715822,0.010938022,0.0035521786
B160,0.007775117,0.042130835,0.02763182,0.027898572,0.012958629,0.03542153
A2305,0.014369574,0.05889519,0.0102490755,0.0059574014,0.0040695868,0.03159253
B321,0.0429092,0.016162364,0.03469046,0.029143613,0.017695585,0.0389215
A871,0.07090172,0.034797978,-0.008817013,-0.002742336,0.040739145,0.02017546
A884,0.045572195,0.05447304,0.0030417973,0.01308501,-0.0022385095,-0.00093007146
A757,0.019276185,0.016188191,0.0016721487,0.0019067811,0.0028617063,0.00090165564
A1404,0.027459448,0.02288114,0.017160226,0.011857907,0.012549686,0.014763803
A1445,0.0056207655,0.020342829,0.0053816056,0.0015589988,0.010431391,0.008681059
A166,0.04353532,0.022524094,0.002246357,0.04643567,0.029323645,0.036688197
A1912,0.009552736,0.056771144,0.00962918,0.040142175,0.0075263227,0.0027711547
A327,0.003050843,0.011692307,0.008234232,0.008568075,0.0051149903,0.0022779624
B216,0.013907847,0.03377298,0.033096727,0.014990997,0.00018016787,0.0010922115
A1256,0.034526415,0.032427315,0.041826148,0.021967433,0.00014625047,0.049359202
A1578,0.046363275,0.00556018,0.011020801,0.026255462,0.006647152,0.032396417
A2105,0.004623524,0.0030956678,0.0006008123,0.0026613986,0.0010091466,0.0008350389
A1507,0.06038145,0.024451155,0.0038919346,0.0006531891,0.03601471,0.02159518
A2163,0.043328978,0.018870227,0.03988712,0.024390806,0.019692969,0.0418505
A2030,0.06788479,0.00870883,2.6549975e-07,-2.2416141e-05,0.024759848,0.036639757
A136,0.0020254666,0.005634575,0.0045067747,0.0011649282,0.0014609718,0.0034378504
A1349,0.029328346,0.029649276,0.04080505,0.0060133343,0.007467648,0.039053734
A2141,0.039997943,0.027778285,0.031022793,0.02589206,0.0021427632,0.006822091
A88,0.009364088,0.004821821,0.0060626487,0.006310786,7.716317e-05,0.0015894662
A944,0.031523336,0.044661094,0.009093002,0.029361384,0.03943316,0.007370567
A977,0.050608836,0.019382136,0.0010160942,0.00063630246,0.028878361,0.0031817965
A208,0.01948335,0.044682898,-0.000733307,-0.00058802485,0.013716403,0.021092298
A2278,0.021452593,0.07039748,0.000365796,-0.0005968572,0.025893698,0.004354028
A773,0.067527555,0.04503179,0.0041354178,0.03432083,0.027728656,0.003613212
A674,0.0027025442,0.032251395,0.0071591693,0.006093478,0.0005086292,0.011456444
A682,0.0430305,0.024164146,0.025853021,0.029136708,0.03800604,0.020909889
A1870,0.008263114,0.004361436,0.0065027038,0.0017487776,0.004601093,0.0014454442
B395,0.010790318,0.016876413,0.0032075741,0.0032329143,0.0001395048,0.0027776225
A1934,0.011715127,0.04989458,0.03707949,0.022575047,0.035950013,0.029449826
B79,0.06354458,0.015807126,0.015631387,0.03403523,0.0003964096,0.045210786
B154,0.021025209,0.003887493,0.022456069,0.011522622,0.019575251,0.010079251
B350,0.032993168,0.047150936,-0.0036841715,-0.0032695262,0.01585069,0.005093792
A2314,0.0038119776,0.03632096,0.018589474,0.024025796,0.011273624,0.023324197
A310,0.036874976,0.028934894,0.0054824273,0.047573425,0.025935292,0.03947508
A1413,0.02283672,0.0053552827,-0.0010208482,0.0015914078,0.003560473,0.0026923323
A1034,0.0126971705,0.0060141846,0.009146585,0.007757542,0.012661823,0.0038841015
A123,0.010976176,0.033483136,0.0008307204,0.00059446297,0.008748953,0.006771148
B284,0.048406813,0.043197684,0.001979007,0.006936547,0.020361725,0.03491807
A145,0.004153255,0.039454345,0.013669757,0.03289172,0.034927882,-0.0012619669
A800,0.07246587,0.002154496,0.004690668,0.004852391,0.021112686,0.007408812
A1443,0.0062271603,0.014242748,0.00047784823,-0.0010805673,-0.0051024705,-0.0027271549
A1200,0.053818762,0.021269133,0.04240487,0.02019137,0.030056136,0.0065814736
B419,0.04460093,0.01674264,0.039976764,0.022831533,0.0037754832,0.001628253
A2116,0.01263067,0.05144919,0.046942405,0.0019156286,0.0071057337,0.044382177
A1907,0.052116845,0.010473311,0.0046794424,0.039723203,0.022784326,0.040212747
B57,0.042327516,0.018487612,0.026090417,0.057001464,0.007816545,0.0154504115
A1187,0.02167939,0.0070537804,-0.0023116707,0.0020346728,0.00443695,0.0034012806
A1298,0.017294059,0.03722058,0.00024980694,0.0025513403,0.007831722,0.014997975
A853,0.004637062,0.05520213,0.007688736,0.03622268,-0.0027393445,0.0034888387
A1071,0.061008524,0.007968755,-0.0033324822,0.0031045075,0.011964386,0.02130463
A517,0.031112457,0.06035736,-0.0011855306,-0.0048375335,0.0028916248,0.0026813943
A2214,0.05468911,0.001619035,0.015967766,0.0033501734,0.007905762,0.003537033
A724,0.06298107,0.0052083163,-0.014727426,-0.0111568775,0.037529696,0.0005079751
A1549,0.017796205,0.06682711,0.022521073,0.032129183,0.022621375,0.0042452887
A1740,0.03262693,0.044968057,0.04882814,0.009537664,0.032984518,0.015875136
A326,0.004570742,0.0009070744,0.0011306214,0.0025197617,0.0010726644,0.00060377637
B162,0.026059793,0.027925665,0.007403093,0.0060361424,0.0047311503,0.017918743
B182,0.00090398605,0.0009460718,0.00039015093,0.0006056368,-1.1642658e-06,0.00023767947
A491,0.057860967,0.021573279,-0.0012365631,-0.0006954673,0.03284524,0.03168513
A1308,0.010474873,0.017491324,-0.00027379717,0.003920606,0.005361914,0.0020579954
A514,0.02295404,0.010443931,0.020466916,0.00863175,0.020119967,0.004161858
A2169,0.029912135,0.04417803,0.021076735,0.00395218,0.01438803,0.00782881
A2394,0.03395339,0.029254993,0.016906327,0.03903227,0.029587306,0.033539347
A1097,0.059781656,0.02015893,0.015541775,0.0076920614,0.00080485275,-6.205491e-05
B295,0.005334084,0.010601996,0.0028060672,0.00903344,0.0031257323,0.0063847047
B327,0.040204216,0.019264989,0.00068160245,0.00032684347,0.0050934823,0.0012813011
B123,0.046193924,0.0117197195,0.033514384,0.03514395,0.023363335,0.03926873
A2266,0.0016043894,0.043226715,0.0034045598,0.04291661,0.0074606547,0.035034694
A1469,0.0067212773,0.055870045,0.03203889,0.0016015099,0.04053494,0.02049125
A93,0.04862717,0.01299595,0.056170996,0.011140745,0.00066456624,0.00035954863
A2343,0.0017377231,0.021932613,0.013629953,0.011401421,0.012426767,0.008666589
A1629,0.013637047,0.03289806,0.049527783,0.009514471,0.018587852,0.019551974
A1315,0.009624661,0.02430865,0.027442474,0.0065570334,0.0060490295,0.013942566
A1381,0.06525322,0.027060105,0.0023139701,0.00081737456,0.00039027949,0.009779609
A1121,0.01937824,-0.0006213872,0.013302194,0.0074850554,0.010353639,0.012634539
A803,0.0067263315,0.05046506,0.009734272,0.008845837,0.031026635,0.012056129
B121,0.018325461,0.0061022905,0.015917776,0.009848828,-0.00012625282,-0.00028342722
A2330,0.010224361,0.056020275,0.001064172,0.043137867,0.014500498,0.004917779
A2381,0.009566658,0.0069086915,0.0035899787,0.0036603624,0.000244516,-0.002667177
B379,0.012404135,0.047024626,0.036865752,0.028442139,0.033331756,0.03179825
A1677,0.00574862,0.043593165,0.021995334,0.03788771,0.043247283,-6.4946806e-05
A2146,0.034407888,0.0056880726,0.023630397,0.00013094993,0.012416171,0.014768709
A1415,0.0011358554,0.04263859,0.0021686228,0.0023686467,-0.0010651951,-0.0004169358
A1796,0.06638123,0.03438556,-0.0020313975,-0.0052821985,0.01150301,0.012254329
A794,0.0018702246,0.0040394766,0.001040914,0.00053496583,0.00032080576,0.002351364
A1140,0.0034436274,0.06925216,0.023500597,0.0029977325,0.0274359,0.009552117
B9,0.0105788885,0.010328569,0.012968591,0.0024782827,0.009039707,0.005789819
A2383,0.052181188,0.010626137,0.007800722,0.0400574,0.023873145,0.023265295
A1809,0.048712835,0.01337968,0.022181867,0.0072171926,0.0029173724,-0.0036306798
A1031,0.003238015,0.006907947,0.0035652774,0.007094778,0.003810879,0.0049084816
B107,0.033143874,0.038269393,0.017766615,0.037678298,0.031203473,0.03294658
A44,0.0018501785,0.010980869,0.0058961986,0.00033627718,0.0015391548,0.0009203803
A263,0.05276179,0.021494513,0.02211559,0.012412229,0.023412246,0.034231935
A1246,0.002702302,0.024873279,0.0037484614,0.0024153595,0.013641396,0.0011603996
A2091,0.015855622,-0.00063613267,0.0071037756,0.0061353697,0.011105801,0.0037211536
A2336,0.022736942,0.0077158823,0.0025934796,0.020230714,0.022247693,0.0018749919
A1906,0.0013859494,0.004980249,0.00027857756,0.0027546925,0.0021534297,0.001102519
A1645,0.0077737356,0.0062588677,0.00088866946,0.0090826135,0.0037533434,0.00077143835
B221,0.0110035185,0.045441534,0.02772948,0.03458608,0.039743613,0.03403112
A1798,0.02294655,0.017278511,0.020528387,0.0026096755,0.012397837,0.008621484
A1174,0.006912736,0.055612836,0.027400952,0.018681077,0.02770068,0.032209147
A14,0.0015757759,0.015931671,0.013358304,0.001994992,0.0047889347,0.0012623394
A1053,0.0008543571,0.011466948,0.0063063046,0.008839161,0.0061186696,0.004787428
A1932,0.039927695,0.045058347,0.0017979684,0.00020141949,0.026879814,0.013168882
A2086,0.056002818,0.018104197,0.020324936,0.015075623,0.0014155402,0.00081630616
A375,0.015328254,0.06182186,0.0004750137,0.0032246236,0.024231816,0.021097267
A1255,0.021255596,0.042615667,0.047014773,0.0044651893,0.040478393,0.021362944
A1719,0.025178824,0.024070729,0.03150235,0.012772185,-0.0006556819,0.027037699
A833,0.033636477,0.028511826,0.053767428,0.051462356,0.022594823,0.0034909276
B159,0.0034818794,0.079563536,0.0027791718,0.0016730707,0.027292676,0.026514223
A401,0.026029864,0.030028513,0.0043475083,0.03327392,0.00481703,0.032246757
A1661,0.0012351607,0.003527708,0.0024474664,0.0011699201,0.0002045206,0.00010523192
A1310,0.0020576422,0.0010955592,0.001169733,0.0019356166,0.00042307007,1.5573893e-05
A1127,-0.0002936026,0.04983113,0.014393425,0.037822776,0.029617585,0.016449163
A842,0.052450415,0.04127891,0.009474886,0.046091225,0.046933822,0.0012056471
A1742,0.0025244697,0.017797075,0.009185512,0.013030857,-9.7571654e-05,0.0007777326
A1398,0.02117108,0.024764918,0.023658255,0.02427578,0.0036825126,0.017167548
A1764,0.019096749,0.06232802,0.005891204,0.009774203,0.02416845,0.03618637
A1519,0.0016830735,0.011409331,0.00063858315,-0.00020821957,0.0007496078,0.0022812386
A433,0.044103738,0.016533786,0.047123875,0.00084573467,0.020269778,0.046156343
A2119,0.052656494,0.032107882,0.035465643,0.0068457336,0.00013628267,-0.00018881465
B396,0.01777947,0.025129803,0.02274594,0.0065406207,0.02097333,-0.00042870644
A344,0.031802926,0.037381075,0.031431332,0.035012495,0.02042832,0.045750283
A1553,0.025090527,0.012682455,0.02454509,0.012102288,0.0010430497,0.0010388199
A2233,0.01732409,0.029858518,0.0060753496,0.008484462,0.0044039204,0.002359332
A2149,0.04975845,0.057685908,0.047607593,0.041537132,-0.007795197,-0.006381482
A238,0.07047804,0.011406735,-0.0010863954,-0.00087794,0.0048442273,0.03718067
A1994,0.005678395,0.011494804,0.0058411304,0.00966702,-0.0011507163,0.0105949845
A1424,0.04531363,0.0063643125,0.021908017,0.04295153,0.02397155,0.035784464
A1577,0.037395854,0.040968906,0.027820803,0.036616784,0.03193207,0.0131948
A5,0.000571178,0.00053438224,0.00016925756,1.3912103e-06,-5.602332e-05,-3.8668164e-05
B393,0.060731746,0.002181101,0.02471212,0.02483881,0.0016130167,0.0006119089
A1330,0.0069428077,0.04956051,0.02403255,0.039015472,0.027197273,0.025487777
B42,0.036541674,0.036323614,0.046885353,0.0067480723,0.037076883,0.0031457879
B140,0.06607539,0.017745255,0.0043272823,0.011908764,0.038322076,0.005399829
A1946,0.013787841,0.050166015,0.0018836574,0.021602726,0.022728184,0.015498162
A1910,0.038740993,0.03106835,0.033310324,0.03296904,0.0074069733,0.019785527
A2013,0.043206457,0.004900927,0.025573283,0.022723412,0.0021548038,0.025787355
A852,0.02477527,0.038313184,-0.0012074399,0.017771937,0.0034013505,0.007205856
A782,0.013447914,0.042194035,0.022348724,0.015832614,-0.0025530348,-0.0010794146
B195,0.030397588,0.004084122,0.008543354,0.039750215,0.0039946493,0.009194744
A1202,0.014677229,0.053761847,0.048748016,0.0015628984,0.008151457,0.017515244
A1070,0.008093359,0.037226573,0.032131877,0.007168822,0.0031311724,0.02549348
A1518,0.009499923,0.008146205,-0.0003113137,0.00084594445,0.0013835676,0.0023560976
A762,0.0655828,0.011958185,-0.0011522716,-0.00033313216,0.016348861,0.033644672
A1176,0.03572316,0.024417697,0.022518573,0.0077206194,0.00074162893,0.008565276
A1282,0.018909287,0.038715016,0.0006422245,0.005702124,0.01523198,0.02216711
A2011,0.008257275,0.00063652557,0.004209724,0.0021411197,0.0019883781,0.0028812324
A1989,0.042868156,0.036832854,0.018101078,0.028282762,0.0029903788,-0.0007346523
A2338,0.0041797063,0.024347331,0.010014548,0.016177751,0.013747596,0.017158715
A468,0.06484089,0.012350879,0.023329312,0.040665492,0.045598987,0.011926994
A695,0.0006368635,0.01539827,0.0007975527,0.008737942,0.008177653,0.0047887107
A348,0.025651596,0.044497903,0.047476172,0.021397362,0.0039921273,-0.0035146188
A627,0.035882358,0.021394335,0.018770628,0.02993895,0.0051566907,0.03496593
A2329,0.04111916,0.01575444,0.019289639,0.034136217,0.03953616,0.02145843
A33,0.027973298,0.00907695,0.0354521,0.013481149,-0.0015354533,0.0034287076
A2350,0.07983446,0.020923367,-0.0013120917,-0.002335739,0.044307303,0.0010729685
A1609,0.0011884284,0.034545504,0.019829266,0.020980198,0.02351391,0.0398415
A1850,0.0126903895,0.04510667,0.04469971,0.014266675,0.03710775,0.028434718
A2064,0.058923807,0.011997773,0.024668079,0.006841803,0.012065785,0.039823268
A2308,0.022821197,0.039268155,0.0034458053,0.042165797,0.007612889,0.040795255
A1743,0.022155412,0.04154013,0.049595647,0.039451934,0.013297109,0.01940787
A394,0.02823352,0.03899973,0.028986717,0.034872107,-0.002074768,0.00021927881
A2226,0.0023750968,0.046650756,0.012074411,0.039314073,0.034186687,0.014747291
A2410,0.016764067,0.049369633,0.025562545,0.0054886425,0.01653665,0.032539807
A2083,0.032874297,0.01090468,0.029417701,0.0053721224,0.016567968,0.0029231815
A2407,0.026328329,0.03217961,1.4284641e-05,0.03164913,0.01631934,0.02399377
A958,0.032611646,0.0140807135,0.003870359,0.0013910293,0.013107261,0.009182224
B211,0.07070532,0.0026040252,-0.0024843726,-0.0011793069,0.021244196,0.019751072
A875,0.016246732,0.04408733,0.0049046855,0.06341264,0.03305829,0.032794196
A1536,0.015325048,0.05125116,0.015670015,0.0036275038,0.0058562756,0.007895568
B397,0.027523391,0.027368119,0.0017869015,0.0048660734,0.0061872364,0.019471979
A2123,0.016496813,0.0332268,0.02417856,0.006062975,0.01030518,0.020326976
A13,0.012635734,0.026582489,0.004235385,0.0038298853,0.003792991,0.0056237476
B106,0.012924273,0.003301227,0.012916608,9.291543e-05,6.894527e-05,3.252251e-05
A922,0.040072117,0.051757574,0.00088730344,0.026383437,0.016001223,0.04048825
A49,0.011327387,0.026604857,0.026440445,0.0027418197,0.014356878,0.009478052
A430,0.04515467,0.0010878195,0.01615716,0.042211533,0.04397947,0.0062612104
A102,0.019256787,0.046174522,0.013895592,0.018448276,0.028625168,0.024631737
A827,0.06444588,0.04582233,0.0365273,0.015511038,0.037484404,0.022104789
A1895,0.017785542,0.009443245,0.0059513003,0.018334419,2.6651234e-05,0.00016765243
A1093,0.040438417,0.042497173,0.0012337338,0.057101097,0.008286005,0.031193942
A473,0.00023062396,0.00031162894,3.2210398e-11,4.9252703e-12,7.588649e-12,9.962189e-12
A1351,0.04601788,0.02329281,0.035524085,0.0160523,0.03542786,0.01430744
A2179,0.033850443,0.036182173,0.013858712,0.051030494,0.02050091,0.032945067
A1399,0.012419367,0.023888879,0.007200895,0.015642228,0.00070965505,0.008704801
A2016,0.01424195,0.051779408,0.019074332,0.03951703,0.009400303,0.019507108
A2352,0.008393822,0.053158578,0.029318335,0.008301381,0.008048218,0.0012124493
A1026,0.014349725,0.057661336,-0.0018494179,-0.00039915406,0.006521108,0.013876424
A276,0.0063623036,0.059607487,0.046882935,0.0059856893,0.019364802,0.04408835
A470,0.028750803,0.008775312,0.01553758,-0.00027689498,0.00047718166,-0.00013401713
A1795,0.002661253,0.073662356,-0.0068818196,-0.0022617965,0.013836811,0.016464425
A2391,0.045576733,0.0026279527,0.042164672,0.011223803,0.008602404,0.039741796
B318,0.0004912529,0.03459693,0.01691262,0.0060309633,0.006988818,0.011082908
A125,0.034413673,0.031092871,0.04415899,0.010804057,0.029490821,0.033767488
A2423,0.050787978,0.011886225,0.020521622,0.034431383,0.014477746,0.033343244
A2031,0.030295122,0.06129228,-0.00016320565,-0.00080036157,0.019609222,0.039632045
A467,0.037746172,0.043831468,0.043725114,0.0069166147,0.012346641,0.03932899
B367,0.015542288,0.04185412,0.0047317585,0.03112505,-0.0016478575,-0.0028698915
B91,0.055631716,0.010073597,0.0100212535,0.033176307,0.0044458047,0.04587788
A1586,0.0028815488,0.02394272,0.023656528,0.00034010466,0.021202272,0.0032738103
A74,0.045384362,0.030211462,0.020570893,0.032803528,0.02489886,0.0105669135
A2049,0.03862592,0.017532088,0.0026910314,0.013341289,0.008753525,0.017753143
A1975,0.0010066073,0.041638065,0.0049204626,0.027383324,0.021122502,0.022789512
A916,0.05214349,0.0109770065,0.024994021,0.020361621,0.018004414,0.034884993
B118,0.040477954,0.006406185,0.023655953,0.0029054212,0.026208397,0.019236948
A1462,0.006027488,0.014946103,0.008912178,0.013620187,0.0049399827,0.010703857
A1473,0.0018117174,0.04706558,0.011033606,0.045772348,0.020467877,0.042195342
B418,0.029646639,0.0246461,0.024480501,0.017332077,0.011040224,0.014423778
A1273,0.020980801,0.03656418,0.0016374603,0.03902242,0.033576567,0.019316608
A2269,0.038012087,0.035332277,-0.00012015913,0.033279497,-0.0021257268,0.002274688
A1838,8.261025e-05,0.042098414,0.020610128,0.03634194,0.0032479514,0.03485507
A653,0.027965376,0.034315024,0.015686875,0.033370215,-0.0028441024,-0.002748113
A1776,0.0066435067,0.065802574,0.006696358,0.016033718,0.037098713,0.028319938
A1331,0.056457587,0.003931622,0.012020949,0.0014119393,0.03359466,0.017653028
A1244,0.012012461,0.036157392,0.03340562,0.013586227,0.020478146,0.028831648
A1901,0.011001568,0.0604888,0.036306832,0.02135347,0.0006551615,0.009505941
A1014,0.017346593,0.00064962165,-0.00087437144,0.0005042782,0.00081969675,-0.0005122164
A2368,0.024184443,0.034756806,0.0023373528,0.042420737,0.02741636,0.030761791
A969,0.0526261,0.028058123,0.016709508,0.058610182,0.011573979,0.021791214
B117,5.9571757e-05,0.006282033,3.5755435e-05,0.0057080314,0.00028632086,0.00016807557
B294,0.03488077,0.031163458,0.0056426954,0.0046768542,0.013378863,0.002676438
A1407,0.023165528,0.021429246,0.017703997,0.022637784,0.022543278,0.00503959
A195,0.036565166,0.009297947,0.03619887,0.0009809657,0.020185193,0.027724057
A1529,0.019563025,0.0503485,0.012507631,0.0074596414,0.030433387,0.019384397
A2202,0.002663504,0.06539989,0.039873023,0.023907606,0.0075707072,0.0124020735
A1748,0.028956566,0.034348194,0.031878084,0.027268443,0.0036721043,0.031435125
A2005,0.0007728096,0.00270083,0.0009582957,0.0015091271,0.00078364887,0.0004968292
A6,0.0006880261,0.0004875984,-5.928181e-05,0.00013188021,-6.737274e-05,-2.0116166e-05
A1090,0.039224114,0.022962349,0.008051543,0.041168988,0.014241338,0.03706114
A640,0.040443495,0.0040550935,0.037414946,0.000490438,0.030268073,0.008874932
A117,0.0017429315,0.0062106475,0.0029700983,0.0004409674,-0.0002198462,-0.0011164583
B356,0.009701685,0.004859266,-9.625787e-05,0.0005271939,0.00054608117,0.0003411391
A1316,0.009146088,0.024158683,0.016422506,0.02262734,0.00010318698,0.015610167
A178,0.005092265,0.003578115,0.0031257314,0.0035463448,0.003070991,0.0026939039
A432,0.022382269,0.03507652,0.038604617,0.006254877,0.018512499,0.021306379
A1379,0.00085565523,0.047057334,0.029101225,0.047919646,0.021950152,0.039559666
A2344,0.022984393,0.07644704,-0.0055679437,-0.004003162,0.021317536,0.026036208
A411,0.020185811,0.04089828,0.04963,0.0066716773,0.01598197,0.044514697
A2023,0.040089905,0.027183093,0.040562827,0.0133331865,0.041987833,0.016918417
A1980,0.025248347,0.018359847,0.00989677,0.005166552,-0.00014297265,0.0027144959
A1484,0.0010530289,0.0020467986,5.1515864e-05,0.0012829438,0.0002378977,5.4096905e-05
A1470,0.04010596,0.022096034,0.012488086,0.040465273,0.0351578,0.023295257
A2087,0.013066008,0.05701573,0.026634114,0.018200496,-0.00024055336,0.00056933804
A1997,0.02346108,0.028265024,0.031766247,0.0044733454,0.016990561,0.020654384
A1754,0.006350191,0.045922827,0.040748946,0.025419526,0.039412312,0.026579676
A2213,0.029996598,0.04610375,0.007893546,0.044275366,0.022044104,0.0038360532
A1465,0.008497086,0.026059743,0.008109374,0.012461406,0.017320907,0.0079328725
A1213,0.03554649,0.029766656,0.017284373,0.042710926,0.04516072,0.002521768
B204,0.048743807,0.03555573,0.00091743097,0.0014767876,0.013923694,0.015253844
A1537,0.03768505,5.8849713e-05,0.015985787,0.018878331,0.014175547,0.016968459
A2366,0.021222759,0.06806803,0.011962024,0.054528877,-0.0018350092,-0.0013328843
A2209,0.033815794,0.03280326,0.038013224,0.02781565,0.04886764,0.00084569806
B281,0.01628344,0.020078925,0.0051494883,0.015970815,0.0004888407,0.003961297
A1476,0.0027698413,0.01398972,-0.0003719504,-0.00035407013,0.0012539696,0.0019529538
A311,0.046449736,0.009078349,0.03609224,0.040261976,0.031706575,0.023765495
A2177,0.0018276374,0.007801964,0.0015977697,0.0060019554,0.005641146,-0.00010760259
A1006,0.009831625,0.007253333,0.0011796599,0.008820366,0.0040604845,0.0033283983
B157,0.0077768727,0.0283671,0.025530571,0.0115829725,0.022663927,0.012323012
A249,0.011069872,0.032325353,0.0025266928,0.0051801605,0.019690076,0.0005682949
A744,4.1149833e-05,0.00028281572,2.1904232e-06,3.2177695e-06,3.927386e-05,8.611885e-05
A1867,0.0010839995,0.0006784133,0.00024970033,0.00075772987,0.0002092658,0.0002238964
A2108,0.06420706,0.05602043,0.013663158,0.040901784,5.4006894e-05,-0.0091428375
A2196,0.013941405,0.047101934,0.044604495,0.004356849,0.029817043,0.032794565
B342,0.05723615,0.024892928,0.0022231354,0.060751025,0.004678928,0.0060030124
A1120,0.023818586,-0.00044787774,-0.0073513007,-0.0014811923,0.0012580511,0.00563587
A1879,0.069058225,0.008050166,1.4716715e-05,-7.464666e-05,0.020674026,0.030679792
A1701,0.013208979,0.016529625,0.0065482175,0.0089742225,0.011152204,0.0028278322
A1240,0.012240527,0.033477537,0.012711239,0.0059118075,0.0019283223,0.01893755
A1216,0.04314146,0.027327495,0.012218577,0.0041141016,0.0013518322,0.0012627543
A2288,0.011672372,0.06873369,0.0031268573,0.00072454836,0.03244905,0.033549987
A1203,0.035667982,0.04992381,0.038509224,0.02323338,0.025169991,0.034905985
A1373,0.025985641,0.040861167,0.009000255,0.042297762,-0.0019857977,-0.0008221569
B240,0.045431938,0.008750457,0.0009073802,0.04558022,0.031277977,0.031711623
A1985,0.008079458,0.009531698,0.0062969984,0.009889067,0.0069641313,0.0011841994
A211,0.0002446279,0.0003398758,0.0001382906,0.00022873988,7.3310975e-06,4.900603e-05
A602,0.012211177,0.019398361,0.022376897,0.010377117,0.018455114,0.007973923
A64,0.022488581,0.038888052,0.040812414,0.022174591,0.0010183641,0.04173396
A1109,0.02010492,0.040310703,0.015083683,0.0037593336,0.0070065395,0.0008055562
A418,0.01532816,0.00051661266,0.0042276415,0.010099045,0.0005184427,0.0030393477
B150,0.04932066,0.020171214,0.03653815,0.036263227,0.03618955,0.014556622
A2304,0.02180771,0.059916433,0.012917825,0.015676564,0.006055155,0.03175881
A796,0.06829487,0.0015377045,0.002872426,-0.0015976903,-0.009609989,0.0005843282
A2042,0.013109508,0.02886095,0.025261981,0.00858782,0.0023205439,0.018965255
B187,0.0013325034,0.0015752114,0.0014163543,0.0011481728,0.0012349295,-0.00017288057
A2283,0.019220242,0.055058125,0.030565096,0.022817086,0.015039769,0.030458469
A1680,0.0006911853,0.01745262,0.015105765,0.0020224745,0.008819695,0.008877349
A886,0.009322965,0.059211288,0.0021931666,-5.748396e-05,0.018960118,0.0055395192
A1998,0.024026308,0.013583018,0.005835056,0.02404102,0.021718564,-0.00013175505
A319,0.04487182,0.002164099,0.040272664,0.021270722,0.044374954,0.00037367354
A1082,0.0020861914,0.0041059367,0.0016365688,0.0025483926,0.0003888756,0.0010622137
A59,0.028542463,0.014514362,0.0127778305,0.028899468,0.03842349,0.005779989
A1752,0.04737472,0.03791335,-0.0003989185,0.0026030838,-0.0014095795,0.0056388024
A1321,0.009955566,0.04811474,0.0031431676,0.0036390736,0.022106647,0.015388401
A1800,0.028346071,0.039502416,0.034901865,0.018551933,0.0005028076,0.0006488842
A741,0.049680777,0.034485534,0.040893067,0.00045659914,0.0005239282,-0.0012984305
A576,0.012728219,0.055331662,0.013303916,0.04187176,0.038092196,0.009677478
A1088,0.0073756156,0.001075261,0.0012728046,0.0011776797,0.00075114524,0.0030158819
A1556,0.04567887,0.0008229675,0.007965917,0.047976196,0.029816784,0.030981699
A1276,0.047240447,0.01123224,0.0110652875,0.00684615,0.0017887686,0.00078801723
A566,0.056697812,0.0622792,0.017372089,0.044952486,0.017816773,0.033916175
A1188,0.0056663603,0.019849846,0.0016374694,-0.002503169,0.004165142,0.0025585492
A289,0.049757183,0.043862738,0.00709944,0.007871523,-0.003555899,0.05646626
A706,0.028766256,0.04549796,0.015554022,0.031272702,-0.0013206395,-0.00029421962
A486,0.02767837,0.017697113,0.02618454,0.0074725514,0.020596152,0.016831163
A867,0.08500541,0.0047067124,0.0033479119,0.00081835105,0.011720951,0.010637057
B391,0.017351342,0.06379166,-0.0028961336,0.0015069046,0.017679414,0.03664243
A843,0.054687552,0.036104854,0.044212453,0.016458917,0.014271903,0.043290444
A523,0.030770099,0.016786972,0.024518741,0.008332656,0.028022802,0.0007140219
B189,0.0016784292,0.047185425,0.027836973,0.016045399,0.04351933,0.013806742
A330,0.010835647,0.046511523,0.003739511,0.034950912,0.031527493,0.035606615
A2073,0.044005062,0.019066604,0.03963875,0.01842793,0.040548984,0.019962486
B403,0.028486092,0.059560664,0.0038786812,0.008772943,0.018265827,0.043228887
A931,0.048226953,0.00997453,0.033493437,0.031991225,0.02817293,0.042002376
A317,0.05595933,0.016736422,0.0306969,0.007152498,-0.00085724425,0.0006338858
A305,0.028021226,0.038345974,0.039238933,0.024983155,0.044381134,0.0105128605
A2235,0.020810734,0.012545561,0.006039457,0.023302216,0.008081703,0.019240925
A1659,0.040696707,0.0066715716,0.010158536,0.022123367,0.010540052,0.018133532
A1663,0.012395846,0.005329415,5.8462083e-05,0.004970239,0.0035270653,0.0019920836
A582,0.011958867,0.012345812,0.008844975,0.0074187443,0.0052175983,0.0010465117
A392,0.076128334,0.029254798,0.011619006,0.024663685,-0.0006380113,0.042438917
A2124,0.041165747,0.011944613,0.0010694404,0.011646893,0.012386993,0.016442368
A2074,0.0061467024,0.0046720444,0.0011193644,0.0040765232,0.001795052,0.0007437896
A895,0.048216727,0.03242798,0.0016277203,0.025146367,0.034856237,0.0072868885
A2055,0.04397083,0.0049229097,0.03951668,0.019572144,0.024211222,0.02492828
A658,0.03315228,0.033508696,0.04783677,0.010863246,0.009698904,0.046092056
A483,0.015683707,0.058813587,0.026665261,0.032311242,0.004716042,0.0039404216
A710,0.016814627,0.00268295,0.012873927,0.0022186046,0.0020548843,0.009907608
A1431,0.00063410366,0.0022324855,0.0020195302,0.00039948212,0.00011220468,0.00028565014
B21,0.015235578,0.008169816,0.015121241,0.0083315745,0.00975323,0.0048047095
A768,-0.00055439485,0.0038256417,0.0015400709,0.00266901,0.0017554179,0.0018466725
A1787,0.0034770195,0.012164916,0.0022962422,0.0076821726,0.004306331,0.003907516
A815,0.027583275,0.04663997,0.050207324,0.029322015,-9.492445e-06,0.0004292477
A841,0.029825846,0.058391865,0.006694109,0.044422578,0.006460513,0.046048444
A239,0.013075034,0.057248455,0.03808046,0.005274442,0.034857847,0.020579757
A144,0.02516684,0.013665402,0.024239708,0.012163429,0.0049738567,0.025472097
A1883,0.0025377953,0.031421043,0.015580193,0.009707082,0.006966391,0.01712393
A901,0.021245297,0.014671186,0.009595206,0.01596089,0.009145666,0.007787886
A1734,0.01234299,0.0033636254,0.0039222105,0.0027551511,0.0018133289,0.0019320217
A749,0.032738246,0.012849821,0.01637145,0.027626427,0.032351863,0.0014677825
A911,0.028456764,0.014585489,0.00027604456,0.029390205,0.020926775,0.026016364
B283,0.015706806,0.030619595,0.00022926329,0.037174087,0.021557832,0.042273425
A105,0.07727329,0.036182307,0.0019919467,0.00042034092,0.001346023,0.0026533043
A137,0.0059644836,0.0017766947,0.0013453565,0.004876601,0.0033587294,0.0026664746
A1857,0.0073722624,0.0044707763,0.005919412,0.0019969153,0.0059389276,0.0022844002
A2057,0.04102422,0.00087767764,0.040640626,0.013025099,0.014184395,0.028929332
A1874,0.022337442,0.082071334,0.0076977406,0.0038543874,0.01396384,0.008440817
A519,0.03811287,0.016806053,0.0007093598,0.00049379154,0.005207812,0.005268025
A770,0.047089804,0.00059337565,0.05039029,0.005307323,0.043353163,0.005471492
A2113,0.040810455,0.005713277,0.037658323,0.02694476,-0.0011880181,-0.0010723434
A1655,0.0067519983,0.044826012,-0.0014847011,0.03989906,0.005740705,0.038004298
A632,0.027394796,0.027244696,0.011506627,0.037419487,0.031286143,0.018062675
A1765,0.016546829,0.022679688,0.0008422278,0.00046053232,0.00846203,0.003301364
A1899,0.045971874,0.012898336,0.040005066,0.022401895,0.0326551,0.033140358
A1480,0.0023157282,0.001245162,-8.53385e-05,-2.6347716e-05,0.0003415553,0.0004258187
A1336,0.034343135,0.032059576,0.045825828,0.010651842,0.0313695,0.033674873
A1423,0.014083143,0.036272414,0.011817392,0.013903184,0.01706271,0.0051837573
A1038,0.012930494,0.023691215,0.013921574,0.023474611,0.00048042275,0.0026845122
A474,0.0048125866,0.004647525,0.0018113968,0.0029930943,0.0020500033,0.0012657988
B169,0.0014816587,0.00029821842,-4.7750105e-05,-2.0546337e-05,3.4600016e-05,5.265811e-05
A524,0.0031460298,0.00085877994,0.0006452932,0.0022350578,-0.00026680838,0.00194036
A1606,0.0013493841,0.0024288904,0.00048616447,0.0006400846,1.7976352e-05,0.0014351998
A66,0.013508395,0.040684983,0.03158316,0.0038277034,0.0026777233,0.0024949422
B282,0.06084877,0.026392754,0.021969698,0.040507216,0.019198995,0.039328855
A738,0.008882041,0.06298813,0.018576434,0.00467661,0.044280514,0.013503177
A557,0.0009704622,0.00026290416,0.00026249795,0.00045958228,0.00030186184,3.7142865e-05
A825,0.032524373,0.021539174,0.031012442,0.014477656,0.0023878033,0.027679598
A1510,0.045770213,0.012211068,0.04351188,0.017482063,0.029749816,0.03653495
A1490,0.055030864,0.029255515,0.0037548274,0.040774148,0.023168886,0.017372327
A296,0.07164534,-0.0002148911,0.0008172269,-0.00041255882,-0.006914758,-0.0031971491
B161,0.030058298,0.0063315113,0.0028541386,0.0318795,0.0021455705,0.0049120444
A194,0.02602068,0.027569113,0.007603531,0.035595197,0.03333526,0.008887908
A836,0.015252904,0.037400328,0.014072377,0.030726533,0.006319369,0.011729558
A1481,0.0021559873,0.00053046335,-2.8341125e-05,-0.00015570322,0.0004040996,0.00023445812
A2218,0.047058407,0.022618461,0.04969408,0.0144451205,0.020355128,0.010855696
A1652,0.019876717,0.030938065,0.008369386,0.01516651,0.0005546659,0.01771144
A612,0.012314724,0.0454246,0.0020759616,0.0036632675,0.013689472,0.020818116
A991,0.008192634,0.016847631,0.016551621,0.00079279364,0.012930111,0.008386842
A1334,0.05552137,0.01768918,0.028661579,0.024703603,0.00268246,0.0011803599
A62,0.03896785,0.023980528,0.034266666,0.023733236,0.006060489,0.03498781
B192,0.025972767,0.015731417,0.008863719,0.023313053,0.013378519,0.014610628
A325,0.00022140722,0.0037287734,-6.237993e-05,0.0017729824,0.00091775064,0.0008604217
A3,0.008085244,0.00065102417,0.0005778815,0.0007427795,0.00029995467,0.0026941358
A1181,0.04061453,0.029562587,0.0030393407,0.048338953,0.0017282167,-0.002058412
A2281,0.03716417,0.052858815,0.037661575,0.04025186,0.000792561,0.0008923086
A196,0.023354227,0.049274966,0.0004380582,-0.00091267773,0.018821975,0.015615287
B48,0.007597635,0.012445112,0.00082834065,0.0010233071,0.0010600378,-0.00035181866
A1538,0.005078026,0.026518164,0.013693905,0.009696083,0.011009135,0.011593757
A1913,0.0046922965,0.027291538,0.011710326,-0.0036077814,0.005114606,-6.213823e-05
A1437,-0.00023845225,0.002440371,0.001488568,0.0010499267,5.1278974e-05,0.00011642607
A781,0.007893473,0.044332627,0.023186542,0.0057641584,0.004370984,-0.00045794697
A1403,0.0362486,-1.6061906e-05,0.014846831,0.01420297,0.009580917,0.017111087
A1222,0.026691545,0.011051546,0.018861849,0.017872298,0.0043281917,0.008217659
A1983,0.041600008,0.016491445,0.034419622,0.02891785,0.032588348,0.02962194
A2104,0.0045509757,0.00048851554,0.003251014,0.00012382487,0.00065601256,0.00011250906
A594,0.0020724803,0.025039332,0.019632356,0.008468807,0.007884123,0.01851112
A1488,0.00082259515,0.0007588998,0.00037989917,0.0001266034,4.9729653e-05,0.00013991125
A2034,0.022870133,0.03882526,0.045549206,0.015572672,0.031381838,0.022891376
A2000,0.0182378,0.004651175,0.0005133328,0.013667057,0.016777534,0.00051080494
A531,0.04785392,0.023271097,-0.00041616883,-0.0004533046,-0.006962015,-0.0041000275
A2090,0.025005963,0.025081059,0.008400409,0.005977922,0.008782761,0.021724587
A1750,0.0068768812,0.054018028,0.0012911711,0.001310122,0.008683142,0.015972331
B357,0.019135766,0.022304751,0.00033361526,0.01822478,0.0040842337,0.0022419826
A1789,0.018657062,0.07394559,0.036300354,0.0045049856,0.009643684,0.002751281
A416,0.0031243772,0.007032164,0.00524303,0.0011418423,0.0036881766,0.001955021
A558,0.058650866,0.038221933,0.007321046,0.0079734605,0.04078044,0.0058136987
A2385,0.0020602548,0.02179021,0.00927085,-0.00066261494,0.003855048,0.001716598
A478,0.038091883,0.020519756,0.019577373,0.011400645,0.031642433,0.027137753
B309,0.061984826,0.026646769,0.0006608495,-0.0003677812,0.03304573,0.015370228
A812,0.024360003,0.0017786728,0.0056018396,0.01593248,0.008404794,0.0015731553
A56,0.008110849,0.045608096,-5.1061063e-05,0.001219755,0.014888259,0.009571903
A666,0.01183195,0.0077905813,0.00253491,0.0018619501,0.0036564062,0.004607885
B207,0.0020819285,0.0018880958,0.0014611013,0.0002501662,0.00015314786,0.00019661219
A1419,0.007813137,0.03932811,0.037126664,0.026912391,0.03978908,0.0009308646
A1911,0.05084184,0.03227049,0.010939931,0.0032761088,0.018037384,0.027817244
A1278,0.00089633075,0.0016059154,0.0014748335,0.00092499814,0.0004579236,0.00092058274
B84,0.03895438,0.025249558,0.028935635,0.020875884,0.00022205214,0.024387343
A2339,0.024683706,0.02170403,0.024876297,0.0047053085,0.014707277,0.015652837
A730,0.031531844,0.008991175,0.021578144,0.002391389,0.012527111,0.01626938
B232,0.051596507,0.0055288877,0.012584685,0.043753546,0.040582087,0.016496114
A520,0.017195342,0.025040276,0.0021591745,0.0017284133,0.0040814546,0.010001375
B114,0.015351126,0.0047739167,0.00089650264,0.0012365227,0.0005507108,0.0021705476
A355,0.015768249,0.00019761379,0.0042873276,0.013536638,0.004057475,0.0062447926
A1788,0.023283547,0.0004665329,0.0099641895,0.009813393,-0.0014390011,0.00019179558
A1689,0.03101783,0.056899432,0.0019234295,0.011903951,0.028192056,0.03251842
A1460,0.017470125,0.005509945,0.017734235,0.0046452316,0.009750419,0.00030795112
B257,0.023659265,0.023501989,0.011005996,0.031038843,0.0009056681,0.0006095398
A1190,0.044896077,0.018910207,-0.00011624999,0.00048886996,0.006728244,0.0031118956
A1132,0.008364587,0.031681344,0.025633402,0.0051375297,0.019508736,0.0045931363
A660,0.002240912,0.003549826,0.0028370474,0.0010546765,0.0017067293,0.00024538607
A175,0.007974987,0.01129438,0.007921014,0.007119907,0.0028485314,0.0074318587
A2127,0.032772392,0.021639649,0.002664513,0.042229313,0.009224334,0.034833517
A675,0.012084267,0.013614249,0.0066025387,0.010990933,0.004054936,0.0034100232
A846,0.0038858154,0.060385156,0.046112932,0.006675722,0.043631434,0.017018594
A2200,0.0031970092,0.026661487,0.0096976,0.0072860015,0.007316278,-0.00039854142
B15,0.004022665,0.0018350125,0.0023706667,0.0034918836,0.001254683,0.0007796174
A1472,0.0077645485,0.046389356,0.017083447,0.04346716,0.04612444,0.0070987954
A197,0.040412452,0.03699029,-0.00048812752,0.0009912102,0.0241742,0.0062456
A1624,0.0026098771,0.041008778,0.005116917,0.0071107545,0.0006543634,0.0082274685
A890,0.056848343,0.045592792,-0.0005591525,8.7949986e-05,0.0018884471,0.03033019
A1801,0.04152835,0.0014434535,0.024656119,0.006388401,0.0006050926,0.0008211559
A1025,0.04014227,-9.154926e-05,0.00054829114,-0.00079507136,0.015620564,0.0175364
A1635,0.046562724,0.0113985,0.040768977,0.07010089,0.018093463,0.00706526
A1557,0.0078102816,0.012326001,0.0093505,-0.0007673461,-0.0018059652,-0.0013398848
A793,0.011134224,0.027976776,0.028418506,-0.0007900066,0.01855699,0.017002178
A1993,0.0127523495,0.011161751,0.0074522207,0.00919376,0.00076383067,0.008716783
B287,0.058840327,0.016755579,0.0063842046,0.007261964,0.042817093,0.0011743233
B303,0.024768058,0.010362645,0.010719836,0.01913366,0.009944463,0.01047792
B320,0.052680727,0.03508048,-0.0011752214,0.0062821647,0.015054806,0.019441528
A508,0.04724003,0.011444303,0.02094085,0.043654926,0.0270532,0.011156777
A1111,0.032619637,0.048104618,0.01144281,0.015612231,0.029108329,0.021834
A849,0.04291891,0.019838912,0.04207282,0.020957487,0.03737347,0.02780257
A874,0.0525286,0.026665825,0.0066462774,0.02930016,0.00312564,0.03818282
A21,0.02020265,0.045644235,0.038720116,0.018756246,0.0025514462,0.044459995
A10,0.006142459,0.005290683,0.0018258552,0.005753192,0.004895144,0.0023149194
B196,0.052611854,0.03545783,0.00018564779,0.0004610143,0.032674965,0.018108552
A1087,0.03484585,0.030258302,0.031232111,0.016204514,0.041968595,0.0077603986
A2429,0.024223741,0.04032968,0.02826677,0.015089603,0.02133923,0.029785799
A2345,0.025604634,0.05124061,0.0004527112,0.002846568,0.020617459,0.0020592904
A521,0.019757954,0.038128115,0.036846697,0.010845203,0.02322131,0.030812867
A2349,0.022816723,0.0044309148,0.0042603114,0.022184478,0.009640909,0.020829225
A405,0.041278504,0.015790733,0.006068903,0.004616393,0.016945355,0.01668225
A1086,0.041170094,0.0020466407,0.017421097,0.035018224,0.03082916,0.002582062
A2109,0.046916425,0.004001782,0.033840112,0.033623677,0.012252689,0.044837724
A1595,0.048620127,0.012951586,0.014435538,0.005373509,0.0029704757,0.011862814
A2161,0.06605421,0.011710719,0.0059025115,0.04504533,0.001831325,0.015582544
A2050,0.009912617,0.05320036,0.016898526,0.025498195,0.0036470967,0.041400503
A838,0.043195065,0.018340852,0.02944824,0.035980754,0.04763419,0.0019831595
A2204,0.01777988,0.04582206,0.030103002,0.03460486,0.00086913136,0.044311095
A830,0.0021662978,0.04003737,0.013769647,0.039458353,0.000799692,0.018432062
B98,0.050742585,0.007950709,0.037525356,0.014150259,0.031662777,0.00463336
A644,0.01163904,0.04601469,0.013463238,0.052688695,0.0071181855,0.03700665
A1124,0.020740757,0.013556487,0.0015032442,0.000750661,0.0022075125,0.0035049391
A2417,0.007934095,0.042885672,0.004285333,0.04318245,0.04227167,0.0007146858
A1877,0.009541833,0.0038932813,0.0038656413,0.008280675,0.00087875983,0.008012054
A1756,0.00303758,0.06842966,0.0003982327,0.0064916457,0.03152592,0.010097427
A663,0.041606687,0.02805298,0.009594649,0.031325538,0.004783243,0.0006903941
A1165,0.021603018,0.0036648822,0.0083220145,0.0053533744,0.0008153218,0.0005013757
A2069,0.06136207,0.028078513,0.007150112,0.027246898,0.0059833652,0.018464318
A965,0.015966246,0.05452695,0.0020743292,0.0020742698,0.029555555,0.012453343
A1852,0.021387469,0.0754777,0.03835013,0.02219083,0.0004162257,0.0069990465
A739,0.05933316,0.043195475,0.002053195,0.009568865,0.016106099,0.032856863
A234,0.0036729737,0.054265097,0.02962184,0.017488707,0.0075341915,0.010025238
B354,0.035937794,0.0023742295,-0.0025549324,0.00072791695,0.007982178,0.0021867969
A285,0.0017253216,0.046622626,0.04149755,0.04109524,0.04330961,0.012551652
A1692,0.012185858,0.041614633,0.010811195,0.040587995,0.027070057,0.025713414
A2414,0.031535394,0.036167357,0.025746437,0.025839107,0.0074720657,0.039639957
A2024,0.047252614,0.018430004,0.016100341,0.031360045,0.006649953,0.01638883
A1130,0.0028335452,0.004495329,-0.00050021143,0.005040903,0.0017206285,0.00088272255
B12,0.0009552615,0.0005986819,0.0004972916,0.0003899202,4.9650644e-05,2.8983954e-05
A1340,0.042334065,-0.0010041298,0.034419592,0.015414249,0.026650067,0.023046501
A2059,0.033378072,0.01391032,0.027307175,0.0065899966,0.017570231,0.018633174
A622,0.06715038,0.039929684,-0.0003733232,-0.0024330474,-0.00044585994,-0.014444816
A231,0.007110079,0.014628912,0.012607763,0.00744281,0.011062523,0.0030293227
A1050,0.00035714245,0.0034146882,0.00066208444,0.0004515424,0.00049971207,0.0014150066
B388,-0.0018625311,0.04280746,0.006016752,0.032112516,0.0018067227,0.003540271
B243,0.0105821835,0.026774473,0.024959514,0.010578381,0.012056547,0.012930748
A191,0.036956258,0.0035315675,0.00830756,0.03398497,0.0044432855,0.017086836
A373,0.026553255,0.081136316,0.002178199,-0.001507897,0.0120036425,0.013341504
A513,0.0001429298,0.04596376,0.0065204846,0.04001878,0.0022399488,0.014748947
A2370,0.04575807,0.036070883,0.010652974,0.006077404,0.029769592,0.020030977
B220,0.02671352,0.002833525,0.024635246,-0.00032193988,0.022840146,0.002643799
B18,0.018213924,-5.201863e-05,0.014523544,0.00628427,0.011895196,0.009982754
A2136,0.054087482,0.036624048,0.065403506,0.0027397727,-0.00022217553,-2.4010555e-05
A2306,0.018939579,0.038458567,0.011673526,0.027135594,0.010209166,0.016281044
A54,-0.00025920328,0.014591566,0.012040723,0.011058173,0.008119951,0.0032923175
A23,0.022454519,0.04076173,0.0018556955,0.046469867,0.001936996,0.045371063
A1489,0.040030662,0.0052894363,0.014118312,0.02932301,0.003488258,0.007937551
A460,0.023955978,-0.00041600064,0.01978601,0.011216313,0.013898454,0.012857729
A1199,0.055867337,0.026894398,0.021462891,0.0023947512,0.005736513,0.0032703863
A1921,0.0056707296,0.06243692,0.029438926,0.06644051,0.011839715,0.049352773
A367,0.050564084,0.009767428,0.04791785,0.00096915476,0.007151007,0.033486094
B172,0.013468784,0.030233683,0.022132808,0.019743705,0.0017323972,0.0019156735
A362,0.023475956,0.037643015,0.029384065,0.028499441,0.03863703,0.0134070795
A694,0.0007623903,0.0010068467,-2.4645411e-05,0.00013161615,0.00022706305,1.6342587e-05
B7,0.038482137,0.006274249,0.037979852,0.0053180107,0.030410534,0.015171247
A1673,0.0096181715,0.010213675,0.011202458,0.009115743,0.005217784,0.010175833
A584,0.049177665,0.010973385,0.0075827865,0.034652088,0.0011827087,0.0018879806
A1495,0.0035236306,0.018028917,0.010315859,0.014023615,0.014569278,0.006770649
A278,0.042864207,0.016328733,0.04706062,0.03053032,0.042766146,0.038991496
B392,0.061050612,0.035626948,0.045553394,0.010349094,0.007815861,0.0025993672
A511,0.015803048,0.047421154,0.005976726,0.0004614113,0.030143308,0.005384905
A1020,0.013360607,0.026212221,0.007480818,-0.0020256308,0.010668163,0.012567854
A2033,0.028205967,0.005734301,0.017487591,0.021311555,0.020655664,0.012750509
A1220,-0.00045026228,0.010365145,0.0010882089,0.006125534,0.00069197797,0.0023461918
A2008,0.0017596952,0.0020754538,-9.05523e-05,0.0018090925,0.0011685571,0.000656927
A437,0.007642218,0.049865592,0.04281128,0.017589848,0.02871883,0.045784432
B77,0.010463765,0.02538337,0.009909036,0.020418936,0.01807682,0.009593835
B355,0.010888418,0.039173547,0.023517162,0.0007115254,0.017996617,0.017839082
A339,0.026896471,0.01982331,0.007827696,0.034120303,0.0021485193,0.0071747773
A2164,0.04963607,0.02134935,0.00066983455,0.039707944,0.020882957,0.0025423407
A2364,0.02225295,0.017109772,0.024743818,0.016671157,0.007801992,0.013365362
A873,0.07712463,0.023218513,0.00020311614,0.00087787927,0.045861892,0.007412136
A709,0.014351341,0.019163866,0.005005496,0.010811182,0.0032143034,0.0060044173
A1717,0.05875869,0.03888325,0.029610591,0.007957482,0.0019695617,0.04403138
B125,0.04113422,0.023860315,0.023060095,0.038449343,0.058852453,0.015935611
A1664,0.00039964198,0.0029639404,0.001209023,0.0006525877,0.0006515307,0.00049200765
A202,0.045912914,0.018313859,0.054804638,0.014496703,0.007473864,0.03326666
A2227,0.08572863,0.02901006,0.0010235773,0.00359173,0.032870732,0.024602061
A1839,0.059252493,0.03791683,0.0018404905,0.033177845,0.044424314,0.007869541
A248,0.00024089482,0.046314616,0.0018876384,0.03595298,0.00992868,0.005855941
A61,0.043108564,0.029763427,0.029134655,0.03513639,0.018746896,0.030570857
A192,0.04124544,0.01663198,0.037326865,0.001749488,0.03320419,0.0055572805
A2143,0.067277454,0.0068821707,0.040985,0.04204265,0.0031117124,0.0030901171
A1532,0.0491343,0.0053951573,0.0060271067,0.002553708,0.0060125277,0.012306381
A2255,0.033187892,0.0062653203,0.0012875632,0.0015715581,0.0050277454,0.00812946
B137,0.051306307,0.0051807244,0.009243195,0.034767035,5.4726377e-05,0.04537952
B62,0.00031470892,0.034171056,0.018556189,0.0068532303,0.020374501,0.00027398087
B225,0.001409315,0.0044790385,0.0021585156,0.0014389412,0.00016813967,-0.00023003021
A1869,0.034468215,0.045724403,0.029903956,0.010838344,0.03973179,0.015134993
A597,0.02039143,0.07742498,0.0018808194,0.00047470588,0.011952413,0.018481553
A173,0.002151769,0.013002967,0.004891203,0.0057936613,0.00506931,0.002211815
B105,0.000531183,0.00031995596,1.6004162e-05,4.846726e-05,1.0104467e-05,6.092056e-06
A1937,0.049649525,0.008436195,0.024273211,0.017000275,0.01941167,0.034753725
A2406,0.00060138764,0.04858893,0.0014337935,0.04827364,0.02385422,0.04043646
A1544,0.043095488,0.017141966,0.008148664,0.008872984,0.015626814,0.008867154
A336,0.055811796,0.020859333,0.044926804,0.0017265207,0.03272944,0.03077651
A2211,0.012220798,0.04544458,0.027281465,0.038611475,0.020721432,0.049913872
A2293,0.014685309,0.057232615,0.012320009,0.0061311726,0.030292902,0.017790236
A1821,0.0040926323,0.0024088994,0.00021700868,0.00027505978,0.00025707338,0.00036659447
A948,0.055984203,0.021467771,0.008563119,0.04045979,-0.001585758,0.0023983896
A366,0.016058443,0.06168694,0.037678175,0.009141034,0.016137037,0.022202818
B353,0.053365655,0.0062948638,-0.00013990924,0.0031419322,0.001841937,0.0009196689
A18,0.04219733,0.0072178664,0.03131487,0.021164417,0.021019079,0.03310991
B69,0.008995769,0.03983294,0.00421102,0.009496451,0.008849639,0.0015856118
B335,0.055859108,-0.00085854315,0.0045740423,0.014935293,0.019103246,0.027011383
A1143,0.0054624155,0.019663872,0.013798297,0.011242026,0.0006685561,0.007269855
A636,0.0040370943,0.078342356,0.00086159096,0.001080126,0.025595345,0.030273326
A2362,0.041465297,0.00084441813,0.042806264,0.008293097,0.004780381,0.04452734
A1133,0.016407307,0.008997194,0.005317749,0.013214005,0.004032099,0.009787465
A2054,0.026966183,0.025039725,0.015439699,0.0015268134,0.008208597,0.0003336509
A365,0.036758207,0.009885047,0.011788493,0.019916542,0.008536517,0.0039306437
A752,0.0058393716,0.03643694,0.045318373,0.006926899,0.012771085,0.016396482
A446,0.01824162,0.024888214,0.015644263,0.015222498,-0.0002850025,-0.0022835874
A1422,0.016476398,0.04306148,0.0057205064,0.020716827,0.026064506,0.025501097
A1346,0.014704893,0.013923196,0.009192797,0.0025712005,0.002573242,0.0045391223
A2431,0.019168733,0.049910903,0.031574234,0.011331816,0.009220599,0.033241738
A2282,0.036202084,0.034005407,0.013794914,0.022114182,-0.0014276395,0.033264063
A72,0.0051967106,0.05030084,0.021417668,0.015715126,0.016703822,0.022837507
A2303,0.009818828,0.044075307,0.029151158,0.020885758,0.026161868,0.00922133
A1056,0.06451638,0.027378699,-0.00018950313,0.0030439354,0.011235817,0.005412194
A2276,0.03504229,0.06673723,0.00049669185,-4.375722e-05,0.028193062,0.0045850137
A428,0.0053807,0.02941261,0.0052651986,0.022043172,0.006886826,0.023490524
A2183,0.056947097,0.013607427,0.03377797,0.029319637,0.0046040644,0.0431659
A651,-0.0007703137,0.041000716,0.034305904,0.019596716,0.0344105,0.015422593
A650,0.03025381,0.036003593,0.020697229,0.03470377,0.045157086,0.008479467
A862,0.03420026,0.032511923,0.047012195,0.0023392409,0.041760392,0.022092367
A1414,0.01571419,0.03945084,0.0014291744,0.002778195,-0.0009964585,-0.00015806756
A494,0.0058607906,0.00567273,0.0030217143,0.002535125,-0.00042793757,0.0005252863
A84,0.0039166464,0.050960485,0.037369173,0.019494517,0.04219441,0.013485982
A1028,0.05189089,0.021877121,-0.0010077152,-0.001289379,0.005109949,0.00583832
A2156,0.058532156,0.042124525,0.0048072073,0.0116047645,-0.02726442,-0.005848997
A2301,0.018245168,0.032335106,0.038441207,0.019921659,0.030260583,0.0126253
A1055,0.021420209,0.054063417,0.025090108,0.026626986,-0.00092009606,0.00045982844
A1501,0.010720092,0.044902198,0.026093218,0.033190895,0.023316028,0.030546512
A2004,0.0027356497,0.0021469353,0.00082519726,0.002058224,0.0011666543,0.00021304958
A518,0.04056155,0.0017579491,0.014525297,0.028153637,0.014909304,0.052842155
A662,0.04183839,0.0029311643,0.01717905,0.010561979,0.022563737,0.019612355
B43,0.06304419,0.009320635,0.0073635946,0.01452784,0.0055741905,0.04583231
B183,0.013779872,0.00017585728,0.0013775602,0.008634373,0.002257805,0.002179867
B14,0.0013687613,0.00056482677,0.00038967462,0.00059873133,2.2228145e-05,2.1256881e-05
B254,0.062458232,0.016750107,0.0056897057,0.0010370784,0.0063576135,0.031199643
A722,0.0153135685,0.028364288,0.018648263,0.002450843,0.01743562,0.0022984443
A1648,0.00037631084,0.008101935,0.0070107803,0.00093838957,0.0038474759,-0.0002428415
A1066,0.0385815,0.017530061,-0.0015552263,-0.0020831402,0.024341645,0.013362256
A1856,0.03746282,0.060854737,0.0013551858,-0.009581995,0.024516279,0.008922216
A525,0.034422077,0.034229223,0.038762763,0.003255275,0.0114276,0.042475913
A26,0.0105717685,0.046008527,0.036091242,0.029818976,0.043276183,0.01692041
A2421,0.0020842585,0.061019063,0.046065748,0.021090886,0.020330748,0.015529176
A381,0.02658693,0.049968056,0.015410816,0.037500605,0.0069532534,0.031874694
A1386,0.029412892,0.013066375,0.01025269,0.025552144,0.0053281984,0.02939049
A851,0.019562079,0.051043414,0.04213246,0.019332193,0.023126494,0.030202888
A463,0.055157833,0.009379283,0.032443624,0.010629151,0.045440745,0.0027352371
A1733,0.046804808,0.0046869097,0.04628291,0.008287487,0.042930044,0.019069016
A1627,0.015406649,0.048081696,0.03665282,0.016877886,0.025233623,0.03819489
A1826,0.029584723,0.0035146375,0.009320675,0.018289573,0.012298767,0.005633979
A534,0.010677525,0.06522886,0.039707657,0.0047735586,0.013805508,0.008591477
A806,0.03342192,0.047873892,0.0036598963,0.029133702,0.013164013,0.01335777
B362,0.030805765,0.0021058193,0.0040691965,-0.0017196406,0.0068255872,0.0071748574
A1617,0.0014988519,0.01566716,0.0031454607,0.0037446138,0.00768994,0.0018895812
A1933,0.03157809,0.032116007,0.011962382,0.00406224,0.0018903402,0.0068071666
A1949,0.06013565,0.012635824,0.0028066698,-0.00024987696,0.042091727,0.016869375
A1641,0.022536658,0.0537698,0.03246331,0.021594329,0.0051897806,0.02919977
B347,0.00207409,0.040588617,0.028096372,0.006521701,0.008744354,0.0009424685
A1581,0.049408674,0.01227272,0.04475647,0.017621703,0.038333353,0.008180825
A751,0.029092448,0.0369159,0.028999044,0.027378622,0.020998545,0.016490258
A111,0.0057599484,0.03065955,0.0045159073,0.015346087,0.014249646,0.010296321
A989,0.01799361,0.03923126,0.050224505,0.007511566,0.0354719,0.030872585
A2152,0.06269517,0.0008138817,-3.4920677e-06,0.0018220462,0.03176015,0.022266395
A1186,0.005361362,0.014741998,0.012260899,0.0039688745,0.0038714162,0.0044980305
A225,0.034007505,0.035139605,0.0069012637,0.03955763,0.02423555,0.034585405
A1736,0.046538033,0.004059358,0.052399907,0.032880142,0.017688846,0.014637019
B96,-0.0002431214,0.0061762314,0.0016713528,0.0053253314,6.6857894e-05,4.5473796e-05
A1318,0.0095266905,0.02277573,0.0073293666,0.021008458,0.012085412,0.013241935
A1052,0.00047223867,0.0069332635,0.0021774943,0.0051290113,0.0005059235,0.00083468424
A610,0.0058023483,0.018287547,0.003944703,0.0036302176,-0.0009881406,0.0003769021
A844,0.04352176,0.0140739065,0.0013444964,0.0024539449,0.012370125,0.005104698
A352,0.06177014,0.045640774,0.016565315,0.029676009,0.0018520887,-0.006609145
A2061,0.032577224,0.054021046,0.0042536496,0.0015462647,0.01378102,0.01945547
A575,0.04414389,0.017762294,0.046486553,0.011143484,0.029659245,0.035753332
A1540,0.003857158,0.049416695,0.008049396,0.036847677,0.039203934,0.003090192
A1268,0.020868074,0.04323977,0.041081782,0.010765105,0.036988363,0.014377138
A371,0.04673647,-0.0027862252,0.002494206,0.0013930856,0.01466747,0.033422675
A1302,0.012355939,0.016366364,0.014916643,0.006787831,0.00041475566,-3.2330583e-05
A1299,0.017021818,0.04068078,0.011230295,0.023927577,0.013011173,0.014908101
A2197,0.042128917,0.022348909,0.046563704,0.026339239,0.020921925,0.042179726
A1030,0.04417564,0.0071699843,0.014471519,0.041777033,0.00077424874,0.043603428
A1508,0.04553173,0.030937398,0.029934583,0.027390115,0.010044289,0.03612503
A1491,0.035080984,0.0023269386,0.015367182,0.0136951655,-0.0012140162,0.0012560609
A1311,0.0036117584,0.02456526,7.457743e-05,0.024358494,0.0039150007,0.02255174
A804,0.05411216,0.022787562,0.015444622,0.014260071,0.023708422,0.0067042797
A618,0.012149443,0.05221076,0.03831806,0.019804256,0.029155195,0.03216149
A881,0.010052606,0.068144135,0.068777524,0.021462739,-0.002478984,-0.003399111
A1197,0.023163807,0.036060784,0.02691623,0.0048334557,-0.008911273,-0.0018569853
A1245,0.013541874,0.0022712795,0.00046319113,0.00080449955,0.000490094,-0.00079408573
A337,0.013050584,0.01052511,0.001299647,0.014044297,0.008255697,0.008945571
B333,0.0459099,0.0021604844,0.040035263,0.008575934,0.040834468,0.009988267
A592,0.0072732475,0.0110134045,0.0080054095,0.010506494,0.00048545105,0.0014243096
A2068,0.0013117885,0.016600244,0.014120435,0.0021813943,0.005760802,0.010287782
A973,0.07209822,0.030119339,0.009408144,0.03978561,-0.014487269,-0.005012536
A866,0.08088727,0.002685261,0.0035790603,0.0006299933,-0.0113362465,-0.0054724114
A236,0.03860241,0.042994842,0.032443397,0.005145645,0.02873697,0.01022469
A1605,0.011741503,0.029344494,0.016903656,0.003508856,0.01157523,0.017885478
B251,0.060920276,0.012827156,0.008185298,0.004704523,0.01644858,0.01385814
A1600,6.738388e-05,9.0203226e-05,2.4848925e-05,1.3570901e-05,1.0282082e-05,2.5447443e-07
A1163,0.03604094,0.030778587,0.034231525,0.00846068,0.03179224,0.02369833
A1769,0.025534736,0.035765246,-0.0018975383,-0.0012094042,0.008252584,0.0014227493
A1483,5.892593e-06,5.11612e-05,1.13040405e-05,2.3129209e-05,-7.0193574e-13,5.360413e-12
A1987,0.046343677,0.020701759,0.024801947,0.023884766,0.012369697,0.0016128769
A465,0.058709946,0.014755086,0.0072645363,0.005904403,0.028370596,0.03105114
A1589,0.008604063,0.043262076,0.009165298,0.02615144,0.0030701566,0.0050704805
A648,0.0098697785,0.019365758,0.0105389105,0.005245941,0.00041688283,0.010534074
A2186,0.015578766,0.02892157,0.018654158,0.02411042,0.002914128,0.028009335
A498,0.0072062365,0.06331258,0.061760683,0.013789236,0.001711391,0.0022597301
A979,0.040418684,0.021444773,3.575836e-05,0.045381088,0.041855164,0.014760246
A1477,0.003039726,0.016883275,0.0021260092,0.0010593424,0.001275024,0.0012898959
A450,0.005805529,0.039881993,0.03483764,0.013174565,0.0006691474,0.0002846936
A1337,0.04759635,0.013290453,0.00240039,0.00031418845,0.0007531268,0.011764115
A1054,0.04293285,0.007671223,-0.004160193,0.06195133,0.030590292,0.014352158
A1892,0.014139444,0.01050039,0.005349225,0.01579589,0.0024656428,0.0005385116
A2323,0.022945529,0.039566644,0.01613415,0.042550445,0.013007214,0.06597974
A705,0.048240293,0.011610451,0.033739854,0.0065575005,0.015140261,0.007539313
A1584,0.014435518,0.011193254,0.01633415,0.0069286353,0.0010729969,0.015339839
A753,0.045381315,0.018290726,0.027903862,0.029176315,0.0177249,0.041596767
B188,0.011553179,0.017379792,0.003585943,0.006921155,0.012073691,0.0037457857
A244,0.0038904431,-3.399449e-05,0.0030808724,0.0017284057,0.0013869196,0.002549243
A2048,0.04727639,0.016948938,0.00026140083,0.00049752137,0.028835565,0.015254595
A1886,0.036187712,0.0037939097,0.021452641,0.026215477,0.0052179038,0.0017911387
A2369,0.046804793,0.0061051054,0.022560162,0.05159814,0.010451326,0.03017715
A512,0.008102415,-0.00016065671,0.0028630204,0.00384355,0.002744618,0.0013024377
A1618,0.01640146,0.043409493,0.043390576,0.016520202,0.02227533,0.040141057
A2099,0.0035268837,0.035708774,0.024385102,0.025441784,0.002818993,0.03173484
A1357,0.011299584,0.003759285,0.0038992024,0.0051253247,0.0053675165,0.006522978
B292,0.0039121713,0.008353958,0.0039435476,0.0039179823,0.0021476676,0.0022269888
A1027,0.035806052,0.047397017,0.0013762603,-0.0013242511,0.0070274416,0.013551365
A1229,0.02149149,0.03915445,0.017968368,0.010950995,0.01993229,0.019295366
A316,-0.002068613,0.05896596,0.0074837464,0.029959207,-0.00016688518,0.0007245393
A1986,0.0075993882,0.0038212112,0.0060546277,-0.0002649012,0.0013959653,0.0030946876
A490,0.026302395,0.034183696,0.036905706,0.010211009,0.011024823,0.03656865
A559,0.007518765,0.04626521,0.040649466,0.023519877,0.0014273156,0.04575275
A1142,0.043508343,0.016516438,0.040676497,0.02116461,0.038792584,0.023241822
A147,0.03607678,0.004182936,0.009404102,0.021457741,0.02598507,0.009149295
B238,0.045808848,0.038625732,0.059245348,0.0010499631,0.03800919,0.00839383
A2430,0.040040124,0.029020298,0.03207166,0.03426604,0.016417816,0.0412373
A86,0.010326789,-0.0002890107,0.005749301,0.0055987104,0.003163649,0.0003704833
A2206,0.033404358,0.04193087,0.039369084,0.035260685,0.019237347,0.0411673
A720,0.0034748726,0.007111944,0.0039257123,0.004822712,0.0015170185,0.0065863826
B410,0.03342637,0.062187236,0.033691213,0.020837754,0.0033281401,-0.00975365
A1926,0.03375856,0.016896376,0.034238916,0.015707243,0.010006869,0.0267278
A2022,0.016173923,0.05527777,0.009337579,-0.0019142369,0.025812866,0.0147478925
A36,0.0074540838,0.05794841,0.015614766,0.04709856,0.01757833,0.02900572
A1497,0.01657809,0.0336908,0.036391534,0.0041317106,0.0104078045,0.032810308
A1698,0.012569248,0.010049234,0.010204309,0.0065956744,0.00053635234,-0.0012681055
A1307,0.030562371,0.016641593,0.0023154058,-0.00021744658,0.012912617,0.0026827094
A526,0.017929487,0.045465935,0.042646114,0.021569885,0.024446573,0.039193574
B415,0.027756281,0.047713175,0.010842002,0.037117023,0.0007137121,-0.0007985029
B385,0.0155656,0.020497216,0.014097496,0.010940315,4.2009073e-05,0.00032239346
A2155,0.07077029,0.011369722,0.0105142975,0.018521992,0.0200476,0.027727041
A1401,0.041006424,0.023465527,0.016899455,0.0442182,0.04531837,0.01097031
A600,0.02207893,0.005938752,0.000955119,0.017193733,0.013701141,-0.000629556
A1269,0.043105848,0.013267527,0.02213279,0.03420477,0.046457525,0.033070005
A839,0.050414957,0.022486728,0.041155145,0.0023463864,0.037735697,0.009528859
B293,0.044818655,0.024199465,0.0065969587,0.040057383,0.031657062,0.014575507
A1770,0.06269316,0.025072895,0.00010371943,-0.00018364185,0.011889743,0.016262773
A1009,0.06293879,0.0073865075,0.010631051,0.021653412,0.009910536,0.011193713
A606,0.039153967,0.01795373,0.027324716,0.009493035,0.015498688,0.018757142
A1261,0.04666899,0.011153622,0.034196783,0.029132606,0.029188463,0.037564702
A1988,0.032062087,0.045802046,0.033367198,0.0042445683,0.0023562748,-0.0025590074
A423,0.0039720302,0.040437493,0.015322094,0.04097403,0.008625726,0.020235425
A1948,0.0016219196,0.025877232,0.0042583304,0.0022895685,0.01412375,0.010038472
A1527,0.040798042,0.023429452,0.046834644,0.0005142552,0.04168551,0.018772459
A2039,0.012044464,-0.00010939686,0.010561378,0.0034536906,0.0004826506,0.0024125078
B224,0.014231695,0.020005375,0.018153775,0.010160335,0.017432105,0.002677901
A712,0.029320726,0.009723618,0.022206912,0.020639317,0.01305294,0.016930692
A535,0.020910533,0.013097457,0.001138991,0.00457759,0.0016321472,0.0008762473
A2224,0.02903277,0.010309812,0.0010488606,0.030081721,0.017626708,0.00013834055
A1084,0.009974316,0.0059019006,0.0052727107,0.005500696,0.0068607535,0.0024207144
A235,0.056409195,0.0030860018,0.031575367,0.0101895165,0.017641388,0.006621763
A313,0.022682091,0.0147352405,0.010277037,0.019028824,0.016154291,0.013879051
A1909,0.0023245288,-0.00016348093,0.0007792615,0.0019199447,0.0009606123,0.00038027225
A1035,0.014664736,0.009515747,0.00016804258,0.0037873206,0.0006851016,0.006132346
A2354,0.008694259,0.06326202,0.0008078531,0.0027514687,0.02824179,0.019377042
A649,0.033938132,0.033534873,0.03618834,0.030387934,0.044750694,0.012965285
A1859,0.001988326,0.0032707246,0.0012632542,0.0021284327,0.00015482065,0.0004530557
A274,0.020530632,0.013805096,0.002635375,0.015523267,0.00036117245,0.009467549
A487,0.022300856,0.016278008,0.00090516044,-0.0022851466,0.0013426963,-0.002023497
A216,0.032768793,0.022802737,0.029379977,0.014961047,0.0066451747,0.012791772
A893,0.06309893,0.0053497534,0.03333665,0.027358757,0.026646515,0.0005723479
A50,0.026629608,0.019007541,0.004344247,0.02503304,0.0027825679,0.020985711
A1059,0.024834158,0.039977174,0.009755638,0.0347261,0.0044860533,0.0065363357
A579,0.050360225,0.0041104713,0.0018280329,0.01217013,0.011327474,0.015111848
A215,0.02323256,0.026580729,0.027306134,0.020554414,0.0045543965,0.032761727
A1094,0.044122342,0.0166862,0.044164527,0.016407695,0.020123953,0.042563938
A1011,0.009279381,0.04596726,0.005772221,0.03229297,0.0034226836,0.02004752
A1562,0.04868327,0.022060206,-0.00054025184,0.03984303,0.005362653,0.036124114
A1944,0.021639537,0.0066293543,0.0015134646,0.02038738,0.01964698,0.00874118
A1559,0.043266885,0.03346512,0.053191524,0.014060116,0.02904433,0.011279372
A2052,0.025999429,0.022672808,-6.4524545e-05,0.018183628,0.00421395,0.018337537
B94,0.02900335,0.00246146,0.021394067,0.004772739,0.011728059,0.013932279
A982,0.0032413558,0.0701828,-0.0017221253,-0.0026655803,0.018769184,0.045621622
B138,0.0293963,0.04142136,0.050838318,0.037439108,0.018782148,0.047390983
A2182,0.042902432,0.07174953,0.0047988244,0.008758604,0.03805938,0.001267867
B78,0.0034975691,0.009169171,0.0072573745,0.002212702,0.003352485,0.0032591375
A1520,0.008235159,0.011147478,0.010751078,0.005577785,0.006485031,0.0044511473
A2173,0.042711895,0.052332744,0.019363407,0.041693036,0.039979536,0.0007935198
A819,0.07420819,0.01464208,0.0004875379,0.00014432712,-0.0042760894,0.009412168
A502,0.012327352,0.014448103,0.017678658,0.008854231,-0.00053927663,0.021464977
A267,0.0011889817,0.0064758556,8.0933685e-05,0.0034954597,0.0022951232,0.004061711
B90,0.0035873936,0.051929977,0.038739864,0.014262681,0.03719563,0.02925033
A2390,0.042966302,0.0068535674,0.014472866,0.036681667,0.019739531,0.039039396
A322,0.0750991,0.012402116,-0.0030448087,-0.0037902414,-0.012692947,-0.0021784315
A1420,0.027928052,0.029526817,0.03391955,0.029275285,0.019464973,0.034363873
A256,0.044264235,0.04921645,0.044447914,0.028846102,0.00034730675,0.017332273
A678,0.006288576,0.0274526,0.020903371,0.005185606,0.020002129,0.0027647845
A1940,0.04262581,0.014341891,9.281179e-05,0.01828095,0.022827629,0.016909199
A181,0.04530657,0.0056700846,0.034587827,0.020515578,0.02607137,0.029601578
B97,0.0149008455,-4.8803366e-05,0.012106323,0.0046223854,0.0011090218,0.0011129101
B52,0.05849072,0.02064222,0.017554892,0.0070584463,9.649557e-05,0.034439128
A599,0.00899394,0.048739985,0.03554467,0.010246152,0.01029637,0.0028744088
A2095,0.053166863,0.027210075,-0.00031418185,0.015553466,0.029504703,0.026786666
A828,0.004882313,0.04696671,0.004010605,0.04702638,0.018215748,0.04227548
A1173,0.06063259,0.0043413723,0.0129684815,0.004973747,0.022765687,0.034379374
A1683,0.01060077,0.00021214661,0.007571072,0.004970524,0.0057284576,0.0052365153
A2297,0.004449792,0.055695895,0.0029872416,0.011274469,0.0020379552,0.01283358
B390,0.06474673,0.024515413,0.043429382,0.014863814,0.04431406,0.010636445
A1049,0.003391281,0.0008490346,0.00034297787,0.000706132,0.00045860713,0.0014448152
A816,0.033584002,0.01844838,0.0130700115,0.035286047,0.009337857,0.013634189
B252,0.048285086,0.008287488,0.031977005,0.032694127,0.045887824,0.010264143
A439,0.028253317,0.05104645,0.03516908,0.020266084,0.025183426,0.030088898
A2133,0.04401544,0.04761012,0.049671773,0.040894024,0.00041266286,0.00067375024
B112,0.018458115,0.04497476,0.011449055,0.014078755,0.0010012963,0.037077665
A1596,0.0017962363,0.013274904,-2.064587e-05,0.0005737566,0.006943061,0.0017127835
A988,0.039804004,0.015823795,0.0075421254,0.0068056933,0.012139912,0.014758689
A2229,0.0069200033,0.05601225,0.0006535261,0.0014448904,0.0013206843,0.014151744
A1914,0.044581942,0.014929383,0.040884778,0.024051987,0.041919395,0.021336395
A1250,0.023739517,0.04973384,0.005267757,0.0016295215,0.018622164,0.006847556
A1675,0.030716473,0.033880968,0.023368709,0.033165567,0.013239438,0.03491736
A1239,0.050342917,0.03448903,-0.0022058906,0.041058935,0.0071443943,0.040157087
A2386,0.0042177546,0.02120561,0.0005529733,0.0004261685,0.0056371028,0.0009933178
A760,0.009650112,0.015390511,0.0022785326,0.016372174,0.0077463137,0.011277347
A370,0.014427459,0.012069629,0.0144785,0.0067346785,0.0015404685,0.0010575566
A765,0.030490963,0.012598078,0.008884136,0.017492957,0.00064752565,0.019192552
B148,0.007869281,0.03713836,0.01584498,0.034234114,0.0064547504,0.03447182
A689,0.023580143,0.041345954,0.044921275,0.01265106,0.042072184,0.021215292
B158,0.039015017,0.0051043895,0.010230575,0.008349141,0.0017601912,0.018752955
A621,0.0017623199,0.008747729,0.002462886,0.0071858396,0.0043721786,0.000717712
A1172,0.051026948,0.02843366,0.020384448,0.035643652,0.03968187,0.014310152
A1085,0.010657251,0.046944484,0.025324402,0.017051302,0.002709161,0.020360861
B86,0.028357577,0.0076769283,0.024113186,0.012232479,0.023975397,0.004096453
A1313,0.016256474,0.01688864,0.019698393,0.01932131,0.0010790967,0.0075175506
B386,0.027875978,0.028882585,0.008106079,0.040437337,0.0143219195,0.05089297
A937,0.012881426,0.010309717,0.013026345,0.006298107,0.008242552,0.0015187395
B67,0.001635053,2.6767177e-05,0.00026199542,0.0005516361,-5.6300123e-05,0.00015972936
B322,0.016892333,0.054931078,0.012280115,0.022192031,0.0018386289,0.026060851
A466,-0.0001356345,0.04506184,0.00024622382,0.0004054515,0.0054086763,0.0041041663
A1808,0.03641202,0.010778023,0.019030366,0.016355399,0.0004123656,0.024900073
A998,0.03537668,0.0044872784,0.01652906,0.0027868554,0.007775725,0.01209808
A619,0.02030276,0.032995913,0.014126941,0.036686234,0.03264236,0.020540996
A737,0.057570282,0.028902303,0.015794987,0.011506999,0.02329104,0.040706888
A1492,0.0093251895,0.04271013,0.01719304,0.016976584,0.0019990918,0.014360281
A1196,0.02199027,0.029190736,0.0057311165,0.022175329,0.01864933,0.006057686
A1816,-0.00028418654,0.043304596,0.0031382106,0.0054882,0.000251511,0.0019796262
A1457,0.028472407,0.01870932,0.019039402,0.02036277,0.02487035,0.011156133
B55,0.041131336,0.0186908,0.042366464,0.015264794,0.034980558,0.0145417955
A748,0.0054794424,0.0020766084,0.002681764,0.0023879826,0.0028988416,0.00056194235
B317,0.0687618,0.029094271,0.023471829,0.029699896,0.036550142,0.004935841
A1193,0.03204345,0.018113213,0.041363843,0.015896419,0.0064055417,0.007332499
B310,0.021395622,0.038026348,0.03302501,0.029610204,0.027196845,0.0136270635
B336,0.022467699,0.041820507,0.02360692,0.041748125,0.010186895,0.045434296
A1185,0.012804427,0.007091151,0.008496312,0.0044717216,0.0074847066,0.0013877399
A1594,0.022244165,0.03955322,0.016973473,0.020708498,0.01980816,0.0053043184
A462,0.041291576,0.0468102,0.03970773,0.052485365,0.0021229947,0.043160476
A2170,0.040007014,0.013909459,0.0045388415,0.0016497142,0.019530328,0.0041774926
A318,0.047491703,0.025053697,0.025010087,0.0060464568,0.0055972817,0.00029654318
A482,0.04932042,0.012030085,0.010555366,0.029165734,0.039415777,0.0032666558
A1881,0.008147286,0.07756792,0.0085479105,0.057641525,-0.0020228073,-0.0044764043
A12,0.00829329,0.0051894826,0.0027109003,0.0020451166,0.002639463,0.003909458
A2021,0.054234944,0.012129932,0.006193266,0.006314868,0.004214474,0.023406884
A98,0.0069532315,0.05752467,0.014318953,0.03483366,-8.1726284e-05,0.0009853367
A2326,0.021847052,0.03176904,0.029691327,0.015675997,0.00085791893,0.028524214
A251,0.03163372,0.0028152918,0.0016810292,8.6483684e-05,0.0044171168,0.012502044
A1356,0.018417498,0.026262922,0.032256983,-0.00030901757,0.03027258,0.0037283252
A543,0.034082178,0.037848946,0.024450777,0.029433932,0.013343886,0.0023319707
A552,0.01987865,0.07555897,-0.0014297224,-0.0026516838,-0.001443597,-0.015005044
B383,0.03974826,0.023565782,0.037403885,0.023010613,0.0054869577,0.048739072
A1045,0.039824184,0.025220772,0.021221662,0.04202837,0.012559219,0.04517355
A135,0.007178112,0.022266163,0.005726248,0.0005669842,0.009325093,0.0014979127
B6,0.033896443,0.003456225,0.033325966,0.004544256,0.010145745,0.023551868
A1393,0.012199647,0.05940626,0.036022916,0.03687853,0.005011931,0.0070825014
A2077,0.01135221,0.006374574,0.008858865,0.004636892,0.006002634,0.0074246875
A1063,0.038822528,0.013209984,0.024163898,0.019154089,0.008632378,0.014740427
B5,0.022136351,0.041634846,0.041516613,0.021411529,0.045697045,0.008344448
A358,0.024090845,0.052940056,0.02900415,0.009963383,0.038482532,0.022437543
A932,0.041622624,0.023345945,0.00207686,0.046743415,0.047244456,0.012625033
A698,0.06048831,0.05374488,0.0016436691,0.014080749,0.0009331272,0.005501153
A275,0.029814584,0.030997574,0.027987272,0.010071444,0.022766529,0.0076557905
A283,0.037942853,0.02419926,0.012358692,0.0060011363,0.012994315,0.003998443
A207,0.009098867,0.054725923,0.0010777466,0.0007020885,0.020388233,0.006309829
A1935,0.031659033,0.031741854,0.027707731,0.030917358,0.0018391282,0.055210866
A1709,0.019570919,0.003979946,0.013734273,0.0022403954,0.011240917,0.007609419
A1511,0.034067985,0.023776243,0.01706286,0.034671713,0.036333386,0.0022748804
B261,0.03279532,0.047279872,0.0055101938,0.047043454,0.014971827,0.038470853
A2067,0.015849238,0.009155991,0.0063447747,0.012088752,0.014283622,0.00446179
A2027,0.010425587,0.05902727,0.03887024,0.0009488036,0.022358064,0.03527538
A68,0.017532151,0.023271563,0.0064759064,0.004568984,0.0018143221,0.0019378721
A1223,0.025558628,0.0069622127,0.00027299946,0.0019861734,5.3934156e-05,0.00041842213
B149,0.022998925,0.03978974,0.03393122,0.02734051,0.02592907,0.031781387
A583,0.014494357,0.028433148,0.025356926,0.0096679935,0.02927141,0.0043458818
A661,0.06310651,-0.0010717522,0.005007656,0.0004935661,0.003894303,0.0239403
A388,0.051081613,0.0058571077,0.008224255,0.028941745,0.030296963,0.0069287955
A2002,0.022431178,0.007742897,0.016249053,0.015069817,0.010817734,0.008719222
A1300,0.03959779,0.056924388,0.014328799,0.00042106083,0.038734455,-0.0007004399
A1272,0.016835902,0.018538123,0.02135584,0.010940026,0.0009498062,0.0013835281
A1571,-5.1538264e-05,0.0016701785,0.0010515016,0.00028424378,0.00025702774,8.532028e-05
A395,0.0119656585,0.05757766,0.05265198,0.008539932,-0.003586425,-0.0036682256
A1642,0.021607284,0.042954315,0.027355177,0.0058371075,0.009009155,0.004037406
B227,-0.0002570936,0.016357834,0.0041765166,0.011197402,0.0046749776,0.0042170794
B346,0.03739982,0.0787764,0.011080692,0.002806612,-0.0046545016,-0.011570661
A2249,0.024202641,0.056487665,-5.0212628e-05,0.0017455637,0.014171644,0.0011565258
A2403,0.074982144,0.023526102,0.017430712,0.033290017,-0.011533787,-0.011508414
B16,0.006699923,0.008033955,0.009251832,0.00036446165,0.005044966,0.005583071
B88,0.041572556,0.04881261,0.024099538,0.053340044,0.0042505045,0.020925406
A560,0.03979385,0.025371198,0.035511684,0.030876648,0.038203295,0.02702008
A2201,0.028827362,0.032399733,0.004654566,0.0092097735,0.0053894264,0.015379038
A2397,0.03150745,0.049499393,0.00090955704,0.028772088,0.012963749,0.04498319
A787,0.016488338,0.025785139,0.031946953,0.005609223,0.0057432945,0.0056809816
A1844,0.0020414642,0.022054369,0.0023752865,0.0014083812,0.0013705842,0.008298198
A542,0.038134515,0.007835885,0.028137274,0.008857096,0.006359117,0.014254521
B80,0.030623276,0.0032910516,0.028022105,0.015680892,0.0022717833,0.0045859264
A206,0.006327509,0.053542014,0.0008248267,0.0005839011,0.00091326644,0.021714607
A101,0.021836456,0.041824024,0.03408252,0.032484397,0.046341106,0.008289865
A1449,0.010129139,0.093689434,0.00606686,0.00077547354,-0.0035116556,-0.0052424804
A1509,0.046450794,0.004849167,0.043886337,0.018348588,0.005551137,0.04689668
A162,0.0145603735,0.057928085,0.011268248,0.061737653,0.030735128,0.021134894
A1782,7.081955e-05,0.0701356,0.005810459,0.00410006,0.014090043,0.021530561
A1729,0.06344451,0.017685052,0.00027967367,0.047071032,0.0019922715,0.010435706
A227,0.047873322,0.02346965,0.01623799,0.01698392,0.0068648527,0.009886402
A1976,0.05496492,0.062297724,0.013189883,0.007385316,0.03379335,0.019270655
A1825,0.0012161268,0.0012929195,8.560519e-11,1.0302136e-10,2.4766437e-11,-4.6715094e-11
A646,0.03504753,0.018136187,0.0042352504,0.031589415,0.025307292,0.023599753
A2246,0.024380695,0.060459543,0.0016485949,0.047855396,0.0059918812,0.010826259
B104,0.00031753205,0.0012646519,5.1962135e-05,-2.6846536e-05,5.083187e-05,4.5701127e-05
A984,0.04859222,0.013555213,0.042336836,0.016486095,-0.0017005304,0.001095844
A2060,0.059981722,0.01057446,0.002594723,0.0012564607,-0.00011245548,0.029607803
A898,0.0020546492,0.0824037,-0.0048714345,-0.005317956,0.0010662581,-0.0004941577
A1092,0.01985279,0.05520036,0.02503165,0.051378686,0.007252586,0.03147245
A2126,0.030675298,0.03151035,0.04076154,0.0151368,0.04142853,0.00859942
A1835,0.052955933,0.0184894,0.046558145,0.0067467266,0.03232182,0.044039797
A408,0.0139640635,0.008485285,0.0002500889,0.00030275885,0.0008850908,0.0010448513
A1732,0.0048262267,0.0468781,0.020594839,0.042407457,0.04501985,0.013710143
A808,0.005740078,0.04234887,0.041740105,0.007194124,0.041316807,0.016219009
A980,0.0053739105,0.043826826,0.031479895,0.024574284,0.008575203,0.03983483
A1073,0.022430684,0.04968097,0.018405695,0.022421576,0.041554913,0.004445883
B146,0.040331267,0.015721057,0.01951688,0.012065014,0.022572862,0.020468347
A286,0.029638492,0.023497524,0.015623062,0.030625982,0.018955622,0.022587795
B22,0.021006363,0.014279785,0.020560315,0.0015460713,0.004335283,0.023499142
A697,0.0036823826,0.010331618,0.0028553556,6.532069e-05,0.0011465508,0.00082812266
A1603,0.009791006,0.054350242,0.009768208,0.04177129,0.05558187,0.011901742
A2259,0.0076244343,0.046465237,0.022759492,0.041008454,0.020287516,0.05618799
A935,0.030244615,0.062415622,0.040686175,0.012987744,-0.0005965169,-0.002282309
A2137,0.06209425,0.012799575,0.02815,0.0554483,0.013022107,0.0043057883
A2180,0.018945787,0.043678883,0.048148677,0.004513304,0.03393407,0.031089043
B375,0.03128559,0.03283291,0.04660524,0.0023010047,0.039902158,0.010032046
A1704,0.011465906,0.016034301,0.00476893,0.022949548,0.0035359287,0.010479657
A902,0.025600275,0.05112939,0.009063886,0.033400305,0.0146525,0.035934884
A1192,0.01582065,0.015765056,0.0029677527,0.024692614,0.019778097,0.0061215092
A676,0.017003484,0.005862996,0.01152339,0.0054705488,0.00016146191,0.0051731584
A129,0.070556745,0.041366886,0.008936112,0.009417479,0.009833247,0.01421415
A1214,0.016591316,0.043331232,0.04317095,0.016157903,0.04139283,0.018289072
A1794,0.010152513,0.0036016826,0.006379578,0.0055983057,0.0016772624,0.0009990766
A293,0.014309737,0.047354955,0.038800873,0.018450907,0.019810203,0.037738815
A1283,0.008591259,0.025699275,0.00480573,0.014351925,0.011180808,0.012382305
A1506,0.04669672,0.010503759,0.0026618415,0.046227206,0.024061406,0.03940391
A2198,0.034629904,0.016926263,0.026156377,0.02508701,0.0031755657,0.02750239
A1355,0.05251099,0.0081662,0.0054554683,0.0033682685,0.0025507011,0.002973027
A949,0.019337608,0.039673556,-0.0018453152,0.0048634578,0.015360116,0.012248653
B363,0.06330267,0.003502086,0.011027066,0.043736394,0.0012830156,0.0064483206
B416,0.030918425,0.037037715,0.015424295,0.03556944,0.015025327,0.0049024574
A1904,0.05879672,0.038164772,0.012467932,0.009290815,0.036274575,0.017681168
A2261,0.052328594,0.018799372,0.010055308,0.0028443672,0.00030220312,0.03346376
A1741,0.07346306,0.022019258,-0.0042862217,-0.007227168,0.0077337185,0.0009777567
A2382,0.044909324,0.017774366,0.030830635,0.03963899,0.034151338,0.024161514
A331,0.017665746,0.022737855,0.0032932244,0.012221251,0.0062099486,0.0008343658
A1585,0.0107368,0.016619878,0.017742373,0.005423181,0.0066029867,0.015562009
A22,0.019340815,0.043605052,0.029749043,0.030282533,0.034434423,0.02596909
A182,0.07304136,0.024608703,0.040412657,0.04731947,6.7511115e-05,0.008766719
A1285,0.03914201,0.014056368,-0.0016053471,-0.0020943144,-0.008519724,0.013060697
A2160,0.023501627,0.08268123,0.029491069,0.02946021,0.0022839936,0.024332315
A1706,0.044649974,0.01238299,0.0018892939,0.0057662115,0.024278373,0.01274778
A120,0.0047868923,0.022930998,0.010702933,0.0030064792,0.0123142535,0.007686245
A629,0.034061916,0.012976134,0.0041299253,0.008457544,0.015465946,0.0010949839
A745,0.024086522,0.042402647,0.0013256638,0.0025117432,0.026163312,0.0020377336
B413,0.0012257386,0.03077464,0.028483093,0.014828246,0.0007420064,0.0050637075
A1136,0.007624957,0.047106065,0.04320469,0.016249252,0.037497766,0.025785832
B339,0.05724812,0.030293664,0.0058317985,0.0022062294,0.001826981,0.050492924
B250,0.034590144,0.06445393,0.03632395,0.024184784,-0.008036029,-0.0033493089
A1714,0.059957605,0.006001158,0.011107792,0.032856144,0.022301678,0.039051313
A847,0.022371365,0.041832406,0.017577384,0.04361302,0.006755089,0.046084788
A620,0.014467093,0.08180476,0.020884117,0.049395178,0.0014376196,-0.00071509194
A2340,0.012678492,0.062352538,0.0060336795,0.0095052635,0.034907214,0.0045687556
A947,0.013390067,0.05821986,0.016223561,0.03783607,-0.00083361723,0.003047574
A1566,0.0071910685,0.022953311,0.015518472,0.0021630926,0.0076031624,0.008374283
A1069,0.04060845,0.015924819,0.010425576,0.0327525,-0.0018890325,-0.0029005138
A1919,0.021985669,0.037502173,0.000901884,-0.0020261013,0.018708913,0.015581111
A1582,0.019027147,0.04133185,0.03289365,0.031870324,0.0374837,0.023392789
A489,0.04904138,0.04574619,-4.5807108e-05,-0.0001535854,0.0018745658,0.00535434
A975,0.035375647,0.036359105,0.042339742,0.00015761892,0.031232804,0.030350242
B409,0.03368971,0.03262239,0.012895963,0.04918807,0.046689972,0.015542973
A155,1.8524797e-05,0.006530226,0.005529871,0.0004001217,0.0014629997,0.0026253539
A1970,0.016311571,0.039740562,0.037573002,0.01892839,0.027229989,0.026377732
A277,0.034984443,0.026369683,0.004397541,0.040061943,0.043224882,0.02311352
A946,0.038262535,0.04221096,0.031973816,0.007853671,0.01601564,0.03983541
A1868,0.057053003,0.0071112667,0.009549258,0.03055167,0.029123208,0.031469904
A2181,0.016352503,0.045197666,0.06621632,0.018457662,0.01750121,0.019194074
B351,0.0055946833,-1.7070755e-07,0.002005679,0.0039627105,0.00011037381,-0.00014432549
B31,0.044896852,0.024287052,-0.0020294036,-0.0032722517,0.006965106,0.010861534
A67,0.006134504,0.025369685,0.00031097166,0.019850262,0.0066769775,0.0069643348
A1347,0.01060148,0.0024818105,0.003999064,0.0021772976,-0.00023324629,0.0002028815
A598,0.0006638312,0.00023033677,0.0002640428,0.00021199307,0.00016808324,7.421124e-05
A807,0.04207235,0.020659575,0.006541252,0.046469036,0.0032253347,0.052643575
A2128,0.060428146,0.023196118,0.0007190384,0.0017700015,0.036988396,0.014603719
B352,0.011372251,0.0056149554,-0.000121531324,0.0029800585,0.005104032,0.00038208466
A1865,0.002692856,0.006285553,0.003936481,0.0012122242,0.0007753979,0.0018222944
A1418,0.0036776282,0.039634097,0.04451042,0.003364031,0.02625257,0.028421722
A516,0.015507322,0.054672647,0.0044308677,0.02863632,5.0442745e-06,0.00020891741
A779,0.018754477,0.005289937,0.012926698,-0.0004894391,0.009203272,0.0038836235
A402,0.033569727,0.0022825676,0.0077950032,0.013865983,0.0051873,0.0065971366
A1219,0.017502414,0.039991204,0.0072929864,0.049475465,0.03722846,0.0022591029
A35,0.008362179,0.057954498,0.049313914,0.0023966427,0.032716967,-4.6671703e-05
A91,0.001877356,0.050786193,0.023822457,0.0028465146,0.0133282095,0.027102476
A9,0.002356528,0.009164722,0.0076142615,0.0011103094,0.0040624104,0.004773433
A2373,0.0023337244,0.045843795,0.014225047,0.030285073,0.027456623,0.021158718
B217,0.0364246,0.048441947,0.0040466757,-0.00047282022,0.017299693,0.01523902
A127,0.0007173295,0.03801054,0.019206904,0.034469225,0.0214156,0.005563178
A549,0.02875623,0.058417518,0.0057227355,0.035964146,0.019441098,0.030729966
A872,0.020921776,0.059194468,0.0033059267,0.0019062787,0.027942471,0.026840322
A112,0.025401017,0.016946537,-4.8035754e-06,0.0015884414,0.0007838726,0.008099897
A568,0.034179144,0.011555335,0.018352797,0.023057131,0.025133112,-0.00130862
A1954,0.01226285,0.04283258,0.05425905,0.022161251,0.007367164,0.03840389
A671,0.023323618,0.06426241,0.001988162,0.007419378,0.024678187,0.022552522
A1264,0.0074147196,0.01847919,0.008082105,0.002020695,0.0005902711,0.0065071085
A83,0.039822128,0.035054687,0.004127272,0.030533219,0.03603204,0.008266836
A153,0.011657937,0.006081256,0.0018190373,0.009013792,0.0012398454,0.008616419
B376,0.0067989114,0.0806366,0.0009507404,-0.0065046037,0.003129918,0.037709974
A92,0.009556698,0.050500695,0.02284961,0.019337757,0.0036444494,0.0036011923
B144,0.010147135,0.008589142,0.010699873,0.007296787,6.289685e-05,6.342111e-05
A189,0.056541648,0.003478037,0.00023318225,0.0019167806,0.028101468,0.023348121
A683,0.037079696,0.031924706,0.023473328,0.027486434,0.041965615,0.0024784585
A926,0.05491221,0.031278554,0.03299367,0.027657414,0.015795087,0.0401759
A1170,0.00059298537,0.014746649,-0.00028275413,-0.00016551421,0.00083994947,0.0067208577
A1992,0.018316565,0.01646306,0.0046049054,0.022771679,0.0001687008,0.0013956287
B343,0.042901535,-0.002647715,0.035667278,0.004862576,0.02918005,0.015346277
A100,0.025236722,0.05158438,0.01929723,0.024912884,0.01766029,0.041261118
A1834,0.039160077,0.05127321,0.06452278,0.002868759,0.005351868,0.0026039681
A2312,0.03460308,0.034177627,0.03871227,0.013441767,0.012858091,0.025336478
A2110,0.03384913,0.03275942,0.011445077,0.04624102,0.029714627,0.035911195
A501,-0.00040296043,0.0562109,0.007958103,0.0072080833,0.01338682,0.02678209
B242,0.018061776,-0.0005735497,0.008345037,0.0035487146,0.0032170617,0.003913435
A2400,0.02245984,0.006237027,0.00878715,0.02062597,0.016762462,0.015507425
A2307,0.040886465,0.026320292,0.0046817814,0.024030583,0.019326346,0.00390632
B163,0.0017130629,0.00036979312,0.0009352587,0.00030149944,0.00081962434,3.8776667e-05
A758,0.003916455,0.06603927,-0.00038212,0.0035430933,0.034766305,0.0017146356
A2101,0.025564102,0.027461845,0.024952224,0.02602889,0.033142425,0.009449224
A174,0.0075536678,0.010380925,0.0071504447,0.001238251,0.005263226,0.0014738583
A52,0.03789798,0.02884041,-0.00054340815,0.008394958,0.004143884,0.00617269
A784,0.044421438,0.0029282696,0.028026722,0.004266127,-0.003214247,-0.0045276955
A1243,0.03606946,0.015571202,0.030636037,0.023636974,0.020706624,0.013398422
A159,0.020382527,0.020982113,0.02013758,0.0010439056,0.015964556,0.017481422
A1234,0.004320075,0.0011383061,0.0018624997,0.0023006285,0.0011637076,-2.478963e-05
A441,0.02172502,0.0417842,0.034180123,0.03253183,0.0049208105,0.046769682
A1730,0.030045848,0.05272643,0.01185331,0.042933345,0.002569916,6.373452e-05
A338,0.03218608,0.02664294,0.013435151,0.02735665,-0.00092239847,0.009929389
B1,0.013266209,0.05663282,0.033466157,0.030477665,0.030076522,0.02078568
A209,0.00050597766,0.00010123064,2.258585e-06,-1.0923391e-06,2.278963e-05,-2.437471e-05
A1076,0.0018206878,0.03835644,0.032512523,0.011700185,0.0148742525,0.016683375
A176,-0.0012403491,0.019161489,0.01117088,0.010663298,0.0058674146,0.012974632
A108,0.011757878,0.022056462,0.0073847347,0.0018571414,0.007734407,0.012132082
B44,0.003175189,0.004192359,0.0040468317,0.002989371,0.00074990693,0.00077945215
A721,0.0074549415,0.014744568,0.0007612425,0.021186315,0.007421759,0.0014305569
B46,0.0010940798,0.030491598,0.02641173,0.014730963,0.02655834,0.0068155355
A972,0.012774243,0.05197202,0.02519215,0.010225346,0.029250618,0.036506493
A1478,0.017039852,0.00058604206,0.0014737002,0.0019044788,0.0016345414,0.0014530304
A457,0.012862657,0.06178536,0.039823595,0.021487202,0.0048376196,0.032805778
A681,0.025125032,0.05170013,0.0029007753,0.036824368,-0.0014152001,0.0010408501
A596,0.025353638,0.028095257,0.011436785,0.009082276,0.024027696,0.0018892952
B24,0.0014765175,0.04328916,0.014046251,0.03960409,0.0060386676,0.041164894
A1215,0.00791823,0.045330193,0.04166119,0.018331314,0.025342448,0.03618559
A920,0.004725789,0.046276372,0.044408903,0.025162898,0.03928349,0.012404359
A1640,0.05890623,0.011656079,0.032855332,0.021620216,0.0009929416,0.031018676
A1613,0.015049464,0.05558084,0.009968824,0.033645194,-0.001269012,0.00070205395
A424,0.047982574,0.012747003,-0.00014999583,0.007728592,0.012794744,0.00904418
A772,0.038539775,0.027113339,0.0035356956,0.047027156,0.0023765592,0.050470915
A220,0.0482007,0.019844005,0.002608954,0.0029062354,0.02167022,0.01798285
A472,0.057149045,0.030093055,0.059650157,0.022960473,0.00054680277,0.0040957537
A879,0.020406978,0.07245973,-0.0036775165,-0.0030638443,0.029374676,0.009425214
A1043,0.032387003,0.028389012,0.034149606,0.003220475,0.0006418902,0.03513162
A481,0.012027361,0.028466113,0.017207542,0.020591252,0.0061105983,0.0011710839
A396,0.00011066436,0.0005847659,9.38233e-06,7.204735e-05,6.54775e-12,1.8026664e-12
A2142,0.07984885,0.0021141917,0.045941338,0.01752926,0.042343985,0.01269736
A1718,0.085562676,0.0009190058,0.0007265556,0.0014719787,0.03642755,0.017200196
A1077,0.033634946,0.03904915,0.01827217,0.030780869,0.0041090017,0.009321008
A2279,0.041100573,0.02186853,0.02091249,0.042204753,0.014584491,0.06128208
A160,0.008921214,0.002696132,0.0016883805,0.0047355476,0.0006146316,0.00044809765
A2399,0.054946326,-0.00032734373,-0.0038311402,0.0073977048,0.024426073,0.022687329
B141,0.033822063,0.031777576,0.025199154,0.0034193934,0.008553091,0.010533633
A1583,0.01197348,0.011886522,0.015040824,0.0039219544,0.013036962,0.0063508064
A203,0.006678793,0.047127716,0.023849826,0.024050971,0.023318447,0.007915506
A2129,0.03287484,0.056056727,0.058869056,0.0052575753,0.022695797,0.03902756
A1125,0.05838213,0.0022997074,0.02229603,0.0046443394,0.037321843,0.023913166
A315,0.058992587,-0.0034273793,0.0074434746,0.030236764,0.00019431347,-0.00037242734
A1547,0.020265996,0.023660285,0.0058320924,0.025834654,0.020759743,0.011501955
A1135,0.023524309,0.04122739,0.0031995839,0.04699724,0.04311327,0.018848423
A1802,0.027618786,0.022686034,0.018798012,0.0031463762,0.013303422,0.007214905
A2084,0.015474331,0.0016428855,0.00035429714,0.0007042407,0.0032339501,0.0021641282
A983,0.020980962,0.054226644,0.003875225,0.00080360187,0.002386426,0.034083657
A368,0.03952365,0.010842176,0.030284194,0.0068368926,0.0114024775,0.010870699
A1089,0.029176679,0.027872039,0.003833986,0.031329807,0.014464236,0.023405649
A1392,0.032813154,0.051890086,0.02447236,0.04577226,0.004076059,0.0069673816
A1139,0.027362147,0.026547829,0.013724966,0.031052519,0.03096543,-0.00040055453
A1382,0.015052503,0.024590444,0.017384436,0.011616157,0.008523366,0.017632997
A240,0.061098155,0.0079595335,0.03158749,0.013759951,0.028944043,0.026922554
B231,0.011462622,0.04354717,0.016936103,0.03775977,0.03266441,0.018137638
A2424,0.030947767,0.032570377,0.009819338,0.007297757,0.021825384,0.020341573
A497,0.0028361497,0.060841706,-0.00086022326,0.0037475,0.026787454,0.0026187086
A1023,0.025546027,0.006111014,0.024361657,0.007317804,0.0021390314,0.012459377
A391,0.0019114394,0.055420697,0.0036156771,0.0017456678,0.006323523,0.032635458
A670,0.031858053,0.032219615,0.028233958,0.008246021,0.0098357415,-0.00027671934
A1956,0.0019510263,0.0016039409,0.0002765529,0.0010352893,0.0005129141,0.00055199215
A1574,0.010962215,0.043676812,0.04397774,0.029718714,0.008835212,0.03357714
A686,0.026424143,0.031588648,0.0027727315,0.041192774,0.04001911,0.0022196374
A1306,0.06420998,0.014648444,-0.012517197,-0.011494034,0.018696552,0.016777625
A269,0.022379484,0.040614855,0.00020591923,0.046334926,0.033310637,0.01978836
A270,0.0184092,0.02662464,0.027509619,0.00948985,0.0081425,0.016683405
A1385,0.009068609,0.0013470177,0.0076680286,0.00510127,0.0026110874,0.0015418184
B170,0.0036236036,0.013716637,0.0027029852,0.013542185,0.008982447,0.002646733
A771,0.04391316,0.017103685,0.01651358,0.048727438,0.03095897,0.029035924
A1204,0.059348222,0.016271042,0.026967889,0.043248076,0.028937813,0.034119237
A1335,-0.0004929396,0.05229802,0.03071969,0.0013922096,0.00067264464,0.0054127807
A1376,0.011106326,0.029800482,0.02986947,0.0076923133,0.012442216,0.005610099
A180,0.017224766,0.04195314,0.020819148,0.035429917,0.0352128,0.02147794
A82,0.013486406,0.045591246,0.042405505,0.034415316,0.03287796,0.018797342
A960,0.046475284,0.003581809,0.032729916,0.0041286545,0.020728443,0.024841214
A1759,0.028666535,0.01701731,0.018769063,0.020438693,0.01072992,0.0036325515
A1555,0.038386412,0.023567213,0.022778438,0.041875023,0.0026962438,0.04272493
A997,0.03478027,0.031302594,0.02292458,0.02473275,0.031071123,0.016261894
A527,0.04770116,0.01947018,0.04531163,0.002694659,0.016404435,0.016178122
A717,0.007062516,0.03634952,0.034212388,0.010544983,0.015240773,0.026966406
A801,0.04225583,0.033731714,0.008791314,0.0061673075,-0.005661729,0.00857735
A2154,0.07945243,0.004154044,0.03424205,0.012782384,0.010677627,0.024035977
A964,0.07074549,0.018214356,0.0042692027,-0.00030320373,0.022684637,0.026899723
A1257,0.006502653,0.044817924,0.031571284,0.028847905,0.038793553,0.016455045
A65,0.043981303,0.0021956426,0.038980983,0.021401433,0.024605542,0.02591406
A1897,0.05904453,0.0035242094,0.05450178,0.016720077,0.017643454,0.0004399028
A329,0.053777575,0.0047404817,0.033293817,0.010000535,0.0071891574,0.04488132
A623,0.042043503,0.03847394,0.03228388,0.019795291,0.0022554083,-0.0018634326
A1247,0.04354302,0.011542319,0.005187862,0.0014488552,0.011599788,0.027796296
A891,0.033094525,0.048936322,0.00036684528,-1.6431197e-05,0.018212305,0.06950872
A1666,0.010412488,0.047365617,0.03457965,0.029648913,0.03466416,0.032625083
A657,0.018123599,0.03735,0.028316004,0.028016044,0.02450834,0.031692673
A222,0.035600986,0.048377447,0.007450268,0.04839083,0.020505706,0.01474505
B10,0.0049574515,0.0061773523,0.0069145197,0.0021982333,0.0026010226,0.0062814346
A47,0.051486347,0.0067055305,0.020917386,0.029924713,0.03673445,0.011052703
A786,0.038098108,0.033772048,0.0462654,0.011129169,0.026398752,0.03893686
B81,0.021368468,0.022109767,0.031352036,0.0058887037,4.0353927e-05,0.004267845
B244,0.0048573604,0.006869497,0.004178026,0.0012282777,0.0014308377,0.00015352156
A897,0.09093573,0.03465722,0.0017399484,0.0043614223,-0.0018271693,-0.004602107
A349,0.010515304,0.041375402,0.011388456,0.0001503768,0.0008480392,0.007200253
A1611,0.035938155,0.037572008,0.0051695397,0.02820702,0.001733826,-0.00026756505
B127,0.016863476,0.009539796,0.011317114,0.013533591,0.01111794,0.0050892616
A877,0.003346206,0.07641651,0.0017761916,0.014462193,-0.00022361657,-0.0010780671
B4,0.06289848,0.043995745,0.04915661,-0.00069310324,0.023660114,0.01544988
A555,0.04247898,0.02428592,0.032125164,0.02768925,0.025317807,0.019280683
A1563,0.05224274,0.021417307,4.4725755e-05,0.0007817523,0.022736533,0.022583239
A1999,0.021584285,-0.0015894243,0.013003928,0.010801299,0.01331882,0.013225096
A2287,0.036986414,0.037741207,0.018150235,0.037274666,0.0461156,0.0054717814
A896,0.044244166,0.05142088,0.017461656,0.046789832,0.0016239266,0.002627729
A2264,0.042904414,0.008248312,0.007621518,0.027133234,0.029052256,0.007860768
A1368,0.04970896,0.031649,0.0101504745,0.019075096,0.04204594,0.008237734
A1374,0.0140226,0.05593729,0.009799662,-0.0049756686,0.013910314,0.037742976
B73,0.016617175,0.04052094,0.0020519558,0.033963308,-0.00032711303,0.03195699
A2199,0.040497072,0.02197306,0.025432913,0.053449217,0.004940777,0.0014365908
A1389,0.043314535,0.04870212,0.002256937,0.0022666096,0.039393898,0.000868066
A103,0.039522253,0.025637968,0.018345851,0.043208446,0.011023409,0.04558717
A2313,0.038330197,0.036303483,0.009386812,0.043194447,0.036097042,0.0018201454
B361,0.013243183,0.046417095,0.0009465123,-5.1780316e-05,0.02938121,0.0027298992
A943,0.011262258,0.051281255,0.01618355,0.03742607,0.022028042,0.04058814
A1966,0.058083203,0.016193936,0.008606615,-6.5514665e-05,0.015927684,0.030480143
A850,0.010266956,0.07514758,-0.013270271,-0.016674211,-0.0012253039,-0.0024705613
A832,0.018179666,0.047470532,0.03626744,0.013856182,0.042105727,0.0022940615
A1705,0.002593796,0.012717302,0.00056699157,0.00046356898,-0.0004998262,0.0018743856
A2014,0.04025455,0.013116357,0.0060414984,0.033158626,0.018408109,0.016926311
A1342,0.021573283,0.02694867,0.00058100116,0.0017879957,-0.0006634757,-0.0013594455
A1853,0.0327689,0.039187137,-0.0011630247,-0.00084233965,0.0024494142,0.02162199
A548,0.057412207,0.017046379,0.013058152,0.03094391,0.018226737,0.043399606
A639,0.0064635854,0.05045767,0.04555147,0.020036824,0.0018971398,0.007455259
A2028,0.036520638,0.018930623,0.045651868,0.0011981055,0.032000326,0.02691262
A429,0.024193484,0.056955654,0.04150427,0.01529908,0.040646486,0.012775741
A550,0.01144189,0.044916987,0.03766272,0.00036530415,0.013149268,0.019677274
A1402,0.007896254,0.07319028,0.001920485,0.01612129,0.042759832,0.0082074385
A1643,0.0020944164,0.033595163,0.007040522,0.0034054278,0.0049561188,0.003168284
B371,0.00344714,0.008601018,0.0013256089,-0.0016902746,0.0015214351,0.004510582
A434,0.04411726,0.03738729,0.00021605991,0.0010249567,0.0037527375,0.03077739
A1151,0.010881651,0.022894751,0.02269135,0.011582152,0.022562515,0.011134936
A2251,0.020793667,0.051479623,0.005216487,-4.3453547e-05,0.01763195,0.009391492
A2071,0.048961878,0.0006580407,0.029854877,0.029679393,0.043766104,0.0072689275
A2221,0.0347205,0.031772282,0.044562377,0.015085816,0.014355688,0.04630452
A848,0.002010142,0.047535907,0.004163434,0.046850663,0.030419717,0.034649353
A1221,0.0026464225,0.00817062,0.005242719,2.9737457e-05,0.00047144198,0.00037039572
A1194,0.01377797,0.011794473,0.013392817,0.004623237,0.0018337746,0.0015249862
A690,0.04852316,0.008642752,0.04843498,0.0042508114,0.002074653,0.03604957
A1156,0.048570346,0.019952333,-0.00041047295,0.0053840955,0.0109870415,0.0018503533
A876,0.041717883,0.07087545,0.01003446,0.004510864,0.0028474194,-0.0052678967
A923,0.065683775,0.017255535,-0.0032778243,-0.0003785397,0.024504095,0.019409167
B206,0.04789435,0.015247867,0.004424905,0.025175976,0.0028079161,0.002811582
A410,0.021802505,0.0073343446,0.008260072,0.020564403,0.006825415,0.018494297
A7,0.00016718576,0.00087132613,0.00013364882,1.3471086e-05,0.00019488101,7.7699005e-05
A1008,0.0023564482,0.010659477,0.002476686,0.00842476,0.0036718647,0.0034554095
A547,0.007310377,0.039749797,0.0003909641,-0.00063616957,0.013110806,0.0059107603
A1033,0.012598737,0.0037435244,0.011298292,0.004124056,0.009461275,0.008206756
A934,0.039414637,0.063100666,0.03996144,0.01673097,-0.0044007944,-0.0058568856
A938,0.010537116,0.013527259,0.015583715,-0.0005235483,0.0010353575,0.00876504
A2096,0.0015824453,0.06181464,0.0018035546,0.0056657065,0.027213348,0.029870654
A704,0.04942145,0.021956349,0.0072894334,0.034986213,-0.0077608014,-0.00694201
A1353,0.0452017,0.0048460746,0.014904093,0.040436015,0.026372006,0.033584498
A1354,0.015476456,0.016083661,0.0011628735,0.0010108222,0.0011449746,0.00025840043
B405,0.0013286526,0.014929714,0.009543543,0.0038944506,0.0005154216,0.001883416
A422,0.05464288,0.014065852,0.007560198,0.004524696,0.03148242,0.0010786009
A282,0.010594332,0.055457473,0.022847634,0.013976327,0.011454354,-0.0014604194
A95,0.040364213,0.035898726,0.009984235,-0.010999064,-0.0029850858,-0.0050048823
B109,0.034483995,0.0028954253,0.015877234,0.015148836,0.013721218,0.002480977
B40,0.06078671,0.00867201,0.00025883364,0.0010011622,0.005939005,0.008451412
B3,0.037199184,0.029913126,0.0001889078,0.005437412,0.0019150133,0.008144284
A99,0.035117414,0.0070082787,0.032029692,0.007267189,0.034040365,0.0052656736
A1042,0.043236766,0.012067179,0.0468014,0.033011988,0.00835586,0.04309575
A1083,0.006682545,0.009854802,0.007113405,0.0033195545,0.0059750034,0.0035182617
A96,0.05849432,0.021798203,0.01836663,0.033112474,0.00021828561,0.00048335022
B337,0.003299352,0.06459537,0.054127596,0.01803903,0.002756377,-8.345861e-05
A1758,0.046309497,0.08695497,0.005721095,0.0009550286,0.0023565344,0.0018635679
A1500,0.022963578,0.026122414,0.024000099,0.009128115,0.009000704,0.022476649
A1979,0.0075118146,0.029074566,0.0049819383,0.01604739,-0.0006233559,0.0008527217
A232,0.005038244,0.016948823,0.01651817,0.01432515,0.009027607,0.008809397
A1417,0.03157855,0.015567507,0.035389595,0.01020946,0.031166462,0.013774765
A477,0.026219973,0.014201808,0.024285585,0.005911731,0.0015983431,0.0024127252
A1725,0.08332131,0.0042186435,-0.0009599786,-0.0026945928,0.0020250785,0.020795451
A1429,0.049818944,0.0152352555,0.030290915,0.022050919,0.014000696,0.014914214
A2236,8.343979e-05,0.04721116,0.046554495,0.006575329,0.007731923,0.047337234
A641,0.03827222,0.0052076643,0.034922693,0.007725782,0.028073642,0.008587632
A252,0.015409825,0.057885397,-0.0001221273,0.00037887975,0.03607506,0.017253729
A134,0.05210676,0.034323912,0.0038829574,0.0465214,0.0055019762,0.020855848
A1804,0.001901304,0.0014438784,0.00020806187,0.0017609351,2.9628914e-05,5.602929e-05
A906,0.03776628,0.0043905014,0.023508841,0.026062435,0.00994198,0.01949395
A609,0.057912476,0.0082221255,0.0022163386,0.0027543006,0.032353,0.03422547
A1840,0.06999781,0.023945041,0.011180016,0.047415473,0.0021699038,0.00087036117
A756,0.039168756,0.014073432,0.0030375097,0.017946895,-0.0013290998,0.003650935
A581,0.005930104,0.016047528,0.0031931188,0.0078664655,-0.00040647617,0.002883776
A2208,0.05482056,0.005508756,0.026902,0.039500393,0.032453366,0.01781072
A1110,0.0039552893,0.029249663,0.015086283,0.013813128,0.01100247,0.013904729
A1183,0.021223744,0.04288654,0.023547603,0.04094631,0.0031390667,0.004883065
B411,0.006826719,0.023032205,0.002514902,0.001623169,0.0128401425,-0.0012046105
A1722,0.0044614174,0.056795545,0.036212582,0.0049757008,0.0016632593,0.02835136
A939,0.044346754,0.01043519,0.0011080145,0.04449476,0.041993503,0.007043828
B239,0.014494108,0.027151797,0.025947727,0.025980411,0.021876968,0.015066547
A567,0.023122419,0.05378045,0.005908566,0.008177221,0.02943505,0.0012541754
A451,0.0075069177,0.013169198,0.004558972,0.010665404,0.0012958708,0.0012812591
A485,0.004400798,0.00971219,0.0031717652,0.0074348953,0.0055385856,0.0030785087
A1021,0.042793076,0.023466596,0.020615071,0.042125974,0.04685857,0.005694285
A115,0.024171988,0.010653674,0.01939212,0.013985703,0.0024392395,0.003433787
A484,0.031383187,0.05151211,0.020148683,0.036749654,0.0024681338,0.0052380464
A1281,0.031200396,0.009955099,0.002115828,0.0002637646,0.0022928084,0.020188047
A1634,0.033768717,0.033620607,0.012235209,0.07305595,0.04432917,0.0031131005
A831,0.009073111,0.06377849,0.013009655,0.022874389,0.032320183,0.038327638
A914,0.0489368,0.050880753,-0.0013516347,-0.002138483,-0.0021855577,-0.008898083
A27,0.047201786,0.0010947982,0.009811167,0.045719754,0.00577862,0.04597324
A1117,0.0038356134,0.010269795,0.0076047094,0.007496537,0.0009953416,0.00036574478
A76,0.006749551,0.045811526,0.024027562,0.01495704,0.028844915,0.007792487
A2302,0.043116968,0.0046693403,0.03935244,0.012186742,0.0134713035,0.032110162
A1679,0.01725812,0.0026968534,0.014932032,0.002478035,0.0017034103,0.012294587
A1551,0.0065251985,0.00077091606,0.0036836932,0.0046503167,0.00086104416,0.0053215506
A341,0.012519103,0.014774672,0.01359692,0.008436174,0.012693453,0.0030951528
A43,0.0065162405,0.0018902627,0.0038563309,0.0036674028,3.5601977e-05,0.002523676
A2316,0.055073407,0.010892178,0.0019479751,4.809521e-05,0.0052176043,0.001558644
A94,0.023856081,0.058734894,0.041960124,0.003775377,-0.00083767984,0.0014910299
A1105,0.0020144272,0.0052066403,8.139766e-05,0.0011389663,0.00064683397,0.0020979613
A1565,0.002691347,0.047705136,0.050160434,0.014937143,0.008239158,0.029531833
A1047,-0.0003731545,0.023505356,0.020963717,0.01163015,0.014830184,0.014939382
A1843,0.006084986,0.0053749797,0.009030859,0.0040166616,0.0011780143,0.0002510232
A1153,0.04288378,0.028302314,-0.0045504654,0.0006652167,0.010134303,-0.0029507747
A1348,0.00058488,0.010509964,0.0018730558,1.4866762e-05,0.0031940076,0.007279196
A1064,0.018264413,0.06260507,0.0030349018,0.045894817,0.015976774,0.04219834
A1032,0.0077653006,0.009170652,0.011856649,0.0010140912,0.007452799,0.008797571
A1995,0.012061144,0.04700832,0.043208383,0.014894548,0.026174128,0.037924703
A1728,0.0083165625,0.036442917,0.03509916,0.003994763,0.0020202792,0.025387097
A692,0.00093539275,0.0032322232,0.0019676974,0.00090640015,0.00062497525,0.0019894638
A1466,0.048682634,0.042642772,0.03871554,0.0015071582,0.011797142,0.04320921
B108,0.035872232,0.011067005,0.012943937,0.025235238,0.033915542,0.013532803
A1604,0.04338563,0.0049073985,0.03995971,0.0010036678,0.025744295,0.032597654
A499,0.049198143,-0.0033954745,0.0004781621,-0.00040937978,0.00549788,0.0064514456
A314,0.038338777,0.008584552,0.007937854,0.035969738,0.013927547,0.03232898
A1339,0.016932487,0.04414107,0.006748523,0.04725664,0.041163024,0.02157083
A142,0.0073641753,0.0008363112,0.0047077416,0.0056738164,0.0029715917,0.004518626
A233,0.0233486,0.0017278069,0.018686,0.008722532,0.0071358914,0.007929823
B311,0.011014074,0.019632163,0.025296504,0.004767885,0.009682431,0.013027038
A1781,0.005643755,0.014952153,0.008549687,0.002752757,-0.0036969462,-0.0010103803
A1301,0.033834413,0.012932769,0.02322509,0.011729455,0.009929323,0.0015571595
A332,0.057434984,0.011119348,0.0009904822,0.0027473012,0.020796573,0.02583022
A2172,0.047594506,0.067176186,0.005878356,0.04296371,0.053727634,0.025733592
A2398,0.03248991,0.03403425,0.051338088,0.009264453,0.04069918,0.0027738851
A1358,0.01020499,0.018113801,0.009843973,0.014490628,0.01099718,0.0070870924
B400,0.041797265,0.021686492,0.0119964825,0.057656296,0.024902517,0.016744278
A1945,0.006445549,0.033474322,0.004601836,0.033217486,0.023257785,0.022846604
A2267,0.012592221,0.042570163,0.031896755,0.030751292,0.007968011,0.03619967
A2080,0.03114185,0.03658246,0.04256644,0.008901912,-0.0012259512,0.038986
B82,0.04147699,0.03727391,-0.0032680354,0.0019259289,0.008230763,0.0035818482
A2145,0.043671675,0.03261339,0.006294171,0.0039929864,0.025103802,0.019660324
A631,0.0021781223,0.049245235,0.0013690349,0.0006787335,0.03116157,0.005733193
A1560,0.0056936867,0.04548939,0.0039093704,0.048583534,0.01830219,0.03976149
B115,0.0035063454,0.0051294775,0.0024819977,0.005064959,0.00028424815,0.00018941269
A4,0.0013796133,0.001326419,0.00087989884,0.0018371813,0.0007499463,0.0012123871
B93,0.022176107,0.022751844,0.024688726,0.0071853898,0.019037765,0.00037253372
A805,0.058196306,0.008758965,0.008258415,0.028130513,0.007751244,0.017648082
A588,0.014537672,0.013957647,0.00963205,0.014739047,0.008955036,0.013834178
A2085,0.005010368,0.014874944,-0.00010416798,0.00053491193,0.0006388637,0.0024665915
A1908,0.00857949,0.0045677475,0.011432148,0.0013220023,0.0020592117,0.004123828
A1499,0.023559414,0.027353842,0.016359445,0.013485964,2.7594015e-05,0.030253714
A824,0.081508026,0.035401523,0.0014341694,0.0040236902,0.016302768,0.016935669
B209,0.015055742,0.08371595,-0.0016978898,-0.0015700919,0.008867773,0.025970535
A1723,0.00313347,0.0046302737,0.0014111645,0.003699084,0.0004491381,0.000860743
B226,0.037701953,0.045151368,0.026105842,0.01061689,0.0014739255,0.040313505
A729,0.0064175865,0.0081042815,0.0062020114,0.0033702885,0.0021994866,0.001108886
A146,0.03812073,-0.0018799135,0.025337918,0.023281198,0.033482198,0.0034950993
B245,0.04350584,0.017498782,0.039860163,0.025004562,0.034752168,0.029934691
A258,0.037665226,0.052236397,0.0035830578,0.00073862635,-0.0037182537,0.013835203
A1079,0.013321001,0.035954054,0.028657157,0.023928322,0.02353387,0.018327463
A29,0.0048583644,0.0049803695,0.0055041877,0.0035898879,-0.00041016124,0.00014653502
A343,0.046430178,0.015257869,0.04076965,0.023395656,0.042879704,0.026170323
A131,0.043780994,0.017579934,0.045670748,0.003175637,0.019321756,0.02308586
A2062,0.06402418,-0.000842178,0.0005361294,0.0034983547,0.023452636,0.019828897
A1180,0.0019238464,0.053743087,0.050922982,0.013441245,0.0013851391,0.0042058355
A1074,0.04685445,0.00065621565,0.032295536,0.031225195,0.0022320098,0.04427391
A1191,0.021354727,0.03986075,0.00070353696,0.0011265735,0.0040868614,0.0018337977
A2280,0.03409352,0.0313785,0.0025611303,0.047078095,0.035064403,0.015710527
B70,0.048939165,0.004119788,0.04060976,0.023932656,0.02949592,0.051263712
A1155,0.053107094,0.0030127747,-0.0039333245,-0.0007428845,0.01023412,0.005077854
A1552,0.006020478,0.002156241,0.00167839,0.0055333325,0.0035010432,0.003924326
A2220,0.012800223,0.045158092,0.041760225,0.03647234,0.026380511,0.050216302
A219,0.03301535,0.050577857,0.0038413277,0.00070164463,0.03275384,0.018727845
A1974,0.014932171,0.028038595,0.00846089,0.02880821,0.019814372,0.015534059
A312,0.03331959,0.032865096,0.0564919,0.0109250145,0.027888186,0.012559517
A1292,0.017086087,0.045571487,0.0028366572,0.009797895,0.024813136,0.022195946
A228,0.026815454,0.036224317,0.031650588,0.01916678,0.022724459,0.0019875937
A1081,0.0029023273,0.0033338298,0.0021012358,0.0020926371,0.0010126673,0.00021387696
A664,0.052840803,0.004729837,0.017055754,0.028616918,-0.0009024364,-0.002409178
A1022,0.008669964,0.054385804,0.041486252,0.02184555,0.04328344,0.023816092
A224,0.047544252,0.00756795,0.00571831,0.044219755,0.040573258,0.022330943
B193,0.034813467,0.06806729,0.013596087,0.04299146,-0.0003131717,-0.00085503596
A1720,0.0011773496,0.0033612363,0.0024745606,0.0017103076,0.0008863763,0.00016781907
A2315,0.0076986775,0.054928824,0.0015812636,0.0028480908,0.006132955,0.0031813204
A1248,0.021965852,0.0049877926,0.009988113,0.01158685,0.014318882,-0.0013953081
A2210,0.04031149,0.024417184,0.0032904611,0.050189853,0.013935596,0.045061216
B249,0.04671627,0.048650187,0.0037073584,0.0012577961,0.025592139,0.022059686
A2408,0.009266241,0.027793597,0.019381152,0.019337706,0.013016719,0.019479536
A1430,0.040949125,0.011583598,0.002870218,-0.0025194327,-0.007029503,4.1327485e-06
B65,0.0027605877,0.021415966,0.005626184,0.0016794484,0.005604043,0.0069344556
A1625,0.031608004,0.038983993,0.031707045,0.023687579,0.044724237,0.0058118263
A179,0.006547132,0.0013844575,0.0017404311,0.005114881,0.0017700249,0.00450376
A537,0.039540157,0.0044905045,0.017725876,0.004035124,0.014922098,0.004606943
A1304,0.052281246,0.00020643696,0.00075221073,0.0048881206,0.017061887,0.0066378945
B53,0.035487544,0.048382338,-0.0018338368,-0.0010570814,0.021669703,0.0031399133
A1046,0.030887255,0.042910594,0.020715948,0.004557572,0.032849543,0.022486797
B45,0.00460442,0.03018308,0.028556172,0.009981257,0.020808669,0.017876534
A1128,0.03369405,0.032754626,0.01207843,0.04534276,0.016922206,0.04357188
A1377,0.02714162,0.025684403,0.04465871,0.008370573,0.0044742604,0.006036552
A399,0.047131658,0.0011452041,0.010182574,0.045989785,0.032289185,0.035520766
A747,0.048543215,0.0059522293,0.0015754519,0.0013937093,0.014626544,0.02306086
A999,0.018937217,0.06008667,0.024205457,0.037376463,0.029501667,0.033529446
A1252,0.032180242,0.03325651,0.006120022,0.045820847,0.033188734,0.030955758
A1426,0.0070701707,0.05003278,0.01219724,0.035615757,0.021922087,0.0023823185
A299,0.036872093,0.07825227,0.009912658,0.023062652,0.019642232,0.016844327
B222,0.022937236,0.03333348,0.029117422,0.020138694,0.02351917,0.0017542288
A1646,0.0059570693,0.00097607303,0.002178978,0.0032941564,0.0011429092,0.00013054757
A2168,0.009168024,0.05272042,0.02118076,0.004041759,0.004017678,0.016266476
A959,0.052253358,0.032741122,0.0010440911,0.0013449072,0.010696849,0.048265792
A1880,0.021136822,0.054206286,0.0044148597,0.01879004,0.02371245,-0.0007530279
A1209,0.008641336,0.04587503,0.033714045,-0.0001553427,0.0032606954,0.02632942
B83,0.028330693,0.033954486,0.0028714032,-0.00029880262,0.02394825,0.007217558
A1745,0.03208096,0.07068026,0.00045334612,9.1084636e-05,-0.011235397,-0.00337349
A1712,0.05611869,0.013205509,0.0072883125,0.0011515841,0.029300245,0.020095421
A1003,0.008230047,0.010567428,0.007674155,0.005446033,0.005715976,-0.00034997816
A1579,0.04005052,0.016707739,0.0022006328,0.019066326,0.02153807,-0.0005830629
A1448,0.032118376,0.07258101,0.0013896828,-0.0012991746,-0.0025148382,0.0024586758
A2189,0.04595782,0.010117802,0.023749053,0.04059904,0.046157166,0.0068511018
A545,0.03904367,0.03054998,0.03553464,0.026948493,0.021530896,0.0393712
A864,0.03684719,0.023107212,-0.0020397494,0.0021522196,0.012355174,0.008693897
A908,0.0040102797,0.031173881,0.036165223,0.016773319,0.026884556,0.014545399
A1396,0.06758732,0.023076272,0.03362549,0.012768611,0.0029800506,-0.0062713963
A1561,0.017412037,0.0043242485,0.0064334422,0.01458287,0.014060409,0.0034449224
B296,0.015811687,0.015001586,0.0046426193,0.0030361963,0.0049031316,0.0052906647
B228,0.0013756139,0.049323343,0.04084247,0.007285913,0.0140366005,0.043694757
A2125,0.008833084,0.02012044,0.019847093,0.008887415,0.023314098,0.0017665853
A38,0.0002858071,0.0034645759,0.0028796063,0.0007727265,0.0024084453,0.0004287144
A403,0.015654523,0.031458106,0.016069878,0.039081227,0.021750068,0.008513497
A2327,0.009006193,0.037391942,0.023597965,0.013036075,0.004652106,0.020019466
A2079,0.030092413,0.031262275,0.005432499,0.042746067,0.034680128,0.027230257
A1184,0.006572248,0.0008452544,-0.00037354877,0.004920442,0.00067593565,0.0014662101
B64,0.02958738,0.015770137,0.014707593,0.018462874,0.0021305254,0.019715393
A214,0.04341469,0.025920484,0.030447202,0.020629387,0.024261033,0.023183953
A1258,0.009718628,0.045445897,0.030861711,0.012287661,0.031964116,0.015099353
A1580,0.0321533,0.014483585,0.026755244,0.013665059,0.005015476,0.0284915
A1833,0.044543922,0.004193134,0.009384117,0.0033477503,0.0046379585,0.015062575
A90,0.06106049,0.0042976607,0.031754073,0.00031032795,-0.00317785,0.01110786
A79,0.016393306,0.030244665,0.0048166867,0.03424587,0.009391512,0.003817497
A1157,0.035160426,0.038619414,-0.0029394699,-0.0007986623,0.0040786946,-0.010618904
A1614,0.0018031806,0.02236768,0.0017592822,0.013789643,0.0032492657,0.0022232793
A2036,0.03913166,0.015641872,0.011841845,0.040425297,0.036277972,0.015488187
A1739,0.0006636766,0.07140477,0.00043257026,0.008291831,0.0072011505,0.030801348
A1744,0.08332801,0.020366142,0.0008277726,0.012574145,0.02039949,0.0030300103
A1227,0.009913606,0.04348842,0.024242254,0.037501756,0.0036824637,0.040475406
A2420,0.00074349943,0.0034865278,1.9906038e-05,0.0026428087,8.073776e-05,0.0008683921
A452,0.017714828,0.040926736,0.04610521,0.023300575,0.050672542,0.024285812
A1467,0.042338032,0.02804489,0.0057290155,0.015641797,0.010712083,0.032007966
A2230,0.07155276,0.03013385,0.04079863,0.013310024,0.00045388838,0.00057995983
A2037,0.0077570095,0.008708143,0.0011804928,0.0025001357,0.0023407352,0.0007581777
A2358,0.018762458,0.04825727,0.00161482,-0.0006238755,0.0055705877,0.013671332
A2058,0.007552883,0.0394734,0.024768155,0.026031248,0.021123154,0.015289603
A755,0.054328017,0.017290628,0.021477696,0.015324862,0.021926098,0.008872201
A1637,0.013747824,0.0003913149,-0.00012020705,-0.00017733233,0.0033782055,0.0018312308
A551,0.017875738,0.003230135,0.006156271,0.008285713,0.0050978754,0.0027998318
A1409,0.047795948,0.03123898,0.046785645,0.018436413,0.00751614,0.02840287
A1226,0.014448919,0.046069983,0.03362701,0.033510752,0.045601416,0.0044737775
A2216,0.041706767,0.030988341,0.0064305277,0.002622242,0.0021678917,0.017089205
A2006,0.0033028324,0.00078548706,0.001202695,0.0022450378,0.00064697344,0.001084076
A28,0.020401917,0.041362595,0.039836206,0.02282214,0.019245524,0.041612174
A205,0.012679985,0.04600245,-0.0005526247,-0.00051399664,0.022705216,0.008817375
A2115,0.0674518,0.011883471,0.012477438,0.059389904,-0.004577135,-0.012550106
B71,0.02560687,0.082600795,0.002397034,0.009247945,0.03584428,0.02987323
A1384,0.013149714,0.08552537,0.0028582118,0.009552924,0.0071301023,-0.0060564
A2207,0.03216183,0.053242233,0.006390822,0.013423006,0.035914253,0.022048976
A1485,0.0021764052,0.001059121,0.00063524384,0.0011351596,0.00048191997,0.00018959625
A1126,0.014142633,0.027353603,0.026445528,0.012527814,0.0033670166,0.028462427
A1134,0.009357688,0.010901556,0.0027772933,0.0014395084,0.0038442411,0.0039041697
A1494,0.03347299,0.028454721,0.00017149516,-2.7403528e-05,0.010768498,0.002411885
A1621,0.04079057,0.02400421,0.001855831,0.04329819,0.02600664,0.029687699
A1350,0.008664441,0.04084045,0.026663193,0.03145854,0.017000033,0.036144152
A1178,0.027338857,0.042165168,0.024899205,0.040575266,0.0056195767,0.0006382124
A1925,0.04174326,0.002068858,0.01951045,0.036799002,0.026505146,0.025162606
B256,0.0043125213,0.00096896157,0.0029229708,0.003829314,0.0010975787,0.00061170297
A868,0.044836976,0.07923526,0.0039012178,0.0017497141,0.0077963164,0.02889257
A1383,0.025657337,0.0023915411,0.016849618,0.017744618,0.0042891577,0.009645169
A1210,0.0013234917,0.0287947,0.016728362,0.02168427,0.02176421,0.008466831
A1724,0.021073917,0.03700932,-0.00033729512,0.0007981667,0.009857883,0.00942403
A2294,0.054906886,0.027030932,0.011639123,0.00014620334,0.02549482,0.023658523
A1700,0.0034695934,0.022076733,0.01175897,0.0013071442,0.00833635,0.00855234
A1441,0.014573448,-0.00015930018,0.0013335178,0.010494654,0.011673719,0.0018336265
A1364,0.015458545,-0.0017123551,0.0029225475,0.009108911,0.0038065193,-0.0001909554
A929,0.0022135184,0.035532914,-0.002358299,0.032690447,-0.0029750718,0.029048102
A480,0.010371363,0.022878986,0.023398668,0.009267588,0.0027515658,0.0046753553
A2138,0.04784817,0.016457621,0.007497532,0.042292133,0.018153824,0.043472342
A1296,0.0477437,0.0073247263,0.00016531811,7.384635e-05,0.0005583336,0.00031086247
A2020,0.005328807,0.047823902,0.00088972214,0.046208702,0.020812236,0.042287514
A509,0.0010355046,0.00083096157,0.00027903353,0.0008754947,2.0240555e-05,4.2942647e-05
A1699,0.013642545,0.0027650846,0.0002462671,0.000501369,0.0033337676,0.0028132151
A1708,0.031677417,0.037465695,0.039492853,0.021530671,0.0213109,0.051855516
A53,0.025595643,0.003595266,-0.00020879487,0.026058368,0.014092759,0.016753608
A378,-0.0007754074,0.055377997,0.009612433,0.04794427,0.034367707,0.021191679
A25,0.01218322,0.0064562773,0.00049006625,0.0011363333,0.007167288,0.0026511927
A2019,0.060481973,0.025583979,0.00692903,0.046550162,0.028572774,0.035506196
A2193,0.03779824,0.03836405,-0.0003688857,0.0007479762,0.0054205814,0.0030049384
A2070,0.01568213,0.03850592,0.0028019375,0.019459555,0.02952238,-0.0013397058
A448,0.038477533,0.0783119,0.0009188239,0.0031878694,0.029718427,0.021697473
A953,0.029139932,0.009586676,0.009018523,0.0036831722,0.0046009626,0.0034757217
B198,0.0005172586,0.03808921,0.03036863,0.030553723,0.037923556,0.000983711
A1797,0.009501929,0.02734235,0.0021680386,0.0013769516,0.00534173,0.0072523
A1391,0.033614468,0.033437908,0.038398556,0.028406514,0.008818346,0.043915257
A1436,0.0010405842,0.010693534,0.008430251,0.0035717823,0.0041164127,0.0062500364
A2363,0.00319239,0.0485446,0.026448216,0.019556962,0.009722783,0.019225758
A2063,0.053168055,0.0374305,0.0016286059,0.002618151,0.02738065,0.017398166
A1327,0.02493281,0.04829851,0.04736452,0.021581842,0.021457715,0.020166487
A2065,0.040008273,0.008465605,0.00089876645,0.041888457,0.0056069386,0.0059190784
B234,0.02445307,0.040277105,0.041987006,0.021373045,0.03162439,0.03491496
B402,0.04529703,0.004737655,-0.0008492841,-0.0017745733,0.010253427,0.021898372
A1858,0.010272255,0.0009540943,0.009997183,0.001604101,0.0054617524,0.005193288
A1394,0.0029056263,0.029617293,0.016925268,0.01639821,0.017813442,0.0059198164
A1015,0.014976751,0.037816472,0.0033602228,0.007040524,0.0019701067,0.015403283
A2098,0.01867082,0.042767055,0.0063814116,0.001509506,0.0013861698,0.0028991876
A1179,0.0120405415,0.052288037,0.037066177,0.03710128,0.002653293,0.0038278922
A1815,0.01427477,0.05260508,0.0069441064,0.0033792886,0.01295248,0.026495825
A1144,0.012584631,0.015828105,0.0026780765,0.017548414,0.0013322376,0.00598913
A1177,0.018304182,0.036107015,0.007833494,0.041614898,0.011421863,0.022178492
A2272,0.026196893,0.0034100846,0.013553346,0.004313866,0.015668878,0.011343336
A1319,0.00900401,0.0053909402,0.0017873377,0.0010579971,0.0013807565,0.0023970578
A1696,0.036412,0.029812578,0.015251028,0.04330362,0.0057915254,0.04637151
B60,0.04106245,0.010607075,0.024606017,0.00097530684,0.0028326518,0.0017014515
B340,0.050429583,0.0035619414,0.0003118255,0.0002952524,0.019226592,0.015457808
A1338,0.024419935,0.07309931,0.002464232,0.0009818507,0.014060054,0.023909397
A246,0.015021278,0.03682084,0.03139283,0.014457265,0.033585567,0.014443921
A1154,0.028166449,0.043891534,0.00072501827,-0.003496391,0.011545866,0.0030015635
A1455,0.0007686938,0.00018441351,8.833385e-05,0.00019540174,1.5418e-05,2.1282363e-05
B360,0.012281866,0.0019518058,0.00072822534,0.0011709713,0.0019259952,0.00319587
B414,0.04050139,0.009989343,0.0010756066,0.0058106156,0.010294556,0.007708442
A685,0.0031709685,0.03796737,6.147511e-05,-6.9903167e-06,0.0014346252,0.0073431428
A1061,0.03483307,0.028581437,0.00210854,0.036558393,0.021248603,0.025374947
A1158,0.035274934,0.0050340993,0.012975494,0.029166711,0.030015368,0.0007606997
A1630,0.03469581,0.016997932,0.022594292,0.05340469,0.017663602,0.021347515
A1667,0.0007279632,0.015038705,0.00405589,0.0023358362,-0.0011121979,-0.0007040289
A1688,0.066228345,0.012408397,0.008008985,0.0046865875,0.013584519,0.04042191
A2174,0.023615915,0.050657585,0.002493554,-0.0012066532,0.02162205,0.015753657
B35,0.04303187,0.028767113,0.026529366,0.026962085,0.03453905,0.0032192124
A672,0.0090845525,0.0908922,-0.0017544137,-0.004673169,0.010549217,0.039737735
A148,0.016088938,0.03113525,-0.0012439037,0.002139213,0.0066501214,0.0054133325
A443,0.0034123103,0.018137395,0.010586079,0.009054794,0.005027525,0.0011474751
B290,0.011080003,0.003675055,0.0109409755,0.0032894604,0.000902803,0.00023042894
A1785,0.047250282,0.020621993,0.034908216,0.0022184907,0.02000332,0.0058498858
B258,0.025147099,0.043230474,0.01601869,0.016265394,0.030630227,0.0015337149
A2165,0.049558055,0.01006343,0.020217687,0.04184695,0.037119605,0.004954067
A1468,0.015540245,0.0022620945,0.0010941694,0.0083267335,0.0018380329,0.0024059874
A1981,0.011812967,0.024805088,-0.0013549156,0.006640663,0.012548855,0.0030753927
A2102,0.03122619,0.019954722,0.013597922,0.03283568,0.023755549,0.024449136
A2412,0.018041342,0.04294047,0.029197033,0.022581242,0.00057756307,0.034523703
A1295,0.04099973,0.032395504,0.01381565,0.02906676,0.00060146133,0.01374058
A1297,-0.0010168325,0.05234695,0.0053473213,0.0016520398,0.0040193857,0.015571033
A1676,0.043550197,0.0038696,0.036669277,0.023371568,0.011636152,0.041158605
A11,0.007586584,0.0065229023,3.3482782e-05,0.0043736766,0.0045325384,0.00016389215
A1294,0.0023625712,0.058737572,0.0046808575,0.021682888,0.019079942,0.017697176
A1254,0.034861337,0.019727001,0.010216785,0.03775598,0.011013788,0.025077645
B134,0.040340368,0.012879416,0.02837012,0.029768175,0.016420396,0.034981105
A1623,0.04373151,0.015499148,0.031272702,0.03565236,0.013834149,0.039706107
A2258,0.045581218,0.011663861,0.027473215,0.042054083,0.04918131,0.029565213
A183,0.031851754,0.010418588,0.017201785,0.0059515564,0.00012117213,0.0002013384
B247,0.008995275,0.010806375,0.0069799973,0.007371329,0.0028061843,-0.00025731223
A1325,0.011492966,0.06683417,0.011913607,0.017874712,-0.001347956,0.002425147
A951,0.022335296,0.01984328,0.0071646594,0.008888623,0.00097465125,7.243596e-05
A2132,0.057420433,0.02483989,0.013015533,0.014762495,0.02940703,0.034671523
A1831,0.044296402,0.027128857,0.007110056,0.032119974,0.036989715,0.018800823
A2299,0.020208018,0.036415663,0.0047506434,0.038290877,0.026552623,0.014189864
A593,0.007720509,0.019075304,0.011379467,0.0026926282,0.0030194097,-0.00083089486
A1753,0.03400233,0.03317986,0.045255527,0.012266893,0.023556255,0.041275926
A1421,0.03287356,0.007621224,0.012332653,0.020263197,0.023957307,0.008740533
A1459,0.034697924,0.025714394,0.0619756,0.00481324,0.0144744115,0.036150206
A1784,0.021750666,0.028404145,-0.00024889715,-0.0009224534,0.011907573,0.013060069
A1001,0.043156464,0.0057284217,0.018989867,0.021240167,0.011155518,0.028473496
A1019,0.010357887,0.019453563,0.020852385,0.010104576,0.012365848,0.009822639
A2311,0.01684701,0.03180546,0.004989633,0.008760774,0.016248794,0.0036191095
A2118,0.055834107,0.025072671,-0.00046747082,0.018209623,0.040740848,0.012155784
A2388,0.057730563,0.01656098,0.013861244,0.01785127,0.025849272,0.015765844
A1345,0.008735159,0.058936603,0.058330048,0.0035218312,0.0021013175,0.0009032996
A2367,0.036824897,0.020746263,0.0022806742,0.044401813,0.016259696,0.035859384
A1593,0.008298499,0.06341283,0.017598826,0.0076842466,0.035658386,0.021309204
A1657,0.017655151,0.040463515,0.03631606,0.028517704,0.024118418,0.026998194
B260,0.043847434,0.018391518,0.042912483,0.0069168117,0.029168518,0.032918114
A954,0.032852456,0.011887131,0.0043328446,0.010867372,0.007132731,0.0019349627
A2215,0.068595685,0.025656184,0.031366628,0.043157868,0.006823861,0.021224359
A2167,0.03496666,0.0417259,0.0050446955,0.021799922,0.0036226213,0.019990321
A1888,0.011348228,0.05608047,0.04338793,0.005247708,0.011038137,0.027223416
B95,0.0012293385,-0.00010468593,-6.451233e-06,4.9619706e-05,6.395054e-05,0.000109538545
A2356,0.065382935,0.0005229335,0.035135977,0.0170538,0.036171846,0.018222334
A1960,0.010285015,0.031652316,0.0015347004,0.00010766033,0.007492137,0.009341836
A668,0.005024855,0.028037373,0.01882524,0.018680038,0.0011338032,0.02876654
A2273,0.036057077,0.007393227,0.02182255,0.0021450117,0.0073195146,0.016451875
A1317,0.024040587,0.005475967,0.013028423,0.018179905,0.016796114,0.0054145595
A1291,0.017561648,0.041880954,0.02266978,0.015428001,-0.0014611562,0.021511724
B120,0.013191724,0.031410955,0.03213971,0.005245132,0.027782818,0.004383301
B190,0.02990968,0.0016376744,0.026816308,0.0050698584,0.0045935456,0.01609646
A1260,0.041014805,0.028382834,0.020400323,0.041931085,0.046747908,0.0009742544
A1951,0.02493475,0.03975674,0.045850124,0.011674041,0.03271776,0.029356422
A414,0.008882162,0.0067086294,0.010294329,0.002413374,0.0017411296,0.008640048
B286,0.03943882,0.003943519,0.02220443,0.009902681,0.014170057,0.008828709
A488,0.025237195,0.0650615,-0.0003255263,-2.7517478e-07,0.009993756,0.026223175
A1737,0.028512873,0.026004203,0.010646051,0.021933217,0.0069079124,-0.0004229451
A152,0.0030128981,0.0072210403,-0.00029866566,0.0051715034,0.0048102937,0.0028892846
A1854,0.03923224,0.016398886,0.04193138,0.0058998,0.00051823095,0.0011900808
A1827,0.051615372,0.012115559,0.020758368,0.020421127,0.0041388464,0.033585288
A1521,0.023165427,0.009054005,0.021486461,0.0049858326,0.001362893,0.005693882
A2389,-0.0010200393,0.07304836,0.0006250348,0.0007269445,0.0109749,0.004085575
A883,0.04348949,0.020839997,0.040819,0.017954256,0.044964965,0.016625432
A201,0.047672085,0.012520841,0.036625393,0.04495322,0.012678054,0.029105058
A605,0.009689925,0.017057559,0.010415495,0.016847279,0.0077857655,0.015317733
A85,0.011814387,0.0031569058,0.008215046,0.012500705,0.001735773,0.00059037417
A1104,0.014104519,0.004574003,0.010888292,0.004320841,0.00053036254,0.0029096312
A2081,0.047371436,0.019201731,0.0034594487,0.03369939,0.007101121,0.034019902
A823,0.03455655,0.056876577,-0.007131369,-0.0044278638,-0.015091347,-0.001269648
A2195,0.022009354,0.056664832,0.023803437,0.045402646,-0.000909717,0.0020890755
A1182,0.0024922104,0.0049265483,0.0024865605,0.0015392078,0.0012261219,0.00027114406
A164,0.040472224,0.04613359,0.04622772,0.0057143,0.04131319,0.030488146
A1231,0.036018945,0.047309432,0.02264825,0.0017025489,0.02435982,0.028843336
A382,0.019542191,0.038518123,0.04023176,0.015208353,0.006936054,0.012968356
A887,0.04276872,0.036279384,0.001844046,-0.0003233128,0.0070563657,0.0141343465
A1461,0.006645045,0.016494028,0.007799543,0.01617944,0.00897691,0.0046127173
A1760,0.054255113,0.02082119,0.029787352,0.0030507536,0.02614801,0.029104983
A1651,0.014902891,0.003007978,0.00022903013,0.013932143,0.006525703,0.0035637731
A1863,0.057096746,0.01315941,0.00080778264,0.00028570715,0.026303764,0.016142318
A2147,0.051399354,0.034542073,0.04623529,0.019521419,0.038282506,0.0024272907
A193,0.015693331,0.035689585,0.010803202,0.018222313,0.0043893764,0.002407166
A1036,0.04988093,0.0021713844,0.029119015,0.004505384,0.0022190763,0.009816254
A1115,0.007458957,0.019230528,0.001110321,0.00059622753,0.0034901795,0.0045082285
A2018,0.046000198,0.022113713,0.041355625,0.0027924879,0.032886736,0.017711941
A2047,0.007922183,0.047151633,0.016299319,0.04176628,0.01495623,0.04241341
A1051,0.003577112,0.0007262261,0.0006973475,0.00052435213,0.00028498235,0.001453431
A978,0.016805232,0.0074749226,0.016284866,0.0076889065,0.012951832,0.005953403
B213,0.014098162,0.026808739,0.016475385,0.017841144,0.002391583,0.019319084
A1479,0.009672316,0.00703554,0.00023853188,0.0017344169,0.00087461504,0.0023104453
A1370,0.02602821,0.05143895,-0.0007452626,-0.0040399185,0.001120023,0.011962608
A1526,0.007806403,0.035141274,0.020280898,0.011288067,-0.0018448868,0.0013502574
A1201,0.002793402,0.03869248,0.00531379,0.035239827,0.0036105593,0.036023602
A578,0.05304885,0.0046670935,-5.159381e-05,9.7148164e-05,0.015430238,0.009110027
A1693,0.06784527,0.022051634,0.0050322292,0.009534333,-0.0024810736,-0.0035239726
B194,0.006957277,0.060266294,0.02388329,0.041649573,0.009550764,0.0075569777
A302,0.021164535,0.03285097,0.016227895,0.01738516,0.0059090327,0.021687796
A811,0.057846475,0.009738412,0.03187748,0.011614167,0.018474426,0.012582156
A840,0.018365571,0.0009318928,0.013079394,0.010290601,0.014122415,0.0057641864
A1710,0.028178487,0.065254256,-0.0012614396,-0.001975985,0.00149803,0.015616024
A967,0.02809114,0.044673875,0.013338008,0.0027535995,0.00044430545,-0.0018968838
A1314,0.015735013,0.020766998,0.027459502,0.005474945,0.0061929375,0.014035334
A2298,0.0070363474,0.039244514,0.0238133,0.019290093,0.010876688,-0.00922854
A1387,0.009483709,0.04041882,0.012345118,0.015824793,0.017226852,0.006696365
A1542,0.04325216,0.03093987,0.011883871,0.014000573,0.018785229,0.014733662
A2097,0.0022522658,0.06252276,0.005059958,0.0024314758,0.023075728,0.031794168
A1152,0.005178302,0.0017204753,0.0021478804,0.0029434224,0.0013633503,0.0010337575
A374,0.01133146,-0.0012330171,0.004702713,0.0056427373,0.0047865408,0.0016204235
A2405,0.046786807,0.010727375,0.010705543,0.045640476,0.022769855,0.040989954
A264,0.0036929958,0.05599372,0.0065226955,0.041004978,0.010372571,0.03679926
B237,0.0399159,0.012213149,0.037845258,0.017384578,0.034225907,0.017280927
A2046,0.043819383,0.027081044,0.0038184286,0.002033907,0.013802437,0.007313569
A740,0.03820074,0.040441386,0.03439994,0.019647067,0.014554919,0.014814184
A878,0.010103321,0.05518075,0.019042818,0.03737714,0.0068553495,0.06947457
A652,0.043769576,0.016832823,0.027380949,0.037815224,0.033000145,0.032615423
B289,0.015500638,0.0009112226,0.004983813,0.00088267244,0.0020064905,0.01062794
A1780,0.009187822,0.022349294,0.023506116,0.00077871815,0.023673775,0.0026704248
A936,0.006770246,0.011902569,0.01047133,0.0005217158,0.0001803387,0.0019855609
A1783,0.06975264,0.0021353012,-0.008971191,0.0032486774,0.024422547,0.008184532
A2194,0.010918486,0.055182926,0.00035807045,0.003972534,0.004228341,0.029677605
A785,0.059907414,0.0035503537,0.04592885,-0.00012076324,0.02305733,0.0351536
A1498,0.045876253,0.0064240983,0.0012532446,0.0017408937,0.03795084,0.00045901616
A1004,0.0037373272,0.046656124,0.046608344,0.00024761955,0.005399059,0.046152588
A1452,0.0459142,0.01860882,0.001868587,-0.00042235947,0.011783781,0.0069250865
A1819,0.025130378,0.02618357,0.0017549673,0.014303072,-0.0060166027,-0.002342893
A1846,0.07139717,0.04166897,0.0062518464,-0.0012142522,-0.00719939,-0.0032831684
A572,0.0354871,0.02770357,0.03045062,0.011959727,0.0012286109,0.014179068
A1965,0.030319083,0.03614996,0.048264544,0.017344123,0.005290274,0.04136547
A1876,0.06653609,0.0021201097,-0.0027709128,-0.0024322015,0.00012631377,0.035039358
A1471,0.0022642321,0.04709617,0.02195819,0.041582644,0.032312993,0.03395803
A1984,0.009652304,0.009559975,0.010788173,0.004063668,0.007382483,0.0041486775
B404,0.034751195,0.041879084,0.038072314,0.0007055503,0.034425903,0.03166747
A1669,0.048563696,0.023181882,0.0057583735,0.035222996,0.03372253,0.028440755
A309,0.047130954,0.04165882,-0.00033036002,0.0047043017,0.016275661,0.01349298
A398,0.043282244,0.030451035,0.037900962,0.001196216,0.021240136,0.031079946
A1569,0.0026430287,0.0027440938,-3.4635257e-06,0.0004979998,2.9337343e-05,3.6044126e-05
A2387,0.013323142,0.03513472,0.019110383,0.023902837,-0.0005702043,-5.3867596e-05
A1205,0.051150333,0.019473566,0.03628655,0.033612315,0.030016428,0.031418473
A2393,0.045780264,0.009824906,0.027051812,0.058559302,0.0011994495,0.0010940502
A390,0.024172168,0.067495935,0.02201979,0.01719199,-0.0019466805,-0.005451037
A1207,0.0049858927,0.002385047,0.0008229539,0.00025094856,0.00078316685,0.0024329973
A764,0.042337377,0.020345269,0.039777298,0.024742942,0.031495217,0.034797166
A359,0.0011797132,0.070719756,0.0015688406,0.01653354,0.031600524,0.034729376
A996,0.051141094,0.009799475,0.022961255,0.009207485,0.035950456,0.006008264
A1523,0.009785692,0.0024117222,0.009753947,0.0006009649,0.007850335,0.003946041
A510,0.0315945,0.0043823454,0.013230192,0.028268592,0.0198865,0.023618348
A2017,0.0076484503,0.052590173,0.02796501,0.026276542,-0.00058291404,-0.003652655
B267,0.02966218,0.05764542,0.0036011813,0.004977865,0.002919404,0.016326096
A1763,0.017037887,0.077607915,0.0025549969,0.0012462076,0.010876642,0.004532179
A763,0.05251078,0.040030323,-0.0009430134,-0.0007471603,0.029582461,0.02224611
B128,-0.0005950528,0.007826948,0.0050726486,0.0049417363,1.0576604e-05,2.8807324e-05
A2422,0.05591546,0.002247198,0.07061924,0.005817901,0.019626759,0.0019338386
A611,0.0011015142,0.047104836,0.014570895,0.044797134,0.039379895,0.025656959
A2324,0.052200325,-0.0019222741,0.0013874372,0.043300055,0.0040417747,0.0047256695
A2378,0.019262206,0.05293415,0.028518923,0.047660705,0.045799326,0.000577224
B359,0.010454373,0.044891294,0.0085893,0.04708691,0.022999877,0.03614653
A1967,-3.2609547e-05,0.0035395243,-8.1918515e-05,0.001471784,-0.00020076058,0.00021515858
A255,0.029825084,0.057692505,0.048169058,0.010685851,0.020154214,0.004631847
B179,0.0053778733,0.037961487,0.002157307,0.029609745,0.018042076,0.0051073506
A2205,0.019479224,0.0417366,0.00551095,0.0452554,0.024291806,0.037186537
B338,0.040593255,0.019898843,0.023217196,0.020664545,0.033534367,0.007897962
B246,0.0044383886,0.048058227,0.033659913,0.03014681,0.019064607,0.042459477
A1016,0.004037771,0.060038127,0.0045047747,-0.00082710694,0.025282769,0.01862224
B131,0.044717196,0.008394687,0.04105652,0.017653411,0.042299252,0.02053699
B305,0.0008910597,0.00017206307,9.83137e-05,-1.4071314e-05,5.2505344e-05,0.0001888186
A2111,0.046681713,0.006483848,0.024375433,0.04078303,0.015457883,0.044123374
B408,3.1049187e-06,3.8702678e-05,1.4433572e-12,-2.1492666e-13,2.161416e-13,2.230812e-14
A1774,0.053913314,0.01717539,0.033200596,0.015149276,-0.0017362218,-0.0025216523
A17,0.0031938865,0.04341907,0.010586932,0.028181124,-0.0032000714,0.0004675873
A571,0.0006437822,0.04624514,0.045441233,0.0034525353,0.008313383,0.045214046
A407,0.00039975456,0.047148928,0.02335568,0.03876406,0.018506723,0.03100568
A918,0.03970968,0.00033357096,0.0019045862,0.0015072104,0.010693295,0.008102715
A1406,0.025142156,0.01876057,0.008349895,0.02604125,0.013436813,0.017031346
A1644,0.023386676,0.022949297,0.008933206,0.005889003,0.0029241745,0.0034380762
A20,0.031940907,0.040109403,0.0528325,0.014038589,0.041418698,0.03982763
A217,-0.001641797,0.047884412,-9.659674e-05,0.009611154,0.00078809366,0.016049623
A360,0.0441205,0.017109847,0.038588937,0.0134260645,0.030916242,0.026794732
A2144,0.05403197,0.019659689,0.0012393554,0.009946475,0.029541193,0.014884463
B407,0.0008438829,0.048052266,0.046878893,0.010340287,0.042849984,0.004521509
B47,0.009161124,0.0032672163,-0.00016088906,-0.00013928299,0.0029505414,-0.000113223934
A2178,0.032559775,0.037533242,0.029574389,0.018457936,0.023169223,0.014442319
A707,0.0014828194,0.061934095,0.04321711,0.032901093,0.0002030222,-7.562456e-05
A860,0.008849731,0.047919475,0.03872204,0.026062889,0.036122907,0.026672622
A1597,0.015226186,0.010629643,0.003839647,0.0011583449,0.007993178,0.002198427
A2088,0.028807396,0.010459339,0.0075489613,0.009334939,0.028394816,0.0077885333
B143,0.009948903,0.025524369,0.007684665,0.0022751135,0.006997451,0.0066057523
A1531,0.0031507697,0.036452673,0.03149976,0.00800047,0.022153037,0.020435425
A133,0.019471176,0.03314547,0.027913155,0.013600904,0.036338925,0.006130496
A1923,0.007332516,0.010103886,0.010227563,0.0037295364,0.0035065843,0.007838328
A792,0.0046251547,0.03283248,0.0049580014,0.031737376,0.016914938,0.022263864
A1145,0.003243673,0.0075292815,0.0019381494,0.007693554,0.006564233,0.004516159
A856,0.018340282,0.031519484,0.00032262257,0.0345412,0.002074745,0.0016439331
A1332,0.07528828,0.025007075,-0.0057505355,-0.0017704503,-0.01665778,-0.0058782795
A141,0.004906978,0.0042271735,-0.00029970676,-9.0960944e-05,0.002718714,0.0005039192
A1727,0.020968067,0.00011881022,0.0011055708,0.02093884,0.006937243,0.01985156
A55,0.025031615,0.017161874,0.026880508,0.013265272,0.009201044,0.017037919
A814,0.020570546,0.044052746,0.03270085,0.030846886,0.015978834,0.053672202
A461,0.0155201,0.0425201,0.044812474,0.0062325182,0.011419097,0.03905038
A1845,0.026279815,0.012094877,-4.3548156e-05,0.021658154,0.017138097,0.009133721
A409,0.034448203,0.03809515,0.014867321,0.03125013,0.00041280885,0.0016151697
A199,0.04080224,0.014724251,0.02830187,0.029170167,0.03900546,0.009160327
A1716,0.03466607,0.056425553,0.012937395,0.00029452163,0.007976901,0.028483536
A1435,0.0017624277,0.002720224,0.0009887182,0.0031349836,0.0013796833,0.00049818924
A1599,0.009778384,0.003767282,0.0015262578,0.01064768,0.002827196,0.0021943448
A1905,0.029552992,0.029618232,0.030039763,0.013382277,0.014190446,0.021642834
A725,0.0016051957,0.006791341,-0.00018591053,0.00029219963,0.0030159552,0.00153981
A1855,0.0069395825,0.006116931,0.009507511,0.0017328295,-6.8175046e-05,0.006633107
A2106,0.004054791,0.005204878,0.0032234213,0.00031231262,8.389951e-05,0.00071000465
A431,0.026104312,0.034404416,0.023694899,0.024183007,0.018273195,0.02460074
B11,0.0001569548,0.0011832489,0.00027204028,0.0006317216,5.3206586e-05,2.1901065e-05
A1550,0.001638726,0.0033895262,0.0021119597,0.0015508428,0.00014962927,0.0020057461
A1129,0.040262822,0.024386253,0.0053921384,0.046772756,0.013458687,0.044943847
A1369,0.0064887055,0.011923438,0.0043023983,0.0070403903,0.0053982665,0.006942263
A601,0.030529227,0.01842707,0.033098865,0.008981479,0.012750491,0.015229433
A73,0.028270198,0.054157928,0.032547858,0.028926574,0.028237168,0.03961047
B313,0.0054527507,0.0030041498,0.00035696282,0.0032157863,0.0003947322,0.00018178431
A2376,0.003509972,0.0025998007,0.00048988947,0.000515348,0.0020132586,0.0011141566
B329,0.016772503,0.046463005,0.0069104386,0.0024834643,0.0031839726,0.029083818
A1806,0.03844351,0.04147567,0.006711706,0.010090307,0.029936887,0.016437287
A1164,0.0033718443,0.045000326,0.04373388,0.0052488125,0.004162648,0.04098259
A889,0.06889941,0.028222574,0.030097436,0.028290922,0.009176592,0.032809906
A1884,0.020984111,0.021402154,0.0010933318,0.0036146527,0.00018672225,0.0007447362
A1149,0.01744643,0.018437408,0.0246019,0.008057267,0.018598158,0.017017836
A357,0.0015011524,0.0027011323,0.00027913108,0.0020722847,0.0005090954,0.0001023868
A1102,0.061808348,0.025767319,0.0059622764,0.01481384,0.03207492,0.022808988
A1703,0.03174685,0.010428573,0.037560225,0.006296809,0.02046096,0.016154185
B139,0.061837155,0.0010118157,0.03865736,0.032715213,0.015895918,0.011041645
A2401,0.009539052,0.025647968,0.03844028,-0.00038071634,0.0011676948,0.0017330765
B133,0.050157733,0.046423554,0.012312912,0.0016028852,0.012784376,0.005284489
A1649,0.015516754,0.0059715193,0.008156934,0.012713199,0.0027782428,0.004190611
A2025,0.017722752,0.018927779,-0.0036366703,-0.0017041181,0.008164884,0.004771753
A2134,0.06814786,0.027363896,0.011806583,0.008149357,0.004486585,0.0054204063
B28,0.055028617,0.0060989917,-0.00011971752,0.04448223,0.0030213534,0.007362119
A1267,0.029944986,0.0047721947,-0.0002705949,-0.00041217855,0.011421635,0.0012646486
A2254,0.0092864055,0.04909981,0.026552832,0.016513055,0.00071951945,0.0012536154
A2413,0.009254382,0.04544817,0.040571876,0.01672254,0.01670296,0.04106968
A987,0.03900094,0.019500341,0.042340312,0.0030036592,0.036268465,0.02268989
A2416,0.022873946,0.03663831,0.013084801,0.017692309,0.0051627452,0.0025605117
A880,0.03540861,0.057444416,0.029258527,0.038863648,-0.017843783,-6.032909e-05
A1233,0.002230324,0.003776935,0.0021305631,0.0019721019,0.00019210197,0.0005841992
A553,0.023070814,0.006250409,0.01960336,-0.0010266444,0.0037727128,0.0014365894
A2419,0.041245304,0.0057043056,0.007070514,0.039430264,0.0356258,0.010699624
A1918,0.055036154,0.035473898,0.03130915,0.057495978,0.0022673004,0.006079566
A564,0.0016818517,0.04991562,0.03960972,0.0062620947,0.042220198,0.0037013052
A940,0.009127287,0.037932124,0.035526685,0.005413476,0.028438712,0.019277427
B171,0.029122727,0.026207158,0.01656223,0.014240092,0.009077321,0.0009788295
A945,0.055595834,0.027396543,0.016014764,0.008083666,0.018309051,0.03627605
A1362,0.032756355,0.033878036,0.011543477,0.045631956,0.006060833,0.04665788
A2232,0.04752607,0.014859784,0.030769,0.03273533,0.028750492,0.036766853
A1323,0.04387808,0.05145324,0.0025786064,0.037944335,-0.0026719098,-0.0032838462
A1100,0.007435814,0.007933777,0.006238668,0.0018221099,0.000887826,0.0016092517
A1458,0.029288793,0.030746812,0.015227618,0.061046313,0.026508557,0.028933486
A834,0.03565435,0.040164117,-0.001125552,0.0017597277,0.016172163,0.021388594
A492,0.006908554,0.0061497767,0.0020994141,0.004948405,0.000785736,0.0023119217
A2411,0.03323126,0.02440338,0.029129295,0.044658586,0.017888445,0.034450386
A1775,0.012718832,0.0063075377,0.004705213,0.0023323866,0.0012167316,0.0011121893
A968,0.04406618,0.012787847,0.008849615,0.011957486,0.000110902016,-0.0014977417
A288,0.05321707,0.05468721,0.0067363526,0.010717616,0.0076416624,0.012683649
A1894,0.018700723,0.034471706,0.03580217,0.003935112,0.013872767,0.005675673
A383,0.077595115,0.0055080494,0.003200399,0.015645316,0.015833879,0.013124412
A818,0.016680682,0.045370363,0.045515303,0.0034638715,0.0025631795,0.046452288
A281,0.03278968,0.011547967,0.0066221645,0.0021005224,0.002566787,0.009174224
A1558,0.0044940924,0.019295642,0.0052735577,0.009985243,0.0031962728,-0.0013422926
A323,0.0760599,0.009747522,-0.0048126723,-0.0054354537,-0.0031908294,-0.013868139
A701,0.038553324,0.04545338,0.032209836,0.023986368,0.00877501,0.016105948
A1212,0.011241898,0.04418399,0.02275332,0.038936116,0.015593716,0.040636577
A961,0.022022108,0.039412286,0.022574438,0.03817128,0.0001444453,0.041347582
B214,0.047280602,0.014196168,0.021458235,0.038528588,0.027867658,0.037343778
A2032,0.006783797,0.03288863,0.020122219,0.025380397,0.023731299,0.017807743
A2428,0.0319289,0.031381145,0.040870592,0.017747197,0.02783162,0.03227909
A1849,0.061815895,-0.0047481307,0.0032705255,0.04290239,0.021808749,0.03698692
B215,0.014347839,0.017391233,0.01809687,0.0070538386,0.012200046,0.01063943
A1813,0.0003004247,0.05566971,0.024147335,0.0054077827,0.034996264,0.023860332
A822,0.010580161,0.054695234,0.01377003,0.021075176,0.03249698,0.02230995
A1062,0.0062659783,0.041980978,0.0011324022,0.023400405,0.013564848,0.017862521
B365,0.03708495,0.003075639,0.0025067672,0.0026439915,0.0004920018,0.0009790271
A1778,0.0046278066,0.008201829,0.006599024,0.0019091115,0.003787228,0.00466809
B30,0.01271055,0.044708207,0.040739514,0.025050137,0.03510707,0.030106079
A16,-0.00019960463,0.03467179,0.02525508,0.002657967,0.00045004374,0.005423759
A1674,0.018151183,0.03702295,0.030826649,0.021745242,0.0013854414,0.036286548
B165,0.023313971,0.05142714,0.0023871446,0.0075792694,0.010079693,0.0032284658
A340,0.004916365,0.04183025,0.030373422,0.014629587,0.039576087,0.0067915088
A479,0.024520688,0.040309094,0.014973122,0.047467247,0.013189254,0.049783967
B212,0.08329627,0.017728375,-0.00043073524,0.00072351383,0.019915262,0.01762423
A1427,0.0243149,0.07197184,-0.001082738,-0.0054383622,0.0004043732,0.022373712
A1824,0.0095769875,0.0056647197,0.009498419,0.004991438,0.002034957,0.00033041876
B49,0.051158983,0.008243305,0.006572438,0.046542343,0.014135835,0.039175887
A986,0.042959537,0.020391578,0.038755104,0.018247224,0.0016128508,-0.00072848774
A354,0.06688352,0.010908837,0.013140678,0.008276697,0.01802656,0.04159707
A2262,0.041110743,0.0384627,0.016467592,0.002924121,0.026498448,0.025808534
B101,0.026760368,0.026599394,0.0077336016,0.018415986,-0.0010683796,0.0016100812
A48,0.0055250083,0.015095368,0.009187978,0.009885803,0.011565571,0.002395597
A272,0.021852797,0.022017453,0.024843145,0.0033888025,0.024736011,0.0076076593
A809,0.033348937,0.030729795,0.023049897,0.019199135,0.012089724,0.0349301
A1767,0.0010318735,0.00027700368,0.0003146268,0.0006300227,3.5622474e-05,1.01136375e-05
A200,0.046274222,0.045338158,0.032004554,0.032844923,0.004820699,0.0036051073
A356,-0.00096058485,0.004473151,0.0009225881,0.0026848349,0.0003527955,0.00045813227
A595,0.015931685,0.03219836,0.0005211828,0.03459825,0.02312879,0.015853005
A2256,0.047815483,0.018365651,-0.004019024,-0.0031896592,0.005573174,0.01015898
A1329,0.015373497,0.03106601,-0.00047221588,-0.00040932235,0.00044104684,0.017955193
A1114,0.037587214,0.016431302,0.017502328,0.032432515,0.01706823,0.032743525
A376,0.04831648,0.049665816,0.00038945774,0.0014142928,0.019768706,0.022821376
A1615,0.0157149,0.03979627,0.0038730481,0.032019336,0.0010186725,0.011961631
A586,-0.00016994131,0.019651538,0.008668897,0.0036455689,-8.938358e-05,-7.257059e-05
A924,0.04100491,0.048556566,0.028524581,0.033390798,0.04375543,0.0023640816
A2341,0.016306432,0.039373513,0.021879934,0.0015104222,0.0034107198,0.024659682
A1805,0.024248792,0.04005232,0.043084875,0.0170088,0.03169787,0.051743917
B66,0.00630647,0.0114168525,0.005832406,0.0036127283,0.0032927007,0.0011117111
A81,0.008624005,0.045954205,0.022047164,0.04741327,0.03554759,0.016639676
A139,-0.00028279427,0.0022889264,0.0012330008,0.000369906,-0.00011487143,1.385654e-05
A369,0.04632477,0.0043804166,0.006033234,0.045436222,0.017719468,0.04065368
A1887,0.00014475416,0.0029037604,5.2099673e-05,-5.6791432e-05,0.0006768623,0.0010399867
A456,0.047573548,0.0015616537,0.03187824,0.03363348,0.026713649,0.03011002
A1568,0.018553635,0.017032605,0.0052834353,0.01170002,0.021209024,0.007901727
A899,0.045837753,0.037014883,0.03257336,0.02547245,0.021666192,0.008074295
A1249,0.026439195,0.023954151,0.021729212,0.027059088,0.0037538647,0.01958967
A858,0.007157294,0.038126808,0.026650442,0.021123206,0.008356914,0.007819137
A974,0.008800753,0.054139134,-0.0050558806,0.0001316677,0.015230567,0.0068864897
A2029,0.015172678,0.044934273,0.009958122,0.02314515,0.013690452,0.033050112
A1694,0.08703669,0.014657949,0.00057350297,-0.002414306,0.017502489,0.013255181
A46,-0.00078191527,0.051461287,0.033026144,0.01656546,0.007930403,0.036668897
A2371,0.00056037895,0.0022825678,0.00080037245,0.0006325188,0.00032566505,7.8487945e-05
A1446,0.061863046,0.0008021005,0.0054954197,0.007263609,0.033815835,0.018753165
A637,0.04979553,0.04521293,0.02270294,0.051972866,0.017944606,0.011444628
A1878,0.009671307,0.004535863,0.0034849101,0.008811199,0.0066587017,0.0013705393
A1636,0.0036203854,0.0034918603,0.0022098671,0.0017008301,0.0012741792,0.0002717491
A2300,0.029081738,0.04120138,0.021003135,0.0031129282,0.028019529,0.00868002
A212,0.00013243388,0.00039183945,0.00024285696,0.0001579914,-1.7854374e-05,5.4388493e-05
A2247,0.06443078,0.0014337098,0.042840526,0.022824474,0.0018494105,0.0016307848
A1841,0.0418097,0.06188792,0.042193115,0.014194759,0.003229284,0.037033476
A826,0.017762579,0.06443042,-0.006044438,-0.0043853945,0.0039976356,0.034078576
A1060,0.0034784165,0.06026152,0.026455004,0.037037253,0.017501095,0.038545243
A2319,0.018405562,0.05020731,0.0009770428,0.00096382364,0.0026656662,0.003816577
A412,0.005725266,0.04732013,0.0089917155,0.045723073,0.049624138,0.009094451
A80,0.045106646,0.03332971,0.014718358,0.03312666,0.010528551,0.0023044562
A1900,0.001574951,0.054344125,0.001962043,0.037921056,0.0073756967,0.04625339
A420,0.04173244,0.045326244,0.0003588498,-0.00061177707,0.0042599784,0.027981846
A625,0.0752968,0.020500751,-0.0063627935,-0.0023184107,0.021208586,0.003048859
A32,0.0065754517,0.0028042325,0.0045578643,0.0028360954,0.0011415292,0.0020222438
A1122,0.0005621883,0.019584764,0.007974596,0.006457654,0.00562163,0.009202556
A119,-0.0011808544,0.013997677,0.0036086251,0.003791877,0.0036524097,0.005973741
A1866,0.013018398,0.0074464027,0.007958054,0.006521294,0.0056465375,-0.0003081315
A1287,0.010825643,0.016872857,0.00081166526,0.010279794,0.0077003795,0.0100428425
A143,0.022535512,0.013374169,0.022772567,0.011264846,0.025107471,-0.00038856314
A2231,0.07765068,0.017142866,-0.0012057977,-0.0031217956,0.032953598,0.031786736
A2041,0.0098575335,0.02890467,0.0111267725,0.02480529,0.005847387,0.01809722
A2107,0.019917713,0.0811839,0.028794317,0.028199138,-0.0011563377,-0.0021196066
A2239,0.0072153965,0.04669561,0.041376986,0.023049545,0.013501093,0.044701595
A1275,0.040807348,0.026185352,0.001160025,0.006157148,0.0020480372,0.002418101
A1271,0.028207349,0.006137626,0.008894381,0.0011558776,0.006915099,0.0050277826
A2325,0.040576536,0.016265746,0.023165014,0.036121592,0.026629236,0.024905441
A1253,0.026155628,0.035440374,0.03396959,0.02367537,0.041678973,0.0046833945
A284,0.033656564,0.018804494,0.011468712,0.011540549,0.0066821873,0.0155763
A2317,0.05571005,0.015128391,0.001265793,0.0003195237,0.0064752935,-0.00022637847
A813,0.012326585,0.05667914,0.015201191,0.042463478,0.04454946,0.0043021967
B63,0.024891334,0.059564654,0.011036206,0.005413854,0.041749623,0.011051155
A952,0.001256058,0.030550532,0.0064615826,0.011143689,0.0013456102,0.00067914475
A885,0.086535916,0.011722827,0.023194874,0.019997112,0.017296003,0.004341111
B58,0.0025960312,0.0022186863,0.0022262156,-4.1815638e-05,-0.00010760289,-7.252799e-05
A742,0.0069400375,0.012854995,0.001796882,0.0050415914,0.010567061,0.0014012764
A250,0.0053661754,0.041342165,0.022264313,0.012381861,0.012582092,0.0011530041
A515,0.007359508,0.0055033765,0.001408634,0.004875509,0.0001858683,0.004376559
A442,0.02876799,0.03692938,0.009107996,0.02923541,0.0009830834,0.0334843
A172,0.026926346,0.037509542,0.0012252842,0.0012362597,-0.000627221,0.00036661112
A1378,0.061283667,0.020185769,0.037940867,0.030939901,0.0036689367,0.043936193
A1697,0.021901948,0.0186612,0.013571619,0.01923386,0.0066051283,0.025514958
A829,0.0051039797,0.061826263,-0.0039463127,8.7727494e-05,0.012956903,0.015761228
A1528,0.021338059,0.042026825,0.03322551,0.03317558,0.013023523,0.04397793
A2426,0.0036013376,0.057544556,0.004986006,0.035340212,0.018253686,0.017814666
B223,0.06489642,0.022627614,0.02876932,0.016354341,0.01700729,0.041738357
A1444,0.0145307295,0.0053871837,-0.0006176479,0.00052860996,0.0020292404,-0.006125823
A1505,0.010752257,0.04725702,0.01424929,0.04332968,0.04634397,0.004905909
A253,0.010347172,0.010628943,0.003905181,-0.001101343,0.00067463366,0.0067758104
A1270,0.029854415,0.008973765,0.008412426,0.014119041,0.00516965,0.0012707642
A590,0.035545442,0.013161374,0.00692863,0.026424628,0.01492913,0.01426779
A1098,0.030556638,0.008864467,0.024834948,0.013226231,0.0040497305,0.0009937704
A1968,0.010604477,0.06464348,0.01309982,0.0037725554,0.046966262,0.00012003687
A1545,0.040960424,0.022083888,0.023777256,0.0064384984,-0.0009557999,-0.0066303564
A503,4.006096e-06,0.003676761,0.00021926964,0.00086010265,0.00064328377,-5.384657e-05
A295,0.0037189247,0.05358326,0.002548816,0.0347479,0.029027563,0.022579402
A928,0.0033868658,0.047713473,0.021454316,0.03665302,0.039867267,-0.00044360597
A1872,0.0067567164,0.034833703,0.0051277266,0.034224942,0.018320799,0.018093979
A292,0.026992733,0.038412254,0.045233082,0.01292535,0.0026602494,0.050052162
A1416,0.01672821,0.029446274,0.0009673767,0.033773147,0.016983356,0.028652787
A1410,0.019033974,0.051687166,0.004827297,0.032754183,-0.0006397857,0.040061366
A1747,0.001834036,0.060817704,0.006565258,0.002684037,0.027935725,0.0076355166
A1610,0.03215383,0.014612398,0.0018724608,0.000114393624,0.0006865021,0.0153952
A855,0.016278353,0.047510304,0.042190734,0.008794794,0.001802928,0.045657117
A1388,0.0062007695,0.026230812,0.018004797,0.015589903,0.0010820251,0.0159052
A1284,0.05945627,0.022887493,-0.0023530081,-0.002057917,0.021592904,0.023242477
A397,0.007005486,0.018919203,0.0019362008,0.005927075,0.00545396,-0.00068153103
A608,0.006105534,0.033127878,0.027935619,0.012046942,0.024536042,0.012902805
B152,0.05470399,0.027952762,0.0029871867,0.006611152,0.0029171684,0.0019237881
B124,0.018523064,0.03254481,0.041542064,0.00983419,0.01031212,0.028118905
B99,0.036765743,0.006917822,0.020415511,0.0028769383,0.005938788,0.016224453
A2277,0.03611815,0.0659025,0.00049525563,0.00025837423,0.02534057,0.0129892705
A955,0.004218511,0.025649719,0.004769681,0.012524945,0.009982413,0.0042880205
A1930,0.0023543087,0.04707253,0.03465863,0.031832043,0.04439945,0.022699881
A2159,0.031560317,0.05468051,0.010412681,0.039373495,0.005227436,-0.0030416148
A1927,0.06211633,0.0042820247,0.021330046,0.008433508,0.04224198,0.02032291
A1397,0.031997908,0.031676598,0.04491302,0.0036474979,0.03404133,0.028819723
A854,0.032916024,0.020104442,0.013289367,0.029945552,0.00088710315,0.019399006
A419,0.01399354,0.0014987238,0.0009953688,0.0015686085,0.001932067,0.004263551
A169,0.020924717,0.013395041,-0.00033767745,-0.00015871413,-0.0008101889,0.0019153614
B235,0.00030325615,0.04624105,0.0035056116,0.043794733,0.05093594,0.016789755
A1305,0.021570291,0.045403734,0.001622619,0.0025536667,0.014609648,0.008848899
A1395,0.0030479995,0.0021301012,0.0015571085,0.0012689631,0.0007998861,0.00041770763
A1224,0.024464916,0.003934262,0.0023804868,0.0034539166,0.0037521513,0.00050284376
A109,0.023770358,0.054795966,0.034052197,0.0069428775,0.017076889,0.043613784
A907,-3.14451e-05,0.035457928,0.0015143931,0.0013008066,0.033121493,0.004319092
A530,0.042282116,0.009220165,0.042399403,0.009166061,0.028981175,0.031836033
A161,0.016545856,0.00903246,0.016182797,0.0037824672,0.010514745,0.004372227
A51,0.03654857,0.015605342,0.028583266,0.03453036,0.013106005,0.025196712
B145,0.023005614,0.0150610255,-0.0013820837,0.0031718272,-0.00012791848,0.009360355
A2248,0.041688025,0.02098881,0.0034101726,0.02265483,0.0037466749,0.028150083
A2295,0.008235222,0.065046385,0.0005055703,0.0013579001,0.008090316,0.016353035
B304,0.003276358,0.004840697,0.0028839374,0.002674904,0.001973557,0.0023377135
B417,0.025663253,0.014655423,0.024476476,0.014729122,0.020252151,0.019351535
A1141,0.040250618,0.037961647,0.0020795309,0.014548045,0.00953159,0.01901703
B381,0.03635595,0.007502869,0.034161676,0.00075492886,0.006917182,0.03974801
A2392,0.04641507,0.012853405,0.0048353076,0.03995593,0.03621662,0.017056614
A393,0.048789952,0.050599508,0.028165013,0.051558215,0.044576455,0.009671901
A2353,0.0073689288,0.0022743254,0.00076926575,-0.00023705316,0.0019123919,0.0023564443
A2191,0.03387314,0.0130401645,0.010017489,0.028052818,0.017141758,0.01889568
A761,0.011162751,0.04853257,0.036542095,0.022777993,0.04229922,0.0162882
A1957,0.006514468,0.008265963,4.098974e-05,0.002645929,0.0066391756,0.0017619487
A1803,0.002320212,7.070457e-06,0.0013842825,0.00066565874,0.000327706,0.0004126426
A1375,0.013039175,0.04789614,0.007810089,0.007159079,0.014477802,0.020292342
A1755,0.0020136873,0.006264193,0.0046376763,0.0023650734,-5.217099e-07,0.000843617
A798,0.04845812,0.022109628,0.004616354,0.004493597,0.011277379,0.0062566
A504,0.060916122,0.018597832,0.043709278,0.013096184,0.0014326115,0.014672237
A70,0.002616241,0.049584948,0.04240318,0.0072359624,0.034542285,0.0066664675
A684,0.02336694,0.039779622,0.016124347,0.03698486,0.015802033,0.038168978
A1058,0.018926708,0.009904463,0.015020027,0.002157704,0.009870338,0.0006867826
A2053,0.013290745,0.031005563,0.011377465,0.009508308,0.0020979883,0.007989351
A1113,0.05578267,0.021167183,0.006736842,0.0017903835,0.029832322,0.027359204
A1513,0.017554332,0.035979394,0.005300209,0.019934237,0.018858412,0.0032717874
A406,0.008523295,0.040382337,0.027045457,0.02037981,-0.0028592912,-0.0024967978
A107,0.03348538,0.03341185,0.04900544,0.0024162356,0.045499966,0.01240364
A789,0.016415844,0.020006234,0.021023523,0.020384733,0.010480291,0.017707426
A1159,0.012346535,0.0026696813,0.00095494365,0.011702334,0.008117885,0.00038088884
B199,0.0031322045,0.03528782,0.014122755,0.03030138,0.00949056,0.025866259
A187,0.05023456,0.04714648,0.038809422,0.009009257,-6.738234e-05,0.0013788996
B19,0.004585593,0.017687572,0.0044155684,0.015263842,0.015626645,0.0009647064
B54,0.051253427,0.0072550834,0.002228306,0.00078181113,0.013445506,0.023818707
A415,0.061037425,0.021101581,0.0061912015,0.006973082,0.035090372,0.01355283
A377,0.05188718,0.034927346,0.051930256,0.010300188,0.024609478,0.027832659
A386,0.048260115,0.06671553,0.028475255,0.0034227723,0.012266695,0.042899136
A190,0.026912423,0.0220643,0.03708557,0.008856798,0.003896234,0.004436723
A2140,0.0237419,0.03681313,-0.0043946304,-0.003358595,0.003157415,0.018884208
A1546,0.013268434,0.041323673,-0.0077443942,0.002408032,0.02758464,0.00037425154
A1503,0.0029990403,0.052260246,0.01956849,0.036529016,0.0257873,0.039169744
A271,0.037497614,0.008173826,-4.05223e-05,0.03572968,0.0008814938,0.022576988
A654,0.017186053,0.04196394,0.007356328,0.044673912,0.039405093,0.020403692
A845,0.052398138,0.01861757,0.013986052,0.044723965,0.005947132,0.043756507
A1189,0.008794379,0.048306778,0.0003140861,0.00045737246,0.0009843193,0.0002785343
A992,0.010231518,0.018206533,0.00017072707,0.017297937,0.017382147,0.008226378
A797,-0.0016869486,0.05572516,0.0021081828,0.0074780914,0.0022356675,0.02281097
A122,0.042735085,0.04591075,0.013319762,0.033290215,0.00671743,0.023603607
A633,0.03662132,0.024711484,0.011797687,0.045299333,0.014851789,0.03775553
B384,0.023710554,0.05838837,0.037828088,0.0025831792,-0.009816206,-0.0023566638
A603,0.0019648534,0.034808222,0.008856634,0.036718115,0.026784578,0.010558337
A97,0.06032694,0.018893274,0.040218152,0.008767361,0.0016560346,0.00033789876
A2241,0.047230147,0.020267542,0.029744724,0.040514063,0.001646576,0.030167826
A1290,0.011460216,0.046442892,0.015453858,0.01910053,0.021073887,0.0061420472
B368,0.03379104,0.017839747,0.016998354,0.032967452,0.03737523,0.00042417552
A1091,0.04448583,0.032562308,0.029808404,0.02353366,0.004255247,0.049000792
A2244,0.05881899,0.02645642,-0.000811556,0.003313623,0.020583581,0.0016843374
A385,0.026172977,0.0132213505,0.027796013,0.009661443,0.016133543,0.016470775
A1766,0.0021905096,0.0006382545,0.0018651099,2.8944774e-05,-3.870906e-07,8.0740116e-05
A2331,0.037788995,0.013120502,0.0074982853,-0.00042059988,0.016115088,0.018040786
A156,0.026625862,0.020448701,0.0035828124,0.009110108,-0.00018988138,0.0005417542
A2015,0.01636536,0.05300019,0.031362746,0.012466702,-0.007289334,0.008135241
A2357,0.058129203,0.017888697,0.04260468,0.015344232,0.011381179,0.019899547
A2045,0.044284154,0.0151844025,0.01736093,0.022390539,0.010609206,0.024409255
A870,0.006305272,0.07872074,-0.00057172147,-0.009142255,0.03967922,0.02198856
A380,0.0401411,0.048102673,0.019232418,0.0448089,0.023279844,0.0025255906
A2225,0.00052103016,0.0035675955,0.0004653142,0.0019696925,0.00075590395,0.00062624726
A677,0.0058043,0.017046303,0.004036231,0.012100545,0.00392602,0.0033509033
A78,0.014183872,0.043553326,0.00057453674,-0.0011222259,0.010710249,0.003194519
A1592,0.025426786,0.06388237,0.0031365484,0.014382186,0.033157088,0.007871051
B328,-3.1350413e-05,0.03702484,0.035599846,0.01186392,0.032538224,0.012734342
A245,0.001049071,0.047150478,0.046594348,0.0067778486,0.005978571,0.04641142
A445,0.03516573,0.02616431,0.007073146,0.028689029,-0.004587745,0.0004869883
A1830,0.0066078296,0.0043359534,0.0060580913,0.0026367765,0.00037356178,8.292617e-05
A2318,0.013159398,0.05220954,0.0014423761,0.0006839617,0.0057321102,-2.8402163e-05
A673,0.00071082055,0.020377161,0.00026532848,0.001768207,3.7303216e-05,0.009871775
B20,0.01801941,0.0025532732,0.0017836739,0.015718887,0.014165316,0.0067437934
B32,0.0122103635,0.07677705,0.029067801,0.030168252,0.01922323,0.010636145
A1400,0.0413404,0.034053314,0.022876343,0.02923764,0.037409164,0.0069675106
A1953,0.015432932,0.059826534,0.030683704,0.019745683,0.0033259946,0.025664847
A444,0.05071018,0.003964205,0.024233412,0.035213865,0.045637056,0.0063388506
A1790,0.02250994,0.059148125,0.0003591186,8.18509e-05,0.018882465,0.025134875
A569,0.054505765,0.0088184,0.01131187,0.013863903,0.01816679,0.0005756878
A287,0.0065787015,0.051890355,0.037597742,0.018765546,0.038422838,0.027240984
A2187,0.001819104,0.0006588329,0.00076598587,0.0006577096,0.0006542324,0.00017995916
A993,0.0014427102,0.018075341,0.009329003,0.0151830735,0.0071785063,0.012269066
A1116,0.013514589,0.0075584184,0.0032620775,0.0016046093,0.0046534115,0.00043677012
A556,0.02353991,-0.0017134204,-0.002265896,-0.0004751257,0.009230212,0.006828397
A688,0.010759237,0.046429496,0.02989396,0.035753295,0.035737567,0.030693341
A42,0.0057877153,0.026004195,-0.0008659876,0.018339328,0.00039376414,-0.0003695668
A114,0.021167537,0.025780525,0.012647152,0.0006296663,0.019730141,0.014787497
A2415,0.005167975,0.042565048,-3.914306e-05,0.00017130197,0.00035559997,0.00112936
B41,0.06760623,0.0063895565,0.00056522986,-0.0026716746,0.0029697397,0.021738676
A2076,0.010201456,0.0028339562,0.011306431,0.0053070495,0.00788123,0.00072717894
A909,0.030004952,0.030903095,0.028274572,0.037934195,0.025836015,0.035269614
A1039,0.016251348,0.040876377,0.0037099817,0.038867712,0.021611728,0.025914742
A766,0.015173765,0.018792478,0.00034766385,-0.000335522,0.00127641,0.0067240917
B87,0.036950964,0.017037768,0.017242495,0.035502065,0.016238207,0.023221396
A1554,0.008269756,0.050482187,0.0004488477,0.0003963934,0.0006870876,0.013068542
A1628,0.01324361,0.04888367,0.0075166225,0.024424018,0.017293822,0.030320136
B241,-0.00075097603,0.01577442,0.004394459,0.0075029386,0.00039028816,0.0052157883
A735,1.4351845e-05,0.00021995134,8.162773e-05,5.8363417e-05,9.358623e-05,6.487658e-05
B29,0.03701003,0.023580363,0.010290499,0.002825572,0.017151263,0.010598441
A1101,0.0016075034,0.05415578,0.024427209,0.033354245,0.008795685,0.043920286
A1671,0.00024847375,0.0015984463,0.00091310055,0.00054888957,0.00023230798,0.00014210223
A1328,0.012610551,0.058332037,0.019640675,0.05115968,0.016003184,0.008699325
B389,0.010678902,0.062296707,-0.00085852726,0.0086020855,-0.013015148,-0.0016127726
A2212,0.058973324,0.028086457,0.008580533,0.03908994,0.019374823,0.024838358
A1412,0.015257596,0.0039395615,0.0027907325,0.0020652656,0.0007970301,-2.1699534e-05
A1828,0.06976412,0.0048764287,0.023460815,0.03321596,0.0028926355,0.0008063331
A1372,0.012617343,0.04462313,0.060836032,0.0032714459,0.03757239,0.034495864
A2192,0.032154836,0.016899118,0.020888956,0.021478124,0.0035403552,0.025356572
B200,0.05198855,0.014832335,0.024278792,0.0038830873,-0.00025816058,-0.002306283
A1832,0.019652205,0.05212681,0.0060404073,0.010846172,0.030559879,0.024556655
A30,0.03149878,0.04373426,0.008376846,0.0016631342,-0.009907966,0.00048730496
A1818,0.03344076,0.0051590544,0.014321686,0.025871877,0.005678969,0.0040596887
A691,0.009149483,0.022954045,-0.00035675938,0.00014418164,-0.0021971986,-0.0028873484
A2,0.016296305,0.0030921495,0.005823664,0.011009427,0.0007056361,0.0018180963
A1591,0.058144733,0.01551881,0.01114729,0.0010927434,0.02039831,0.025871912
A1668,0.016076742,0.007566136,0.0002593187,-0.0018227572,0.00888278,0.00023088133
A2321,0.021164976,0.06053776,0.009290861,0.04341116,0.00053731364,0.005398863
A1107,0.044322073,0.014008193,0.03005806,-0.00039842824,0.0019495304,0.0021178669
A1439,0.05366137,0.008508469,0.0058986233,-0.0009817411,-0.011178746,0.008626915
A1638,0.0060554175,0.012096374,0.0006840627,0.00041756878,0.0037155726,0.0009685526
A2010,0.0021079683,0.0014353816,0.0010964618,0.001189774,0.0008247936,0.0012259447
A2114,0.04240487,0.052766316,0.0168826,0.05910366,-0.0019380858,-0.00514718
A1820,0.0015314971,0.0062426077,8.311653e-05,0.001273182,-0.0017780563,-0.00017289516
A817,0.017395843,0.040689185,0.04053934,0.004816195,0.002930867,0.021729399
A425,0.03358226,0.03475611,0.043169416,0.012749443,0.0064377324,0.04576848
A791,0.009768542,0.020171827,0.021080745,0.0046556396,0.013157628,0.012392532
A15,0.069025606,0.0045442167,-0.014011949,0.0025519214,0.00026126992,0.021962414
A1534,0.018656908,0.006202728,0.0010612704,0.0030174563,0.005343386,7.06495e-05
A106,0.0465435,0.0053396923,0.043973412,0.02270157,0.023865514,0.04061579
A1898,0.030490177,0.056841705,0.06296961,0.013733298,0.0048426446,0.002981114
A417,0.054019284,0.04517145,0.055316612,0.027462037,0.004041241,0.0019836845
A294,0.0032630959,0.052717134,0.0034217564,0.036068145,0.02983258,0.017664164
A529,0.010657218,0.04580864,0.032669816,0.033766318,0.011965131,0.045375057
A1572,0.018021109,0.0017454607,0.018974504,-0.0010152389,0.01426707,0.0033582386
B341,0.078565165,0.011366096,0.012166523,0.01266032,0.044387,0.0110208625
A39,0.012292802,0.0127152745,0.00041858497,0.017845785,0.015103826,0.0038118188
A243,0.0074371775,0.013003384,0.004381574,0.003281859,0.006629491,0.0030976883
B266,0.017523399,0.037674222,0.030845322,0.0050271833,0.010895736,0.00013990987
A1168,0.011639706,0.008375749,0.003570557,0.011918144,0.011581912,0.00215495
A351,0.044455875,0.008887788,0.0006032007,0.005400962,5.570845e-05,0.00061506947
A496,0.024433507,0.0042619766,0.0141303325,0.008605663,0.004045691,0.0046731182
A734,0.050266672,0.009513174,0.0007416255,0.004695939,0.0064582434,0.022529194
A226,0.04575632,0.016555334,0.01698198,0.036069382,0.02562859,0.033067767
A345,0.02260128,0.044506654,0.043778233,0.0021261296,0.04594726,0.0009538234
A1647,0.008315181,0.0012010966,0.0009150805,0.0024831297,-0.00013514866,0.0006115519
A2223,0.014914576,0.043278553,0.003942585,0.035753254,0.031866375,0.0073072123
A2026,0.04404796,0.016940678,0.055172637,0.026662553,0.023345167,0.010807457
B208,0.0014699815,0.0017818928,-7.931757e-05,0.00010200655,3.857548e-06,0.00038665134
A2234,0.0046177297,0.0075681717,0.0053672064,0.0037874684,0.001911259,0.0042868955
A716,0.0103648165,0.026852699,0.009035301,0.027545094,0.011709764,0.019114314
A912,0.009007302,0.07781873,0.040255647,0.020638706,0.002443095,0.00042862055
A218,0.062023845,0.0024367967,0.0004406468,0.0030304906,0.03656794,0.019842839
A1080,0.008103112,0.001821459,0.00605672,0.00094220095,0.0018843506,0.000955743
B76,0.0018983964,0.004419381,-3.0924355e-05,0.0010469742,0.00034313372,0.0004962822
A1198,0.045120966,0.0050291354,0.0096177505,0.043398727,0.039542157,0.020761827
A259,0.018487029,0.010287057,0.0012361623,0.019747404,0.0144298095,0.005999318
A702,0.0543936,0.02497781,0.01786472,0.0115924245,0.027254073,0.030468585
A130,0.012912237,0.054921668,0.049932405,0.0040210085,-8.7531895e-05,0.0013011431
A544,0.00193806,0.048407156,0.0068669543,0.04535128,0.031696666,0.032379813
A2093,0.0069529843,0.026369955,-0.0010014991,-0.0034095699,0.0077451994,0.004257182
A917,0.01912003,0.014319024,0.016231261,0.0050229724,0.0045406115,0.0078112623
A1343,0.025830952,0.011512298,0.007943235,0.006948076,-0.00095358526,0.0011189095
A2166,0.028354999,0.05676915,0.038132068,0.002414325,0.010117429,0.008529903
A732,0.034164526,0.025458124,0.005791059,0.0054105963,0.0019049906,0.007376918
A635,0.066229984,0.045684047,-0.0019248016,-0.0004200399,-0.0019347518,-0.0140690105
B332,0.0062023443,0.048723344,0.01734189,0.029571528,0.028330352,0.02310246
A1807,0.0025611098,0.04889442,0.002480509,0.04462089,0.025879163,0.038670234
A2153,0.02774194,0.063480966,0.022741875,0.058373712,0.02152986,0.039108977
A1493,0.06843921,-0.0047007324,0.038532063,0.003249,0.027360195,0.023628322
B291,0.056274787,0.02148381,0.0024856818,0.0013332875,0.008525611,0.055007655
A2117,-3.9085637e-05,0.075255156,0.0030330832,0.0082058655,0.020343503,0.022155324
A158,0.004365306,0.060088824,0.0004217842,0.0020740074,0.00019319731,0.026122415
A905,0.043454535,0.01588028,0.03997584,0.018777689,0.014749766,0.039429307
A970,0.04887753,0.0327416,0.059952486,0.009849684,0.006224342,0.02492096
A60,0.053737998,0.004427136,0.0065424237,0.04599778,0.02596857,0.026642399
A1516,0.00016827694,0.00409295,0.0025577985,0.0025531396,0.0027027784,0.0015448701
B184,0.0042366446,0.064529225,0.0016638964,0.001176731,0.02873113,0.02680666
B399,0.042293664,0.020684697,0.0014278885,0.050418243,0.038346414,0.027136518
A268,0.0004579264,0.0010711163,0.00033575538,0.0006338805,0.0007950186,-3.9423383e-05
A1438,0.003044187,0.00065807527,0.0017143164,0.002076393,0.0007395137,0.0015753175
B306,0.0036002153,0.04604988,0.010220053,0.044436473,0.023698581,0.022923654
A1057,0.0035983988,0.005578482,0.00079575833,0.001121708,0.0017851205,0.0026925572
A2372,-0.0003037486,0.04427298,0.021756897,0.037733886,0.03713696,0.018829392
A384,0.015197464,0.03232064,0.021454906,0.022945207,0.02398211,0.018521272
A731,0.020945974,0.037262842,0.004738323,0.0037066783,0.0018110914,0.006003903
A427,-0.00018485634,0.056933522,0.027521973,0.02655116,0.006325054,0.0016457281
A361,0.02420408,0.040053025,0.04797053,0.004460586,0.024498323,0.040246744
A2268,0.022594681,0.04455443,0.002310379,-0.0003384453,0.009159562,0.025407685
A719,0.0019295589,0.009966908,0.0017261225,0.007287323,0.007526742,0.0038458
A306,0.041257795,0.011988054,0.02959577,0.0298794,8.5580796e-05,0.04098845
A963,0.024778748,0.05025494,0.0027834936,0.007738955,0.02402609,0.026146153
A1502,0.051637225,0.0048918603,0.0029233312,0.041847307,0.044251177,0.015497609
A1160,0.035240326,0.044336252,0.0016679708,0.04529319,0.042803932,0.030620825
A1405,0.031511176,0.0008047963,0.0010051075,0.027151281,-0.00077602203,0.021486014
B26,0.04449911,0.056908704,0.003469307,0.0028332225,0.025698278,0.031365354
B17,0.01122314,0.014150537,0.014466056,0.006029527,0.01012707,0.011798656
A837,0.035849445,0.013183954,0.012329244,0.02845455,0.013947171,0.022324683
A184,0.0047379914,0.005685272,0.00094169733,0.0068091755,0.0058193887,0.0016103795
A1773,0.03184786,0.029261744,0.03921641,0.009720084,0.015393271,0.03778206
A1363,0.024447517,0.033367075,0.00039816592,0.022495858,-0.0005079364,0.015807908
A1622,0.054755606,0.019925011,0.010154519,0.015592902,0.046765983,0.012315378
A121,0.013539756,0.015927158,0.0015193414,0.011675088,0.0027119752,0.0074208966
A1964,0.05313597,0.012466167,0.05245582,0.012488338,0.02305367,0.04090016
B136,0.0005502083,0.013350022,0.011002058,0.006780386,2.022541e-05,2.9512232e-05
A1746,0.041435968,0.0037138024,0.036670946,0.0030950275,0.0056061675,0.04428283
A1715,0.0386618,0.02138728,0.008460869,0.017424768,0.0132714,0.012303699
A1991,0.009723724,0.032138195,0.007674222,0.029877594,0.0026791936,0.004210532
B186,0.022408267,0.07656104,-0.0067284945,-0.0036910682,0.012411575,0.012736371
B233,0.001986412,0.0013913236,0.00033355338,0.00020164653,-9.803773e-05,-2.2829603e-05
A2007,0.0030944967,0.0006443177,0.0012052456,0.0018707063,0.000543976,0.0010409184
A626,0.023833066,0.013312729,0.004724821,0.026490826,0.021573408,0.003431921
A2286,0.049146485,0.024311813,0.028933823,0.041628223,0.025761785,0.041704893
A2361,0.016391803,0.0422874,-0.00011542961,0.0011021623,0.0067095426,-0.0016310473
A580,0.0011532587,0.045573387,0.012440396,0.039649054,0.0044748136,0.07616666
A2139,0.05852916,0.031423178,0.0028049387,0.0004854219,-0.0008493916,0.0011052523
A776,0.00019063773,0.053236447,0.015797062,0.031753413,-0.00054528884,0.0016035837
A2427,0.021189151,0.024741799,0.0033685348,0.03248087,0.03849316,0.010828689
A1575,0.016244445,0.03830807,0.030043716,0.038500626,0.021454686,0.023810303
A2245,0.026411504,0.06038029,0.0031452423,0.0049193203,0.020218583,0.009362146
A273,0.0024507374,0.021931548,0.0036371655,0.014731414,0.009073162,0.006710271
A790,0.0076326476,0.007779143,0.007888184,0.0063009183,0.0018133863,0.0005708636
A188,0.046152856,0.046751134,0.03346971,0.01993886,0.0033749975,-0.000742277
B401,0.04710276,0.0010804776,0.006257201,0.05842731,0.045243356,0.006724813
B364,0.045216545,0.002367007,0.030388521,0.032647148,0.03980006,0.019693492
A1990,0.053352423,0.011560306,0.029494656,0.024106147,0.036090232,0.029983964
B412,0.016275546,0.048572615,0.004075902,0.022805555,0.002139646,0.0066773924
A1681,0.006845037,0.027935632,0.022763409,0.016291939,0.00014930379,0.0009583926
A736,0.06153408,0.0032698682,0.010180705,0.024590297,0.018400414,0.0427241
A1738,0.044258878,0.04981864,0.030023338,0.025514534,0.005753046,0.008589117
A2380,0.0089082755,0.005019947,0.0035338632,0.004751426,0.0012343148,0.0036684636
A1786,0.054774176,0.02363655,0.02007674,0.013835119,0.034412727,0.020287087
B59,0.030629095,0.03565349,0.05921082,0.017647212,0.02128856,0.014050494
A1777,0.026231488,0.052967656,0.025962988,0.021480246,0.041109435,0.021592708
A321,0.073791295,0.014913695,-0.004549569,-0.0039825398,-0.011839479,-0.00331275
A1772,0.03533779,0.022286706,0.047744475,-0.0018233738,0.03228845,0.013916794
A2243,0.07153943,0.013172158,0.034180272,0.03517331,0.00852135,0.0015832531
A1344,0.03998563,0.0012915254,0.035075355,0.018990856,0.035811868,0.015406351
A554,0.021286959,0.033868317,0.01186178,0.02130094,0.0060551125,0.0032718717
A8,0.003451388,0.0028016665,2.1108738e-06,0.0021615843,0.0017331952,0.0006534994
A1619,0.028171305,0.0054690614,0.031769462,0.0033010545,0.0120436,0.0061389124
A151,0.0011549667,0.007925534,-0.00032412776,0.0008728794,0.0049001183,0.0024287782
A1068,0.0068720607,0.039999995,-0.0008380535,0.02708767,0.010380014,0.043512248
A1823,0.040369127,0.05183859,0.032145046,0.0060356557,0.01575514,0.011252817
A1522,0.006459264,0.0068264543,0.0035906148,0.007459255,0.005883624,0.00097427395
A1286,0.010437767,0.025447875,0.005510342,0.0006208504,0.009930035,-0.0011193604
A1474,0.03371501,0.034299202,0.020038627,0.04118819,0.041944344,0.020779518
A1408,0.03887796,0.033706184,0.00054078165,0.004187089,0.017950667,0.020453898
A1078,0.012132021,0.032300256,0.031608667,0.004582809,0.0060701873,0.024744468
A1208,0.011884967,0.031381845,0.023202263,0.00077372015,0.022851283,0.0040865033
A538,0.04475904,0.003823172,0.02409732,0.042382676,0.018179217,0.025372544
A2103,0.03320476,0.01478806,0.032442555,0.012907882,0.0051938943,0.032809112
A2051,0.0023363447,0.031088034,0.017593605,0.00023561873,0.0031689515,0.017394446
A1371,0.050449762,0.0045345053,0.0050863996,0.010391352,0.026255853,0.027791234
A861,0.068028085,0.017346721,0.003935707,0.0276485,0.02774422,0.010259314
B130,0.0006524569,0.0011983573,9.249751e-06,1.5890886e-05,7.478125e-05,3.986301e-06
A615,0.0550794,0.02246899,0.031269994,0.02703514,0.024519183,0.0047560357
A562,0.006468151,0.024080826,0.005389124,0.016878787,-0.0011106364,-0.00019971769
A1366,0.041225135,0.02462286,0.0014956705,0.0010631095,0.004264075,0.0066758827
A541,0.04610437,0.021749033,0.03462075,0.0015417901,-0.0024294716,0.0017072983
A2374,0.0040308353,0.046299323,0.036000352,0.048694305,0.013767883,0.018306457
A1768,-0.0002633617,0.0046205604,0.0038882992,7.4771146e-05,0.00046537656,-1.9365876e-05
A1588,0.03692981,0.026734713,0.024542017,0.041402888,0.0419509,0.017770998
A495,0.01163852,0.005178859,0.0051529505,0.0002482889,0.0048401137,0.0026932242
B297,0.027701499,0.028904153,0.00933281,0.041676104,0.020009043,0.029615097
A1848,0.025208129,0.039639212,0.013767941,0.05471445,0.01656504,0.03422411
A783,0.04000186,0.021524936,0.017722983,0.023160448,5.7421763e-05,0.00057809294
A894,0.025684137,0.020356147,0.015451882,0.020659935,0.0073907007,0.027510762
A237,0.06665831,0.022603162,0.01193419,0.021445254,0.021075036,0.028994212
B102,0.029885089,0.012261419,0.020841489,0.0128207235,0.024174284,0.005074411
A1873,0.051768474,0.012174175,0.0044628703,0.030109482,0.032763444,0.01656901
A1731,0.039414942,0.010846842,0.033727463,0.02270314,0.034167297,0.020789597
A2121,0.033275597,0.031246211,0.04482467,0.0002446761,0.04281475,0.0028156664
A1360,0.010657778,0.023958378,0.022384357,0.008581877,6.0546736e-06,0.011227625
A1235,0.024828788,0.010224291,0.013915301,0.012930277,0.008126063,0.0013588478
A1947,0.04116773,0.023123669,0.016700322,0.044077415,0.017928965,0.043629233
A2092,0.0022031644,0.005728081,0.002023773,0.004110727,0.0022629232,0.00078017666
A533,0.034788087,0.029697152,0.0071230587,0.0054987487,0.029441424,0.012227733
B142,0.026422413,0.03047466,0.009855522,0.02505389,0.011234483,0.0066482755
A1885,0.01563175,0.02389727,0.0029712187,0.0020663582,0.0067357942,0.0038425045
A577,0.019932644,0.040873274,0.040422622,0.020250898,0.042172786,0.010465611
A149,0.017223377,0.0018994196,0.011987129,0.011221207,0.00032774612,0.016672047
B185,0.049465,0.046824336,0.0014960611,0.0047082845,0.028411152,0.017581493
A1138,0.003934129,0.07439994,0.0006217734,-0.0036472618,0.0053521716,4.7027013e-05
A1367,0.010794648,0.014108252,0.003475607,0.006369562,0.007229606,0.0053939046
A1432,-3.7446196e-06,0.001596822,0.0003913086,4.5290268e-05,-7.170277e-05,0.0005639626
A2320,0.015545585,0.04158708,0.028752184,0.0006092382,0.020432035,0.016066706
A372,0.031635113,0.026820034,0.013741306,0.03482063,-0.00041745757,0.002653065
A2271,0.035506427,0.051131416,0.037049863,0.0074369297,0.0044841915,0.0057429927
B326,0.052041832,0.034016825,-0.000114148184,0.0011630357,0.030407114,0.025949456
A1146,0.0013706273,0.027327202,0.002864022,0.024734955,0.0045412276,0.024749273
B373,0.011160951,0.042072605,0.038209714,0.0147525715,0.05570797,0.028343357
A24,0.010278183,0.045825124,0.04349066,0.017734345,0.045553423,0.009506361
A1847,0.02451102,0.07176722,0.013380093,0.028892664,-0.00087342015,-0.0020315126
A1361,0.007829613,0.0012383969,0.005751863,0.0027952685,0.00085779454,0.0010088546
A728,0.0571722,0.02573554,0.00019284563,0.0011876231,0.011418516,0.03560595
A1067,0.04856852,0.010045078,0.0076652113,0.024398021,-3.4244138e-05,0.049571197
A1672,0.0015572102,0.0023392278,0.0020211402,0.0021549985,0.0009618572,0.0002868302
A1262,0.045488764,0.014367412,0.010553377,0.04391765,0.0380391,0.028155567
A204,0.019966532,5.528282e-05,0.011860455,0.011299165,0.005479559,0.007675708
A2228,0.012105243,0.07052277,0.0044514667,0.011271643,0.006105058,-0.0039881226
A1411,0.04264628,0.02279379,0.0065981094,0.016733855,0.011157494,0.0003915365
A1539,0.03059686,0.03490449,0.0053242836,0.02456378,0.0059507047,0.02146777
A1915,0.028105129,0.021545358,0.013042148,0.014605032,0.011312505,0.0021494676
A2094,0.02917462,0.027163208,0.023328979,0.018357076,0.0014775108,0.011075716
A507,0.0112933675,0.052241597,0.026085846,0.03082132,0.014777431,0.0048244274
A471,0.0072146636,0.04635478,-0.0016053452,0.0053075594,0.023152562,0.015749738
A1695,0.0958152,0.0025935902,-0.0034406087,-0.0056599947,0.037718795,0.0112294825
A2253,0.041405298,0.007582082,0.0011484649,0.0057098055,0.005077964,0.025756853
A324,0.006128525,0.03221849,0.0012878963,0.0041517476,0.00077329803,0.0006319446
A711,0.024870483,0.0068624425,0.0024613994,0.023261957,0.00029234713,0.01735236
A528,0.037558578,0.03273248,0.0049896995,0.0024490734,0.0050652553,0.022917615
B264,0.03240069,0.031118106,0.038783487,0.021611838,0.03896282,0.023485685
A438,0.035118755,0.023384113,0.023321426,0.023694906,0.03143612,0.007892681
A767,0.04389248,0.008990066,0.00033307172,0.00082049123,0.01734476,0.00232471
A185,0.02402891,0.06570806,0.034037005,0.014224936,0.03129517,0.02377572
A1929,0.020864991,0.04994557,0.045551892,0.0013100916,0.0064977775,0.047837093
A346,0.0545832,0.012588867,0.0054799025,0.04461459,0.012227138,0.011929065
B122,0.0030159538,0.0209463,0.008002918,0.015558266,0.01493948,0.0028875987
B324,0.048098568,0.026002467,0.04951419,0.03395395,0.0031665564,0.03412854
A607,0.054641414,0.024826981,0.015145898,0.00028200672,0.018628892,0.037693124
A1902,0.0048275376,0.067935236,0.0038676523,0.0052124877,0.013303561,0.021028284
A1543,0.0073646465,0.049426816,0.00033332297,0.00035597224,0.0049371817,0.0037690778
A1982,0.044658784,0.0066591385,0.03951334,0.021611197,0.03400426,0.027856572
A1570,0.0028214275,0.0028769067,0.00046740632,0.00058217905,-2.1666347e-05,0.00012203379
A1955,0.013271122,0.0406208,0.0007219213,0.0013425977,0.004328562,0.002047787
A1232,0.04060251,0.037533715,0.030865613,0.025442602,0.01108409,0.012904676
A1525,0.009464884,0.0059114597,0.00766347,0.007658917,0.007155267,0.0064853807
A1977,0.05751834,0.06815638,0.0027759692,0.0036946854,-0.019546311,-0.0066284435
A1685,0.0063459566,0.03728497,0.0023711547,0.0078048357,0.00021702149,0.00072901935
A1514,0.011874785,0.045092367,0.028748177,0.0038519208,0.030186843,0.010409614
A700,0.016504703,0.041155342,0.0005688538,0.038160626,0.021262456,0.01858044
A2337,0.022332786,0.011771512,0.018202236,0.0068513174,0.010077431,0.020262236
A1654,0.0033384904,0.041050907,0.012837443,0.0025874188,0.0031260776,0.016518312
A1390,0.045002714,0.045318592,0.006105746,0.06015002,0.001771729,0.006158994
A727,0.007783347,0.022373173,0.011594391,0.024936408,0.010121027,0.010211604
A2332,0.046267353,0.022353716,0.03187442,0.01310601,0.004003577,-9.5514064e-05
A971,0.07781229,0.010268433,0.020763803,0.058538545,0.008993565,0.008370225
A1620,0.006404473,0.002478015,0.0047977134,0.005822939,-0.0010302804,0.0051274034
B312,0.032177344,0.020366339,0.00027176554,0.00051004626,0.0029804714,0.0005334042
A1660,0.02834754,0.049914427,0.0004172266,-0.0013445946,0.0151314335,0.030836497
A723,0.015010801,0.020989306,0.0076038004,0.016361482,0.015043596,0.0064507434
A733,0.038651064,0.039711278,-0.00342071,-0.0041090464,0.0026900514,0.004172717
A679,0.011866101,0.019422328,0.011259798,0.014570205,0.008012471,0.012583908
A260,0.010804928,0.00979831,-0.00083802175,0.012973513,0.0016047576,0.010559169
A1931,0.03979154,0.018283963,0.017401934,0.050821032,0.020433253,0.02082656
A2043,0.0014868329,0.00491135,0.0019034959,0.0031752393,0.00090502226,0.0027515958
A1893,0.004660802,0.025999798,0.003135893,0.00428532,0.0031107985,0.0007569814
A933,0.022373596,0.04205151,0.035018377,0.031162748,0.040300384,0.024484456
A1241,0.029949155,0.0053655785,0.028207162,0.010396245,0.025181876,0.0102175055
A1862,0.023010151,0.0096453745,0.0022900167,0.0043340498,0.010011929,0.001188473
A2379,0.023322603,0.031986598,0.025889423,0.00022196145,0.005208963,0.018129874
A1602,0.034551557,0.0038458125,0.0092368275,0.0024955638,0.009155803,0.014583763
A163,0.036723316,0.050594203,0.031365417,0.03424206,0.04168376,0.030226039
B153,0.025509488,0.027113948,0.008188148,0.026587341,0.0029211005,0.028054867
A221,0.0632575,0.0048334515,0.011300459,0.015561342,0.014633,0.03739853
A536,0.0024142894,0.039020773,0.007821696,0.007913332,0.010420031,0.012518733
A475,0.009130365,0.00541073,0.00872409,0.0035993897,0.0013498892,0.006277701
B147,0.023350399,0.03820423,0.0056959675,0.024904354,-0.00029360797,0.012664041
A2012,0.041427873,0.038772628,0.0023690062,0.0013433285,0.007355279,0.033528928
A802,0.08552415,0.013726399,0.042769138,0.038239136,0.0068557863,-0.0026701763
A2148,0.044596884,0.018266074,0.052274745,0.031113448,0.0235943,0.008847464
A1687,0.006816826,0.016520185,-0.0035695906,0.0030750588,0.00042389717,0.001609831
A821,0.0715178,-0.0056010922,-7.257275e-05,0.00032026172,-0.010082561,0.0007390224
A1950,0.02280528,0.05364191,0.030640822,0.03521301,0.049650207,0.016730964
A459,0.027566018,0.023077108,0.026433999,0.016865293,9.872633e-05,0.03299697
A77,0.023462184,0.009139446,0.0062694023,0.020589137,0.024611387,0.014878883
A2346,0.033627454,0.047039572,0.0028318788,0.013752396,0.019561071,0.032786693
A2402,0.050872836,0.042499617,-0.0006924329,0.0144685535,-3.4514047e-05,-2.7581926e-05
A1463,0.005538474,0.013676452,0.0077196425,0.01269616,0.010215506,0.008783031
A892,0.050842717,0.04800207,-0.0020308848,-0.0034375822,0.016742522,0.023073709
A820,0.076486334,0.0032055106,0.0001807892,-0.00020193482,-0.009808019,0.0027339712
A665,0.008184928,0.041182872,0.025572665,0.007244067,-0.00064580585,-0.001714719
A570,0.01533993,0.004819834,0.012289075,0.004860928,0.0014161437,0.0019500956
A113,0.015863208,0.07532423,0.0024752456,0.0037922955,0.009992142,0.0036952149
A591,0.03329062,0.01288992,0.03276188,0.006949636,0.03503717,0.009010088
A1320,0.039528977,0.023365218,0.0013757775,-0.0005911479,0.0067428118,0.009427676
A2377,0.049367078,0.045192722,0.014406791,0.049899466,0.004781151,0.047181178
A458,0.02766148,0.028873848,0.01633523,0.037061438,0.030367464,0.040786084
A941,0.02154049,0.036643174,0.039481096,0.0026990057,0.03482181,0.018359322
A1771,0.000953279,0.05610562,0.0031563886,-0.009442479,0.011473424,0.0077778143
A966,0.054919362,0.0405686,0.0015888619,0.039223947,0.027782487,0.017510332
A630,0.012761206,0.012042216,0.008841221,0.012144948,0.009078728,0.011551607
A87,0.0091172485,0.0043911207,0.0005285171,0.008122432,0.0019621032,0.00175949
B2,0.012198269,0.05874284,0.032911148,0.019729711,0.014129048,0.035316713
A546,0.03230179,0.032432213,0.04110903,0.021732334,0.034494825,0.02651116
A41,0.020253966,0.008475098,0.0051927906,0.024870493,0.008857098,0.015992036
A387,0.03555442,0.04319053,0.030175937,0.017867835,0.0047380733,0.045851957
A2175,0.054756638,0.010877019,-0.0021258302,0.0024516382,0.01427614,0.0220604
A2265,0.030967075,0.039924197,0.02783802,0.035483923,0.014061829,0.057419017
A1195,0.0496751,0.010492187,0.026091943,0.01925679,0.019269193,0.033477485
A1103,0.016280996,0.044036143,0.041201744,0.020454954,0.007775859,0.04349572
A2328,0.015422867,0.055405565,-0.0018386402,0.002800679,0.024443863,0.009929054
A1322,0.02951498,0.0036483475,0.029369986,0.0144350445,0.003494697,0.017829146
A1041,0.038535256,0.041048907,0.004632323,0.04651423,0.03408258,0.0054990677
A2309,0.0022034734,0.047328725,0.033833828,0.032097273,0.026906408,0.037554465
A1096,0.010808908,0.06634769,0.014263227,0.0032474876,0.0012010919,-0.00029879672
A925,0.033361364,0.05394241,0.025392868,0.035571776,0.012480823,0.041759405
A1837,0.04558378,0.014102057,0.032143958,0.03308666,0.02385216,0.0400539
A540,0.00879997,0.047323447,0.03069532,0.031528734,0.04504132,0.0052309586
A2360,0.034244023,0.045627765,-0.0014538927,0.00073954364,0.01169531,0.015087161
A915,0.043236196,0.022637196,0.00498494,0.033734284,0.017922012,0.03390644
A2176,0.022192452,0.04879551,0.00435692,0.0028279705,0.03227003,0.0054381606
B129,0.02711417,0.022552649,0.0015885481,0.01710092,0.007684973,0.009495666
B236,0.008256253,0.080567054,-0.0058570625,-0.0033217932,0.017967427,0.0027035645
B151,0.027764315,0.04217003,0.035670698,0.02370852,0.043950785,0.016267272
A171,0.051354624,0.005876654,-0.0025638065,0.0017234379,0.00092533405,3.7134174e-05
A453,0.011195528,0.08082773,0.011002044,0.0094139865,0.0006381851,0.039277192
A638,0.040137313,0.037313104,0.006304933,0.012242907,0.028921979,0.00036783534
A888,0.026222112,0.022314323,0.0007468641,0.00025380377,0.003251926,0.009275812
A1573,0.0038093592,0.018087395,0.015121304,0.009426808,0.0029264935,0.01246093
A1936,0.002010022,0.090967365,0.03456038,0.029628962,0.0399014,0.016415171
A2150,0.009334788,0.067987815,0.024894156,0.055242486,0.0059843916,0.033792626
A708,0.028158726,0.013922209,0.0013275527,0.00042373926,0.0066876467,0.011961967
A2334,0.015069274,0.049832027,0.0044179615,0.03487109,0.002871383,0.0027756281
A150,0.028346587,0.032325316,0.008003423,0.038985632,0.033685915,0.018086849
A69,0.012229425,0.015545953,0.0009588488,0.011940057,0.004929703,0.0069884188
A1922,0.002239149,0.0012502483,0.0004063761,0.0011183749,0.000121402656,2.064392e-05
A882,0.022364156,0.04216401,0.0020186782,0.045444865,0.026975684,0.039026927
A2001,0.014565766,0.0137164015,0.010596986,0.010474954,0.0076857563,0.0152886985
A869,0.012216609,0.0895142,0.008419057,0.035245124,0.024357997,0.01637924
B8,0.040289883,-0.0006480988,0.014979685,0.025371142,0.013667301,0.025661988
A157,0.011494259,0.032860417,0.0018467874,0.0016943865,0.0075246147,-0.0011486297
A2082,0.04060057,0.029525043,0.034462344,0.031909157,0.048663344,0.011262337
A2222,0.0056416094,0.036126275,0.032714598,0.0026373188,0.013423971,0.029692505
A750,0.0041826656,0.04508906,0.028934997,0.034253612,0.043013196,0.0005263676
A2285,0.020676736,0.018778333,0.022511493,0.018094765,0.026534826,0.01256542
A1228,-0.000243105,0.007962896,0.0005675278,0.006617623,0.002891857,0.0038775255
A2089,0.008843577,0.036756124,0.007329738,0.0010094001,0.006766482,0.022268888
B132,-0.0005870385,0.021609304,0.012768298,0.011737725,0.01286333,0.0022362873
A2112,0.00844264,0.065575205,0.00073470327,0.001097774,0.031026103,0.03416588
A1515,0.006963129,0.046088163,0.028619481,-0.00012384131,0.01258483,0.029035157
A71,0.012451186,0.048178572,0.032686904,0.03485751,0.018385727,0.03707544
A589,0.04590984,0.047391202,0.017177112,0.06448101,0.04424884,0.032088194
A2242,0.03299019,0.05073915,0.06093844,0.013269191,0.024570525,0.024350949
A328,0.0016347317,0.01876185,0.014527824,0.0068045384,0.0095043285,0.011859676
A718,0.0033667719,0.044333875,0.010999683,0.04272818,0.0014329269,0.043524135
A2289,0.05700182,0.020402998,8.405566e-05,0.0004080412,0.000100554,4.7382255e-05
B259,0.049373712,0.022458054,0.019231774,0.044677768,0.035498068,0.022311479
A1757,0.067697905,0.007207102,-0.00029386434,0.0011133088,0.0008059646,-0.00038249494
A464,0.0135270795,0.04756191,0.016007219,0.029723503,0.0067881523,0.010764638
A921,0.0014979454,0.058255948,0.0034020138,0.036446337,0.015185426,0.03705728
A1048,0.0063619236,0.011195171,0.00895534,0.008457148,0.010236687,0.00045308474
A563,0.021368466,0.059956137,0.007705413,0.01065272,0.016087864,0.026137074
A810,0.04270839,0.019885616,0.013480898,0.006374321,0.032305993,0.011913764
B75,0.03153579,0.003516806,0.008613542,0.0034696967,0.004688984,0.007572214
A1123,0.02234987,0.012291225,0.0017043075,0.0007850597,0.0035626793,0.0017986076
B119,0.021974988,0.045252647,0.022945978,0.017135859,0.029774124,0.017037746
B164,0.015681513,0.052994687,-0.00133453,0.035599116,0.026556822,0.015085612
A956,0.006329808,0.046868205,0.0052826107,0.046718657,0.0429622,0.019111825
A659,0.0062864916,0.002284593,0.005586975,0.0008597038,0.00019577603,0.0043700207
A769,0.029954242,0.00097137876,0.0042696144,0.018782357,0.01189295,0.002224243
A1658,0.042334814,0.0114741465,0.026734926,0.037227012,0.021667983,0.02865759
A1952,0.029823279,0.035775553,0.01434673,0.034309786,0.02917298,0.0051231585
A1380,0.061947636,0.042501185,0.00043978076,0.00062042865,0.0026402415,0.032012083
A280,0.016388116,0.026247313,0.032010533,0.0016556942,0.012050663,0.023811113
A2375,0.035331074,0.020235239,0.019265316,0.039101828,0.021117218,0.005659094
B92,0.018621275,0.0041434434,0.009208122,0.0012980053,0.005529764,0.008109148
A2003,0.005668189,0.009060701,0.006049337,0.0048936387,0.001101154,0.0029517685
A1277,0.018112166,0.04465816,0.00947311,0.010302763,0.0002734195,0.00071999984
B191,0.017498879,0.05264003,0.029727465,0.010980148,0.00068179664,0.0394104
A1713,0.0341558,0.025305169,0.03596226,0.019434785,0.020384753,0.028932605
A788,0.007840605,0.00921804,0.003929249,0.0043905023,0.0047056717,0.0023845525
A241,0.065573566,0.009635937,0.0071489094,0.029039564,0.016453827,0.008901761
A2290,0.06077991,0.0033574163,0.0016275427,0.0010704658,0.0032726324,0.0020191637
B248,0.0028638644,0.05216617,-0.0017108996,0.0049586883,0.010944943,0.005966327
A1211,0.052073047,0.0019254122,0.0036390633,0.039400402,0.0075703072,0.00076295657
A1280,0.024674546,0.041992698,-0.0011758797,0.0009617518,0.009165638,0.0016653351
B100,0.008410785,0.04785135,0.0053912355,0.03991011,0.024044583,0.011797187
A1598,0.0006321443,0.012107144,0.0012191021,0.007844991,0.0046475083,0.000852044
A643,0.031170407,0.0330501,0.010582428,0.04323486,0.020303506,0.036360003
A63,0.040515535,0.016601501,0.028029684,0.032642767,0.007724031,0.04136226
A186,0.014651414,0.06786537,0.020365326,0.03237233,0.023714863,0.00065318856
B50,0.048405327,0.0062544765,0.03136809,0.035081554,0.028691191,0.034929607
A774,0.017734952,0.06028938,-0.0008219919,5.5493663e-05,-0.0017252098,0.0072005466
A2260,0.0007230447,0.047005642,0.039259214,0.025260573,0.0565184,0.017775217
A1864,0.048099514,0.013041551,0.0154030435,0.035473336,0.047160935,0.023835098
A696,0.012252797,0.013714639,0.012635347,0.0048756707,0.0020207225,0.013428272
A775,0.062016968,-0.0019523209,0.011888237,0.03408634,0.033527892,0.020053225
A2190,0.020972583,0.042098623,0.019573243,0.042750042,0.04024526,0.023534214
B366,0.0074318517,0.009473379,0.0036995274,0.0033608715,0.003697447,0.00057177845
A1779,0.011099663,0.013344358,0.0030768851,0.0045788283,0.00043354387,0.001144155
A2122,0.028068613,0.02590602,0.026895467,0.011449092,0.011808391,0.02317308
A699,0.038608905,0.025377518,0.008137341,0.0039107394,0.001227752,0.007845212
A104,0.06906787,0.00045248022,0.009488518,0.017237026,5.6159977e-05,-0.0016041478
A2351,0.06538494,0.0014184719,0.015891995,0.043811813,0.005149076,0.03700111
A469,0.042115446,0.04682311,0.03754766,0.0308706,0.0040470185,0.043125577
A565,0.036811356,0.009563631,0.04259818,0.0079602925,0.018876834,0.009952355
A1293,0.021924444,0.054403763,0.010455581,0.008142124,0.018437779,0.014679235
A128,0.0008624973,0.04743371,0.007659821,0.046552345,0.043849535,0.015631106
A1792,0.010502214,0.045702185,0.037705682,0.028243223,0.004013501,0.046377752
A985,0.00088315207,0.050234843,0.044345926,0.0057859155,-0.0010575943,0.0010228183
A539,0.015788686,0.035216358,0.01340147,0.02687177,0.009069344,0.02156712
A1978,0.003973318,0.030123163,0.0050454387,0.016219357,0.0010597355,0.00019870038
A1265,0.010156034,0.017064938,0.009045781,4.1198793e-05,0.0035592145,0.006709097
A2322,0.045181613,0.0103854695,0.041921683,0.050488017,0.021536032,0.040524606
A1099,0.022555448,0.020099835,0.021161774,0.0050987904,0.008502748,0.018461952
A421,0.011302552,0.05190186,0.010208466,0.0004248945,0.020272871,0.024951668
A1682,0.0037543597,0.009835116,0.0063132932,0.0065141935,0.007838304,0.0010552296
A1836,0.029146181,0.0036210453,0.018344555,0.014497293,0.003880787,0.010453531
A165,0.033799354,0.049787,0.00754894,0.045991972,0.01244717,0.048961062
A687,0.012320597,0.0073954323,0.016159866,0.0023885167,0.009758646,0.00032618592
A1218,0.012487269,0.04582681,0.036059435,0.041635197,0.029386608,0.021454748
A1959,0.04905607,0.010607851,0.03711166,0.019677246,0.0111873895,0.04372083
A2185,0.047766052,0.0047551617,0.046841323,0.00449089,0.016970316,0.04277351
A177,0.010624843,0.015479672,0.014319471,0.0057746796,0.004095766,0.013436512
B116,0.024168992,0.029967751,0.01862813,0.0076221633,0.0021993737,0.00072436075
A347,0.009491673,0.05666781,0.019829119,0.047257043,0.0146148205,0.010337451
B219,0.012905098,0.0671073,0.0044926205,0.0011589829,0.016247971,0.034647204
A799,0.055739053,0.0013695826,0.0056680664,-0.00023643671,0.0024267037,0.007818549
A1175,0.03458738,0.049254812,0.011060361,0.008639339,0.00048415785,0.035144217
A493,0.008386597,0.0045410115,0.006721577,0.0009974875,0.0002828864,0.0011654572
A364,0.003098439,0.005390061,0.004138831,-2.3204087e-05,0.00095168164,0.0015825031
A865,0.012136403,0.06863103,-0.002241465,-0.0026205853,0.030054575,0.014997477
A1000,0.03607761,0.030070378,0.017856892,0.043906827,0.046402592,0.046992887
B314,0.04449101,0.008174774,0.0356553,0.047514755,0.019758847,0.014241704
A1871,0.008135413,0.044709545,0.026240233,0.036831833,0.021481229,0.03821565
A1108,0.0321951,0.031957213,0.04167269,0.016809354,0.042738818,0.021422902
A1007,0.016470809,0.021152155,0.005656439,0.00039297188,0.0031364844,0.013635354
A455,0.035922095,0.03172536,0.020888235,0.041600563,0.026409205,0.032977115
B331,0.007170963,0.022338776,0.007502295,0.010951477,0.006459911,0.009551627
A795,0.061412368,0.02821919,0.027046222,0.0076293717,0.034514662,0.02596421
A667,0.005991679,0.0024976593,0.0025864313,0.005206183,0.0052435896,0.00075186905
A919,0.023472393,0.039388265,0.008501078,0.010066664,0.0136488,-0.0073592444
A2348,0.041398104,0.0050318707,-0.0004020607,-0.000770344,0.022192765,0.008049413
A624,0.05161814,0.053035803,0.014018849,0.0040058307,0.039338127,0.008075457
A2135,0.010641449,0.06716188,0.038613595,0.03199611,0.0005876624,-0.00051216444
A1996,0.047850195,0.0031040185,0.00832456,0.038686637,0.039266236,0.01335884
A1456,0.059362777,0.025030892,-0.0016332477,-0.002100058,0.013081209,0.025275724
A304,0.008998623,0.0015358664,0.005284877,0.007545032,0.0016742822,0.007474155
A2250,0.030507538,0.07589819,-0.0031941526,0.0032087506,0.0075598853,0.019150792
A1973,0.002228688,0.04639155,0.02556957,0.038763378,0.0414056,0.019625852
A2131,0.035623036,0.034449235,0.015898513,0.03771211,0.043722205,0.0023455939
A1447,0.032178205,0.044639125,0.032149293,0.02112279,0.01058341,0.045458946
B36,0.0460066,0.018279897,0.03278031,0.03386991,0.04448103,0.003113392
A1650,0.011256452,0.012693955,0.006104126,0.014423511,0.003224369,0.0030733652
B155,0.008024411,-0.00039531352,0.002826779,0.0055867494,0.001747834,0.0027452635
A2219,0.01068683,0.068908416,0.03189014,0.033373706,0.042820323,0.00675132
A1939,0.012764202,0.021484323,0.0016078033,0.016878942,0.0069295084,0.013061564
B218,0.0023427717,0.00085357425,0.00037195798,7.839888e-05,4.2125383e-05,-7.3546704e-05
A1230,0.05756223,0.014092448,0.004293281,0.009893922,0.025116827,0.012291107
A2157,0.005941476,0.075580254,0.0052979514,0.0028476105,0.017900463,0.02925673
A1171,0.065875195,0.006267816,0.019577323,0.024403699,0.015802128,0.015274412
A320,0.0075075137,0.0021389856,0.0081108,0.0026533525,0.00012098709,-0.00037721574
B126,0.0131447315,0.015676549,0.00066283264,0.0033351271,-0.000320088,-0.00017218238
A913,0.06713545,0.009956794,0.000887103,0.01559513,0.021819565,0.036934007
A1131,0.01299991,0.014994103,0.0150980465,0.0044267317,0.008746247,0.0075149587
A957,0.011364387,0.05160934,0.009476142,0.0067910524,-0.00032153178,0.01585216
A1882,0.030324858,0.025034228,0.000253,-0.0007110145,0.0048402036,0.007253337
A2292,0.040562924,0.018288044,0.009920866,0.0014127963,0.020718541,0.010231794
A291,0.04526698,0.013176043,0.025794964,0.039438974,0.031952314,0.03875663
B308,0.036369383,-0.00035295982,0.0101278955,0.03345954,0.009926113,0.027544698
B344,0.037612066,0.055305522,0.028627135,0.036553904,0.012735427,0.015841369
A1044,0.024682755,0.040122155,0.037887473,0.028075743,0.0062595154,0.04648517
A118,0.0044758325,0.007138229,0.0037552747,-0.00029331679,0.0001349405,0.0013865243
A1119,0.013441841,0.026905688,0.012824913,0.028623808,0.02331893,0.0004144267
A1632,0.06331154,0.00660789,0.06316785,0.035952296,0.012259182,0.0047000973
B156,0.025169883,0.01453064,0.0007789302,0.016906489,0.0018399924,0.004189729
A210,0.00025355184,0.00034245162,0.00015378844,0.00018391413,3.1477248e-05,3.3647164e-05
B307,0.013678483,0.04968317,0.00761226,0.03997778,0.0389562,0.021347452
A1762,0.013609785,0.028639214,0.0038070364,0.0073662624,0.0027845541,0.0045657633
A1112,0.010896797,0.022480762,0.0014127956,-0.0029021874,0.0052767256,0.0062257126
A2396,0.0046538743,0.0065807523,0.0014453649,0.0019712124,0.0009184113,0.0014302242
A1963,0.025129031,0.058953702,0.0037194754,0.0054706424,0.0008271754,0.031768415
A1289,0.03288376,0.008789959,0.0003522494,-0.0016747859,0.0071740192,0.00488576
B103,0.032472853,0.0093461815,-6.616265e-05,0.003448997,0.006446262,0.0017475948
A2238,0.025180398,0.054685794,0.046121046,0.027026733,0.03256501,0.03379836
A279,0.025042443,0.02268113,0.033955224,0.0052061686,0.019606994,0.022166798
A1341,0.077737056,0.059744548,0.007882581,0.0044532525,0.013688882,0.020446463
A1024,0.0040364275,0.05873941,0.00037730244,0.0025870556,0.0071046646,0.03358824
A2263,0.034769975,0.035377644,0.035683136,0.010130014,0.033256065,0.0019308103
A561,0.03008153,0.01716921,0.025516005,0.00083487306,0.015242663,0.012638348
A1333,0.02999902,0.046392236,0.03531534,0.005367057,0.0084562665,0.0059965304
A2237,0.0481698,0.00110531,0.024206022,0.04017967,0.043134414,0.018941117
A1217,0.041767772,0.022181949,0.046150405,0.024440037,0.038977727,0.0133999
B229,0.03608689,0.04404326,0.047601268,0.003953552,0.021394698,0.034814417
A780,0.004833017,0.00934771,0.00021808977,0.0035595738,0.0049107154,0.0022650103
B288,0.046186645,0.0075227437,0.018623944,0.043786094,0.04129628,0.023270728
A930,0.03684275,0.03665314,0.00539648,0.045447793,0.048090618,0.009152942
A45,0.022177793,0.033856425,0.023058858,0.011855419,0.005951679,0.02585779
B263,0.03404411,0.031475138,0.020302854,0.04106463,0.039707825,0.02068933
A1851,0.027802031,0.049501624,0.0009836793,0.0017513093,0.011646351,0.0024331578
A1263,0.03604402,0.042981073,0.03388261,0.023656527,0.01041767,0.018671583
A229,0.028118974,0.03120446,0.033639815,0.029370584,0.03563528,0.005229004
A981,0.05103228,0.033748295,0.008946235,0.00057312683,0.004420257,0.03312154
A1891,0.015063331,0.021222902,0.010714503,0.02736577,0.014039305,0.007242174
B113,0.0039104023,0.016551655,0.010824779,0.01706109,0.014063265,0.0030398124
A1524,0.0076128747,0.007213886,0.0062835542,0.0079147965,0.008945266,0.0012762916
A1259,0.0240356,0.04473769,0.0018244503,0.01580003,0.0051226933,0.028962873
A759,0.028721252,0.010745746,0.011279119,0.01732678,0.0065904213,0.017821053
A2409,0.0070804264,0.046547733,0.008823353,0.048239887,0.0036027993,0.044754192
A413,0.023870075,0.029959103,0.024793888,0.003511738,0.023972044,0.0032758983
B302,0.046020653,0.012322728,0.040037375,0.021811934,0.039854176,0.015152359
A140,0.00055184116,0.00729364,-0.0005146326,-0.00015191999,0.00072731625,0.002988306
A1274,0.03935742,0.020628737,0.04141871,0.0042371373,0.017179476,0.036283124
A262,0.032341618,0.01832044,0.0007041245,0.036780607,0.03613795,0.009308383
A863,0.06593222,0.0012916265,0.02909273,0.020924855,0.001841012,0.003986971
A1616,0.047845054,0.006825774,0.014570278,0.012492258,0.019523062,0.02477889
B38,0.0014741509,0.06668794,0.014858048,0.031387143,0.03162054,0.029491503
A1434,0.0075561916,0.002267383,0.005292674,0.0042993794,0.005581421,0.0029255848
A2184,0.01298904,0.02907292,0.02909665,0.001973944,0.01158197,0.020267366
A910,0.040174644,0.010590795,0.009852642,0.044277452,0.036918767,0.023690205
A2044,0.06629894,0.01287209,0.04553811,0.0011429372,0.00044512452,0.00487652
A435,0.034565963,0.042651393,0.012527127,0.014328195,0.016777616,0.003410929
B334,0.027214618,0.035252642,0.029112987,0.028214922,0.01832034,0.03380039
A2171,0.080545634,0.044943426,0.022019263,0.02904016,0.0154035585,0.0072409655
A1106,0.0061941477,0.0059385,0.006173538,0.0012044582,0.001081061,0.0022546917
B181,0.0014821514,0.003992544,0.0003784552,0.0022481612,0.0001440771,0.00025076987
A613,0.005552575,0.072224125,0.042926975,0.011172422,0.021254428,0.008906517
A680,0.05337161,0.0116119,0.03598972,0.020247817,0.024449807,0.0067529697
A2333,0.0022791107,0.05196685,0.0336494,0.010034472,0.003490104,0.0018464192
A1607,0.004964705,0.0010600794,0.00019676004,0.002192816,0.003669353,0.0003524509
B203,0.023956478,0.036151897,0.014330183,0.011415988,0.015299538,0.009789553
A2075,0.0062571713,0.008608732,0.003551814,0.012419411,0.0015922129,0.006858286
B74,-0.003033899,0.042462002,0.034213193,0.023121817,0.010935792,0.039056174
A1810,0.009811622,0.0025341606,0.005851753,0.0075252806,0.0044207512,0.0050487355
A2056,0.03847073,0.021676004,0.0014310711,0.044055633,0.03433406,0.0048776846
A506,0.024826517,0.034647465,0.004165334,0.039345622,0.04201658,0.0046978425
A1464,0.017557677,0.017867662,0.02398784,0.0017400541,0.0032143618,0.022143142
A1942,0.023724116,0.010907932,0.015280866,0.017914066,0.006303075,0.0017716847
A290,0.04392583,0.017063465,0.03368198,0.03299602,0.050207507,0.0014826924
B111,0.0012215382,0.0006464053,7.95299e-06,2.8957826e-05,2.3935676e-05,4.3612403e-05
A440,0.04726984,0.004314846,0.03291671,0.033704456,0.011375471,0.04517664
A1018,0.058707334,0.010309819,0.022092922,0.026729705,0.058313135,0.015300174
A1903,0.077006064,0.023140939,0.04982642,0.028661566,0.02978962,0.00865339
B202,0.06680776,0.00053580943,0.0010316777,0.0002906982,0.048195876,0.013164724
A1791,0.03293546,0.0328509,0.033355005,0.032741655,0.036981847,0.027394868
A31,0.0009687234,0.001080511,8.896125e-05,0.0008191392,6.49873e-05,2.97337e-05
A2284,0.026029766,0.018441614,0.008225825,0.031681575,0.015138564,0.029728787
A40,0.0036013536,0.004654293,0.0013605299,0.0041515804,0.0016364598,0.0005026933
B210,0.002517059,0.0072408095,0.002638928,0.0037873436,0.0013304452,0.00016543463
A1530,0.03419006,0.0066335252,0.023885723,0.01707496,0.021590875,0.00960207
A436,0.055894934,0.016029151,0.015259923,0.025807457,0.022479124,0.016824912
A242,0.014026231,0.004430617,-0.00064792857,0.00016386171,0.0027008234,0.0033557834
A1541,0.036343936,0.02645817,0.023928074,0.026142055,0.022032864,0.025415454
A1496,0.0054360856,0.018004797,0.018186683,0.014213694,0.004246518,0.0011255605
A614,0.006072126,0.01918252,0.0020640062,-0.0001981297,-0.00019229866,0.0006951532
A1533,0.015952509,0.07939066,0.028630313,0.025891384,-0.0049600326,-0.0062062247
A449,0.06931687,0.028489942,0.027588295,0.046511147,0.014858759,0.03129331
A1889,0.009581442,0.029057028,0.013090098,0.010994413,-5.3385895e-05,-0.0011935383
A1040,0.020377211,0.023232078,0.016088305,0.014510275,0.009341094,0.007137094
A505,0.0040947567,0.010319157,0.0019548496,0.0045715324,0.00062454975,0.0036900034
A1029,0.054954,0.011449012,-0.0011079117,-0.0012881028,0.003452162,0.0072241384
A835,0.0491367,0.013096548,0.02847788,0.013184637,-0.0036999176,0.005477072
A1535,0.037541155,0.033304777,0.008191928,0.020793106,0.037926894,0.0028241058
A2078,-0.0001749978,0.0019283987,0.0009127844,0.0005329459,0.00028115665,0.0006514331
A1814,0.0051068305,0.05686748,0.017410195,0.034848817,0.010441172,0.0029211657
A1365,0.0016114044,0.046727654,-0.0021659129,-0.0017837092,0.0021510862,0.025899228
A1793,0.04085739,0.023003314,0.014415819,0.044855043,0.010676714,0.04530801
A1326,0.040594768,0.024050595,0.024501998,0.04014712,0.046947993,0.0011981117
A2203,0.023799056,0.060440548,0.011508702,0.044730987,0.008098449,0.015005401
