virsi1736_NC_001526.4,0.000121525925,-2.8089793e-05,7.50633e-05,8.442463e-05,-7.2093746e-05,6.3665652e-06,7.240371e-05,8.552724e-05,-8.367493e-05,-0.00028736482,-3.0227007e-05,-4.244946e-05,0.00025252637,4.2085547e-05,2.4871044e-05,0.00016499421,7.855708e-05,1.9200053e-05,2.1331334e-05,3.247711e-05,-2.075366e-05,0.00017270977,-7.154999e-05,0.00012483838,-0.00021172181,-0.00010265055,0.00015542265,-0.00011052098,-2.7557682e-05,-0.000119737146,3.6959857e-05,0.00011094486,0.00011079272,0.000119293305,-0.00010621219,7.358311e-05,-0.0001213427,0.00011539126,0.00013214997,4.7202966e-06,-0.00010706746,0.00014514531,-1.561382e-05,5.0731956e-05,0.00014934308,0.00023341269,-0.00012313764,4.1709794e-05,8.303088e-05,0.00016054635
virsi1879_AY961628.3,0.000112229194,-9.74e-05,1.5299916e-05,4.3943444e-05,-0.00010450392,7.478479e-05,-0.00011163882,-1.12712705e-05,0.00013025591,0.00019963573,1.5810147e-05,-8.380489e-05,0.000121014345,-8.934427e-05,3.62493e-05,0.00021997985,-8.694322e-05,0.00012232085,2.7658441e-05,-9.616163e-05,-0.00011810656,-0.00014186652,8.291594e-05,7.596647e-06,8.628425e-05,-0.00011433439,0.00016612423,2.2721517e-05,2.1298336e-05,5.1537547e-05,5.7161164e-05,-6.745543e-05,0.00011952583,0.000190384,-7.445482e-05,-0.000100541125,0.00012973754,0.00010172441,-0.000104638566,0.00017445438,-9.214199e-05,-0.000100084166,-2.6394137e-05,0.000115208175,-2.5180942e-05,0.00011833583,-3.875779e-05,-0.00012323378,-0.00012261923,0.00015431974
virsi1386_AY278488.2_4,0.00011673885,5.9123453e-05,0.00012569751,5.2922293e-05,6.7353125e-05,0.00021820648,-2.1156271e-05,-1.9772688e-05,0.00019754382,9.866904e-05,8.907812e-05,1.4379472e-05,0.00010730608,7.4264455e-05,-8.767699e-05,-7.196301e-05,2.6015623e-05,-4.2629625e-05,0.000108627566,5.6032845e-06,9.6098855e-05,4.6500336e-05,7.835797e-05,0.00018352254,0.0001071233,0.00013338578,8.64231e-06,7.427094e-05,0.00017667627,6.233818e-05,4.3535438e-05,-3.3792533e-06,-1.9943975e-06,-3.6264413e-05,-4.582532e-05,3.5230405e-05,9.268853e-05,0.00011838808,-4.5842157e-06,9.280957e-05,-9.476419e-06,0.00015492624,0.00024144295,4.877791e-05,-0.00024154254,4.828886e-05,0.00011249694,5.9659283e-06,2.2838653e-05,0.0001407773
virsi1730_NC_001357.1,0.00011373666,-0.00016035257,5.1560874e-05,0.00019225055,5.824919e-05,-7.996438e-06,-2.076791e-05,0.0002128195,2.1477745e-05,8.961534e-05,-3.99792e-05,0.00012941561,-3.7318914e-05,-6.4769185e-05,5.7719157e-05,1.9342326e-05,0.00011738263,-4.813019e-05,7.77269e-06,6.728446e-05,1.7723076e-05,2.3377514e-05,5.2098334e-05,1.1183424e-05,4.253287e-05,0.0001912124,0.00016635712,3.3850796e-05,5.3706393e-05,0.000111342095,1.0093797e-05,0.00013576998,6.111802e-05,7.348894e-05,0.0002754089,2.2347878e-05,8.7879416e-05,-1.1087754e-05,2.7760641e-05,1.2772833e-05,0.0002047532,-0.000111204536,-1.454392e-05,-0.00016624674,5.540139e-05,6.379757e-05,0.000104328734,6.123597e-05,-0.00011364134,7.660472e-05
virsi1968_HQ189126.1,-0.00015596398,8.674473e-05,5.9823473e-05,0.00012281908,3.9060113e-05,-1.6841874e-05,9.089147e-07,-0.00010618949,7.7728684e-05,-0.000102307,0.000102153484,4.0037676e-06,-0.00011907802,-0.00012192635,0.0001173084,0.00021679612,-4.5179554e-06,0.00012080794,-1.1491628e-05,-1.813601e-05,0.00013038132,0.00017432572,-1.8366678e-05,3.2432457e-05,-0.0001962859,-6.870088e-06,0.00012450895,6.973737e-05,0.00017250533,1.2444033e-06,2.062914e-05,9.16661e-05,7.199482e-05,3.8707032e-05,0.00014294224,-1.5277625e-05,0.000119438526,1.4660844e-05,9.261272e-05,-2.279002e-05,-5.3403623e-05,9.527648e-05,-0.00011629577,3.4992288e-06,2.8838595e-05,-0.00013756243,0.00035339335,-0.000102634665,0.00015803396,8.677481e-05
virsi1871_V01555,0.000106002684,7.909399e-05,-2.495316e-05,4.6674853e-05,-5.9033035e-05,0.00018694381,-6.467823e-05,-0.00013461412,7.7945784e-05,-5.776496e-06,-4.084302e-05,1.4433487e-05,-7.78929e-05,0.00018850186,0.00029892224,0.00017770957,-6.761315e-05,6.273726e-05,3.7443195e-05,0.00010829851,0.00018406636,4.0244042e-05,-8.468823e-05,-0.00017003772,4.9162118e-05,1.3442309e-05,0.00014332787,-5.1118084e-05,-6.74803e-05,0.00010099103,9.640085e-05,5.920304e-06,1.7194996e-05,4.5151115e-05,-5.210811e-05,5.4514177e-05,0.00012749962,0.0001767,5.576069e-05,-5.8625934e-05,1.2655985e-05,-0.00015202166,-3.6918518e-05,0.00013897383,-0.00011838148,0.00010459839,-8.468764e-06,0.00013933759,-6.576632e-06,-0.00010031853
virsi1692_X00203.1,-9.985553e-06,-0.00010721133,-3.8972095e-05,1.1786093e-05,6.600213e-05,3.1286694e-05,2.102214e-05,0.00017738751,1.2641334e-05,-4.1683965e-05,0.000103320956,-9.5515476e-05,-0.00013043538,-3.8380444e-05,-2.7975937e-05,0.00018695404,5.1110375e-05,-5.9911745e-05,-7.4634277e-06,4.071968e-05,0.00020419587,3.0500012e-06,-0.00016055162,-4.7301583e-05,-0.00011814297,3.1587573e-05,-6.0461327e-05,3.334373e-05,-8.117907e-05,3.1040337e-05,3.380408e-06,8.218799e-06,0.00019047807,0.00013446755,0.00029221116,3.2953038e-05,0.00011073273,0.0001580567,0.00010098959,-5.7806155e-05,-0.00013459846,-0.00011302749,1.4829661e-05,3.7777892e-05,-0.00014346572,-0.00011215519,1.7114835e-05,-1.8236606e-05,-2.4841554e-05,7.235675e-05
virsi1761_NC_001526.4,9.0765294e-05,-5.5814264e-05,-7.689591e-05,-0.00017135357,2.7734326e-05,0.000115979325,-0.00018976412,0.000121400895,-9.8022385e-05,0.0001010241,-1.2016388e-05,-3.3889e-05,7.881498e-05,0.00011210741,0.00012505386,-1.8265748e-05,0.00020037295,1.4233337e-05,-6.532516e-05,0.00013909265,0.000110780005,-6.3430134e-06,0.00016022351,-1.7208955e-05,-9.5481504e-05,0.00010362036,7.18269e-05,-8.7355256e-05,0.0001133976,0.00015124868,1.1276791e-06,5.1198273e-05,-8.1556675e-05,-3.5898578e-05,-0.0001245064,-2.9235302e-05,3.5998266e-05,3.4957648e-05,-0.00013703454,0.00010614625,8.7260756e-05,2.991783e-05,-2.7413456e-05,5.294014e-05,3.04801e-06,-4.8120673e-05,0.00011584544,0.00022538594,-3.1758904e-05,-2.8760483e-05
virsi1876_AY961628.3,5.758794e-05,5.097266e-05,0.0001396768,-1.2057845e-05,-3.573102e-05,0.00020799402,-1.8390569e-05,-4.3219137e-05,0.000108954686,-7.439557e-05,4.294268e-05,6.641354e-05,7.656459e-05,1.8933286e-05,0.00017248644,7.90696e-05,0.0001621224,-2.2441938e-05,2.1531256e-05,7.762463e-05,-4.673241e-05,6.154093e-05,0.00021369485,-0.0001284342,7.548751e-05,0.00021025004,-6.6098735e-05,-9.050077e-05,-1.0213025e-05,3.73076e-06,9.577413e-05,0.00013873921,0.00026353484,-2.6986309e-05,7.6349635e-05,0.00010008302,-2.522875e-05,9.591618e-06,3.572895e-05,-1.0710299e-05,0.0003350343,0.00012049949,-8.220674e-05,9.02725e-05,1.8905124e-05,0.00012787848,0.00011049304,-6.468383e-05,1.2766251e-05,-1.2689805e-05
virsi1977_D17763.1,6.9146074e-05,5.5423225e-05,-0.00011876643,-0.00019868168,5.2236916e-05,0.00014859857,0.0002043172,0.00010156622,-7.111506e-05,7.603611e-05,6.153378e-05,1.7458162e-05,5.242825e-05,7.5448064e-05,-4.907361e-05,5.757331e-05,0.00010375146,1.6823908e-05,5.0116694e-05,0.00019420369,9.4980496e-05,0.00017847559,-0.00018600261,4.2241886e-06,-9.5001014e-05,0.00026879265,0.00012854121,2.632408e-05,-7.802588e-05,-6.376862e-05,0.00011615681,-7.060158e-05,-2.0309682e-05,-9.373423e-06,8.504679e-06,3.6004538e-05,-0.00015838233,6.5862834e-05,4.6494963e-05,6.551822e-05,-4.77453e-05,0.0001735319,-8.8613655e-05,0.0001426044,-2.4555924e-05,-9.111439e-06,-8.6108275e-06,0.00011136744,-5.9464946e-06,0.0002454504
virsi1702_NC_001357.1,8.644354e-05,0.00015631158,-0.000119006065,-3.5118283e-05,0.00013200907,0.000145103,0.0001188342,8.962353e-05,0.0001859043,6.721343e-05,-4.398183e-05,-7.885231e-05,1.6790274e-06,2.4582663e-05,-9.906926e-05,9.9246776e-05,-0.00015272824,7.868068e-06,9.495066e-05,-4.755337e-05,-2.2852026e-05,4.7096244e-05,0.000118537704,-1.4957339e-05,3.8709397e-05,-3.5672332e-05,9.242689e-05,0.00013874054,-9.5767944e-05,0.00037310398,-9.002182e-05,0.00015447418,-5.8488327e-05,0.0001861061,6.657335e-05,0.00025777507,6.775965e-05,-1.4844349e-05,-0.00011612424,6.168844e-05,0.0001503735,0.00010268009,1.7916343e-05,-0.00011701712,-2.7979111e-05,0.000152037,4.7561633e-05,-7.297835e-05,-1.7538814e-06,5.8790578e-05
virsi1390_AY278488.2_4,-5.122371e-05,-7.270577e-05,7.0219125e-05,-4.9489372e-05,-2.3445753e-05,5.002283e-05,-3.5223675e-05,0.00019409202,-9.7650875e-05,7.22942e-05,-2.3908502e-05,1.9444795e-05,-1.8813904e-05,2.0920928e-05,-3.1015647e-05,0.00034491345,0.000119797645,0.00014096689,0.000107537424,-0.0001854936,0.00010222744,-3.991867e-05,0.00011150481,9.400673e-05,0.00011618435,0.0001941285,4.1850282e-05,-3.889675e-05,-4.0228842e-05,-0.00014319636,0.000112945905,0.00014084027,-5.281607e-05,0.0001320556,-0.00020233066,6.498221e-05,2.4864818e-05,1.9667921e-05,-0.00010328698,-8.666422e-05,-1.5748614e-06,8.066072e-05,-1.6969332e-05,-3.332814e-05,5.038644e-05,8.5849046e-05,-0.00011496693,0.00010550004,9.421124e-05,-7.177006e-05
virsi1877_V01555,0.00013979708,0.00012408118,2.5245537e-05,0.00012715162,0.0001755304,4.040734e-05,7.229013e-05,8.507552e-05,6.0241364e-05,0.00010774495,-7.605842e-05,0.00013818676,0.00016355564,0.00016470766,0.00011135612,-3.8454e-05,-7.957648e-05,-7.664788e-06,-1.1322597e-05,2.3862205e-05,-1.6000038e-05,7.14561e-05,3.7880272e-05,6.0715964e-05,0.00018289547,0.00012963897,-4.017049e-05,9.472777e-05,4.5820856e-05,-7.399774e-05,-0.00015151767,-1.7051848e-06,0.0001287584,2.3037412e-05,-3.9616483e-05,6.428235e-05,-8.5853164e-05,-7.49459e-05,0.00013334681,-6.315038e-05,4.0299143e-05,4.6837748e-05,2.8418439e-05,0.00016132303,-0.00011873113,1.6717262e-05,0.00014489595,-3.0059493e-05,-8.087614e-05,3.2204258e-05
virsi1292_AY268070.1,0.00013441508,9.87753e-05,-0.00010841134,3.235872e-05,0.00014883964,0.00012246496,-6.591756e-05,5.7198915e-05,2.8747287e-05,0.00013734233,3.6113855e-05,6.889262e-05,0.00013167853,-0.00011144601,0.000111575144,0.00013064849,0.00018308322,-5.5233136e-06,-3.654149e-05,6.578457e-05,5.6138397e-05,-9.846819e-05,1.0844808e-06,0.00015547773,-2.2247663e-05,0.00017422556,2.2688646e-05,-8.3265935e-05,-6.187252e-05,3.182252e-05,0.0001499766,6.7078e-05,3.0718084e-06,-1.933677e-05,-1.4204892e-06,-0.00026540368,6.570481e-05,5.2978477e-05,-0.00015881375,6.807344e-05,-0.00017636907,-8.5811684e-05,-0.00020147153,4.3213746e-05,8.140835e-05,9.263329e-05,-4.3179098e-05,0.00019546194,-8.361628e-06,-0.00013138962
virsi1713_NC_001526.4,0.00019550494,-3.196382e-05,8.885367e-05,-3.260138e-05,0.00011887767,-6.536219e-05,0.00011861395,-6.9249625e-05,2.007909e-06,0.00024434424,7.789664e-05,-0.00022231987,3.22276e-05,6.741245e-06,9.3026174e-05,-0.00011606791,0.00015270151,9.939863e-05,9.158587e-05,-9.704706e-05,4.3071956e-05,5.8043574e-06,-4.718567e-05,5.2981108e-05,0.00016648188,4.935394e-05,8.892929e-05,0.00020391337,-6.151503e-05,4.4809087e-05,0.00015804547,3.760548e-05,8.482434e-05,6.0059556e-05,-0.00022489682,0.00010533254,9.6123906e-05,1.0920616e-05,-0.00020648834,6.6455126e-05,-0.00015793879,-3.3579996e-05,0.00018742238,-6.204746e-05,-3.5281462e-07,8.519307e-05,2.8059287e-05,1.7622688e-05,-6.509327e-05,0.000117262905
virsi1723_NC_001526.4,0.000102165075,4.3577278e-05,0.00028157505,-5.2668733e-05,8.192937e-05,0.00017009494,2.7625907e-05,-4.427687e-05,0.00021366372,-1.8597599e-05,9.092272e-05,-0.00019851617,0.00010290067,-3.4682944e-05,-7.086225e-05,-4.845102e-05,-4.254598e-05,4.7142494e-05,8.113659e-05,2.6497039e-05,-3.3590324e-05,0.00012471464,7.4657786e-05,6.800957e-05,-0.00015382373,-0.00013725796,9.011602e-05,3.363839e-05,0.000111294336,2.8434712e-05,-8.572089e-05,-5.4325074e-06,-3.4228135e-05,4.2596912e-05,0.00015173809,0.00013117789,0.00011058228,-1.2683214e-05,0.00014176616,5.8024787e-05,3.875368e-05,0.00012762757,9.270862e-05,-0.00022260012,-0.00012154304,-1.6046043e-06,0.0001006144,-7.056266e-06,6.611495e-05,-0.0001236888
virsi1776_AF302996.1,0.00014849573,-5.374051e-05,-5.6171248e-06,5.8476933e-05,9.977272e-05,3.3791941e-06,-2.6756943e-05,-7.6235825e-05,2.4389454e-05,0.00014681135,-6.452826e-05,-4.992021e-05,-4.408627e-05,7.148003e-05,8.2543316e-05,8.875613e-05,-0.00015314239,3.066372e-05,-4.4319847e-07,-9.241903e-06,3.562849e-05,0.00010945222,-2.7557608e-05,9.236444e-05,-4.0140643e-05,-2.7318913e-05,7.04012e-05,-1.9390895e-06,-1.7417877e-06,-4.587619e-05,1.9285886e-05,0.00017027966,-4.5739143e-05,-0.0001464593,7.4405483e-07,5.93179e-05,0.00017887485,8.604232e-05,0.00021307898,-2.8013179e-05,-5.5326105e-05,3.748555e-05,0.00015362978,0.00013729947,1.7665054e-05,0.00013353118,-0.00015274635,-9.0686306e-05,0.000116651114,4.4546643e-05
virsi1743_NC_001357.1,9.6759875e-05,7.365752e-05,5.3578366e-05,0.00014120838,-1.4655056e-05,-5.9326994e-05,-0.000105660045,-6.973457e-05,-0.00017037216,-4.891379e-05,2.9953886e-05,-6.5793516e-05,0.00020017139,5.172286e-06,0.00018850128,1.981324e-05,-0.00010234983,-0.00013654941,3.2370433e-05,-9.81895e-05,4.8200764e-07,3.257735e-05,1.3887279e-05,4.145243e-05,0.00016585492,-5.0983836e-05,-0.00015293635,3.82529e-05,0.00012064593,-8.729453e-05,9.849919e-06,-4.508196e-06,-2.2087073e-05,0.00012598578,3.9568617e-06,5.3078817e-05,0.0003263781,0.00025294532,-0.00014130755,-4.3789507e-05,1.3204689e-05,5.1166422e-05,0.00022788528,0.00020811478,-9.153725e-05,-4.362128e-05,0.00011463317,-0.00015437286,0.00011971768,-8.201365e-05
virsi1880_AY961628.3,-8.846183e-06,0.00017225245,7.413497e-05,-1.9873245e-05,-1.3634367e-07,0.0001689374,4.637131e-05,-0.00019268133,4.1131247e-05,-3.372391e-05,-4.4346947e-05,3.2497166e-05,-0.00022014478,7.6438904e-05,-0.000114356226,-6.460592e-05,-5.0672745e-05,-5.5858804e-05,0.0002370091,-0.00011691396,-0.00010986118,0.00015271486,0.00013617461,4.5985707e-05,0.00016366238,7.822678e-05,2.8492539e-05,-2.371362e-05,0.00024529634,-0.00025202456,2.981626e-05,1.7067374e-05,2.1787962e-05,-6.463743e-05,-1.6492933e-05,0.00022869697,-0.00017702008,2.0819292e-05,-5.6351706e-05,5.3854263e-05,-3.367322e-05,-0.00018752346,-0.00013054418,0.0001733682,9.0538044e-05,-4.3852315e-06,3.4104265e-05,-7.105324e-05,-0.00013724547,2.2924703e-05
virsi1869_V01555,4.332435e-06,9.420023e-05,-8.4160354e-05,0.00024085883,4.4739245e-05,0.00010413339,-3.505873e-05,0.00020458813,0.00016972671,-6.380831e-05,0.00023891727,-0.000111627385,8.235698e-06,4.800991e-05,-3.6219062e-05,-2.1453345e-05,2.9445717e-05,3.5970446e-05,-1.615592e-05,-9.842783e-05,-3.8220358e-05,7.389968e-05,0.000104581246,-3.1483942e-06,-2.4392864e-06,0.00012092431,-3.6302692e-06,4.5949604e-05,-6.0286156e-06,0.00014232362,0.00019016107,-7.7495715e-05,1.0334167e-05,3.308684e-05,-8.385183e-06,-5.5140074e-05,-5.6056986e-05,2.5591606e-05,-1.0826005e-06,-3.3666096e-05,6.327814e-05,-8.569592e-05,-3.0821884e-05,-2.7955646e-05,2.355551e-05,9.05445e-05,-2.1889944e-05,0.00020193214,4.6321315e-05,0.00019824938
virsi1370_AY278554.2_3,-0.00010092622,9.6898126e-05,-0.00013174262,7.4783005e-05,0.0001813175,0.00014159037,-1.7619848e-05,9.4698116e-05,3.677617e-05,-0.00022961851,9.558986e-05,0.00015259506,0.00016824654,3.7525155e-05,-1.6088071e-06,8.9653145e-07,-7.565074e-06,1.675716e-05,3.8833474e-05,0.000114756745,0.0001717928,6.167702e-05,8.490612e-05,-1.3262578e-06,0.00013337447,5.8496345e-05,-5.7386394e-05,-0.0001316447,0.00024830934,1.6659804e-05,-0.00020754556,-0.00011296585,-7.055822e-05,-7.044636e-05,5.8302667e-05,-1.9176561e-05,-6.1184306e-05,-1.1585112e-05,-5.87292e-05,-2.9083443e-05,9.08615e-05,4.016226e-05,4.651891e-05,-0.00020754665,-1.6628877e-05,3.6900397e-05,-1.2212369e-06,0.00012674805,-9.7018514e-05,5.9982733e-05
virsi2207_GQ183623.1,0.00026889343,5.8926096e-05,-9.568553e-05,1.18231e-06,9.555203e-05,-3.3269844e-05,-0.00011174276,7.558575e-05,8.991357e-05,-0.00010222282,1.5515858e-05,-2.5484742e-05,-0.00022989357,2.7079815e-05,0.0001335937,2.0017935e-05,0.00028054797,0.000130928,2.6628653e-05,-3.9729992e-05,2.8856746e-05,-7.7199715e-05,0.00022568821,6.7930196e-05,9.3681636e-05,0.00013071846,-0.00013731164,7.296999e-05,0.00029802122,-0.00017384655,-0.00015959007,-2.9274639e-05,1.3631641e-05,-0.00010157056,0.00014359392,-3.2959757e-05,4.0640465e-05,7.516816e-05,-3.3204076e-05,8.610008e-05,0.00010879989,-8.968785e-05,0.00010793876,-5.6090415e-05,-0.0001381691,7.7396166e-05,8.42937e-05,-0.00011933107,0.00010743717,0.00015703331
virsi1263_EU262658.1_2,2.960249e-05,7.253192e-05,4.9182672e-05,9.762539e-05,4.2281976e-05,-6.0328024e-05,6.933043e-05,0.0003047835,4.788961e-07,-0.00011417679,5.2881034e-05,0.00016493142,0.0001891899,-6.4983695e-05,8.085469e-05,-0.00017677284,0.00012733994,1.0817727e-06,3.4374745e-05,-3.833306e-05,-2.3385583e-05,-1.7468123e-05,0.00014422827,3.9348753e-05,-4.574044e-06,2.9608616e-05,-1.48659565e-05,2.9676079e-05,0.00014445641,-4.483299e-06,0.00013281316,7.512794e-05,8.8896726e-05,-1.916002e-05,-7.758139e-05,0.00015414869,5.673359e-05,2.534121e-05,7.4891424e-05,0.00011187342,-7.8488396e-05,0.00019389414,0.00013508061,-8.107468e-05,0.00013844343,5.3039366e-05,-1.650255e-05,1.41081055e-05,-0.00020230934,0.00024152591
virsi1257_EU262658.1_3,0.00012864154,-1.3246405e-05,0.00015599075,2.9614686e-05,-1.7381122e-06,6.8818714e-05,9.08818e-05,-4.779619e-05,-6.269057e-05,-9.451089e-06,0.00025041107,1.616231e-06,-2.2403789e-05,0.0001760552,-0.00012651333,1.3429002e-05,8.589187e-05,-2.6884532e-05,-0.00017779606,-0.00015873452,-9.7863885e-05,6.598651e-05,-0.00013169662,-0.00010421793,0.00010404435,8.886796e-05,-1.7733446e-05,0.0001470904,-9.851703e-05,4.0561813e-06,0.00010430098,7.5158125e-05,-3.5936362e-05,2.0845568e-05,0.00014351346,-0.00014643918,0.0001093244,0.00015632845,7.605323e-06,-5.001593e-05,0.000121969715,4.290103e-05,4.4616005e-05,6.914789e-05,0.00013827217,6.576031e-05,6.5323395e-05,-3.6188474e-05,6.1259794e-05,7.6155935e-05
virsi1372_AY278554.2_3,6.355675e-05,9.297271e-06,0.00019815896,0.00018474962,-7.9469624e-05,-5.38826e-05,0.00011641842,5.8796955e-05,-8.359146e-05,1.8194807e-05,0.00031099064,-5.9131125e-06,0.00014086711,-0.00012055404,0.0001298251,1.2223917e-05,0.00011913078,0.00012624738,-2.033258e-05,-4.6142606e-05,4.258088e-05,2.4606905e-05,-2.5830179e-05,0.00024044997,1.7777182e-05,4.0323794e-05,-1.51125605e-05,-4.112749e-05,-0.000118163596,8.5965585e-05,-9.1642476e-05,0.00016880097,0.00019492253,-9.50514e-06,-3.8582544e-05,4.759191e-05,-3.517234e-05,1.8865901e-05,-8.2972896e-05,6.0808816e-05,0.00019474977,-4.3525208e-05,8.477798e-05,-0.00019413308,-6.1104897e-06,0.000116821684,4.2791267e-05,7.897208e-05,4.6122797e-05,4.7605987e-05
virsi1868_V01555,0.00018033883,3.619683e-05,-8.683017e-05,-0.000101757134,-3.0686475e-05,-2.5606465e-05,-1.8796532e-05,-8.613441e-05,0.00024214968,-3.9149374e-05,-7.3723364e-05,6.135954e-05,-0.00025862633,-0.00030992262,-1.7719189e-05,-7.513296e-05,-7.532553e-05,-9.019479e-06,4.998767e-05,-5.0924536e-05,-8.0058686e-05,5.9958307e-05,9.3525574e-05,0.00016773278,5.4886885e-05,0.00010751126,-3.1301068e-05,0.00020429475,-2.1619637e-05,-4.0995776e-05,3.4873658e-05,-8.536513e-06,0.0001398628,-9.869115e-05,6.209416e-05,0.00024007044,-6.831031e-05,8.350453e-06,0.00015157352,0.000100460515,-4.6928635e-05,8.02179e-06,5.999817e-05,-0.00010570489,4.2533702e-05,-2.9506746e-05,-0.00013702005,6.139403e-06,-7.720828e-05,5.6595936e-06
virsi1767_NC_001526.4,0.00021032727,6.103775e-05,8.653774e-05,-1.3179366e-05,-3.6164936e-05,0.00013480155,-3.2679845e-06,3.791845e-05,0.00020387347,2.8435548e-05,0.00014293175,0.00013667435,4.3891654e-05,0.00022154477,1.445421e-05,3.2022825e-05,3.530313e-05,-4.8188507e-05,-1.2330019e-05,2.0069248e-05,-4.895417e-05,3.2253596e-05,-6.574835e-05,9.631704e-05,-0.00017946212,4.910776e-05,-0.00014086638,-6.42285e-05,0.00012551868,5.448716e-05,9.725817e-06,0.00023727863,0.00012416512,9.402637e-06,7.9168996e-05,0.00012205123,0.00013055626,-4.5726985e-05,9.830566e-05,-1.9549178e-05,0.000104221384,-9.745923e-05,-0.00017365221,5.5187345e-05,0.00012672656,-1.1837228e-05,-0.00014681756,0.0002923522,-1.9047955e-05,-5.188428e-05
virsi1290_AY278554.2_1,0.00020059556,-3.6725192e-05,4.96084e-05,-5.515796e-05,-4.0233394e-05,-9.5983494e-05,-3.94907e-05,8.166303e-05,-0.00016545274,8.9350254e-07,4.535663e-05,-3.655173e-06,5.4623244e-05,0.00010144594,0.00019080233,0.00013984564,9.962695e-05,8.338499e-05,0.00012064855,0.00011297927,-6.2452054e-05,0.00013271844,0.00011081888,-3.4189554e-05,-6.879893e-05,0.00014801584,0.00010618956,2.6029596e-05,-1.799754e-05,5.5891887e-05,0.0001759567,-0.00019916143,-0.00019696716,-7.864117e-05,0.00012254079,2.4044903e-05,3.874097e-05,-1.3038516e-05,-8.605589e-05,-8.013347e-05,-4.7235408e-05,-5.6447156e-05,3.9918235e-05,1.7492997e-05,-7.162991e-05,3.663593e-05,8.9004525e-06,0.00016229879,0.00015509539,8.0929116e-05
virsi1965_FJ790798.1,-1.5608375e-05,-5.788527e-05,-6.4021675e-05,3.6133817e-05,-1.9440004e-05,-4.396857e-05,1.9889907e-05,-0.00014892744,-4.4290424e-05,-2.1040587e-05,-1.8284548e-07,0.00016085771,-1.0121885e-05,-1.0686009e-05,-6.867736e-05,-4.5186964e-05,0.0002518862,0.00014236289,1.021864e-05,7.431398e-06,3.0658448e-05,0.00010414166,-0.00014445967,-9.588017e-06,0.00022761329,-1.9596468e-05,0.00013841101,7.501923e-05,0.0001447661,9.402759e-05,-0.0002004641,0.00013107204,0.00018098143,3.1847936e-05,-3.1213865e-05,9.822294e-06,0.000112810834,-9.403725e-05,-6.093256e-05,3.7272526e-05,2.0489035e-05,-9.797566e-06,-0.00017407561,-5.1257477e-05,4.993675e-05,-3.7674054e-05,-4.808117e-05,-8.4502644e-05,-5.82551e-05,9.4977506e-05
virsi1873_V01555,0.00022065087,8.141756e-05,0.00016617637,-2.5756833e-06,4.1118627e-05,-8.057247e-05,-2.8413013e-05,8.178041e-05,-9.4037176e-05,0.00021821575,0.00013764972,-3.840598e-05,-6.5713335e-05,0.00012319663,4.9387243e-05,0.00016302246,-2.4256451e-05,0.00012319208,-1.2043659e-05,1.6607577e-05,4.2879838e-05,9.554255e-05,0.00014453656,4.844556e-05,2.5782425e-05,-1.6691529e-06,1.4154009e-05,9.543735e-05,5.8019967e-05,0.00019188215,0.00021950915,-1.2429562e-05,3.643916e-05,-2.2686248e-05,1.3661221e-05,-3.6216126e-05,-9.075027e-05,0.00012659376,-4.2445417e-06,-4.3371992e-06,7.573994e-06,0.00012366433,0.00012902565,-3.2575077e-05,-0.00010303087,3.2700243e-06,-6.966612e-05,5.9371276e-05,0.00014206381,3.9472445e-05
virsi1366_AY278554.2_3,6.355675e-05,9.297271e-06,0.00019815896,0.00018474962,-7.9469624e-05,-5.38826e-05,0.00011641842,5.8796955e-05,-8.359146e-05,1.8194807e-05,0.00031099064,-5.9131125e-06,0.00014086711,-0.00012055404,0.0001298251,1.2223917e-05,0.00011913078,0.00012624738,-2.033258e-05,-4.6142606e-05,4.258088e-05,2.4606905e-05,-2.5830179e-05,0.00024044997,1.7777182e-05,4.0323794e-05,-1.51125605e-05,-4.112749e-05,-0.000118163596,8.5965585e-05,-9.1642476e-05,0.00016880097,0.00019492253,-9.50514e-06,-3.8582544e-05,4.759191e-05,-3.517234e-05,1.8865901e-05,-8.2972896e-05,6.0808816e-05,0.00019474977,-4.3525208e-05,8.477798e-05,-0.00019413308,-6.1104897e-06,0.000116821684,4.2791267e-05,7.897208e-05,4.6122797e-05,4.7605987e-05
virsi1693_X00203.1,0.00021673118,6.2392326e-05,-6.548648e-05,-1.307902e-05,9.411025e-05,-2.9939929e-05,7.1908595e-05,7.371037e-05,0.00010617816,-9.989263e-07,-0.00013240696,-3.4637756e-05,-1.7492623e-06,-0.00020453818,6.0421167e-05,9.2543196e-05,0.00011487578,7.975273e-06,9.934359e-05,-9.461547e-06,0.000118675416,0.00016706546,-0.00023542605,-0.00018103953,2.1882208e-05,3.699643e-05,0.00010358403,8.283839e-05,-2.0924346e-05,-6.310675e-05,-1.9666068e-05,-2.1137123e-05,0.0001405592,-0.00016487985,0.000106335065,2.4487907e-05,-8.44675e-05,0.00010559002,-5.1428542e-05,-7.7137796e-05,-6.814719e-05,6.7188e-05,7.6315424e-05,4.5107576e-05,0.00014773624,8.704868e-05,0.0001141294,0.00025706133,1.4945889e-05,-0.00012899195
virsi1023_U95551.1,0.00020178127,0.00016006661,7.4766576e-05,-3.8450245e-05,9.597207e-05,-1.1488492e-05,-7.922082e-05,8.352785e-05,8.514504e-05,8.200983e-05,1.8525003e-05,-2.5780922e-05,0.00010633452,-0.00012279784,6.2943195e-06,0.00010568964,-2.9904111e-05,-5.3220163e-05,-2.1250107e-05,2.45606e-05,-3.066715e-07,-2.1654421e-05,-3.3293843e-05,-4.096485e-05,7.169629e-05,0.000104916966,-4.670769e-05,0.00013583197,-1.6414493e-05,-9.706654e-05,4.1675244e-06,9.123768e-05,-3.516131e-05,9.221048e-05,-6.881183e-05,6.127247e-05,-4.7555586e-05,-2.5486052e-05,0.00010636141,0.00019040282,0.00017425731,-7.0965085e-05,3.978732e-05,-0.00018168012,0.00011621794,4.321493e-05,-0.00018784724,2.1273987e-05,-8.589548e-05,0.00014256888
virsi1749_NC_001526.4,7.432739e-05,0.0002728429,2.672257e-05,3.097596e-05,-3.4252107e-06,2.724281e-05,0.000120185716,1.9191062e-05,0.00014279691,5.2996307e-05,-9.754247e-05,3.9825172e-05,6.697409e-05,-4.031238e-05,-3.270731e-05,6.484049e-05,-0.00015640966,-6.141278e-05,-3.0716822e-06,2.9340414e-05,0.00010412969,0.00021216532,3.882093e-06,0.00010351353,-6.157097e-05,9.159016e-05,-8.662736e-05,6.2234016e-05,0.00013885098,0.00012551178,0.00010207273,-5.6619385e-05,0.0001276517,0.00010352707,0.00013405368,1.6765218e-05,-0.00015731853,-3.517931e-05,-0.00015134629,0.00011447449,-0.00010355197,0.00016604201,5.7430214e-05,0.00017151094,-4.9270126e-05,-0.00013272006,4.8727987e-05,0.000112129455,-0.00010061215,6.6716755e-05
virsi1865_V01555,5.108006e-05,-3.2058975e-05,0.00018737504,-3.3027707e-05,3.9711927e-06,-2.4402885e-05,0.00035187215,-9.810898e-05,0.00011600812,0.00014498967,-0.00014370364,-6.4394253e-06,8.2585604e-05,0.000118629236,7.937259e-05,-1.44853275e-05,1.5700107e-05,0.00016326415,4.28441e-05,6.8911754e-06,0.00010369689,4.738847e-05,3.0944735e-05,-8.172991e-06,3.760417e-05,-0.00015184436,-8.644717e-05,-7.979275e-06,7.261011e-05,9.257511e-06,7.420559e-05,5.064334e-05,-6.393366e-05,3.0181955e-05,6.411077e-05,-0.00012573042,0.0001464882,0.00012765393,0.00020306763,-1.5152218e-05,-0.0001148311,0.00018607403,8.429132e-05,0.00019376658,6.592905e-05,1.7360104e-05,-4.0039886e-05,-3.3422406e-05,0.00013540317,4.6780788e-05
virsi1704_NC_001526.4,3.0287525e-05,9.2332644e-05,0.000149821,5.38037e-05,0.00022223165,-7.625965e-05,7.6848206e-05,-0.000102606515,0.00018132497,0.00019341696,3.7355123e-05,0.000117421296,0.00015551934,8.217746e-05,-4.604995e-05,-3.3128417e-05,0.0001182471,3.0892978e-05,6.542092e-06,-1.793657e-06,0.00020950825,0.00022577697,2.322999e-05,8.4876556e-05,6.651905e-05,0.00014601235,5.1895593e-05,0.00010843464,-0.00019021206,0.000233627,-0.00016348498,0.00021505763,-7.2205126e-05,1.4499748e-05,8.231243e-05,8.3351086e-05,0.000108776825,-3.5757323e-05,0.000111707035,-3.870064e-06,0.00017592523,-1.8003161e-06,-5.3517866e-05,0.00013260767,-2.8549637e-05,6.831353e-05,0.0002590315,-0.000114859366,3.7354046e-05,9.3545445e-05
virsi1863_V01555,0.00010163279,-3.882001e-05,6.530388e-05,7.2295596e-05,0.00015337924,-8.16768e-06,-4.1091585e-06,6.04687e-05,8.270904e-05,9.3137955e-05,8.6806955e-05,1.7230432e-05,-8.42659e-06,-0.0001526222,0.00020565905,0.00017319745,3.7454756e-05,0.00014334192,0.00013886913,3.6656045e-05,4.233658e-05,-4.156081e-05,-0.00016216829,1.709068e-05,8.0824764e-05,1.9419262e-05,-4.662444e-05,5.1199935e-05,2.4244719e-05,9.98423e-05,3.536148e-05,0.00013271003,0.00016218865,0.00016533803,9.34898e-05,-6.7017963e-06,-1.1697679e-05,0.000110846464,0.00012744676,5.861203e-05,0.0001454542,-9.516643e-05,-0.0001280373,5.4362084e-05,-3.4578392e-05,-3.203677e-06,5.8106223e-05,-0.00014433003,2.6489814e-05,5.0080973e-07
virsi2201_AF206518.2_7,7.464923e-05,0.00017076728,-4.599495e-05,4.3207314e-05,-4.120547e-05,0.00010565952,9.1938404e-05,-6.2839346e-05,-3.7444755e-05,0.000121284414,0.00012732587,-6.46784e-05,-5.6864752e-05,7.5385e-05,4.518e-06,4.1606207e-05,0.00011399869,2.7560951e-05,-8.500235e-05,5.4586217e-06,-0.00023484576,-5.8099235e-05,-0.0001309705,-4.5618068e-05,7.195658e-05,8.485118e-06,9.442961e-05,8.910321e-05,0.00017901893,-4.6078552e-05,1.0366266e-05,0.00022946973,-0.00019635123,1.7690352e-05,-2.7118249e-05,-7.920133e-05,-0.00015719648,-0.00014324114,-0.0001664062,8.146498e-05,4.1568263e-05,-9.7408134e-05,0.00019276344,7.9103935e-05,-8.063345e-05,0.0001328399,0.00022402957,4.224305e-06,3.4631837e-05,-2.3551793e-05
virsi1369_AY278554.2_3,-3.765471e-05,-0.00012385889,-0.000120161305,6.4933905e-05,-6.6464985e-05,0.000110370594,2.138017e-05,6.6037166e-05,-7.542888e-05,7.627793e-05,6.970805e-05,0.00012033641,-3.807486e-05,0.00017315976,0.00015272267,-0.0001234138,8.5901473e-07,-0.00017188802,-3.9100654e-05,9.743736e-05,0.00011776778,2.5652454e-05,-0.00011173516,-3.8075097e-05,-7.830293e-05,-4.581607e-05,-5.9376393e-06,-0.00020075767,-3.4503082e-05,0.00010536277,-3.150651e-05,0.0001918212,5.1967385e-05,0.00011188478,0.00010980028,5.2442774e-05,-0.00014884287,-5.3834818e-05,0.00012604876,-8.8325854e-05,-1.2309053e-05,-5.8281294e-05,0.0001184353,-0.00010228173,9.102146e-05,0.00011335752,0.00014955841,5.7010235e-05,0.00014867424,3.329638e-05
virsi1966_FJ790798.1,-1.4252548e-06,5.3477015e-05,-0.00013803419,4.5999343e-05,9.302744e-05,-4.922038e-05,-5.9265676e-05,8.214963e-05,8.668046e-05,4.703575e-05,-7.665334e-05,-8.16883e-07,-3.0094676e-05,-5.6606117e-05,3.3244363e-05,0.0001629911,7.0842034e-05,1.0874156e-05,0.00024820436,-0.00012777107,-3.734866e-05,0.00012317923,4.977249e-05,-3.1209718e-05,8.286324e-05,-4.9890983e-05,0.00010146705,3.3592478e-06,-5.2842828e-05,2.0203013e-05,-0.00011189531,1.7153732e-05,-0.00012457305,-0.00016322106,-6.211435e-05,0.0001686807,-0.00015383029,1.509035e-05,7.0653536e-05,0.00023589746,7.111917e-05,1.8031065e-05,0.000111440146,9.484388e-06,0.00013702885,7.049929e-05,8.3846775e-05,0.00013792355,2.622463e-05,0.00019969569
virsi1298_AY278554.2_2,2.0025875e-06,0.00025766596,-1.2422661e-05,-6.515332e-05,-8.4782776e-05,-1.1270632e-05,7.538503e-05,-1.0988121e-05,9.7384445e-06,5.6710116e-05,7.467584e-05,8.740329e-06,7.545677e-05,0.00020134418,-4.227624e-05,-0.00014636894,-6.2264764e-05,-7.77626e-05,7.135062e-05,8.576739e-05,9.923771e-05,3.978541e-06,5.616081e-06,0.00011256538,3.489033e-06,-4.2571442e-05,-7.16814e-05,-0.0002630796,-7.61651e-05,9.1693204e-05,0.00018008302,-6.454415e-05,-6.480618e-06,-3.5058718e-05,0.00016957335,7.966338e-05,0.00015539714,-5.592885e-06,-0.00012718578,-1.8308563e-05,-2.0979498e-05,7.74901e-05,0.00013774924,4.4004966e-05,4.8767473e-05,-5.5501245e-05,-0.00017475682,-5.7349484e-05,0.00019467024,0.00013246284
virsi1381_NC_004718.3_2,5.9069796e-05,-8.278784e-05,0.00012008879,-8.952206e-05,5.6948036e-05,-1.1165424e-05,5.4032458e-05,0.0002346366,-2.635156e-05,0.00012850715,-9.227509e-06,0.000103692204,-6.088812e-05,8.922011e-05,0.00021221601,-0.00015297518,9.69644e-05,2.9047698e-05,2.1238675e-05,-0.0001088443,6.0667553e-05,-1.763248e-05,-7.3274794e-05,3.5200996e-05,0.00014065237,-0.00016390726,-1.816828e-05,-6.4475724e-05,0.00016409747,0.00018472008,-3.41683e-05,3.627396e-05,2.6993219e-05,7.1922135e-05,7.8666526e-05,-6.4328095e-05,0.00024085231,-0.000115841365,-7.031645e-06,5.2733998e-05,-5.375829e-05,2.4576777e-05,0.00016606894,2.5125646e-05,6.953513e-05,7.752322e-05,-2.6256632e-05,6.859915e-05,1.6240901e-05,3.3325286e-05
virsi1696_FN907963.1,0.00012740525,-0.00016363006,-3.1462343e-05,-4.66198e-06,-0.00011326825,8.479043e-05,4.2798943e-05,0.00010696598,0.00010027721,-7.494318e-05,6.9873706e-05,6.25802e-05,0.0001081423,0.00019761041,1.2689637e-05,-6.231917e-05,0.00014880698,-0.00011174365,-7.343831e-05,0.00017807863,0.00025900753,-0.00013637313,-8.759886e-05,-4.536182e-05,0.00018670505,8.954615e-05,-7.075585e-05,-0.00016836001,0.00010616588,1.8128785e-05,0.00012864124,0.00017259674,-6.2875224e-05,-6.408205e-05,-3.0217696e-05,-8.902669e-05,2.5520838e-05,4.5474502e-05,-0.00017960393,-9.46582e-05,4.0839328e-05,-6.178255e-05,-1.4502348e-07,0.0001619413,-0.00016723856,6.903885e-05,0.00012515298,-1.6331222e-05,1.836402e-05,-0.000102686776
virsi1747_NC_001526.4,-2.078001e-05,0.00025092432,4.951172e-06,5.887311e-06,-1.1970402e-05,1.7866067e-05,5.4977852e-05,1.9639818e-05,6.336518e-05,0.00020816081,2.8582133e-05,-3.6186397e-05,0.00010513676,0.00013186342,-7.784402e-05,4.7846363e-05,-2.6141952e-05,-6.494351e-05,3.0651856e-05,8.157407e-05,0.00022654112,0.00019818329,0.00019755035,0.00021997566,3.2798132e-05,0.00014347787,0.00014890151,0.00013548788,-9.54584e-05,5.2723964e-05,0.00010821994,-6.0489547e-05,9.1171496e-05,0.00011011039,1.1978824e-06,0.00022038323,0.0001667343,2.3901097e-05,-3.209282e-05,-2.6845102e-05,0.00015494472,0.0001368109,0.00017628109,0.00013107272,-0.00014221002,-0.00012415921,1.9566983e-06,-5.3110256e-05,-1.5328078e-05,7.372139e-05
virsi1742_NC_001357.1,0.00015954072,-9.851217e-05,8.391759e-05,7.448702e-05,1.48282625e-05,5.9721282e-05,6.9104106e-05,0.00013130608,3.055335e-06,4.333881e-05,0.00023747346,6.4431544e-05,-3.266964e-05,-1.9982084e-05,2.2332797e-05,-0.00010948266,-2.7702978e-05,-0.00021106152,0.00017786038,-6.612672e-05,-0.00019608547,0.0001231157,-9.90958e-05,0.00015133864,0.00013192066,0.00016224098,-1.9509378e-05,9.160946e-06,3.400189e-05,-9.108453e-05,-9.3938026e-05,6.941363e-05,-2.0109486e-05,0.0001667801,0.00015117736,7.995652e-05,1.8356272e-05,-6.102719e-05,0.00016830578,2.6496888e-05,-0.0002023947,-9.7597345e-05,-0.00012162847,-8.0215235e-05,0.00011490729,0.00021041832,-3.917634e-05,-1.8720475e-05,0.00018115359,0.00013859406
virsi1770_DQ201177.1,9.785454e-05,0.00011998546,-7.738208e-05,7.727547e-05,-0.00012741279,1.6319545e-05,4.4176693e-05,-7.921248e-05,0.000112354624,-4.0142648e-05,0.00013351106,-0.00010557723,-0.00012968369,-5.104081e-05,-8.974505e-06,-5.5091998e-05,2.0006342e-05,0.00013960486,-6.4255764e-05,4.7740075e-05,-4.1706993e-05,0.00013645295,0.00022622358,0.00021476431,0.00018544242,-7.900015e-05,6.0865863e-05,9.9782286e-05,-3.8593837e-05,-3.2240056e-05,-3.7504076e-05,-3.7412396e-05,-0.00012153531,2.6898693e-05,-5.938256e-05,0.00028284852,5.2580694e-05,-4.7249086e-06,1.976879e-06,0.000190002,3.6647848e-06,5.458435e-05,4.6190966e-05,-7.2147406e-05,0.00023480057,0.0003222559,8.111457e-05,-0.000153124,0.0001257481,0.00025246566
virsi1510_EF190973.1,5.862243e-05,1.8770981e-05,1.1175445e-05,-4.4811506e-05,5.2765507e-05,0.00016519449,0.000114770824,0.00021858866,6.7651614e-05,0.0002047168,7.390776e-05,-6.911797e-06,-2.4213572e-05,0.00015988418,-4.9913728e-05,0.00010474213,0.00039762186,7.4398467e-06,4.44025e-05,0.00017157866,4.2339536e-05,0.00017064901,1.8463048e-05,-2.3553492e-05,4.3375807e-05,-0.00013027628,-0.00012122713,1.5205154e-05,-2.751364e-05,1.9620476e-05,-2.2671195e-05,5.272579e-05,-5.8060363e-05,-2.1639522e-05,-1.0860603e-05,0.00013749902,0.00012277516,0.00011694677,8.6535965e-06,8.4207415e-05,-4.4681194e-05,6.0461993e-05,0.00023109904,-9.279178e-05,3.213066e-05,3.3804303e-05,1.624505e-05,0.00017439446,4.787284e-05,0.00013331087
virsi2178_NC_004102.1,-1.5874939e-06,0.00021321703,0.000100014964,9.5932504e-05,1.542239e-05,-8.853684e-05,-9.897507e-06,0.00017207465,7.37836e-05,-7.1865747e-06,-6.628767e-05,5.410122e-05,-0.00010252448,0.00026823636,0.00016345184,-9.2588225e-06,5.9104474e-05,0.0001713907,6.169853e-05,2.024578e-06,-0.0002034697,8.495352e-06,8.4807005e-05,0.00014968425,-4.9310893e-05,9.277511e-05,5.7736368e-05,1.0617178e-05,4.751911e-05,4.255294e-05,3.970843e-05,9.0309455e-05,0.00016108953,6.169883e-05,-0.000111172754,0.00013572018,-5.7442536e-05,0.000113688744,-0.0001263498,0.00013132281,2.7105949e-05,8.643645e-05,-1.192809e-05,-4.347037e-05,0.00011598731,0.00023194861,0.0001347294,-4.803013e-05,-0.0001985858,2.8187507e-05
virsi1978_D17763.1,9.4598734e-05,-1.41222035e-05,-5.319468e-05,-2.9610072e-05,-2.4019915e-05,3.400299e-05,-4.3913246e-06,0.00011082817,0.00026377573,-5.1691917e-05,0.00011342609,-4.698899e-05,-0.00013024412,8.278106e-05,-1.037023e-06,3.3155604e-05,6.5601716e-06,0.00017178003,0.00023553381,-3.0022184e-05,0.00016423527,-2.2606875e-05,6.9842667e-06,-1.5120179e-05,-2.8675933e-05,0.00023434994,-2.0113771e-07,9.648348e-05,0.00020540583,6.018111e-05,-0.00012740602,0.00025833913,2.6782702e-06,2.6160506e-05,-0.00013205927,-6.39799e-05,-5.8972968e-05,0.00013951365,-1.1283647e-05,7.1469854e-05,-6.9401314e-05,4.2035663e-05,-4.561531e-05,-4.8271748e-05,0.00015806641,0.00010450933,-5.3372e-05,-4.4965636e-05,-4.5265733e-05,3.784956e-05
virsi2203_AF206518.2_1,0.00015711479,8.8405526e-05,-5.5249193e-06,-0.00013149969,-3.6423302e-05,0.00014762113,3.2005068e-05,7.889121e-05,8.113773e-05,-9.429316e-05,1.4214473e-05,-3.4231434e-05,0.00012103912,0.00017772769,3.2242195e-05,0.00025112706,-7.616014e-05,-0.00013050408,9.2603375e-05,-1.4185173e-05,0.00011835243,6.3784566e-05,-5.5645218e-05,2.4125546e-05,-3.1020383e-05,-4.049938e-05,1.1980117e-05,0.00025136748,6.870416e-05,4.4813973e-05,-0.00010067527,-7.2664734e-05,0.00014635368,2.1514143e-05,-4.1059368e-05,1.0781852e-05,4.932277e-05,0.00018656335,3.0973264e-05,0.00019469591,0.000105201325,0.00010916714,5.5184504e-05,-0.00010157717,0.00011616423,0.00018221502,0.000118486554,0.000143868,7.5551936e-05,0.00016936216
virsi1295_AY451891.1,9.132806e-05,-6.58764e-05,0.00010792416,-1.5543814e-05,-4.088736e-05,-2.3083347e-05,3.167318e-05,-4.4716173e-05,1.3089853e-05,-0.00010835455,0.0001115793,6.157397e-05,6.406468e-05,-0.00016614074,-4.0266696e-06,0.00017918512,6.1530377e-06,8.5510124e-05,-0.00020589399,0.0001434594,2.7423217e-05,3.206469e-05,-1.1875281e-05,-0.00011318102,2.0391319e-05,-5.6224897e-05,5.438008e-05,0.00013335621,4.7724025e-06,-0.00011699937,-2.5524529e-05,6.639134e-05,-0.00011434934,-5.565635e-05,2.5076502e-05,3.0850875e-05,0.00010285235,7.868907e-05,1.47106675e-05,-6.3519976e-05,-0.0001242581,3.290508e-05,0.00017248714,-0.00014075275,2.7502765e-05,-0.00016756744,-4.596727e-05,-1.7986726e-05,-0.00014706678,9.978118e-05
virsi1697_NC_001526.4,3.4271114e-05,2.177509e-05,0.00010193737,7.326774e-05,0.00018274294,-2.353763e-05,0.00020098542,-8.037355e-06,3.298926e-05,-8.815478e-05,4.8063695e-05,0.00025246598,-1.473336e-05,-0.000109814435,0.00022872454,-0.00012819761,3.1269523e-05,4.168851e-05,0.0003176905,0.00012374079,6.8185036e-05,3.7744845e-05,-3.1780253e-06,-7.090565e-05,3.4499128e-05,1.3206617e-05,-9.861551e-05,0.00010448954,-4.466041e-05,1.7317956e-05,-0.00026571474,1.7604018e-06,7.4707306e-05,4.0152743e-05,-0.00016550886,0.00021347847,0.00012011187,8.84786e-05,8.113335e-05,-7.8162426e-05,0.00012684707,2.6939977e-05,-8.478754e-05,0.00024486144,8.7336644e-05,-1.1182791e-05,6.990745e-05,7.8042e-05,8.800185e-06,3.3877885e-05
virsi1507_AY278488.2_1,4.956289e-05,0.00022255688,7.0997834e-05,4.8495902e-05,8.3221494e-05,-0.00010817479,6.533123e-05,-6.272173e-05,-4.638192e-05,3.072744e-05,-1.6998305e-06,-2.2683567e-05,0.00012386333,-0.000119398675,-0.00011301978,-0.00010894949,-2.4093933e-05,-0.00014232741,8.350321e-05,-5.5870998e-05,-0.00015097002,6.934236e-05,0.00012728146,-5.7304816e-05,7.9194884e-05,0.00013355823,9.5320655e-05,0.00015977676,6.9974594e-05,-2.4248026e-05,-0.0002920911,7.504999e-05,0.00016350098,-7.627538e-06,-1.7410341e-06,9.421336e-05,-6.202434e-05,-0.0003342951,-4.7846162e-05,7.9994e-05,-6.936999e-05,-9.664024e-06,5.256202e-06,-5.497642e-05,0.00018306194,0.00017131517,-0.00015325517,-0.00010310923,-9.306184e-05,-3.5129738e-06
virsi1760_NC_001526.4,0.00017108633,0.00013306999,2.1967708e-05,0.00011623271,-0.000120909885,3.6580375e-05,7.93781e-05,2.3788996e-05,0.000116396885,0.00016029607,-4.5428656e-05,-4.661197e-05,-5.8999874e-05,-0.00013706912,-7.153192e-05,-7.597982e-05,0.00011187326,1.20985305e-05,-0.0001338712,9.486559e-05,9.6343305e-05,8.7177126e-05,-7.432975e-05,5.0310548e-05,6.657463e-05,6.1025232e-05,0.0002801782,2.9456737e-06,-3.371244e-05,-0.00018678477,-3.639714e-05,-9.327526e-05,-5.0318922e-05,-5.322138e-05,-8.981291e-05,-1.9578376e-05,-1.7324905e-05,0.00012406001,0.0001428549,0.00014493284,-6.649457e-05,-0.00011189831,-7.65449e-05,7.17877e-05,-7.415739e-05,9.299433e-05,9.290578e-05,-4.6231937e-05,2.4624556e-05,-7.180268e-06
virsi1698_NC_001526.4,0.00020310108,-1.3002457e-05,-0.00010288042,0.00016187121,0.00015286008,1.7832674e-05,5.2785606e-05,0.00016247625,-1.8334295e-05,0.00011509731,-6.9684e-05,0.00014575121,-1.1283982e-05,0.00010758096,7.4995983e-06,5.5810614e-07,-3.248926e-05,-0.00010623503,-0.00020638209,2.4431714e-05,-7.3017065e-05,-0.00017107384,0.0001290053,0.0001398373,-0.00020056726,-0.00022011095,-4.538626e-05,0.00011086174,1.5504591e-05,0.00014073162,-0.00011236681,2.6817785e-05,5.5336353e-05,2.6926735e-05,0.00011895695,0.000110630004,6.698396e-05,-7.8420904e-05,-2.9258837e-05,0.00029809913,2.7143176e-05,-0.00011468605,2.0405892e-05,0.00018834627,-8.182628e-05,0.00012127273,-0.000105110965,-0.00015755513,3.254529e-05,-9.027761e-05
virsi1288_AY278488.2_2,-5.7202607e-05,0.00014849972,5.3495667e-05,0.00019067708,9.067193e-05,7.648765e-06,0.00010605735,0.00013082368,-3.8289272e-05,-6.437835e-05,-2.9373805e-05,0.0001818404,2.5728634e-05,8.839989e-05,-1.0055836e-05,-9.658034e-08,-7.798643e-05,-5.4014185e-05,-3.7670372e-05,-0.000114191185,9.364826e-05,0.00011570159,-3.13769e-05,-8.359563e-05,4.085057e-05,-8.226609e-06,-5.619214e-05,-0.00013491111,-5.276216e-07,0.00013013848,0.00024985545,0.00020974557,-0.000113632625,4.4669287e-05,-8.641156e-05,3.1331416e-05,-4.495751e-05,-4.9832648e-05,7.9665515e-05,7.208275e-05,-2.5765308e-05,-1.969249e-05,2.5795125e-05,0.000115840514,4.5050223e-05,-0.00015485441,7.2390154e-05,-5.5253244e-05,2.2484011e-05,0.00019793048
virsi1753_NC_001526.4,8.012115e-06,-0.00012692947,-0.00013092265,8.4750944e-05,4.3351174e-05,-0.00018611531,-1.0361147e-05,-9.5132564e-05,5.289472e-05,0.00013402624,-0.00010476625,-6.721692e-05,0.00010611106,0.00019570158,-4.394044e-05,0.00013626945,8.003831e-05,-3.6587116e-05,0.0001321235,0.00013359121,8.064073e-05,-1.33805315e-05,4.224009e-05,-4.8099082e-05,-1.3253757e-06,-0.00020075741,-0.00010915397,-1.7661929e-05,-0.00017085402,0.00013707779,0.000110526016,5.78701e-05,3.616376e-05,0.00019214605,-8.45844e-05,-2.4335006e-05,9.046041e-05,2.2929848e-05,1.6357486e-06,3.4126766e-05,5.3168525e-05,9.549514e-05,-6.737125e-05,-1.2716064e-06,0.0002115468,-1.8806487e-06,1.5328142e-05,-9.2366434e-05,4.739037e-05,9.5764626e-05
virsi1699_NC_001526.4,0.00021032727,6.103775e-05,8.653774e-05,-1.3179366e-05,-3.6164936e-05,0.00013480155,-3.2679845e-06,3.791845e-05,0.00020387347,2.8435548e-05,0.00014293175,0.00013667435,4.3891654e-05,0.00022154477,1.445421e-05,3.2022825e-05,3.530313e-05,-4.8188507e-05,-1.2330019e-05,2.0069248e-05,-4.895417e-05,3.2253596e-05,-6.574835e-05,9.631704e-05,-0.00017946212,4.910776e-05,-0.00014086638,-6.42285e-05,0.00012551868,5.448716e-05,9.725817e-06,0.00023727863,0.00012416512,9.402637e-06,7.9168996e-05,0.00012205123,0.00013055626,-4.5726985e-05,9.830566e-05,-1.9549178e-05,0.000104221384,-9.745923e-05,-0.00017365221,5.5187345e-05,0.00012672656,-1.1837228e-05,-0.00014681756,0.0002923522,-1.9047955e-05,-5.188428e-05
virsi1750_NC_001526.4,0.00014196867,-0.00017993781,2.3312261e-05,-2.7269427e-06,-2.2492343e-06,5.728162e-05,0.00028858354,-5.7195786e-05,0.00016473955,4.061747e-05,7.213189e-05,-8.227952e-05,7.207682e-05,-9.649626e-06,2.0823049e-05,-0.0001354238,7.39897e-06,5.325567e-05,-6.721248e-05,-2.9767485e-05,4.1172134e-05,8.4188374e-05,3.4322424e-05,3.8038965e-05,-9.984828e-05,6.442223e-05,0.00013872243,0.00022639331,8.123841e-05,5.021614e-05,0.00021941563,0.000121426754,6.0679165e-05,9.612448e-05,-0.00012945711,7.548483e-05,0.00015004436,6.480153e-05,0.00019801577,-0.0001111737,-0.0002358543,-8.2602266e-05,-5.1555642e-05,-6.97983e-05,0.00019340873,-0.00017798053,9.675442e-05,2.2430539e-05,3.7134334e-05,-0.00014760187
virsi1861_V01555,0.00016394517,0.00015635997,1.6068918e-05,-0.00012226752,0.00012824606,-7.304197e-05,-8.95429e-05,0.0001279295,0.00015087347,0.00014146697,6.264293e-05,-3.250615e-05,0.00013252773,-2.3847357e-05,0.00016429584,0.00014567326,-0.00011014064,5.409703e-05,0.00013648183,-0.0001726011,2.4624384e-05,8.6584645e-05,3.8898663e-05,9.181574e-05,3.5510813e-05,-5.587136e-05,-0.00021328605,-7.554985e-06,2.9507004e-05,0.00020254799,5.343792e-05,0.0001796801,3.7843427e-05,0.00013305242,-4.3880154e-05,1.2113834e-05,-2.0763098e-05,3.5120647e-05,6.289038e-05,0.00022754834,0.000114710216,0.00021674439,0.00013463382,-0.00017250242,-3.3106335e-07,7.069035e-08,-2.2627668e-05,2.2416945e-05,5.841457e-05,0.00011747521
virsi1691_X00203.1,0.00013993407,-5.347725e-05,9.4366835e-05,-2.2004966e-05,1.8334658e-05,0.00014619602,-6.927837e-05,7.4954645e-05,0.00011893533,-3.3243203e-05,9.921068e-05,4.285007e-05,4.3914933e-05,6.694186e-05,3.6004098e-05,0.00014217208,0.00012695057,0.000107449225,-7.163601e-05,0.00016430228,3.6053443e-05,9.457489e-05,7.3849274e-05,-0.00021051233,-2.811027e-05,0.00023045637,-3.0800184e-05,9.0493995e-05,-7.1422296e-06,0.00018735245,-2.8719862e-06,7.8781544e-05,6.968124e-05,0.00015592216,6.7612054e-06,-3.8407215e-05,3.890234e-06,1.924832e-05,-4.667665e-05,7.857293e-06,-1.4003065e-05,2.3985722e-05,7.950956e-05,-1.1671897e-05,1.2113474e-05,0.00028142743,7.637413e-05,0.0001008158,-0.000112153626,0.0001303492
virsi1845_NC_009334.1,-2.8137303e-05,7.440167e-05,5.977398e-05,5.4590004e-05,-4.2350406e-05,2.8570777e-05,-1.0551376e-05,-2.0402897e-05,4.1879874e-05,0.00013046245,0.00018259145,-0.00013126424,0.00011874471,-6.17927e-05,3.3507388e-06,0.00025667943,8.8596025e-05,-0.00010354973,6.3377855e-05,1.9702953e-05,-3.8522267e-05,-6.429234e-05,2.5450787e-05,-4.9402497e-05,-9.368907e-05,0.00030542776,-2.9406645e-05,0.00012511345,2.2250822e-05,8.6416054e-05,-1.79258e-05,8.7169625e-05,0.00025470313,0.00017644951,-0.00013638267,0.000100044716,-5.912606e-05,-1.4038533e-05,-6.746534e-06,-9.054925e-05,7.0840906e-05,0.00019297171,0.00011107598,-3.6073146e-05,1.4687611e-05,-7.8239296e-05,-8.620109e-05,-5.293951e-07,0.000114952534,4.2995824e-05
virsi1775_AF316321.2,5.3365253e-05,0.00012766528,-4.6483754e-05,0.00012707133,-8.166105e-05,8.480508e-05,-0.00013144457,0.00011290468,0.00018459026,1.11597155e-05,-0.000112716836,8.88929e-05,-0.00012498938,1.1312526e-05,3.6179234e-05,-0.00012852473,0.00012506949,-6.759594e-05,3.836188e-05,0.000115408366,9.030492e-05,9.129678e-05,0.00013785451,-4.817333e-05,0.00020455252,-4.2587646e-05,-1.4134993e-05,-7.321185e-05,9.91883e-05,-2.3681018e-07,0.00022275293,1.4170466e-05,4.9606286e-05,-7.032806e-05,8.8676665e-05,7.0299946e-05,0.00015919334,6.56355e-06,-3.7552643e-05,2.8791266e-05,8.053425e-06,-1.1449261e-05,0.00016932438,6.3591084e-05,-0.00015044065,5.2105337e-05,0.00012393716,9.218813e-05,0.00012415177,-5.0624476e-05
virsi1343_AY278491.2_1,4.931889e-05,0.0001454753,-0.0001710987,3.6301342e-05,4.184415e-05,8.4289364e-05,-0.0001715844,9.070221e-06,8.5444e-05,0.00011160236,-3.3954893e-05,0.000102081205,0.00022726905,8.1036684e-05,4.2577314e-05,0.00011218607,7.4747644e-05,3.4919532e-05,3.1806892e-05,2.876477e-05,6.396732e-05,5.5402415e-05,1.0183921e-05,-5.632791e-06,-6.252474e-05,0.00014491683,6.447471e-07,4.6205092e-05,9.3301e-05,0.00018810967,3.956815e-05,-0.00012502246,-3.788042e-05,7.6301956e-05,-6.6741704e-05,0.00019504943,-0.00011909983,3.3046214e-05,5.5179557e-05,8.754465e-05,9.824212e-05,7.0438204e-05,1.8684113e-05,-3.3118904e-05,1.5647178e-05,5.633222e-05,0.00020531245,-1.9322228e-05,-3.806567e-05,0.00010221087
virsi1993_AY278491.2_2,7.4105265e-05,1.52716e-05,2.6170404e-05,5.530378e-05,8.5218e-05,4.516775e-05,-6.487115e-05,-3.3683064e-05,0.00017542984,0.00018099233,-0.00011926529,-3.6158035e-05,0.00017697459,-2.4104182e-05,9.940085e-05,9.1568414e-05,2.5775003e-05,0.00013123288,-0.00010948305,-1.8090364e-05,-4.6887446e-05,-1.5507434e-06,-2.3695024e-05,-3.9565963e-05,0.00020304657,-0.00016955413,2.7610557e-05,-8.2601364e-05,0.00013005249,-0.00014464831,-0.00011556244,0.00010119155,0.00022718406,-3.377032e-06,2.7066242e-05,9.3316776e-05,-2.5455176e-05,0.00016993047,8.056895e-05,-1.5948095e-05,-1.4555679e-05,2.175345e-05,7.95027e-05,2.8137985e-05,2.7364104e-05,8.582321e-05,9.816161e-05,9.177765e-06,-0.00019827492,-7.906703e-05
virsi1774_AF316321.2,5.7524194e-05,-3.7901358e-05,7.194193e-05,-2.2056465e-06,0.000120532946,6.4000495e-05,3.9000047e-06,-1.6132388e-05,-1.8076065e-05,0.00023100672,-6.7943096e-05,8.040825e-06,-0.00010929744,7.5492346e-05,-7.544785e-05,-4.45602e-05,0.00012966359,4.8101163e-05,-1.9008216e-05,-5.9614777e-05,0.000114735754,0.00022617597,4.037091e-06,-1.7551645e-05,1.6132595e-05,-9.080957e-05,-6.4931286e-05,3.023598e-05,1.3066336e-05,7.057207e-05,-8.7124776e-05,6.9933985e-06,0.0001867663,0.00013721688,0.00021380343,9.537087e-06,0.00011249974,-7.5837386e-05,0.00013522801,-3.124761e-06,6.251628e-05,9.954648e-05,8.653669e-05,8.522962e-05,0.00011069487,-3.0273297e-06,1.4591161e-05,-0.00010979774,5.907136e-05,-0.00018742839
virsi1917_AF148805.2,8.5650565e-05,6.349272e-05,-3.255227e-05,-0.00013023768,0.00015016545,0.00016511233,9.034606e-05,-5.2442033e-06,-4.8976523e-05,0.00015495539,0.00010443081,-0.00011519379,0.00019783805,0.00013022388,-5.030429e-05,-5.7120185e-05,0.00017674892,6.357775e-05,-5.852032e-05,0.00016708931,2.8641642e-05,0.00016282531,1.893219e-05,-4.0998188e-05,-7.8663106e-05,0.00023534111,-6.3083506e-05,0.00010492198,9.351346e-05,6.206185e-05,-9.809567e-05,0.00012257151,-0.00016724797,-5.0688348e-05,-0.00012875273,0.000122046935,-0.0002225847,4.0509767e-05,-7.1825176e-05,6.681181e-05,-0.00011619312,-0.00013384206,9.1124064e-05,-0.00016648154,8.821249e-06,0.00013708325,-0.00012156319,-7.320066e-05,8.164602e-05,2.860428e-07
virsi2180_NC_004102.1,0.00011464464,-2.5178308e-05,1.2039686e-06,0.00013620044,5.7962417e-05,-0.00017956685,2.3526231e-06,-7.355629e-05,-2.433769e-05,8.732429e-05,0.00018214804,-5.909033e-05,3.300225e-05,0.00010055185,0.00020749953,0.00020400132,2.7677036e-06,4.7541496e-05,-3.08913e-05,6.470575e-05,4.203762e-05,0.00011360447,0.00011370309,0.00012187081,9.359223e-05,0.00017801858,0.00022966079,-7.442006e-05,5.8831112e-05,0.00020081789,3.2595308e-05,4.0518215e-05,0.00016910212,0.00016151146,-2.4724068e-05,0.00017408778,0.00032862235,5.6040437e-05,-1.9888368e-05,7.299953e-05,-3.265369e-05,-3.5891066e-05,-5.296601e-05,3.4586956e-05,6.9189366e-05,-8.002053e-06,-4.6914487e-05,-8.126738e-05,-6.335577e-05,-5.9145732e-05
virsi1997_NC_004718.3_1,1.772088e-05,5.478762e-05,9.2969465e-05,-6.912563e-05,0.000106428175,0.0002127214,0.00016706988,9.42636e-05,0.00019524561,-4.432045e-05,-8.532169e-05,0.0002170888,-0.00018383499,-0.00010058646,-5.7014217e-06,-0.00012227599,9.453612e-05,-0.00016547086,4.5924203e-06,-1.1334503e-05,-2.7078297e-05,5.421098e-05,2.7871993e-05,1.499593e-06,9.943637e-05,0.00011546662,-5.8604943e-05,-1.2121005e-05,0.00012960374,0.00017201895,-7.611109e-05,9.1736954e-05,0.00010899898,9.866542e-05,-9.4667026e-05,-3.0130634e-05,0.00011977662,-9.078143e-06,-3.3860142e-05,-0.000118713375,5.0576822e-05,3.692338e-05,2.6044469e-05,-3.6200934e-05,0.00011338963,2.7777847e-05,0.0001474095,0.00019906797,-2.4697051e-06,1.3406073e-05
virsi1259_EU262658.1_3,7.6909295e-05,7.138895e-05,-5.26102e-05,0.00017278758,-2.577896e-05,-0.00014315463,0.00024016885,5.7239777e-05,9.8383236e-05,8.926323e-06,-8.0744314e-05,0.0001252989,-1.182846e-05,3.687585e-05,7.8755606e-05,0.0001939887,0.00012516075,-6.622536e-05,-8.1268074e-05,0.0001142627,0.00025067097,0.00013049289,-4.4119282e-05,-5.230318e-06,7.460968e-05,-4.4730852e-05,1.7240916e-05,5.4578002e-05,8.445892e-05,0.000100177676,-6.2865543e-06,0.00021063158,-6.915624e-05,-0.00010550588,0.00015162886,9.3515926e-05,5.626785e-06,0.0002180676,-2.6479305e-05,-6.341311e-05,-5.4037464e-06,-5.788312e-05,-5.7058816e-05,4.741816e-05,3.705917e-06,6.6457687e-06,-7.918994e-05,7.334295e-05,-1.1979382e-05,-2.8597184e-05
virsi1757_NC_001526.4,0.00018145106,-8.030705e-05,0.00013603755,4.0062587e-05,-2.1709113e-05,6.6984954e-05,-5.075553e-05,-4.7841608e-05,0.00011532953,-3.7185047e-05,-1.6749908e-06,-1.9688948e-06,-0.00013437982,5.3638225e-05,3.4759505e-05,0.00015536793,3.841877e-05,-6.540596e-05,0.00014965143,8.067043e-05,-4.7973266e-05,0.00015297008,-5.574705e-05,-2.2296188e-06,6.363721e-05,2.0016292e-05,0.00021005896,0.000218259,5.412452e-06,8.1909166e-05,7.1839044e-05,7.265141e-05,-0.00010397426,0.00013158342,-1.562343e-06,0.0001708605,0.0001612912,-8.872327e-06,-6.7209905e-05,-2.8241302e-05,-4.4613844e-05,9.536196e-05,5.6882654e-05,0.00018165077,-8.976117e-05,-1.7318192e-05,2.2178145e-05,-6.265869e-05,2.3846489e-05,-5.9175854e-05
virsi2199_AF206518.2_1,0.00013828074,3.364435e-05,0.00013092015,2.50316e-05,-1.3319848e-05,0.00022220374,5.7079713e-05,-5.3642572e-05,4.188255e-05,-7.7688555e-06,-0.00011749962,6.4884436e-05,0.00015065527,0.00014765546,0.00013503617,-0.00016515033,8.899846e-05,-3.087381e-05,8.099323e-05,0.00015573122,0.00010293339,3.3313388e-06,6.1643426e-05,-7.4297495e-05,-2.3778197e-05,0.00013597206,0.00020699651,9.842644e-05,-3.2843625e-05,3.93622e-05,-0.00012416314,7.7034114e-05,-2.3155153e-06,-8.089611e-05,-5.4746928e-05,0.00016427306,0.00015511794,-8.628021e-06,0.00021557823,-0.00014564306,0.00025856917,8.821676e-05,0.00024433847,0.00013992962,-6.3219886e-05,-7.756259e-05,1.6063046e-05,0.00016858963,-0.000100021476,0.00012910354
virsi1021_U95551.1,0.00018032723,7.915145e-05,6.206217e-05,0.00015886381,0.00011210608,2.259979e-05,4.753518e-05,0.00015824579,0.00010250945,2.5164683e-05,1.5765538e-05,-1.959256e-06,2.4578514e-05,0.0001154464,0.00010720152,-7.6049306e-05,0.0001331976,3.548131e-05,6.4650245e-05,4.282875e-05,5.2026877e-05,-0.0001511121,-9.612494e-05,-9.807752e-06,-3.707146e-05,0.00019253771,0.00020459556,1.8520672e-05,1.9337354e-05,7.0435167e-06,0.00016607117,0.00010236959,-0.0001957156,-8.218902e-05,1.891438e-05,1.9686631e-05,-5.8186964e-05,0.00024806228,0.00020484452,4.7558195e-05,0.000101459205,0.00011705707,-4.2993934e-06,-1.8492676e-05,-1.9475781e-05,3.261012e-05,-9.951743e-06,7.570595e-05,-3.083024e-05,1.36610315e-05
virsi1447_AY278491.2_2,-6.5532884e-05,-4.6844318e-05,0.00010112228,2.4626332e-05,-0.00013846476,-0.00012991921,-2.5599637e-05,-2.563923e-06,-4.996046e-05,-2.9763985e-05,9.810484e-05,-8.2831764e-05,-9.9237615e-05,3.8308037e-05,-5.506915e-05,1.9141056e-05,0.00017013487,-7.218683e-05,-0.00014059947,-3.9789014e-05,-1.8512039e-05,9.8544486e-05,0.0001876446,0.00015194238,5.1370644e-05,1.678361e-05,-0.00018140695,-3.6404857e-05,7.1512855e-05,4.3140688e-05,-4.6205387e-05,-9.836668e-06,0.0001608138,3.7618174e-05,4.342465e-05,7.595587e-05,0.00010137784,-7.837475e-05,-9.113582e-05,0.00015321933,-0.00012372118,9.003194e-06,-9.07305e-05,0.00019271081,-0.00011885103,0.00015201341,-9.234528e-05,-2.737419e-06,-7.612239e-05,2.3113937e-05
virsi1720_NC_001526.4,0.00010235055,7.44861e-05,0.00015537757,6.751331e-05,3.9274637e-05,0.00013391244,0.00012660031,3.507473e-05,-3.0305355e-05,0.00017079711,-0.00013179607,0.00021366579,0.00015525181,-0.00011779619,6.8575966e-05,-0.00024806522,-0.00022452413,0.00022247303,5.082906e-05,-1.1085835e-05,-6.472375e-05,-0.0001076521,6.2411826e-05,-6.883407e-05,-3.2782867e-05,2.4962796e-05,-0.00013683607,5.2011692e-05,9.876251e-05,2.8317363e-05,-3.8965132e-05,-0.0002240437,-5.4409964e-05,-6.8354726e-05,-8.9611145e-05,1.7381937e-05,0.000110194305,0.00023002915,8.3717976e-05,-6.2145627e-06,-1.5008407e-05,-3.6522757e-05,7.26744e-05,-6.9775284e-05,0.00021062845,0.00023564829,6.245819e-05,0.00014751252,5.5269786e-05,-4.89303e-05
virsi1759_NC_001526.4,0.0001197223,0.0001786829,-0.000101187274,-0.0001307025,-3.452501e-05,3.1479914e-05,-4.776224e-05,5.686555e-05,-5.3099055e-05,-1.3405527e-05,-1.34858965e-05,-9.044417e-05,-2.9433098e-05,7.199516e-05,4.305662e-05,-0.00014126129,-2.1864202e-05,-3.6872116e-05,4.8003174e-05,5.280371e-06,3.3945173e-05,0.00028800566,-9.045806e-05,-9.9721e-05,0.00026215034,8.0115235e-05,-3.6513923e-06,3.3594297e-05,5.437196e-05,0.00015116244,-5.79705e-06,-0.00014628956,-2.855806e-05,-7.4846146e-05,0.00023692677,-7.142902e-05,-1.3400757e-05,4.490436e-05,-3.125395e-05,2.1063015e-05,3.446806e-06,-0.00022599808,-9.0108086e-05,5.2451906e-05,-3.684557e-05,3.0905878e-05,-0.0001428407,2.3647746e-05,0.00016547936,0.0001491296
virsi1266_EU262658.1_2,0.00021312945,3.39352e-05,-4.21026e-06,-4.8937505e-05,-0.00017719046,-4.9503305e-05,-4.5594e-05,1.6633396e-05,-5.067349e-06,-3.8752305e-06,-0.00021383363,7.148571e-05,-7.190813e-05,3.8071004e-05,0.00017368267,-8.396529e-06,0.00014720499,7.593261e-05,0.00020425007,-6.59231e-05,2.7115257e-05,0.00015893953,-7.022097e-05,4.3760174e-05,-3.1581094e-05,-2.6159403e-05,1.7546434e-05,4.005143e-05,-1.862404e-05,7.0922666e-05,2.3899169e-05,-1.1563587e-05,1.5495808e-06,-8.68708e-05,-3.4704535e-05,0.000109731314,-0.00010944286,8.434446e-05,0.00017802468,6.0733088e-05,0.00016230723,-4.718366e-06,0.00017123813,0.00024185443,0.00018741036,8.3511375e-05,7.050765e-05,-0.0001288157,8.8013214e-05,0.00013329291
virsi1260_EU262658.1_3,0.0001993251,1.2578918e-05,0.000112744594,-3.460373e-05,-1.7438928e-05,6.450778e-05,-8.8266424e-05,-1.5113003e-05,7.160589e-05,0.00015130104,9.3815215e-05,-3.6373756e-05,9.616305e-05,-3.2746164e-05,0.000120645695,1.9170495e-05,-4.9886075e-05,1.1716059e-05,-0.00015420662,-1.9025088e-05,0.000104428414,0.00014052042,5.968591e-05,-8.2237915e-05,8.451613e-05,-8.617819e-05,-8.721931e-05,-8.192447e-05,-2.754588e-05,4.0299387e-06,-8.027772e-05,0.00012920325,4.3784557e-06,-5.0558294e-05,0.0001083335,5.648122e-05,4.004925e-05,0.00022226937,0.00013664535,5.7066547e-05,-0.00014510677,3.845791e-05,0.00010578796,-1.6870385e-05,0.00011322701,6.0077742e-05,-5.0451188e-05,0.00020253111,-0.00010341162,6.5400505e-05
virsi2206_GQ183624.1,7.25351e-05,0.00011547338,-0.00013722088,4.5052533e-05,7.191686e-05,6.184164e-05,0.00017581582,1.6569555e-05,3.2554264e-05,2.9785217e-05,0.00012766663,1.7838749e-05,3.994904e-05,9.784494e-05,-4.1948435e-05,0.00013296299,5.2371204e-05,6.3963984e-05,0.0001062367,-4.7372458e-05,4.8643877e-05,3.0386229e-05,-9.8999306e-05,3.3326058e-05,3.500054e-05,-9.55122e-05,-7.6959595e-06,7.7286284e-05,0.00011361083,0.00018261037,1.0773022e-05,2.9503177e-05,-3.5011176e-06,0.00019089167,6.786556e-05,-0.00010693368,-0.00014751482,-2.8620641e-05,6.573333e-05,0.00023127311,-6.826281e-05,1.4217598e-05,0.00022057604,-0.0001504173,5.58929e-05,6.5823806e-05,0.00011941264,6.076528e-05,6.12938e-05,4.576183e-05
virsi1748_NC_001526.4,-0.00012559035,0.00019532965,1.6565896e-07,-0.00013712492,3.613003e-05,-0.0001161768,0.00018805997,-9.1766255e-05,-3.8292143e-05,6.00425e-05,-3.2628268e-05,0.00011215108,2.66342e-05,5.922128e-05,-2.0661537e-06,-4.8562037e-05,9.604333e-05,-0.000119847246,-7.477168e-05,-3.7310107e-05,5.2286177e-06,5.250821e-05,-1.2426356e-05,9.215117e-05,0.00021201975,-0.00012390317,-1.3550913e-05,0.00023776047,0.00011585119,-5.4671866e-05,0.00014987637,2.5095394e-05,0.00021150823,1.34724805e-05,3.6668964e-05,-9.018042e-05,-0.00022460056,0.00017294532,9.64963e-05,1.3478962e-05,9.831253e-05,-3.528532e-05,-6.2152656e-05,0.00015883155,0.00010332908,5.5888806e-05,7.067959e-05,-0.000161198,0.000121524485,-0.0001366098
virsi1738_NC_001526.4,-0.000113668764,2.500009e-05,-1.8330225e-05,2.5826153e-05,0.00015692125,7.303906e-05,0.00013673527,1.2439601e-05,3.4797613e-05,1.0491875e-05,5.809462e-05,2.2302087e-05,-9.256752e-05,6.5810265e-05,-4.7487192e-05,-0.00010306373,-0.0001007907,-3.3697013e-06,-2.0634458e-05,-7.631407e-05,-0.00023949354,1.5567262e-05,2.389736e-07,-9.834729e-06,6.698769e-05,0.00025516414,-5.3888238e-05,-7.1014074e-05,-5.6436493e-06,5.0120357e-06,0.00011584489,0.00010825111,5.3742384e-05,-9.640277e-05,-7.0215e-05,0.00017950115,-0.00010738529,-5.118051e-05,-7.404052e-05,4.4022112e-05,-0.00013972807,-0.000102055834,8.713037e-05,0.00019809087,4.804246e-05,8.713222e-05,-0.00016220444,6.0830305e-05,-8.532318e-06,-0.00010785192
virsi1737_NC_001526.4,-3.6730646e-05,8.637388e-05,0.00021657105,-2.5282656e-05,-3.6161714e-07,5.0593757e-05,-9.666753e-05,0.00018168,-9.548492e-05,2.7471784e-05,7.5777425e-05,8.0742255e-05,1.0616442e-05,-9.120428e-06,-1.5236963e-05,9.037379e-05,1.7060642e-05,5.506904e-06,-2.604526e-05,-5.527385e-05,-8.742676e-06,2.9515899e-05,0.00011314444,0.0003183953,-1.9829093e-05,-8.377062e-05,-0.00017125679,6.7762194e-05,0.00017544598,-1.4691396e-06,0.00013179594,-4.2442356e-05,-8.322562e-05,-0.00013914594,0.00014596351,0.00019973837,0.0002611878,-9.8692784e-05,-0.000120947625,8.393682e-05,4.8150425e-05,4.3865497e-05,0.00011198152,7.0868824e-05,3.257594e-05,-1.913764e-05,0.00013538402,-0.00013073484,-4.2711123e-05,0.00013161184
virsi2202_AF206518.2_3,7.2073955e-05,-6.121271e-05,9.799269e-05,-6.266732e-05,0.00020328563,-3.4687764e-05,-8.007472e-05,-0.0001539095,-8.896158e-05,7.638766e-05,8.606961e-05,7.246803e-05,1.5891665e-05,6.831153e-05,-7.842023e-06,4.53534e-05,-0.00010686376,-0.00013849007,-8.388501e-05,-2.5730376e-05,1.9098765e-05,0.00012153913,0.0001752804,-0.00013886555,0.00013133252,-5.193145e-05,-0.00012359628,7.132857e-05,9.0697766e-05,0.00020877575,-0.00015706662,0.00011381152,0.00020857438,8.967029e-05,-2.1997814e-05,5.744068e-06,0.0001123979,0.00025300618,-9.107569e-05,-4.6773068e-05,3.8891605e-05,3.2007054e-05,6.0156017e-05,3.4275774e-06,-9.997278e-06,-2.4851839e-05,0.00011469569,9.968318e-05,-9.315482e-05,7.497964e-05
virsi1265_EU262658.1_2,0.00010587964,0.00013966889,-3.9671413e-05,-3.8255057e-05,-0.00026200607,-3.785503e-05,-0.00012033556,7.123896e-05,-2.9262703e-05,9.7233125e-05,-1.1185439e-05,8.912052e-05,9.0554066e-05,-0.00012401093,2.403802e-05,-6.440165e-05,-7.250555e-05,4.6431363e-05,-0.000108832966,6.964403e-05,4.1683546e-05,8.460547e-05,0.00012430054,-4.2914094e-06,-9.4129155e-06,0.00016834265,1.0153946e-05,-8.68308e-05,-3.4946502e-06,2.2576764e-05,-8.4325366e-05,0.00014139236,6.33928e-05,2.5657358e-05,0.00013611327,0.00028743283,-5.5099557e-05,-2.1862283e-05,0.00025612887,-8.457102e-06,7.7463665e-06,9.4448274e-05,0.00016180458,1.8830748e-05,0.000146044,0.0001398628,-0.00015565782,0.00015439595,0.00017587842,2.9283246e-05
virsi1735_NC_001526.4,-9.274288e-06,0.00015293995,0.00016106588,2.4747385e-06,0.00016848843,-6.450298e-05,-5.332372e-05,4.74978e-05,0.00012352299,1.0209994e-05,0.000121337594,-0.00016798747,0.0002564277,-0.00013614258,-6.103207e-05,5.9530008e-05,-0.00012375135,0.00010103375,-0.00012713413,2.5206591e-05,2.3558491e-06,1.9860987e-05,5.062057e-05,-0.0001143077,-4.6525827e-05,-0.00012642994,4.8729624e-05,-5.1920756e-06,9.933758e-05,-4.8900867e-05,-0.000121999336,-4.2003958e-05,3.0278605e-05,0.000113969174,-0.0001284016,0.00010375872,-0.00011257216,0.00014762636,1.39173735e-05,-0.00013914767,-1.3459937e-05,-5.7399717e-05,-1.6207501e-05,0.00010638298,1.7455875e-05,-4.5637958e-06,0.0002520808,-3.8376173e-05,0.00019455026,0.00019206361
virsi1254_EU262658.1_3,1.1394252e-05,2.0939304e-05,0.00014878115,5.8768986e-05,-7.4521326e-05,3.8878174e-05,-0.00016943188,5.3795065e-05,-0.0002305699,0.0001672081,-0.00012875992,3.29518e-05,-1.6576467e-05,0.00014043087,-1.3082112e-05,-6.9195245e-05,2.0322119e-05,9.121623e-06,-5.1728526e-05,-0.000120179044,0.00016173109,-6.681516e-05,0.00018416521,0.00011652263,0.00011284304,7.7450015e-05,2.7265884e-05,8.4497806e-05,6.801691e-05,9.5248186e-05,2.0297834e-05,-7.8787925e-05,2.521209e-05,9.2867514e-05,4.0745672e-05,0.00018278846,-0.00011925039,8.355571e-05,-9.342212e-05,-9.541208e-05,-1.4327991e-05,-4.0937666e-05,9.076681e-05,-3.063318e-05,7.2277726e-05,-1.4100093e-06,0.000101090875,0.00016749451,-4.553762e-05,7.537013e-05
virsi1508_AY278488.2_1,0.00011161886,2.7744165e-05,0.00012351712,-0.00011622393,-0.00010167381,0.00011074919,-9.332426e-05,5.9817565e-05,-9.856912e-05,0.00010010106,3.3584663e-06,-1.5440575e-05,-3.2672055e-05,3.4193243e-05,8.466794e-06,-0.00018336924,0.00011636615,2.7993092e-05,0.000109915316,-2.9294947e-06,-4.9420156e-05,3.1156735e-05,0.00011507969,-0.00014622402,2.5318179e-05,4.8791815e-05,0.00015570152,-5.762036e-05,-0.00011079574,-0.00015716978,-0.000104678176,-5.3386448e-05,-7.9116486e-05,-8.6557775e-05,0.0002238082,9.020872e-05,0.00012231612,-0.00013516522,-0.0002585726,8.9455665e-05,7.31095e-05,2.3197432e-05,3.0913583e-05,-5.915418e-05,-0.00016158487,7.9528545e-05,0.00011243312,-6.4921023e-06,0.00012326193,3.0142515e-05
virsi1976_D17763.1,4.20818e-05,-7.873069e-05,-8.654177e-05,-1.5918133e-05,-1.6089862e-05,0.00014796389,0.00024498912,0.00014722603,9.239342e-05,-7.2521805e-05,0.00012576285,-0.00013106383,-0.00010783326,-7.969493e-05,8.828211e-05,8.8955545e-05,2.4147205e-06,0.00010461543,1.679811e-05,9.570533e-05,0.00019296119,4.0366063e-05,2.407465e-06,0.0002876426,4.6288875e-05,0.000100668636,6.0254813e-05,-2.7313543e-05,2.230133e-05,-7.326858e-05,-0.00013297985,-2.4255354e-05,-0.00014712941,0.0001946926,5.997027e-05,8.9793524e-05,-0.00012462422,-0.00016104302,-7.8303565e-05,-2.9342109e-05,-3.4403485e-05,0.00013422414,8.9876835e-07,0.0001055554,5.5356126e-05,8.939069e-06,-0.00019429698,2.6924079e-05,0.00010200883,7.830999e-05
virsi1275_EU262658.1_1,-1.9800245e-05,-5.7544894e-05,4.6429974e-05,8.36499e-05,-0.00012720443,-0.00011653085,-3.9746395e-05,6.622804e-05,-9.94319e-06,9.035038e-05,-1.4876601e-05,6.83095e-05,-5.7785937e-06,-6.34576e-06,-1.993407e-05,-1.425304e-05,4.6397483e-05,-0.00014073907,-0.00015572878,1.3937651e-05,3.2863798e-06,1.2139791e-05,-0.00011578892,6.9805086e-05,4.5906095e-06,-0.00014357835,2.539604e-05,-0.000101222824,8.605991e-05,-4.04405e-06,0.00014008423,-1.8531271e-05,1.9323254e-05,-0.000103072925,0.00010213582,-2.7959235e-05,-0.0002055756,-7.4252996e-05,-0.00010811664,6.3854066e-05,-0.00022239437,-7.512534e-05,1.2639115e-05,-3.810536e-05,-0.000113338385,-6.9816e-05,2.6314532e-05,0.00013633746,3.6271726e-05,-2.4643075e-05
virsi1772_DQ201177.1,-3.4277884e-05,-4.836613e-05,8.54351e-06,8.019824e-05,0.00017216659,-2.5556616e-05,-0.00012432852,2.1825495e-05,2.003174e-05,1.33037065e-05,-9.459532e-05,-7.509868e-05,-9.053464e-05,0.00013694541,0.00016713938,-9.341825e-05,-1.5241217e-05,7.3690026e-05,0.00016426234,0.000104725055,2.033718e-05,3.026742e-05,8.624178e-05,0.00013726833,1.2153235e-05,0.00017955141,-3.4618828e-05,-5.6119283e-05,0.00015866553,2.4272407e-05,6.206581e-05,1.854481e-05,2.985516e-05,0.00010274165,-8.780924e-06,-8.262737e-06,-3.31761e-07,2.7135738e-05,2.8447499e-05,0.00016788709,6.88623e-05,8.400129e-05,-0.00013272252,0.00021574614,-0.000101295125,-0.00014165355,1.7039631e-06,-8.965689e-06,1.9703575e-05,-4.5663335e-05
virsi1722_NC_001526.4,0.00013592541,0.00016816898,7.239305e-05,-5.5115972e-05,-9.7840755e-05,0.00010703232,6.8861564e-06,-6.38213e-05,0.00014733187,2.1386246e-05,2.8070272e-05,-2.07922e-05,8.464011e-05,-3.3117496e-05,0.00016264855,1.4216428e-05,-5.450617e-06,-2.8437897e-05,-5.034883e-05,4.825947e-05,6.7569745e-05,1.6595191e-05,9.297537e-05,-6.4398286e-05,0.00027357438,-0.00010864611,2.6682332e-05,-6.2598105e-05,0.0002487224,-2.7628581e-05,-0.00010453522,3.241059e-05,-9.540869e-06,-1.0821694e-05,-5.940506e-05,-3.5823177e-05,-0.00011214918,0.0001374133,9.590743e-05,7.5937285e-05,0.00019704913,8.449226e-05,0.00020440995,-1.51482745e-05,-0.00010354058,0.00014338225,0.00014196608,2.7226819e-05,0.00014012722,-1.045626e-05
virsi1848_NC_009334.1,1.470324e-05,8.96014e-05,8.527082e-06,3.446097e-05,4.005969e-05,-5.0432536e-05,-9.3627605e-06,7.373613e-05,7.973438e-05,0.00016319926,4.2222353e-05,3.5417448e-05,0.00020438628,7.608789e-05,2.7549218e-05,0.00020451464,0.000117000716,0.00010827992,3.4226683e-05,0.000115752606,0.00015852477,-0.0002283226,-1.9514857e-05,0.0001599601,-3.320189e-05,1.6000458e-05,4.858478e-06,0.00013300855,-3.6795464e-05,0.00017718894,-0.00018762825,3.1412565e-05,-3.789387e-05,4.201183e-06,0.000102723396,0.00023807531,-9.7775366e-05,0.00010577294,2.34731e-05,-0.00018656511,-0.00016234649,-4.765829e-05,9.4076306e-05,-1.5101369e-05,2.1280128e-05,9.0572124e-05,-7.2536e-05,0.00010656881,0.00014261881,0.00011692141
virsi1371_AY278554.2_3,0.0001722759,0.00020656768,0.00014367537,8.1228914e-05,-9.423958e-05,-1.5050225e-05,8.3034894e-05,-2.9562227e-05,-0.00013505894,6.634494e-05,-6.853916e-05,8.219453e-05,8.037847e-05,3.8634826e-05,-3.0357327e-05,-2.7386543e-05,-9.802271e-07,0.0001369263,-0.0002851538,6.692411e-05,0.00020424776,0.0001311853,4.9157617e-05,3.3348857e-05,-0.0001552903,-2.1845935e-05,4.4166103e-05,-4.3483393e-05,5.833076e-05,4.7846224e-05,-0.0001708462,-8.442286e-05,8.818631e-05,8.29977e-05,0.00023237073,4.0771363e-05,-5.9899183e-05,6.923592e-05,0.00010084429,-9.917526e-05,-1.4767031e-05,-5.551738e-05,0.00014842176,-9.6301876e-05,-9.928718e-05,-3.8961916e-05,-4.9230544e-05,-1.3327225e-06,0.00013160161,-1.6160431e-05
virsi1739_NC_001526.4,0.0002075409,8.2849234e-05,2.374355e-05,4.6256228e-05,1.0868021e-05,-5.333828e-05,-8.187055e-05,-2.6779542e-06,6.767876e-06,9.2677714e-05,3.7844697e-05,-0.000101254554,-9.5268007e-07,4.6870166e-05,1.06763655e-05,-0.00016048191,-9.2963455e-05,-7.480567e-05,0.00011125344,-0.000164514,-5.3052125e-05,-5.3194974e-05,0.000110484696,0.00014887468,9.68286e-05,3.194282e-05,0.00024284594,2.7773427e-05,7.559162e-05,0.00030159747,0.00022375885,-1.6791542e-05,-3.411486e-06,4.359545e-06,7.631472e-06,-9.992011e-05,-2.5319845e-05,-2.036332e-05,2.4941433e-05,-2.2266651e-05,3.02074e-05,-0.00014787578,4.158253e-05,-9.738203e-05,9.4875744e-05,2.3072638e-05,9.8836856e-05,4.780581e-05,0.00013867082,-3.5150675e-05
virsi1276_EU262658.1_1,-6.3704756e-05,9.420472e-05,3.4784807e-05,-0.0001549684,8.14534e-05,3.726301e-05,1.2505541e-05,0.00012412245,-8.1022474e-05,-3.0147068e-05,3.3751665e-05,-5.6267877e-06,5.0962346e-05,0.00013062256,1.795796e-05,0.00011211277,7.6886725e-05,-9.727961e-05,8.8039415e-05,9.1126344e-07,0.00011191408,9.132972e-05,-1.2504583e-05,8.240406e-05,1.9716394e-05,6.578103e-05,-0.00016560583,-3.9378156e-05,-3.363214e-05,4.202052e-05,6.1840336e-05,-0.00013104358,4.5334356e-05,-3.0248999e-05,0.00012906527,0.00010088721,-0.000111906,-0.000121662735,0.00015363275,-7.369269e-05,1.74483e-05,5.085184e-05,-0.0001339077,0.00014302881,0.00011111095,4.1136766e-05,-7.079448e-05,4.3434e-05,-2.105748e-05,-4.4260516e-05
virsi1268_EU262658.1_2,-3.821128e-05,4.4750217e-05,9.1234935e-05,-7.833239e-05,-7.182823e-07,-1.0034439e-05,6.828116e-06,0.00011920582,0.00018930688,0.00013386155,5.615155e-05,2.6203508e-05,-3.0459647e-05,7.9164514e-05,6.090007e-05,0.00020363991,-8.255015e-05,0.00014001344,4.7076985e-05,2.5710291e-05,-1.5563748e-05,0.00014318863,-1.4591036e-05,-0.00016766088,-9.915155e-05,-9.543916e-06,-0.00012234667,-3.2933633e-05,-0.000101174446,6.709334e-05,-0.00012321731,3.174867e-05,1.2121462e-05,3.5309447e-05,-7.244296e-05,7.524205e-05,8.25761e-05,6.9878192e-06,-4.718567e-06,0.00011435375,-6.0206105e-05,6.480783e-05,1.8893184e-05,9.7664684e-05,-0.00024065009,9.993294e-05,1.4028408e-05,0.0002574939,0.00023296468,-3.76499e-05
virsi1870_V01555,4.332435e-06,9.420023e-05,-8.4160354e-05,0.00024085883,4.4739245e-05,0.00010413339,-3.505873e-05,0.00020458813,0.00016972671,-6.380831e-05,0.00023891727,-0.000111627385,8.235698e-06,4.800991e-05,-3.6219062e-05,-2.1453345e-05,2.9445717e-05,3.5970446e-05,-1.615592e-05,-9.842783e-05,-3.8220358e-05,7.389968e-05,0.000104581246,-3.1483942e-06,-2.4392864e-06,0.00012092431,-3.6302692e-06,4.5949604e-05,-6.0286156e-06,0.00014232362,0.00019016107,-7.7495715e-05,1.0334167e-05,3.308684e-05,-8.385183e-06,-5.5140074e-05,-5.6056986e-05,2.5591606e-05,-1.0826005e-06,-3.3666096e-05,6.327814e-05,-8.569592e-05,-3.0821884e-05,-2.7955646e-05,2.355551e-05,9.05445e-05,-2.1889944e-05,0.00020193214,4.6321315e-05,0.00019824938
virsi1974_HQ641456.1,-1.0930605e-05,-2.4767227e-05,-3.5722496e-05,0.00010327619,-4.460639e-05,-1.9710802e-05,-0.00014311902,9.545577e-05,9.9598205e-05,0.000106961474,4.5170436e-05,6.983405e-05,7.695678e-05,9.826068e-05,7.3215756e-06,0.00022226578,0.00016838251,-5.3162494e-05,0.00012872642,0.0001981881,-2.4738534e-05,0.00020304369,-0.000113297676,1.9425518e-06,7.362608e-05,1.22590955e-05,0.00013354946,-0.0001441801,-0.0002734162,-0.00019543595,1.87932e-05,0.00024420154,-1.0762749e-05,2.6835905e-05,9.729881e-05,8.871127e-05,-3.57853e-05,-2.8968727e-05,-0.00025302492,8.239549e-05,0.000115316885,-9.463711e-06,2.7466845e-05,-1.3914853e-05,1.5459747e-06,2.0560678e-05,0.00012686441,-8.0765945e-05,-8.622521e-06,-4.702895e-05
virsi1190_M58335.1,2.9479745e-05,-3.0773765e-05,6.073466e-06,0.00010050107,6.860759e-05,0.00015155457,0.00016758675,9.806196e-05,0.0001332308,-0.00022397384,-9.411941e-05,1.5845071e-05,6.126062e-05,1.0514134e-05,-6.276185e-05,-6.773864e-05,3.7416066e-05,-1.1245369e-05,4.969077e-05,0.00026427902,9.001472e-06,9.923598e-05,0.00015164005,0.0002428008,0.00013113732,3.2521875e-05,-0.00010146082,-2.773935e-05,-4.101489e-05,-5.9375092e-05,-2.036604e-05,0.00012995189,2.1285801e-05,2.3554547e-05,0.00025013593,-3.962954e-06,5.859775e-05,9.358515e-05,4.835296e-05,-1.05610025e-05,0.00026387206,0.00013618484,1.2522045e-06,0.000101219695,0.00011706445,-4.521908e-06,1.2050248e-05,-1.0063395e-05,-0.00010669475,-0.00011407281
virsi1262_EU262658.1_2,0.0001262666,1.7387682e-05,1.1516747e-08,0.0001500453,-3.850173e-05,0.00021408705,9.112298e-06,-3.1303673e-05,0.00012950688,-0.00015649934,-2.6075168e-05,6.465634e-05,0.00013249171,-0.0001127618,-3.5810932e-05,4.9605875e-05,8.42953e-05,-2.2863707e-05,0.00014636986,3.858393e-05,-2.0823602e-05,0.00017645436,0.00020417258,-9.690502e-05,-2.8985742e-05,-1.1180277e-05,3.871727e-05,0.00016409541,-3.8737966e-05,9.0891495e-05,4.157211e-06,-4.808427e-05,-4.820603e-05,4.9144287e-06,7.106357e-07,-9.8775374e-05,-0.00014796839,0.00023248464,1.2212737e-05,-0.000149817,-5.311388e-05,-9.910082e-05,-0.00018162197,-0.00014799583,1.1819793e-05,-2.7426993e-05,-1.1181832e-05,-0.00010347521,-0.00016127278,8.761331e-05
virsi1509_AY278488.2_1,0.0002364005,-0.00010429559,-4.0397677e-05,-0.00016604787,7.2569346e-05,-4.490194e-05,0.00024150002,5.131832e-05,5.0337407e-05,-2.9991666e-06,-2.806072e-05,-9.649735e-06,0.00011526312,0.00011946011,2.0134794e-06,0.00012483975,0.00018108518,-2.6663858e-05,9.874843e-05,-2.7437038e-06,1.1027888e-05,1.6337493e-05,0.00016513608,-2.5840314e-05,7.76478e-06,-7.569777e-05,-4.036507e-05,-6.143391e-05,0.00024646075,-0.00020977025,4.1383148e-05,0.00018570997,-9.219085e-05,-0.00010261404,7.705167e-05,-2.331451e-05,-0.00017844832,1.5120077e-05,0.00023126694,6.978035e-05,-0.0001099265,9.129518e-06,-7.386508e-05,2.5540377e-05,-0.0001909694,7.635351e-06,0.00015872234,0.00012266838,2.2016698e-05,7.0764596e-05
virsi1746_NC_001526.4,0.00018444369,-1.2747509e-05,0.00012543586,0.00019343254,1.7940078e-05,7.844876e-05,-0.00014766603,0.0001087277,5.4832482e-05,-6.437321e-05,-4.9320413e-05,-0.00023190626,3.5306333e-05,6.775476e-05,7.8889725e-06,9.106772e-06,0.00022062627,-0.0001157333,3.1451895e-05,4.442745e-05,-4.7349098e-05,0.0001350798,-0.00015767642,7.4365584e-05,0.00010432085,-0.00012762465,5.3066725e-07,6.45285e-05,-2.9689389e-05,-9.360995e-05,-0.00010864484,0.0001463361,-1.2045026e-05,2.5966607e-05,0.0001404788,-8.937839e-05,0.00012701475,0.00012792861,-0.00017660558,-1.0967039e-05,-0.00016648333,-5.164949e-05,5.629103e-05,-5.31691e-05,-2.1839383e-05,0.00027569686,4.4236112e-05,-0.000107115055,-6.3264306e-05,0.00020269885
virsi1862_V01555,0.00016394517,0.00015635997,1.6068918e-05,-0.00012226752,0.00012824606,-7.304197e-05,-8.95429e-05,0.0001279295,0.00015087347,0.00014146697,6.264293e-05,-3.250615e-05,0.00013252773,-2.3847357e-05,0.00016429584,0.00014567326,-0.00011014064,5.409703e-05,0.00013648183,-0.0001726011,2.4624384e-05,8.6584645e-05,3.8898663e-05,9.181574e-05,3.5510813e-05,-5.587136e-05,-0.00021328605,-7.554985e-06,2.9507004e-05,0.00020254799,5.343792e-05,0.0001796801,3.7843427e-05,0.00013305242,-4.3880154e-05,1.2113834e-05,-2.0763098e-05,3.5120647e-05,6.289038e-05,0.00022754834,0.000114710216,0.00021674439,0.00013463382,-0.00017250242,-3.3106335e-07,7.069035e-08,-2.2627668e-05,2.2416945e-05,5.841457e-05,0.00011747521
virsi1282_EU262658.1_1,-2.115686e-05,-1.3225401e-05,-0.00018499061,1.6004464e-05,7.3024894e-05,3.2104334e-05,-2.9578056e-05,-0.0001121285,2.411213e-05,-8.969067e-05,0.00018496957,1.09938255e-05,-4.527386e-05,0.00011540003,0.00011062428,0.00011549862,6.264332e-05,-8.001712e-05,-5.9955844e-05,-2.311002e-05,-4.287463e-05,-7.58764e-05,4.5034398e-05,0.00016425412,-2.0172041e-05,4.2707878e-05,-1.7635582e-05,-3.157739e-06,6.7365756e-05,-6.361131e-05,-4.2495153e-06,-4.0761435e-05,8.3452054e-05,0.00017825831,0.00019098936,0.000110056426,-9.066335e-05,0.0001269449,-3.1970874e-05,-5.947129e-05,-3.1012165e-05,-7.577564e-05,8.766334e-05,2.972337e-05,-5.2460426e-05,-3.0087285e-05,0.00014125525,-0.00014095877,-0.00018060181,-6.845772e-05
virsi1694_FN907963.1,-4.7938775e-05,-6.1737965e-06,-1.7893593e-05,-3.6922386e-06,0.000222788,5.1233987e-05,-0.000116035764,2.6568574e-05,8.284932e-05,1.39268295e-05,8.416813e-05,-4.6855075e-05,8.201998e-05,5.7507707e-05,0.00020604701,0.00010824371,0.00013640076,6.105358e-05,3.7463302e-05,3.835689e-05,3.0553503e-05,0.0002581933,2.0876256e-05,-8.188064e-05,6.433787e-05,-3.7393063e-05,7.1742215e-05,-2.2088307e-05,-6.727565e-05,7.408142e-05,-4.205949e-05,8.9376976e-05,0.0001956329,0.00011407258,5.262128e-05,-0.0001151154,-6.406696e-05,0.00013135641,0.00018467451,0.00015563397,2.0549807e-05,-5.299874e-05,9.122179e-05,-3.810221e-05,0.00013289269,6.806909e-05,-0.00013136459,6.561992e-05,-5.970091e-05,-1.823487e-05
virsi2198_AF206518.2_5,3.3901484e-05,-4.7862773e-05,0.00017861594,0.00016917876,-0.00013874551,0.000101150115,2.8478098e-05,9.08338e-05,1.20722925e-05,-8.6382555e-05,-7.8309626e-05,0.000100127145,0.00017778452,0.00019082098,0.00014610667,0.000117867145,5.890217e-05,-0.000112415146,0.00017732159,0.00017100888,9.5016294e-05,-7.368907e-06,0.00014066407,0.00011594846,2.8505354e-05,-0.000106594765,-0.000118928074,-0.00011922452,7.5852106e-05,-9.562148e-05,-9.996636e-05,-0.00014540908,0.00022387465,-0.00015172483,-9.066482e-06,-4.9469592e-05,5.895976e-06,-1.7500812e-05,3.733806e-05,4.1264e-05,2.2436716e-05,5.966124e-05,9.779718e-05,4.909148e-05,3.3204185e-05,-6.933951e-05,0.00013795422,-3.1081088e-06,4.6434576e-05,-2.9286111e-05
virsi1741_NC_001357.1,3.9059723e-05,5.940715e-05,1.5974232e-05,-1.122095e-05,6.652039e-05,-0.00018654899,6.672771e-05,9.68777e-05,-2.58773e-05,3.2048978e-05,3.6053996e-05,9.243532e-05,-5.1388408e-05,-0.00015899415,0.00020383231,6.842939e-05,6.601862e-05,9.897476e-05,8.590554e-06,-0.00015879085,0.000102928185,-7.4788746e-05,9.824096e-05,-0.00013929683,1.8109276e-05,-2.328829e-05,-0.00017022603,2.6907632e-05,-6.634681e-05,3.210024e-05,4.4503937e-05,-0.00018206381,-5.1437833e-05,-0.00013490238,9.8046345e-05,-0.000100084355,5.5588196e-05,0.00020086543,-3.7605172e-05,9.154398e-05,-5.1435207e-05,0.00019798547,-2.3487428e-05,-0.0001572082,0.00012884759,3.2254397e-05,-1.1243198e-05,0.00024890187,0.00012185654,1.7821558e-05
virsi1872_V01555,0.000106002684,7.909399e-05,-2.495316e-05,4.6674853e-05,-5.9033035e-05,0.00018694381,-6.467823e-05,-0.00013461412,7.7945784e-05,-5.776496e-06,-4.084302e-05,1.4433487e-05,-7.78929e-05,0.00018850186,0.00029892224,0.00017770957,-6.761315e-05,6.273726e-05,3.7443195e-05,0.00010829851,0.00018406636,4.0244042e-05,-8.468823e-05,-0.00017003772,4.9162118e-05,1.3442309e-05,0.00014332787,-5.1118084e-05,-6.74803e-05,0.00010099103,9.640085e-05,5.920304e-06,1.7194996e-05,4.5151115e-05,-5.210811e-05,5.4514177e-05,0.00012749962,0.0001767,5.576069e-05,-5.8625934e-05,1.2655985e-05,-0.00015202166,-3.6918518e-05,0.00013897383,-0.00011838148,0.00010459839,-8.468764e-06,0.00013933759,-6.576632e-06,-0.00010031853
virsi1971_HQ189126.1,0.00027118766,3.1505395e-05,5.8064717e-05,3.7729056e-05,2.0549953e-05,-2.4794112e-05,8.324568e-05,-3.920844e-05,0.00017671996,0.00016159946,-0.00011720843,3.700956e-05,4.403283e-05,9.408958e-05,-5.675899e-05,0.00014158829,0.0001513052,-0.00016643519,9.6702264e-05,3.7319867e-05,-5.294573e-05,0.00020374842,-8.43614e-05,0.00014887274,1.3876859e-05,9.4681476e-05,-2.6766027e-05,-7.921008e-06,6.2364896e-05,-4.490803e-05,3.224463e-05,-0.000117771175,-2.345206e-05,0.000109693225,0.00020506028,-8.2167564e-05,-8.6463285e-07,8.516849e-05,0.000164426,0.00010118781,0.0001056915,-4.9676913e-05,9.1475675e-05,3.423479e-05,-1.1598894e-05,2.7230375e-05,-4.9829774e-05,-6.818532e-05,7.908471e-05,-0.00020999718
virsi1731_NC_001357.1,-4.436266e-05,7.311434e-05,5.071794e-05,-0.00016335101,1.3129221e-05,6.224357e-05,0.0002459024,6.736518e-05,0.00010541731,-8.6820815e-05,6.972253e-05,0.00010193214,0.0001665159,-0.00010914071,-5.0722374e-06,8.590543e-05,-8.5368265e-05,-0.00027131932,2.641117e-05,-0.00017397103,-8.7264445e-05,8.6647003e-07,-0.00012053963,0.00013373728,2.9073834e-05,-3.888436e-05,-1.0388671e-05,0.00013444031,-9.120362e-05,3.0082458e-05,0.00019422392,2.4757655e-05,-0.00020604135,4.7225963e-05,-8.027618e-05,-0.00010078394,5.6890112e-05,6.195471e-05,0.000102665304,0.00011844982,4.716852e-05,8.741141e-06,-3.922704e-05,0.00011399793,2.2888957e-05,0.00013501366,-7.7087636e-05,2.5047739e-05,-3.6908914e-05,0.00010744846
virsi1752_NC_001526.4,0.00010264746,0.0001319995,-7.703314e-05,0.00017786735,-1.6689006e-05,0.00026449782,7.1230446e-05,1.2285325e-05,4.5946064e-05,-2.9127583e-05,9.2460665e-05,0.00016611129,-0.00011985699,0.000113195114,4.3630534e-05,-9.810207e-05,-9.1595e-06,2.5178246e-05,-4.1295512e-05,8.7690634e-05,-8.175142e-05,-3.9986007e-05,0.00013069253,0.00013714467,0.00023684274,-5.7196798e-05,-6.565151e-05,-1.9018022e-05,-3.4562298e-05,0.00022206156,7.5433886e-06,-2.5912806e-05,0.00014391134,2.5342744e-05,9.450918e-06,-7.999038e-05,0.00011312012,0.00014416469,0.000114993134,0.00016878317,0.00013225537,-0.00013203065,6.902484e-05,3.610225e-05,7.4993884e-05,7.915153e-05,2.0381835e-06,-6.0609193e-05,9.866043e-05,-0.0001059531
virsi1979_D17763.1,-8.191048e-05,-4.5535658e-06,3.45499e-05,-1.023243e-05,1.08177424e-07,0.00021133374,0.00021906327,2.0907906e-05,4.4574357e-05,5.2472704e-05,0.00011777279,2.7945525e-05,6.0205184e-05,0.00016167601,-8.1154896e-05,9.6102274e-05,4.0333856e-05,8.340643e-05,-0.0002524428,-4.9846778e-05,0.0001807603,-2.4516083e-05,0.00019072779,7.1224145e-05,0.0001881507,8.8339526e-05,1.4706993e-05,-0.00010661665,-0.00013140528,7.6122866e-05,-7.245973e-05,-5.3289456e-05,-8.9136876e-05,-0.000115278366,0.00014627042,0.00012933188,-0.00016479394,0.00012809994,3.6524674e-05,1.6388789e-05,-9.243357e-06,8.185093e-06,-2.4995077e-06,7.5268035e-05,-6.739586e-05,0.00013469941,8.9088804e-05,3.8915987e-05,-6.206341e-05,0.00011383283
virsi1769_NC_001526.4,0.00012421368,-4.4459775e-05,0.00015465834,4.7432404e-05,0.00013421196,-9.743002e-06,0.00016025899,-0.00015758388,0.00014774791,-1.3997528e-06,3.7836235e-05,-3.0213989e-05,5.564794e-05,3.3727001e-06,7.228142e-05,5.191986e-05,0.00010494553,-4.2219966e-05,-8.06246e-05,3.6626006e-05,-0.00010993426,0.00014989618,-8.8157656e-05,0.0001613004,-8.3738785e-05,-7.9487836e-05,-0.00013309254,2.889099e-05,0.00016014805,3.0257243e-05,-9.428947e-06,-1.399581e-05,-2.270534e-05,0.00011786272,1.4122206e-07,0.00013071383,0.00014907602,4.3541237e-05,0.00011379587,2.3579845e-05,0.00019333659,-2.9656276e-05,0.00018850874,2.5075884e-05,0.00025443433,0.0001922757,5.7543216e-06,0.00020370224,-1.8110963e-07,6.292323e-05
virsi1701_NC_001357.1,5.7330282e-05,7.4742165e-05,-4.8667007e-05,9.176447e-05,0.00019022184,-1.9781626e-05,-4.6803103e-05,0.00016879544,0.00025717632,-3.984663e-05,0.00011308338,-3.3855467e-05,-2.6570044e-05,0.00014371994,-4.7330996e-05,6.8456065e-05,-3.6652536e-06,0.00018318498,7.7491815e-05,6.774554e-05,-1.4079731e-06,-5.284341e-06,0.000119380886,-2.2582934e-05,9.1997135e-06,-0.00010384895,3.8029084e-05,9.990963e-05,4.5024135e-05,5.965884e-05,4.5743072e-05,4.4936343e-05,-6.124925e-05,0.00010429401,0.00017759298,9.9868e-07,0.0004115275,0.000118002805,5.0576207e-05,-9.844453e-05,0.00016742213,7.179113e-05,-0.00015496838,-0.00010728163,1.0318383e-05,-3.618001e-05,4.005114e-05,-7.0314585e-05,0.00014118421,0.00015180171
virsi1289_AY278488.2_3,3.180263e-05,9.377414e-05,0.00017987403,-2.374111e-06,-3.5047946e-05,7.117507e-05,0.00013592167,-1.1049176e-05,0.00012974763,-5.97042e-05,9.798048e-06,0.00022784674,-1.5938609e-05,5.5676595e-05,-1.226699e-05,3.9921797e-06,6.429403e-05,0.00013546798,9.801658e-06,0.00010565226,0.00018032514,9.7123164e-05,6.499043e-05,3.991115e-06,0.00015163202,0.00024664804,-0.00013758457,-0.00012902156,5.666052e-05,-9.395003e-05,-0.00010880843,-1.6892174e-05,-0.0002360727,6.296461e-05,-0.00021831211,9.528577e-05,0.0001516128,0.00015179101,-8.7299915e-05,-4.3332275e-05,0.00025051925,0.0001861267,-1.9186258e-05,-0.00016368458,0.0001382133,3.1155047e-05,3.491474e-05,9.464172e-05,0.00018954206,6.372162e-05
virsi1756_NC_001526.4,0.00021872195,9.15294e-05,6.82636e-05,-8.95298e-05,-1.8250997e-06,3.966673e-05,9.2025315e-05,-3.5372945e-05,-8.930027e-05,1.5751795e-05,-0.00011977491,3.7690777e-05,3.8588376e-05,-0.000101061625,6.2809915e-05,5.0407558e-05,-1.329596e-05,5.6265566e-05,9.29875e-05,7.500133e-05,0.00029262714,8.210392e-05,-8.5378015e-06,0.00011880315,0.00011357799,0.000119560624,0.00017798948,-0.0001349586,6.416874e-07,0.0001441841,-8.446948e-05,-1.28238335e-05,7.691796e-05,0.0001205078,2.835386e-05,-0.00020507563,-5.673363e-07,-4.029521e-05,-8.180468e-05,-0.00011335074,-1.8609457e-05,8.654922e-05,8.796428e-05,0.000121348996,-5.044698e-05,-8.7120214e-05,8.522509e-05,4.4462513e-06,-0.00014047216,-0.00017831741
virsi1851_EU910136.1,-3.779829e-05,0.00019879981,5.3480446e-05,-0.000100290934,0.00020007505,-5.6656495e-06,5.928887e-05,8.579611e-05,-0.00017429634,4.7167632e-05,-5.2903404e-05,1.672608e-05,-3.3384043e-05,0.00016653883,-9.088207e-05,0.00012613265,-1.4300188e-06,9.646103e-05,6.072602e-05,4.5012464e-05,-4.480123e-05,9.5645606e-05,9.749136e-05,0.00013032564,4.062398e-05,0.00015470145,-3.577312e-05,2.583e-05,0.00014241721,0.00019861189,5.0185563e-06,-4.4328317e-05,8.515237e-05,0.0001760146,4.9873575e-05,3.6916234e-05,9.49561e-05,0.00012171718,6.486456e-05,1.2461317e-05,2.8118136e-05,8.6060856e-05,0.00016133586,9.974743e-05,1.491372e-05,4.3489494e-05,0.00014958423,4.702265e-05,-0.000101075835,-6.218114e-05
virsi1751_NC_001526.4,-9.520007e-05,2.5026913e-05,0.00019372987,0.00010472869,6.157933e-05,5.9414473e-05,0.000104321975,-4.3144413e-05,0.00018204172,6.11186e-05,-6.189824e-05,9.3665e-05,-5.4539712e-05,-0.000113152986,-8.980464e-05,0.000103683655,7.4004885e-05,5.9784077e-05,0.00013624116,-2.213039e-05,9.183458e-05,-0.00016442634,-6.2632935e-05,-8.775878e-05,-2.0590458e-06,-5.6267087e-05,0.000105536106,6.979873e-05,4.328356e-05,5.3624717e-05,-7.0674716e-05,8.780264e-05,6.4547185e-06,-0.00012234205,2.03677e-05,-0.00021005336,-0.00017437815,0.00020961587,1.7751239e-06,0.00017201845,7.184963e-05,-8.829009e-05,0.00025857266,5.3938475e-05,2.4473697e-05,6.399436e-05,-4.8590136e-05,2.3165656e-05,3.270746e-05,4.325903e-05
virsi2177_NC_004102.1,0.00024451734,0.00022379552,-2.7070693e-05,0.00019731616,-4.0065315e-05,-5.2850934e-05,-1.959101e-05,9.856085e-05,4.1120024e-05,4.4445696e-05,-9.242457e-05,0.00011399115,0.00010435164,-4.783462e-05,0.0001193618,0.00029006874,0.0001876351,9.9518395e-05,1.17357795e-05,6.9055524e-05,-5.4911092e-05,1.6524818e-05,5.5499463e-06,3.4712542e-05,9.433463e-05,7.682524e-05,-0.00010153631,6.662265e-05,-0.00013347455,-8.515008e-05,-5.0417817e-05,0.00019623534,-0.00010143751,8.8327186e-05,8.675741e-05,0.00011138133,-8.107682e-05,3.8747956e-05,-8.845073e-05,-1.3577424e-05,9.087793e-05,-5.349702e-06,-5.9897266e-05,4.6295023e-05,-4.0654828e-05,-1.7272368e-05,6.456798e-06,6.0426886e-05,-3.332356e-05,-1.939074e-05
virsi1727_NC_001357.1,-1.1329376e-05,-7.1284005e-05,9.042215e-05,0.00016040953,0.000115393465,0.00012823207,-3.581076e-05,2.2350032e-06,-7.715596e-05,0.0001182658,-4.219809e-05,0.00021283847,-4.984298e-05,-0.00020924247,-2.4655685e-06,-7.790938e-05,-5.537337e-05,0.00020005423,0.00010889017,-8.395166e-06,-5.3052037e-05,0.00029134945,-6.7499364e-05,-1.6115797e-05,-7.714457e-05,4.4409953e-05,0.0001294725,4.5765843e-05,4.659316e-06,-0.00013123585,2.373805e-05,-8.8438086e-05,0.00013384364,0.00017598002,-1.840983e-05,-3.8412392e-05,0.00022044755,7.9127894e-05,1.4730562e-05,-1.7541772e-05,-0.000104950646,-0.00013583532,-6.912515e-05,-3.694271e-05,5.9436334e-05,5.7188256e-05,-0.000101180034,0.000106674765,4.901075e-05,0.00024925987
virsi1755_NC_001526.4,8.513434e-05,9.177738e-05,-0.00016301482,0.00023934657,-1.1048405e-05,-4.6397374e-05,-7.086181e-05,6.232098e-05,-0.00016990108,-8.559491e-05,4.4667224e-05,2.5097552e-05,4.499253e-05,8.781938e-05,-4.7478816e-06,8.096664e-05,-6.164604e-05,5.927914e-05,-6.641229e-05,-0.00017956248,-8.416235e-06,-6.4861474e-06,6.200416e-05,-0.00020517083,6.1974984e-05,7.045472e-06,0.00010900758,-1.2608108e-05,0.00015706156,3.3352884e-05,4.0065992e-05,5.8200927e-05,-0.00015425408,4.568845e-05,9.7903205e-05,-8.895058e-05,0.00023444043,-1.4630801e-05,-6.798773e-05,1.3073762e-05,-4.841822e-05,-1.5486587e-05,0.00015547001,0.00012304928,7.964508e-06,-0.000120920056,-5.9046768e-05,-1.02168e-06,0.00012929537,0.00010029185
virsi1975_GQ285029.1,-3.0629624e-05,0.0002560587,-0.00010333286,3.7569454e-05,3.7420827e-07,9.166999e-05,1.8682209e-05,0.00010362688,-0.00010261755,0.00017635092,-5.428481e-05,7.391077e-05,0.00018106881,-0.0001086194,8.485023e-05,1.9034269e-05,7.078081e-05,-1.1984167e-05,5.9438826e-05,-1.3526321e-06,-3.618645e-05,-0.00018847507,-0.00010214137,8.93435e-05,-5.7836803e-07,3.9545494e-06,-6.933904e-05,-7.045386e-05,-9.110525e-06,8.36462e-05,0.00015357693,6.0038772e-05,1.9475905e-05,5.0367016e-05,6.6947796e-05,0.00020270275,-1.0612816e-05,3.5954472e-05,9.849748e-06,-3.879901e-05,-7.500912e-05,-1.4726078e-05,7.953729e-05,-1.1107877e-05,4.1701693e-05,-5.847864e-05,-5.718472e-05,-5.4038155e-06,0.0001845482,9.092831e-05
virsi1695_FN907963.1,0.00013213967,-2.6397065e-05,3.372565e-05,0.00023789413,1.7965804e-05,-7.407097e-05,0.00011476413,-4.8443788e-05,1.5018835e-05,0.0001294132,6.952931e-05,-5.05871e-05,8.752006e-05,2.2483397e-05,0.00022943827,-8.639302e-05,5.884299e-05,7.183758e-05,3.920485e-05,6.2609455e-05,0.00017123422,8.177335e-05,1.0212205e-05,-7.383127e-05,0.00014528327,-0.00010046991,-8.652406e-05,2.1549578e-05,0.00016448997,0.000107165404,0.00014150846,3.116245e-05,5.3911626e-05,1.18282305e-05,2.4982959e-05,-9.29479e-06,6.354339e-06,0.00011122141,0.00023615059,1.4353287e-06,2.1996504e-05,0.00032410523,-7.906673e-05,-3.4931283e-05,9.164049e-05,5.358622e-05,4.3070468e-05,0.00021146183,0.00022093531,1.0871081e-05
virsi1296_AY268070.1,4.6204706e-05,6.4105225e-05,-9.9407574e-05,-3.2824468e-05,-1.23354985e-05,3.984129e-05,0.00010928914,3.6465526e-06,2.5293559e-05,0.00022580592,-4.1906893e-05,-2.7615917e-05,-0.00015811062,-9.5387244e-05,-1.2710398e-05,0.00019782253,3.279477e-05,-6.746306e-05,7.89864e-05,0.00014934817,-0.00012405841,1.3017133e-05,-3.828284e-05,-0.000121746096,0.00023983944,0.00019483492,0.00011212498,9.058918e-06,0.00016856095,0.00012800604,-0.00012732563,5.493886e-05,-3.6572063e-05,0.00014956208,-9.7980505e-05,9.169478e-05,-8.660132e-05,-0.00011443106,-5.8393525e-05,9.9549434e-05,-0.0001422356,8.648879e-05,5.2253506e-07,-3.79012e-05,-0.00014681589,2.6662983e-05,9.069348e-05,-7.806411e-05,-8.521143e-05,-0.00021949178
virsi1721_NC_001526.4,-7.439415e-05,-8.2517734e-05,8.53248e-05,6.924779e-05,5.8369615e-06,0.00026761493,1.7262257e-05,-9.5864336e-05,-8.681755e-05,-8.533841e-05,-0.00013689807,-0.00011898558,-2.769948e-05,0.000102220416,-8.9076355e-05,-8.079627e-05,3.255057e-05,0.00023709857,-5.752643e-05,5.2979573e-05,-0.00014388374,-3.1237723e-05,0.00028297424,-4.2483654e-05,2.7856386e-05,0.000101867154,-4.4348544e-05,-6.7705325e-05,-2.3120601e-05,7.5181124e-05,4.1745472e-05,5.5900564e-05,6.9423077e-06,-0.00016512959,-4.5255158e-05,0.000261527,-0.00013958597,3.2515603e-05,-4.969567e-05,-4.579601e-05,0.00011810509,-8.3452636e-05,6.680224e-05,-3.4952882e-05,-8.595883e-05,1.7707078e-05,0.00016719157,4.8590915e-05,-7.1045774e-06,0.000112675574
virsi1300_AY451891.1,-0.00011919621,0.0001779664,-2.6591673e-05,0.00010727519,-2.1978216e-05,-2.6716754e-05,9.036207e-05,1.8686233e-05,-9.805652e-06,-3.2429263e-05,7.603883e-05,7.369192e-05,-0.0001115866,-8.03578e-06,-0.000112529095,6.0144077e-05,-0.000140293,-7.367409e-05,5.234132e-05,6.6171495e-05,2.7965774e-05,0.00016874865,2.6291369e-05,2.7139613e-05,4.169496e-05,-4.196812e-05,-0.00010261182,3.7915284e-05,-7.954612e-05,4.926024e-06,0.000121590405,7.2222756e-05,7.036647e-05,0.00015879533,-0.00010713225,9.907401e-06,-7.00917e-05,8.871301e-06,-0.000106407424,-1.5615193e-05,-7.072615e-05,0.00022663282,0.0001209557,6.8253954e-05,3.2754633e-06,-7.4717966e-05,-3.24308e-05,-7.606365e-05,-7.105777e-05,1.672606e-05
virsi1732_NC_001526.4,0.00010235055,7.44861e-05,0.00015537757,6.751331e-05,3.9274637e-05,0.00013391244,0.00012660031,3.507473e-05,-3.0305355e-05,0.00017079711,-0.00013179607,0.00021366579,0.00015525181,-0.00011779619,6.8575966e-05,-0.00024806522,-0.00022452413,0.00022247303,5.082906e-05,-1.1085835e-05,-6.472375e-05,-0.0001076521,6.2411826e-05,-6.883407e-05,-3.2782867e-05,2.4962796e-05,-0.00013683607,5.2011692e-05,9.876251e-05,2.8317363e-05,-3.8965132e-05,-0.0002240437,-5.4409964e-05,-6.8354726e-05,-8.9611145e-05,1.7381937e-05,0.000110194305,0.00023002915,8.3717976e-05,-6.2145627e-06,-1.5008407e-05,-3.6522757e-05,7.26744e-05,-6.9775284e-05,0.00021062845,0.00023564829,6.245819e-05,0.00014751252,5.5269786e-05,-4.89303e-05
virsi2179_NC_004102.1,3.5578847e-05,4.9681374e-05,-5.5917997e-05,0.00018271474,0.00023509371,4.2535474e-05,4.3867352e-05,0.00018876296,-7.236552e-05,0.00028464626,6.188798e-05,0.00016450224,7.945224e-05,-5.5581186e-05,-2.4367055e-05,6.404362e-05,0.0001300362,-8.771917e-06,3.6131128e-06,-0.00010156823,-2.513926e-05,0.00010475252,1.044202e-05,4.8518687e-05,9.170337e-05,5.3799668e-05,5.7101322e-05,0.00016795228,-5.421533e-05,-0.00017427313,-0.000118579745,5.6710207e-05,1.6806254e-06,0.00012020325,0.00015808626,3.9200742e-05,0.00010856105,0.00011714687,5.9016365e-05,0.00017777296,-1.7946697e-05,2.1006597e-05,0.00012990071,8.739069e-05,0.00010267123,0.00014738398,5.9100068e-05,-7.5934067e-06,3.5441994e-05,0.00029024144
virsi1020_U95551.1,-0.00014088754,0.00025828957,9.069702e-05,-0.00021240032,0.00012505874,4.7881276e-05,0.00010614036,-4.529323e-05,-2.828409e-05,6.6737193e-06,-2.157208e-05,7.5646385e-05,0.00013780815,4.7630307e-05,-0.00011081353,-2.1682332e-05,-9.932705e-06,0.00012398725,-7.715735e-05,0.00012120087,4.775309e-05,-3.9570365e-05,-4.229448e-05,5.9591883e-05,-7.4952945e-06,0.00011245769,-7.579959e-05,-1.2288228e-05,5.3404543e-05,4.488227e-05,5.9287544e-05,0.00019845067,0.00019442973,8.228454e-05,-1.781449e-05,8.969992e-06,3.1638057e-05,-2.7543063e-05,0.000101726335,0.00021774607,-0.00010881254,-8.98468e-05,1.914244e-05,-6.016191e-05,7.7271354e-05,3.6519206e-05,-0.000118337484,2.346693e-05,-2.349856e-05,7.5051146e-05
virsi2196_AF206518.2_4,0.00022015788,5.7110443e-05,0.00017284724,0.00012855067,0.000102587925,0.00017585409,6.474736e-05,-4.6233952e-05,0.00016112403,-2.53762e-07,-5.9533836e-06,8.135492e-05,-9.534865e-05,6.211482e-05,-0.0002548642,-5.145182e-05,4.832304e-05,0.00019387936,5.869247e-05,-2.158024e-05,1.2571461e-05,2.939209e-05,4.3866835e-06,3.2282864e-05,2.2700979e-05,-9.225702e-05,2.1025804e-05,-1.4290994e-05,8.4165906e-05,4.316537e-05,7.1690556e-05,7.778319e-05,-0.00012471799,6.428163e-05,7.2616263e-06,2.8245426e-05,0.00020623108,0.00012936312,-8.702775e-05,0.00012914471,2.0715062e-05,2.8149772e-05,0.00013597592,-6.657715e-05,5.345899e-05,-8.506244e-05,1.8668177e-05,9.633741e-05,-0.00013836552,-7.336187e-05
virsi1846_NC_009334.1,0.00011343202,3.393912e-05,-3.755246e-05,3.6200025e-05,0.00032994954,0.00023354075,-1.0292974e-05,8.020502e-05,-0.00012457483,-1.8475617e-06,-5.5745102e-05,2.0364685e-06,-5.004365e-05,-2.4745996e-05,-7.521259e-05,-2.1666012e-05,-1.6149152e-05,-0.00013497428,8.7077715e-05,0.00027010354,-0.00012873326,0.00017674759,0.000100307436,1.930367e-05,-6.259781e-05,0.00010819451,0.00012614096,8.0532736e-05,0.0001883877,0.00033948992,-7.224577e-05,-9.908085e-05,-0.0001937945,-0.000120168836,-6.5711836e-05,-3.3867313e-05,-1.2420881e-05,-0.00019474472,-0.00016752788,-2.5907184e-05,0.00018060594,-8.476565e-05,-2.6510406e-05,-7.391044e-05,8.565005e-05,0.00011839287,2.0829422e-05,0.00012536593,1.2724529e-05,-7.7445275e-06
virsi1666_GQ855357.1,0.0002799687,-6.732017e-05,7.0245296e-05,9.424246e-05,-8.7825465e-05,4.7015605e-05,1.982401e-05,-0.00012906262,-4.6984278e-05,9.859043e-05,-5.8287424e-05,8.839505e-05,2.4627772e-05,0.00017622738,2.233803e-05,5.5333974e-05,-0.00015569967,9.642217e-05,0.00021042746,3.0808544e-05,4.693726e-05,1.355083e-05,1.2431635e-05,-5.8338268e-05,9.4626026e-05,9.3203875e-05,-0.00011510634,8.455317e-06,0.00010091574,1.0939172e-05,6.215447e-05,7.449749e-05,0.00013667844,0.00012210099,2.1557496e-05,4.992323e-05,1.854845e-05,-6.365261e-05,3.598814e-05,-6.4313695e-05,7.1237926e-05,2.9064568e-05,-8.3090716e-05,4.3107135e-05,4.5849887e-05,6.8174275e-05,-7.420881e-05,7.004411e-05,-2.3080787e-05,-1.0651824e-05
virsi1293_AY268070.1,-0.00016773253,-7.341785e-05,-4.139454e-05,2.366536e-05,8.610549e-05,-0.00015554612,0.00015068785,6.613767e-05,0.00020726876,-0.00018472582,4.385471e-05,2.8117358e-05,7.920028e-05,-6.6788666e-06,0.0001869257,1.8696986e-05,0.00016851081,5.2561874e-05,-4.5871097e-05,6.0958762e-05,-0.00012987459,-7.5680786e-05,4.2142892e-05,-0.00012640277,-9.106656e-05,-1.5060867e-06,5.7313868e-05,3.3438624e-05,-0.00021472227,-6.168481e-07,7.055974e-05,-8.408278e-05,-3.604584e-05,8.120695e-05,0.000115970244,-3.3266933e-05,-5.1832252e-05,4.1690677e-05,6.375723e-05,-1.52185985e-05,-7.0421183e-06,-0.00013113841,0.00016378475,0.00011076424,0.00026427844,0.00025545387,0.00018412313,2.7356735e-05,2.7727156e-06,-8.3026614e-05
virsi1952_HQ641713.1,5.9748556e-05,2.4767984e-05,8.340909e-06,0.0001544278,7.8151446e-05,0.00018209049,-0.00010978335,3.8814058e-05,-0.00012941295,-0.00011120945,0.00010964713,3.2543098e-06,4.938927e-05,-5.210002e-05,-1.3712743e-05,0.00012206413,-9.56111e-06,9.265455e-06,5.675288e-05,-8.9881723e-07,5.997352e-05,0.00014364811,-0.0001764473,2.3231707e-05,0.00012177222,-6.8675167e-06,-0.00011092708,-0.00018524217,-6.239714e-05,2.4662606e-05,0.00011466793,0.00021139267,1.8395352e-07,0.00019061303,0.0001454935,0.00014666557,-8.5846994e-05,1.9816632e-06,2.0927133e-05,-4.714948e-07,0.00014250258,1.31658835e-05,0.00014118117,-0.00012104272,-4.479697e-05,0.0001579428,0.000112655885,0.00013803034,-3.417785e-05,6.811692e-05
virsi1273_EU262658.1_1,-7.489087e-05,0.0002045631,8.286435e-05,7.571039e-05,-3.580266e-05,-7.482253e-05,-0.00015213642,8.9343e-05,-0.0001211779,-5.695556e-05,6.515041e-05,-3.4026278e-05,6.469851e-05,-0.00013722447,-1.902303e-05,0.00015615037,6.717136e-06,3.0481418e-05,-0.00014850465,-2.5963234e-05,-1.050028e-05,-4.053645e-05,-3.983974e-05,6.8034724e-06,9.9138715e-06,-0.000103536506,-5.6982022e-05,-0.00017779291,0.00016991152,-6.8768364e-05,5.616277e-05,0.0001528508,-4.700499e-07,-0.00011001335,-6.609787e-05,4.210078e-05,-3.307776e-05,2.835188e-05,0.00017799574,-3.5341414e-05,4.977175e-05,8.462667e-05,6.323106e-06,-7.247567e-05,0.00010782238,8.699351e-05,-3.0319356e-05,-0.00018166554,-0.0001219313,0.00010854691
virsi2158_U57056.1,1.166427e-06,0.00019218375,-0.0001184474,9.226566e-05,6.5481418e-06,-0.00018968376,8.997551e-05,5.9955215e-05,-7.339705e-06,3.1775667e-06,0.00013955863,8.0244885e-05,0.000215483,0.00010249645,0.00017792391,-3.318313e-05,-0.00013053203,-3.541029e-05,3.3437915e-05,-1.6014685e-05,-0.00018159472,-0.00011560712,5.339341e-05,5.6173217e-06,0.00016720062,0.00015827049,0.00015457872,7.0428294e-05,0.00011478328,4.620687e-05,-3.3001033e-05,6.161562e-05,-9.563178e-05,0.00011117574,-7.813498e-05,-1.4974518e-05,-6.885459e-05,-9.553655e-05,2.9862736e-05,6.695706e-05,4.2110256e-05,-4.703656e-05,0.00010141889,0.000106232685,0.000113660746,-0.00022112748,0.000119619486,-0.00014714367,-5.323304e-05,5.8031208e-05
virsi1964_GU563562.1,7.559086e-05,-7.453412e-05,0.00025411253,-6.921169e-05,-8.573738e-06,-3.9078845e-05,9.042027e-05,6.9958165e-05,-5.688806e-05,0.00010732172,3.1177486e-05,-0.00017831042,0.00010202118,-0.00015388767,8.4145264e-05,-9.356391e-06,0.0003888142,5.9661514e-05,-0.00012339307,0.00011278106,0.00021242896,2.4249146e-05,0.00014277086,0.00013694073,9.0166344e-05,-4.1287945e-05,-1.5305157e-05,9.555662e-05,0.00019198583,9.7767974e-05,5.1005354e-05,4.092656e-05,-7.333624e-06,-5.964588e-05,-0.00015877058,-8.463223e-05,0.00015186511,6.663902e-05,-0.00010190113,0.0001830959,-5.504439e-06,-0.00010062412,1.4601525e-05,1.7759534e-05,-0.00019406021,0.00016211922,3.288673e-05,-9.522065e-05,0.00014912333,2.4297158e-05
virsi1740_NC_001526.4,-8.562063e-06,0.00012934048,9.077356e-05,5.101447e-05,-0.00010275008,-7.850421e-05,-0.000121881916,6.375974e-05,-1.7362408e-05,9.404581e-05,3.5869998e-05,4.8565005e-05,-7.864085e-05,0.00014588244,8.228896e-05,0.00016520555,1.9172976e-05,0.00025280242,-2.387575e-06,0.0001550213,0.00011525594,0.00017263045,0.00031150578,-9.738001e-05,0.00011041603,-8.862732e-05,-6.427579e-05,6.678202e-05,6.076396e-05,0.00011984597,0.00012105287,-0.00010714376,4.662712e-05,1.9424495e-05,-1.8315119e-05,6.273634e-05,-2.7014326e-05,0.00010694475,-6.3511816e-06,-4.269327e-05,5.9549533e-05,4.2571777e-05,0.00013416783,-0.00016524515,-1.4003708e-05,1.8648234e-05,2.2944698e-05,-4.5296496e-05,4.3741165e-05,-0.00011792587
virsi1874_V01555,0.00022065087,8.141756e-05,0.00016617637,-2.5756833e-06,4.1118627e-05,-8.057247e-05,-2.8413013e-05,8.178041e-05,-9.4037176e-05,0.00021821575,0.00013764972,-3.840598e-05,-6.5713335e-05,0.00012319663,4.9387243e-05,0.00016302246,-2.4256451e-05,0.00012319208,-1.2043659e-05,1.6607577e-05,4.2879838e-05,9.554255e-05,0.00014453656,4.844556e-05,2.5782425e-05,-1.6691529e-06,1.4154009e-05,9.543735e-05,5.8019967e-05,0.00019188215,0.00021950915,-1.2429562e-05,3.643916e-05,-2.2686248e-05,1.3661221e-05,-3.6216126e-05,-9.075027e-05,0.00012659376,-4.2445417e-06,-4.3371992e-06,7.573994e-06,0.00012366433,0.00012902565,-3.2575077e-05,-0.00010303087,3.2700243e-06,-6.966612e-05,5.9371276e-05,0.00014206381,3.9472445e-05
virsi1847_NC_009334.1,0.00018179828,2.192804e-05,-0.0001308373,-9.92165e-06,3.3423544e-06,0.00020264447,9.558389e-05,8.09012e-05,-0.00013429944,0.00022549741,0.0002434074,0.00018178228,-9.4811985e-05,6.584481e-05,0.000100076024,1.7131888e-05,8.302613e-05,5.3293064e-05,6.326776e-06,-2.75732e-05,8.720521e-05,9.175262e-05,-2.2806624e-05,0.00011657775,-2.3373832e-05,6.800454e-05,3.6651163e-05,0.000107964515,8.646595e-05,0.000109694556,0.000114694594,5.502132e-07,0.00011813654,-0.00010666743,2.2475559e-05,0.00010155659,8.7657325e-05,-0.00014062769,7.3296265e-05,9.337161e-05,7.514116e-06,-7.594907e-05,2.6016676e-05,-4.0492465e-05,-0.00016156172,0.00014831657,-5.511955e-06,-7.894293e-05,6.571239e-05,3.8589336e-05
virsi1342_AY278491.2_1,-9.326817e-05,-3.529625e-05,5.9110585e-05,-3.6108566e-05,0.00020585822,-0.00020671681,-4.7727764e-05,-1.6710523e-05,-8.299599e-05,0.00018214069,3.8969785e-05,0.00028631525,3.6305137e-05,-0.00015133973,1.9353304e-06,8.26277e-05,-0.00016277232,-6.1031034e-05,-0.0001240129,-5.122773e-05,0.00025351762,-0.0001666266,-5.972541e-05,6.917125e-05,2.6057925e-05,0.00012249338,0.00018017818,3.468598e-05,7.651198e-05,-1.1090269e-05,0.00014185898,6.9855036e-05,4.4564877e-05,3.8357266e-05,0.0001928381,0.00010955896,-1.9077526e-05,-0.00011706481,1.11074805e-05,6.095773e-05,-5.36702e-05,-0.0002376739,-0.0001869437,-7.4495205e-05,9.117442e-05,7.6639495e-05,-4.779882e-05,9.076756e-05,9.7896145e-06,-6.7110625e-05
virsi2127_GQ183623.1,-0.00016818321,0.00014976472,-0.000112654576,-4.8949023e-05,3.434342e-05,-5.680651e-05,-2.413932e-05,0.00015870857,-1.8389906e-05,2.762182e-05,0.00012963265,9.219477e-05,4.953878e-05,-2.8046137e-05,0.00016342032,0.00014393381,-0.00028507592,0.00022834662,0.00024470792,2.2168777e-05,7.8315585e-05,-2.4551859e-05,-4.2939533e-05,0.00012332968,-7.6788085e-05,9.8523515e-06,-9.572442e-05,9.829422e-05,-8.819702e-06,5.2420713e-05,9.977959e-05,0.000249529,0.00012422274,-2.8899905e-05,-7.791824e-05,0.00014941329,1.1767793e-05,-9.550586e-05,-2.8077068e-06,7.0517315e-05,-9.112195e-06,3.099058e-05,-6.3451785e-07,3.3518845e-05,8.723264e-05,-0.000121751094,0.00013899144,0.0001253864,-3.5751415e-05,-1.09191105e-05
virsi1972_AB237837.1,3.8627462e-05,0.0001052335,-0.00012395832,1.1610673e-05,7.9895915e-05,0.00011551818,0.0001407677,3.7511105e-05,-9.209997e-05,4.5305896e-05,0.00013044185,-8.149088e-05,-2.370151e-05,0.00012907336,-0.000109087414,-4.6457815e-05,8.568418e-05,-2.171805e-05,-3.833216e-05,8.7680164e-05,0.00012484069,0.00023708174,-8.738592e-05,-0.000100629935,6.592614e-05,-5.741534e-06,-0.00016425573,2.8805323e-05,-2.0228723e-05,0.00019583936,-9.187842e-05,-8.9235524e-05,0.0002746801,-0.00023360306,4.7797653e-06,-9.4218114e-05,-2.6103205e-06,-6.1948136e-05,2.953367e-05,0.00018800946,-0.0001296849,6.1606224e-05,0.00012225703,5.810197e-05,0.00020731601,-3.3932352e-05,-0.00011300886,-6.2231156e-05,-0.00012654459,9.144617e-05
virsi1299_AY278554.2_2,9.418429e-06,6.928826e-05,-6.9263784e-05,4.7004865e-05,-6.387677e-05,-0.0001118751,8.194076e-05,1.1953069e-05,3.1015443e-05,0.00010308406,-0.00010397264,3.2112555e-05,3.4759818e-05,5.1180592e-05,0.00015353119,0.00016686157,7.87362e-05,-5.938082e-05,-0.00014057147,-8.613772e-05,-7.776681e-05,0.00018964746,5.0747498e-05,-8.6271735e-05,0.00011930129,-6.18077e-05,-6.222448e-05,-9.3936e-05,0.00014928202,7.913559e-05,4.7277754e-06,-4.5485067e-05,-7.9872036e-05,3.1060856e-05,7.405086e-05,-6.0552233e-05,-7.223405e-06,0.0001523983,8.2906e-05,-0.000103570186,6.431749e-05,-6.234056e-05,0.00015992184,-0.00011874065,-3.6442012e-05,0.00024556014,0.00012177765,6.520145e-06,5.884418e-05,-4.7026067e-05
virsi1852_EU910136.1,0.00014564556,0.00018199501,0.00021318278,2.4831166e-05,0.0001442448,0.00012775499,-4.67544e-05,0.00031750303,-2.3341887e-05,0.00020907057,-0.00013203503,0.00019890133,6.6940986e-05,6.0956234e-05,4.4773504e-05,0.00022430866,0.0002589853,9.278403e-05,7.816753e-05,0.00015534379,9.1023045e-05,-8.748979e-06,7.0060945e-05,9.7740995e-05,-7.853752e-05,-0.00011777891,-0.00012997656,1.4508072e-05,6.819924e-05,-0.00019773043,9.25749e-05,0.00011968609,4.6266832e-05,0.00020246005,1.15834455e-05,8.412041e-05,6.163281e-05,0.00014541729,0.00026059462,0.000109120694,-2.9662464e-05,0.00010807683,4.3542273e-05,-0.00010968501,-6.3444772e-06,-8.363352e-05,5.1962837e-05,-0.00013838937,-2.4034052e-05,9.1918075e-05
virsi1303_AY278554.2_2,9.346316e-05,3.012666e-05,0.00018241696,9.810628e-05,-2.6360896e-05,1.0778386e-05,-0.000108008695,-3.3127966e-05,1.1880568e-05,-9.468912e-06,2.9424536e-05,8.401688e-05,-9.513082e-05,0.00012084396,4.690475e-05,-6.4974345e-05,9.6101736e-05,-9.3946874e-05,-0.000106137464,0.00030845663,-6.31225e-05,0.000120350924,0.00012284565,-2.9787443e-05,-8.9782725e-06,-3.3887998e-05,-0.00015332588,-4.7990075e-06,-3.3258161e-06,-0.00013997854,9.5918935e-05,0.00010330694,0.00011989914,9.544847e-05,-0.00013424599,-5.599269e-05,4.0520157e-05,-1.4755876e-05,-0.00017102688,-0.00017853641,-1.337587e-06,-3.946156e-05,0.00012841172,7.399055e-05,-3.2181433e-05,2.6498197e-05,0.00022257611,5.5069417e-05,2.6647955e-05,-7.725305e-05
virsi2200_AF206518.2_7,0.00011387961,0.00012685459,1.4280186e-05,7.51028e-05,3.112786e-05,-7.133874e-05,0.00024614463,6.943495e-05,-7.426808e-05,0.00021975329,1.3495903e-05,1.5412317e-05,9.692427e-05,-4.4479573e-05,-6.1030398e-05,-1.298922e-05,-6.4313084e-05,-3.8471593e-05,-0.00014714432,0.00012525008,-1.2139869e-05,5.9425212e-05,-0.00017182343,1.3056526e-05,7.160789e-05,-3.0430723e-05,-6.654866e-05,9.4634415e-05,4.8587277e-05,2.8324952e-05,7.034696e-05,-3.979448e-06,6.9203525e-05,0.00011063112,0.00015680013,-5.1523002e-05,-4.0863226e-05,5.3409964e-05,6.560826e-05,2.3979797e-05,6.0992657e-05,-4.907712e-06,-7.52077e-06,-3.234532e-05,4.3419026e-05,5.697368e-05,1.7634116e-05,8.939769e-05,0.00029213142,-0.00017601518
virsi1373_NC_004718.3_2,4.5879027e-05,4.2617976e-05,5.0783674e-05,0.00013117256,2.7621522e-06,9.3470015e-05,-7.041863e-05,4.3917724e-05,8.0439306e-05,-0.00018931752,3.825533e-05,5.134723e-05,-7.7633755e-05,-9.5512085e-05,-3.1088694e-06,-0.00022755966,0.00013217493,-4.2552343e-05,0.00012989584,-0.0001137767,-6.939184e-05,2.2088212e-05,8.128016e-05,1.9938478e-05,9.7172706e-05,1.872278e-05,-0.00014294071,-1.1594569e-05,0.00016077021,4.1305997e-05,-1.247811e-05,1.6780055e-05,-0.0001278111,-9.051182e-05,-3.5978363e-05,0.0002583307,5.3754058e-05,0.000118863,2.2700613e-05,-9.0380534e-05,-1.8614677e-05,2.8260327e-05,-1.3810659e-06,2.5574998e-06,0.000110416615,0.00011873557,0.00014429347,-0.00017687074,-0.00014286203,-0.00016617283
virsi1188_M58335.1,-2.3082986e-05,8.111601e-05,0.00017004766,5.9345555e-05,3.57195e-05,4.6000096e-05,-8.561357e-05,5.533774e-05,-1.8762677e-05,-7.887245e-05,6.1548315e-05,-0.000108446184,-4.844788e-05,-0.000117829884,0.00012197346,-2.8671011e-05,0.000108010725,0.00014076055,-5.603492e-05,1.9772671e-05,2.8327875e-05,0.00021565867,-0.00013157536,0.00019286181,4.2062115e-05,3.4028864e-07,4.042127e-05,-2.4603192e-05,-8.619919e-05,0.00010281845,-2.0651803e-05,-9.135564e-05,0.00028710507,-7.359528e-05,-0.0001367525,-3.1332627e-05,-9.6421194e-05,-9.073793e-05,0.00013605131,2.5603484e-05,3.849112e-05,0.00018642226,-2.556067e-05,-6.7196575e-05,7.066648e-05,1.9629002e-05,5.130444e-05,0.00019177973,6.5075736e-05,-0.00019150192
virsi1849_EU910136.1,-3.8603095e-05,0.00024496217,0.000118176205,3.570321e-05,9.0808106e-05,2.2762622e-05,-5.8251997e-05,-6.3689995e-06,3.7228718e-05,0.00013752676,0.00015104935,0.00018574754,-9.891036e-06,0.00012444967,7.828132e-05,0.00014340834,-0.00011952856,-1.4807355e-05,0.00010061987,1.8315857e-05,-9.480255e-05,-5.6236393e-05,-6.774403e-05,0.00015999339,-0.0001246415,-0.0001035976,8.355491e-05,0.0002101319,4.2511776e-05,8.432505e-05,8.585815e-05,-5.361507e-05,6.3738546e-05,0.00012005672,-9.820417e-05,9.3250754e-05,3.348031e-05,0.00013313683,-0.00010831066,7.4039905e-05,9.37801e-05,-3.2615488e-05,0.00015314095,9.843894e-05,4.091354e-05,0.00017118698,0.00011073522,2.845192e-05,-3.1016723e-05,0.0001334455
virsi1754_NC_001526.4,-5.2016335e-06,-1.4145474e-05,0.00020197488,-1.4669204e-05,9.104735e-05,0.00015232227,7.409702e-05,0.000105251434,7.661924e-05,-6.206585e-05,9.969194e-06,0.00018181473,-7.303431e-05,0.00012532837,-8.94616e-06,8.876778e-05,0.0001882105,-7.802907e-06,0.00017439904,-2.7627111e-05,-5.9832233e-05,8.69044e-05,2.9705481e-05,9.297261e-05,-1.26295035e-05,0.00015969115,0.0001000151,6.705572e-05,0.00012705443,4.902301e-05,-0.00016798021,0.00013649664,6.306031e-05,-6.231753e-05,-0.00013830357,-9.472903e-06,-7.312887e-06,5.3149037e-05,5.62992e-05,7.359442e-05,0.00021260913,6.235357e-05,0.00011151167,-1.1817362e-05,0.00012017088,-6.436397e-05,-9.135016e-05,-6.120255e-05,4.50482e-06,-7.615067e-05
virsi1881_AY961628.3,-8.846183e-06,0.00017225245,7.413497e-05,-1.9873245e-05,-1.3634367e-07,0.0001689374,4.637131e-05,-0.00019268133,4.1131247e-05,-3.372391e-05,-4.4346947e-05,3.2497166e-05,-0.00022014478,7.6438904e-05,-0.000114356226,-6.460592e-05,-5.0672745e-05,-5.5858804e-05,0.0002370091,-0.00011691396,-0.00010986118,0.00015271486,0.00013617461,4.5985707e-05,0.00016366238,7.822678e-05,2.8492539e-05,-2.371362e-05,0.00024529634,-0.00025202456,2.981626e-05,1.7067374e-05,2.1787962e-05,-6.463743e-05,-1.6492933e-05,0.00022869697,-0.00017702008,2.0819292e-05,-5.6351706e-05,5.3854263e-05,-3.367322e-05,-0.00018752346,-0.00013054418,0.0001733682,9.0538044e-05,-4.3852315e-06,3.4104265e-05,-7.105324e-05,-0.00013724547,2.2924703e-05
virsi1955_FJ589068.1,0.00014533216,5.361535e-05,2.37906e-05,3.31709e-05,-9.11812e-06,-0.00010255054,0.000116148,1.6757993e-05,5.4966724e-05,-6.377901e-05,2.0593909e-05,-2.1537082e-05,3.886594e-05,-5.853498e-05,1.1441607e-05,0.00011996654,1.6997183e-05,2.4795741e-05,7.3772615e-05,0.00014594315,4.5532954e-05,-5.1759947e-05,-7.3590886e-06,2.678234e-05,4.4258835e-05,-4.7363177e-05,0.00013132406,0.00016302428,6.0621478e-05,-5.15072e-05,-6.6190434e-05,9.776474e-05,-0.000118383614,0.0001081366,-8.620813e-05,-1.5705686e-05,-6.3329586e-05,0.00010546723,-8.2040046e-05,7.56342e-05,4.783898e-05,-8.88237e-05,-0.00015688708,-8.5856715e-07,0.00017648269,3.7270052e-05,6.0643226e-05,3.4635814e-05,-0.00021345796,8.2828235e-05
virsi1744_NC_001526.4,-0.00016825834,3.059433e-05,-2.5683963e-05,4.416343e-05,7.67017e-05,-4.6402612e-05,1.3708776e-06,5.4524344e-06,0.00014118942,4.7411195e-05,9.543044e-05,-5.5025474e-05,-6.578062e-05,-0.000100018806,-1.42027775e-05,2.8383969e-05,4.290369e-05,-2.8521265e-05,0.0001489003,-5.6300214e-05,0.00011281647,-0.00024828396,5.965639e-05,-0.00023142353,-0.00016673986,3.2852713e-05,9.128342e-06,3.343054e-05,-4.489184e-05,-5.770764e-06,-9.763405e-05,-0.00013049984,5.7497622e-05,0.00021392829,-0.00019746364,0.00011875074,-0.00019530916,-7.5156044e-05,0.00019047137,-0.000108015585,0.00014031636,0.00015921806,1.489943e-05,-0.00015711405,-2.9328174e-05,-0.00012966534,-5.171513e-05,-1.3430585e-05,-0.00012298298,0.00011558265
virsi1294_AY278554.2_1,1.5193416e-05,3.0246356e-05,0.00017328873,8.900444e-05,-0.0001434331,0.000118286494,0.000113054986,6.6966306e-05,0.00015497446,0.00018639847,0.00010227713,4.4114633e-05,-0.000100594356,0.00014914422,-1.5006923e-05,3.543803e-05,0.00012336092,8.3442785e-05,-6.809967e-05,-0.00013766234,0.0001878952,-0.00015498062,0.00017396489,-0.00018159891,-5.8258115e-06,-5.925516e-05,-0.00011878261,5.1504445e-05,0.00011322747,5.5679477e-05,7.1425886e-05,0.00010959019,-9.053179e-06,0.000111700145,-7.9536796e-05,-5.7886667e-05,3.6250003e-05,4.8581252e-05,1.0334497e-05,-3.3860688e-05,6.50226e-05,0.00015583685,-2.7448985e-05,0.00014787474,0.00020322719,-0.00014466055,3.545788e-06,1.8069239e-05,0.00012266323,3.3914614e-05
virsi1719_NC_001357.1,-5.5764936e-05,8.815487e-05,0.00017898376,0.0002484037,0.00016134125,-0.00012289155,-0.00013279641,5.1435996e-05,-6.0718907e-05,2.4362525e-05,7.709308e-05,-4.140792e-05,0.00014872682,-3.1415908e-05,0.00016248006,5.5984132e-05,-3.584871e-05,0.000118564225,0.000113906346,-5.821699e-05,0.00014802013,-0.00013030325,0.00018488019,-2.6533078e-05,-0.000266547,-0.00012755838,9.228751e-05,2.7421447e-05,-0.00021617101,-3.9261147e-05,5.898737e-05,1.0005133e-05,5.9260998e-05,2.6033844e-05,-4.4173546e-05,8.792713e-05,3.0656392e-05,0.00017853673,8.260772e-05,-0.00011255998,-8.004416e-05,3.4552108e-05,1.4849496e-05,0.00011519595,-0.000115054776,7.278657e-05,2.5735115e-05,3.6574616e-05,9.214649e-05,-4.0214145e-05
virsi1700_NC_001357.1,2.2038928e-05,5.865311e-05,-3.2390155e-05,0.00014846199,-2.6252546e-06,-0.00013043298,-4.692562e-05,-3.7533788e-05,0.00024274064,9.460974e-05,5.607774e-05,-0.00012519023,9.410515e-05,5.096572e-05,0.00022486768,-2.0025056e-05,8.255058e-05,0.00013647618,-5.9018905e-05,2.2330558e-05,0.00012553652,-0.0001941176,0.000113486356,7.5671273e-06,-4.7790745e-05,-0.00013545978,9.436622e-05,-4.69036e-06,0.0002416321,0.00011784795,-0.00011439497,-6.3622305e-05,-7.3541983e-06,0.00012041284,2.985355e-05,0.00010010699,8.6091655e-05,6.946336e-05,4.469775e-05,-2.498154e-05,-9.33655e-05,-6.482677e-05,5.779687e-05,-5.756148e-05,3.94342e-05,-8.762741e-05,6.528051e-05,0.00014326481,7.7244895e-06,6.768936e-05
virsi1264_EU262658.1_2,0.00011605946,4.941999e-05,3.5442514e-05,9.0841895e-06,-1.478476e-05,-6.480337e-05,-0.000103515464,2.374166e-05,6.8032976e-05,0.00014827322,6.180803e-05,2.5613299e-05,-8.8448905e-05,-2.1473028e-05,4.0054047e-06,-1.8500254e-05,-9.945703e-05,-1.5742902e-05,0.00013246617,-4.128201e-05,-6.238947e-05,6.139357e-05,0.00017737853,9.1402595e-05,-0.00011981066,-0.00028116524,9.9848716e-05,-7.7413635e-05,0.00010972253,0.00018532107,2.0566229e-05,-9.652941e-05,-6.739709e-05,0.00010051663,3.315693e-05,9.090316e-05,0.00021396237,9.176239e-05,7.3783e-05,3.5750913e-05,5.2312353e-05,-7.407192e-05,6.38342e-05,4.657308e-05,-0.000109905195,-9.0354115e-05,-0.00012084457,-2.4592046e-05,-3.3390363e-05,-0.00011855919
virsi1389_NC_004718.3_1,4.91424e-05,-5.9665716e-05,2.088005e-05,6.5245484e-05,0.00014016702,-5.7418205e-05,0.00013273783,-7.807662e-05,-0.0001922887,-1.8044107e-05,-0.00015783112,0.00014754337,-0.00016958296,1.80013e-05,6.4513993e-06,0.00014174821,0.0001235668,3.73775e-05,-0.00016025572,-9.05033e-05,0.000113771115,4.590029e-05,0.00013068272,2.7054628e-05,-5.469171e-06,7.6117365e-05,-0.00014050488,5.1181592e-05,0.000105378596,-0.00017752248,-5.8072856e-06,9.838799e-05,2.5602641e-05,-4.522414e-05,-8.7571636e-05,1.8673725e-05,4.300202e-05,0.00011330754,0.00014248915,-8.9023866e-05,-1.1490417e-05,0.00014320853,1.0210885e-05,4.6132398e-05,-5.1288174e-07,0.00017603347,-0.00010157128,-7.886777e-05,-9.683663e-06,8.815435e-06
virsi1882_AY961628.3,8.661006e-05,6.3636086e-05,-1.4424982e-05,0.00017651235,-3.368182e-05,-7.392163e-05,-5.2406427e-05,-0.00014078915,0.00018073301,3.409268e-05,7.989091e-05,-2.8392418e-05,0.000111916626,0.00023369404,3.2406468e-05,0.00025227363,6.736929e-05,-8.0531354e-05,6.0890146e-05,7.20128e-05,0.0002523037,-0.00011565519,7.852634e-05,7.672877e-05,9.250079e-05,3.1706826e-05,9.8963006e-05,0.00020127647,2.5505162e-05,0.0001286088,-3.2149797e-05,-8.669772e-06,0.00015231961,-0.00012212059,7.3935196e-05,-2.7414162e-05,-0.00015612214,0.0001459895,3.644561e-05,-7.074472e-05,5.525064e-05,0.00014428786,-0.00014648102,2.9406743e-05,3.4425313e-05,0.0001243988,0.00019517339,-6.687442e-05,-7.838503e-05,-0.00012658793
virsi1973_EU781832.1,2.6300519e-05,0.0002223779,9.0101865e-05,8.5062034e-05,5.553223e-07,0.00013312598,0.00023274172,-0.00011616076,3.4967044e-05,4.916289e-05,-5.295421e-05,0.00017101134,0.00019703884,9.140732e-05,6.563674e-05,-9.468456e-05,0.00026948613,3.1815296e-05,5.5634053e-05,-1.3155249e-05,-1.597115e-05,-0.00010943045,-4.798684e-06,-5.489303e-06,0.00011286077,8.826669e-05,6.564166e-06,-3.4668956e-05,0.00012664741,-0.0002317963,-1.3261024e-05,-9.585242e-05,-8.129463e-05,-2.959739e-05,-1.5230533e-05,0.00011651917,-2.2113074e-05,1.9624451e-05,8.450317e-06,8.046587e-05,8.631079e-05,0.00022713267,-2.2043796e-06,-3.683449e-05,6.756116e-06,-0.00013326432,7.8100886e-05,5.1884897e-05,3.3066397e-05,3.298866e-05
virsi1758_NC_001526.4,0.00012280562,-7.942506e-05,0.00028112432,-4.182115e-06,7.768308e-06,0.00020316541,7.458013e-05,-7.7057026e-05,4.953865e-05,-0.00013920193,5.7776317e-05,0.00010293186,3.629835e-05,7.09235e-05,2.5579304e-05,-4.6610116e-06,0.00017467291,0.000107401545,-8.1853876e-05,-4.6782784e-06,-3.509431e-05,0.00013890192,-0.00013326992,1.1723072e-05,3.5636218e-05,0.00012653592,-4.0068557e-05,-0.00022244624,-4.5837412e-05,5.0056104e-05,9.379943e-05,-2.2519496e-05,5.8405523e-05,-7.448946e-05,0.000178376,3.281335e-05,7.535752e-05,1.7456225e-06,7.831104e-05,0.00017684665,0.000118091186,3.116623e-05,-7.380443e-05,0.00018450599,-2.322531e-05,0.00020515395,-9.1678645e-05,4.681267e-05,0.00010975472,8.631625e-05
virsi2205_AF206518.2_6,0.00021173025,-0.00011972507,9.9112425e-05,1.5266995e-05,8.659539e-05,-0.000104855506,-7.332263e-05,0.00032344938,-1.9723266e-05,7.8041005e-05,5.4069387e-06,2.7942448e-05,-8.890827e-05,3.9956754e-05,-1.23513955e-05,-0.00016023174,0.00012114049,0.00015024544,-2.591047e-06,0.00023139644,-0.00010108542,-8.0235324e-05,4.56291e-05,3.572469e-05,-1.4007467e-05,0.00022504535,8.687373e-05,3.6086283e-05,0.00011256032,9.1252885e-05,-2.3180453e-05,-1.6047303e-05,3.6844478e-05,6.851706e-06,-2.2893426e-05,1.0544238e-05,0.00016662262,7.753523e-06,-0.00019280508,-0.00017073099,2.0748346e-06,-1.7485425e-05,8.288537e-05,2.2208647e-05,-8.778639e-06,-8.00203e-05,3.0368215e-05,-0.00012594869,4.0788967e-05,0.00011580109
virsi1867_V01555,0.00018033883,3.619683e-05,-8.683017e-05,-0.000101757134,-3.0686475e-05,-2.5606465e-05,-1.8796532e-05,-8.613441e-05,0.00024214968,-3.9149374e-05,-7.3723364e-05,6.135954e-05,-0.00025862633,-0.00030992262,-1.7719189e-05,-7.513296e-05,-7.532553e-05,-9.019479e-06,4.998767e-05,-5.0924536e-05,-8.0058686e-05,5.9958307e-05,9.3525574e-05,0.00016773278,5.4886885e-05,0.00010751126,-3.1301068e-05,0.00020429475,-2.1619637e-05,-4.0995776e-05,3.4873658e-05,-8.536513e-06,0.0001398628,-9.869115e-05,6.209416e-05,0.00024007044,-6.831031e-05,8.350453e-06,0.00015157352,0.000100460515,-4.6928635e-05,8.02179e-06,5.999817e-05,-0.00010570489,4.2533702e-05,-2.9506746e-05,-0.00013702005,6.139403e-06,-7.720828e-05,5.6595936e-06
virsi1368_AY278554.2_1,3.5857443e-05,0.00016828168,-0.00014242946,-3.1221475e-06,7.387729e-05,-7.5286196e-05,-4.256476e-06,6.3331994e-05,6.0848637e-05,-3.366189e-05,8.284639e-05,-5.436403e-05,7.417751e-05,4.3783457e-05,0.00026810396,-0.00016208753,0.00014041533,3.7516686e-05,8.4812404e-05,-3.1617183e-05,8.854664e-05,-0.000117724216,5.3661202e-05,6.424689e-05,3.506542e-05,-3.5961315e-05,8.390143e-06,0.00010084187,-1.6679203e-06,-7.948233e-05,0.00015351069,-3.969714e-05,5.7131063e-05,0.00020076153,-1.582293e-05,0.00014060718,8.798792e-06,4.401783e-05,2.0350028e-06,2.1721586e-05,-4.994806e-05,6.042655e-05,2.1134545e-05,7.518403e-05,0.00019601155,7.940719e-06,0.00021586644,-1.5414122e-05,0.00012375641,2.1940163e-05
virsi1255_EU262658.1_3,0.00028964298,2.7818327e-05,-2.9082743e-05,0.00016407728,4.847182e-05,-7.0355585e-05,0.0001679989,7.099571e-05,-8.642692e-05,6.737059e-05,-0.0001442418,-2.9290502e-05,0.00016511399,9.10503e-05,-0.00012658798,0.00017217283,5.5212124e-05,2.1391008e-05,1.8483504e-05,3.7142036e-05,0.00010468196,-2.0336196e-05,4.748142e-05,0.00011541544,-2.4149278e-05,8.23266e-05,-0.00013453324,-0.0001552279,6.592345e-05,3.893449e-05,0.00015082039,6.189732e-05,0.0001005627,0.00022916457,-7.959584e-05,-9.59284e-05,-1.7670598e-05,-6.982912e-05,-4.367601e-05,5.218374e-05,5.4645556e-05,8.692514e-05,0.000118621574,9.505341e-06,0.00022973526,-0.00013120349,0.00020370238,8.736407e-05,-5.488368e-05,-7.5840086e-05
virsi1980_D17763.1,-7.2147894e-05,0.00016870211,-7.171079e-05,-1.5635498e-05,0.00014988832,6.364179e-05,0.00019355398,-1.3721744e-06,-0.00019755538,-0.00012905202,0.00013711228,0.00012617264,2.4072266e-05,7.69156e-05,0.00013130424,8.7782464e-05,-2.171906e-05,6.5149536e-05,4.855962e-05,3.64946e-05,0.0002065996,0.00013794485,5.9985273e-06,7.5751326e-05,-0.00024501412,5.3446067e-05,-1.2067834e-05,-7.5953176e-05,-2.6147169e-05,-2.115653e-05,0.00010052576,7.311243e-05,6.324907e-06,0.00014604755,-1.0872651e-05,0.00018234171,5.4130585e-05,3.8260543e-05,2.4245617e-05,-2.1063086e-05,-0.00017133134,7.516843e-05,-5.078612e-05,-4.729394e-05,-9.846243e-05,3.398962e-05,8.74549e-05,1.2063921e-05,1.3933661e-05,-6.782772e-05
virsi2204_AF206518.2_2,9.535496e-05,-0.00022924034,7.402865e-05,0.0001261712,0.000103733706,-1.47877245e-05,6.237227e-05,0.00020809477,0.00015661732,-7.275899e-06,2.9777431e-05,-3.1112846e-05,1.1593934e-05,-4.4696022e-05,0.00013980592,-1.3781621e-05,0.00014012444,-8.7632325e-05,0.00020553525,9.806448e-05,6.427291e-06,-3.6138565e-05,-3.752297e-05,-0.00023798864,0.0002636197,-2.7234844e-05,0.00012885156,5.4048796e-05,-0.00021084823,0.00013571631,6.592887e-05,9.987071e-05,1.648229e-05,1.4663536e-06,4.5943627e-05,2.2772425e-05,-0.00020269699,0.00023515028,5.694659e-05,0.000121160694,3.8476282e-05,3.7295307e-05,-4.6226658e-05,5.7497484e-05,0.00012644997,9.527347e-05,0.0001667865,0.00010146803,0.0001100896,0.00024016747
virsi1764_NC_001526.4,6.904747e-05,0.00022102358,6.330859e-05,1.4798349e-05,-9.819387e-05,0.00013539061,-6.483441e-06,-0.00012323158,1.6103548e-05,6.876118e-05,2.4333189e-05,9.4247225e-06,-2.8069435e-06,0.00018160713,7.994785e-06,-6.521272e-05,-3.3886183e-05,-1.5451105e-05,6.6010536e-05,3.9084363e-05,6.875066e-06,2.8708038e-05,0.0001296935,0.00018402927,0.00013583637,-6.207482e-05,9.725155e-05,-0.00020843778,-0.00012031124,6.372806e-05,-0.00015840826,-9.7733115e-05,2.2212633e-05,8.919895e-06,3.2979045e-05,-5.0412696e-06,0.00016453741,6.31658e-05,-5.590263e-06,0.00016442432,5.4298194e-05,0.0002233946,-9.714962e-05,-9.351586e-05,8.849382e-05,7.309696e-05,0.0001261282,0.00013239433,0.00013935466,-4.506053e-05
virsi1745_NC_001526.4,-3.3655375e-05,7.886809e-05,-0.00018560997,-5.7730904e-06,-3.5834677e-05,9.1114416e-05,0.000101959595,2.9148967e-05,-0.00022738909,0.00012242209,5.401673e-05,9.114007e-05,-4.3454063e-05,-2.5379299e-05,8.240461e-05,0.00013635991,-0.00016820959,-5.168737e-05,-5.000907e-05,0.00012259772,-7.4192634e-05,0.000122029975,2.944233e-05,-0.00020796059,7.5732605e-05,-8.423473e-06,0.000105668434,-9.927232e-06,2.892024e-05,-2.8729708e-05,0.0002524395,0.00010305954,-7.663156e-05,8.390418e-05,3.2605898e-05,-0.000235109,4.3320506e-06,0.0001007501,0.0001767895,9.697188e-05,0.00010731812,0.0002932088,-8.302579e-05,0.00011971818,9.49201e-05,4.418006e-05,-6.5156484e-05,4.9054717e-05,-0.00010509748,-1.5109893e-05
virsi1022_U95551.1,5.5756762e-05,0.00017503242,-8.857264e-05,4.9479524e-05,4.8920967e-05,-1.9585485e-05,0.00015369638,3.6080655e-05,0.00017950739,0.00014150201,7.519266e-05,3.948484e-05,0.00017167904,5.4236716e-05,8.196209e-05,-1.1997207e-05,8.923196e-05,-5.5165474e-05,3.3287328e-05,-8.367738e-05,-5.378348e-05,9.72883e-05,6.389544e-05,-1.8923132e-05,-1.596206e-05,1.9405185e-05,0.00015981,0.000107193984,6.822028e-05,0.00012105411,4.05872e-05,0.00019853505,5.2942715e-07,3.593123e-05,-9.2761955e-05,7.793922e-05,0.0001461681,-2.0788542e-05,-0.00012128192,6.34457e-05,1.9213932e-05,6.116029e-05,6.705848e-05,8.6650456e-05,0.0002622388,1.0160807e-05,-6.461714e-05,-1.18349635e-05,-0.00010294999,0.00018286571
virsi1393_NC_004718.3_1,-1.1616932e-05,-6.003399e-05,0.00018998208,4.9996208e-05,0.00019344235,2.963096e-05,5.6754365e-05,-5.3554045e-06,-5.360139e-05,-0.00012309368,0.00012278075,2.0055452e-06,1.5119609e-05,-0.00022911324,0.00010598912,-0.000173885,-0.00019816191,-3.3515716e-05,-0.00011927595,-2.612735e-05,0.00010851319,7.802416e-06,0.00015396375,4.9529786e-05,-1.7362963e-05,0.00024126847,-0.0001168591,6.463422e-05,7.932714e-05,-6.557397e-05,-5.066572e-05,8.0864535e-05,2.0050731e-05,0.0001484209,0.00010659782,7.398323e-06,5.7337693e-05,-1.3558349e-05,-7.3242163e-06,0.00011458666,2.4559964e-05,0.0001411406,1.2367836e-05,9.465697e-05,0.0001452643,6.1795734e-05,2.7891523e-05,-9.96405e-05,-0.00014973324,2.2391401e-05
virsi1690_X00203.1,0.00014675384,2.8358125e-05,-2.1556632e-05,6.974567e-05,0.00012213584,4.7562535e-05,6.208612e-05,9.678441e-05,3.917515e-05,-3.5141513e-06,0.00028085068,0.00016626054,4.9761802e-05,1.2744403e-05,5.883989e-05,8.848465e-05,0.0001784388,-1.2122182e-05,1.5899128e-05,6.0518203e-05,0.00012012401,1.6005342e-05,9.866834e-06,0.00023544897,2.8568002e-06,0.00010068902,6.4272965e-05,0.00011722342,-8.8026325e-05,5.4069144e-05,0.000109352535,1.4466126e-05,0.00013904816,4.5181852e-05,-0.00017037679,4.935766e-05,-4.2868694e-05,0.0002079033,-3.1569747e-05,3.5607558e-05,0.00016430453,5.4489366e-05,7.976547e-05,7.779721e-05,6.6895744e-05,-0.00028279654,0.00026241966,2.529651e-05,-0.00015253652,-2.2937305e-05
virsi2197_AF206518.2_2,-3.1319512e-05,-1.602034e-05,0.00015896955,0.00028444917,7.148325e-05,-0.000156568,4.0642804e-05,-4.034854e-05,0.00012866138,0.00018282972,4.7575573e-05,-5.464466e-05,-5.199748e-05,-7.5787204e-05,0.00015024668,2.0250593e-06,-6.9371604e-06,2.4685627e-05,-3.2831675e-05,0.00012862576,0.00010514046,-6.05159e-05,0.0002182072,6.204242e-06,9.877502e-05,-1.051808e-05,0.000108355875,5.138942e-05,5.3832596e-06,5.5387577e-06,0.00015138343,4.4801793e-05,3.136437e-05,-5.1944065e-05,2.9787454e-05,5.6050056e-05,3.919312e-05,4.9334838e-05,9.1407754e-05,0.00011215055,-0.0003433451,3.806821e-05,0.00014062558,8.3043546e-05,0.00015691307,-7.6291226e-06,-1.8332912e-05,-2.1754051e-06,-0.00025395455,-2.8861725e-05
virsi1297_AY268070.1,0.00011271584,-0.00014527245,-0.00021472274,-3.992554e-06,-2.0720961e-05,0.00014052102,-5.637478e-05,1.5308464e-05,0.00017956368,-0.00016991842,6.882795e-05,-5.026799e-06,-7.365262e-05,-8.276495e-05,4.1158306e-05,-1.4852883e-05,0.00021350983,-0.00013217553,0.00017953948,-0.00016351705,-8.13929e-06,-0.0001521724,7.071801e-05,6.788439e-05,5.7511654e-05,4.7429738e-05,-9.517336e-05,-0.000112910224,-3.829576e-05,-0.00010544826,-2.2488011e-05,5.4392356e-05,0.00013644794,6.8992726e-05,-9.530175e-06,-4.2109197e-05,0.00024459,4.031258e-05,-7.8776524e-05,2.5444144e-05,-0.0001268034,6.0034592e-05,8.401513e-05,-8.3131104e-05,0.00032011626,-1.48968e-05,-0.00014114133,0.000109080356,5.6760153e-05,-0.00012727117
virsi1878_AY961628.3,0.000112229194,-9.74e-05,1.5299916e-05,4.3943444e-05,-0.00010450392,7.478479e-05,-0.00011163882,-1.12712705e-05,0.00013025591,0.00019963573,1.5810147e-05,-8.380489e-05,0.000121014345,-8.934427e-05,3.62493e-05,0.00021997985,-8.694322e-05,0.00012232085,2.7658441e-05,-9.616163e-05,-0.00011810656,-0.00014186652,8.291594e-05,7.596647e-06,8.628425e-05,-0.00011433439,0.00016612423,2.2721517e-05,2.1298336e-05,5.1537547e-05,5.7161164e-05,-6.745543e-05,0.00011952583,0.000190384,-7.445482e-05,-0.000100541125,0.00012973754,0.00010172441,-0.000104638566,0.00017445438,-9.214199e-05,-0.000100084166,-2.6394137e-05,0.000115208175,-2.5180942e-05,0.00011833583,-3.875779e-05,-0.00012323378,-0.00012261923,0.00015431974
virsi1992_AY278491.2_2,0.00022260965,0.00012022375,-0.00010978169,1.814119e-05,0.00015400871,4.7237623e-05,0.00021962574,2.7611928e-05,4.6181987e-05,-8.0753285e-05,-4.9376467e-05,-4.649655e-05,2.2435814e-05,-8.207837e-05,3.7992602e-05,-5.344024e-05,-2.9087325e-05,2.4163266e-05,-2.0253221e-05,7.520434e-05,4.3807282e-05,0.00014259477,0.000101744896,7.030677e-05,-5.7196834e-05,0.00016992331,0.00013726254,0.00010113139,-4.441743e-06,7.011016e-06,0.00010736168,-2.3983042e-05,9.460536e-05,1.5921896e-05,0.00011461801,4.2893287e-05,9.149177e-05,-0.000108078995,1.8969037e-06,-4.9745107e-05,6.272197e-05,4.4308285e-06,5.7478846e-05,6.945216e-05,-8.749828e-05,-4.8245256e-05,3.5963876e-05,6.5919405e-05,0.00017651098,-4.3897828e-05
virsi1864_V01555,0.00010163279,-3.882001e-05,6.530388e-05,7.2295596e-05,0.00015337924,-8.16768e-06,-4.1091585e-06,6.04687e-05,8.270904e-05,9.3137955e-05,8.6806955e-05,1.7230432e-05,-8.42659e-06,-0.0001526222,0.00020565905,0.00017319745,3.7454756e-05,0.00014334192,0.00013886913,3.6656045e-05,4.233658e-05,-4.156081e-05,-0.00016216829,1.709068e-05,8.0824764e-05,1.9419262e-05,-4.662444e-05,5.1199935e-05,2.4244719e-05,9.98423e-05,3.536148e-05,0.00013271003,0.00016218865,0.00016533803,9.34898e-05,-6.7017963e-06,-1.1697679e-05,0.000110846464,0.00012744676,5.861203e-05,0.0001454542,-9.516643e-05,-0.0001280373,5.4362084e-05,-3.4578392e-05,-3.203677e-06,5.8106223e-05,-0.00014433003,2.6489814e-05,5.0080973e-07
virsi2208_GQ183623.1,2.0601897e-06,5.4080403e-05,1.6538545e-05,0.00010500985,-4.422111e-05,-5.26747e-05,0.00016276164,0.00017331052,7.991979e-06,-5.4113884e-06,-6.399296e-06,0.0001421189,-0.00019597792,2.1292351e-05,0.00013530173,-0.00011390655,0.00017139303,0.00018397935,-0.00017307149,5.3788237e-05,-0.00024097635,-7.30466e-07,0.00012485584,1.3537928e-05,-4.6007412e-06,-0.00019636263,5.085579e-05,-0.00012297808,6.128879e-05,8.387865e-05,2.6764854e-05,7.500809e-06,-1.1692515e-05,-5.1025494e-05,-0.00016486312,-9.872442e-05,0.0001591266,0.0002016387,8.801822e-05,-5.2894106e-06,4.3702275e-05,6.9088295e-05,-3.8340022e-05,0.00010389554,-2.4681993e-05,2.837819e-05,-7.62799e-05,3.37354e-05,1.830252e-05,-1.2814233e-05
