XM_214061,-1.8984167e-05,9.481029e-05,-7.540914e-05,0.00023231721,0.00011886855,-2.7044869e-05,0.00020178947,2.6699527e-05,8.298487e-05,-7.896873e-05,-4.818728e-05,2.5907828e-05,0.00016534248,5.4258886e-05,9.447134e-05,0.00014294547,-1.0357764e-05,-5.3730797e-05,0.00014415715,2.1593307e-05,0.00010975325,-0.00012523656,-9.846311e-05,0.0002172309,1.867383e-05,0.00013205309,-1.04874e-05,1.0455022e-05,-8.759531e-05,3.5026376e-05,-0.00014281076,3.4513578e-06,4.7712154e-05,0.00015637522,6.228788e-05,-5.393224e-05,-4.4928223e-05,-0.00030775502,-4.6922796e-05,-0.00021975736,2.4365023e-05,-0.00014058067,-4.0685783e-05,-5.2203424e-05,-7.8757206e-05,0.0001227424,0.00016162367,0.00028406378,0.00016862695,-3.634712e-05,-2.7305421e-05,-0.00017546517,-2.922125e-05,0.0001516973,-0.00015691326,0.000101083126,-2.7383654e-05,0.00011192254,-3.9200295e-05,5.8487563e-05,-0.00011786153,0.00016453888,-0.0002561938,0.00012004446,6.033285e-05,-5.8441718e-05,0.00017234797,0.00013559335,0.00022371195,2.3728238e-07,3.530714e-05,8.718491e-06,-8.2118567e-07,0.0001243392,-4.4590808e-05,-7.269214e-05,-0.000118139535,7.7160934e-05,6.730951e-05,0.000108233005,-7.252607e-05,0.00013765415,0.0002793989,-0.00011356485,-3.6862548e-05,-1.7729928e-05,5.933187e-08,-7.356032e-05,0.00011057716,9.62383e-05,9.708871e-06,9.418628e-05,-3.4324334e-05,-0.00011988607,-0.00011505159,0.0001141923,1.8315075e-05,0.0002995191,-8.082548e-05,0.00011682541
NM_016021,0.00019411609,0.00019806993,8.250649e-05,-5.9102134e-05,1.5917918e-05,0.00023490765,7.233246e-05,0.00017023136,-0.00019527637,7.798588e-05,-5.2082046e-06,8.1148914e-07,3.8300725e-05,0.00012969405,0.00015854913,-0.00014107944,-2.910717e-05,5.5860353e-05,-3.0909017e-05,6.759123e-05,-0.000101888705,-0.00013672061,3.7060956e-05,-0.00021648478,-9.77966e-05,-0.000102338054,0.00015774365,-2.1894568e-05,0.0001335846,1.5521817e-05,1.6194686e-05,-2.1859434e-05,-6.629172e-05,0.00014813722,-8.5313324e-05,-0.00013083994,4.8684047e-05,-9.184444e-05,0.00019486251,4.783066e-05,2.2790243e-06,0.00012029019,0.000111276546,0.0001388124,0.0002061347,-5.2507403e-05,-2.0129462e-05,-6.3771025e-05,-0.00015566638,-2.9006622e-05,5.7890276e-05,0.00015271021,3.7249625e-05,0.00014316471,1.713111e-05,4.287349e-05,-6.7790256e-06,7.793027e-05,4.753888e-05,9.5576135e-05,-3.919437e-05,7.485969e-05,7.201856e-05,-7.507649e-05,0.0003366891,-7.310787e-05,-3.6437905e-05,-2.0494927e-06,7.013117e-05,4.8919348e-05,-0.00015809786,-0.00012753658,-0.00018040011,0.00011826461,8.169401e-05,-7.835597e-05,7.976548e-05,4.249109e-06,3.8826427e-05,-3.508466e-05,-0.0002866555,0.0001577919,6.349271e-05,0.00017605303,6.329424e-05,4.4537606e-05,4.765836e-05,0.00015878529,-0.00014337688,8.180702e-05,0.00010553298,-0.00024824849,-2.2952403e-05,0.00023385505,-1.179449e-05,2.8688597e-05,-0.00018260532,-0.00014043468,0.000108274864,0.00014197269
NM_014176,3.438897e-05,0.00017568567,1.2489862e-05,0.0001436527,0.00010036682,0.00010131536,8.849803e-05,0.000106633284,1.4322939e-05,0.00014549575,6.393475e-05,9.763138e-05,0.00019906687,-3.240929e-05,8.6883854e-05,0.00010232115,0.00012588939,0.00010174676,7.206026e-05,0.00010452111,0.00012976653,6.4720894e-05,4.9567032e-05,0.00012705127,4.2089534e-05,0.00012159936,3.3583416e-05,0.00015510533,0.00014790718,7.807947e-05,9.467609e-05,0.00021178447,0.00012757728,3.5652905e-05,0.00040685263,0.00019000843,0.0002625409,-4.993698e-05,2.7501623e-05,8.7860775e-05,0.00019090973,0.00024769228,4.3732423e-05,3.4351433e-05,-5.466807e-05,7.5612334e-06,4.8452945e-05,5.1818242e-05,2.8542865e-05,0.00024031644,0.000116803974,5.50088e-05,8.973938e-05,4.5502962e-05,0.00010823763,0.00023825368,8.87861e-05,0.00013393648,2.8127222e-05,0.00021370631,0.00014967527,2.5794152e-05,3.7570844e-05,2.6930635e-05,6.680755e-05,1.1459534e-05,0.00015641638,7.8283214e-05,8.2955485e-05,8.683941e-05,3.6773376e-06,9.014911e-05,3.9869552e-05,0.00015543374,9.766681e-05,6.2991254e-05,0.00020165346,2.0157315e-05,-1.3988216e-05,0.00018683326,5.27035e-05,0.00012430472,0.000121259465,3.2186083e-05,-1.1225247e-05,0.00011493706,0.0001646019,0.00023990538,9.112638e-05,-0.0002972109,0.00022810342,-9.7957534e-05,0.00017281812,1.4487142e-05,0.00018951463,-0.00014732897,-6.951039e-05,1.46249795e-05,0.00017130053,-0.00011423774
NM_004359,6.748839e-05,0.000113203794,5.2300857e-05,0.000134614,8.7581095e-05,6.7040535e-05,0.00019022622,-5.123016e-05,-2.5383857e-05,-4.8535072e-05,-1.1010643e-05,-3.798501e-05,-6.577599e-06,-0.00013977673,0.00011580949,0.00013240812,0.00015458038,8.0027225e-05,2.8914008e-06,8.961035e-05,6.851529e-05,-4.8077025e-05,1.523231e-05,-0.00017989572,-0.00011645809,0.000106882224,8.252983e-05,6.87088e-05,0.0001668946,0.00011631123,0.00012614817,6.291716e-05,0.00018852214,0.00013076153,9.0396716e-05,-9.95717e-05,0.0002614826,-7.088233e-05,0.0003001513,0.00018977335,4.9703125e-05,-0.00013545378,0.0002136828,0.00013786525,0.00019796481,0.00013111693,-9.264152e-06,0.00015757843,7.287112e-05,8.352638e-05,-1.1966803e-05,3.3986694e-06,4.4745506e-05,-8.4804975e-05,3.3499942e-05,0.00014981776,9.99392e-06,2.8154143e-05,0.00010533349,0.00023389758,4.7413265e-05,-4.822866e-05,-1.2284617e-05,-7.160326e-05,9.332417e-05,5.8076777e-05,-2.1317562e-06,1.4623329e-05,-9.444015e-06,3.1985797e-05,7.1033435e-05,7.877861e-05,3.6313802e-05,3.0420677e-05,7.381653e-05,7.888286e-06,6.919829e-05,-6.0276314e-05,3.3634657e-05,-4.9488943e-05,8.178441e-05,-6.5229455e-05,0.00012630457,-6.162501e-05,9.1853784e-05,-1.4340277e-05,6.665061e-05,-0.0001259029,8.286446e-05,-5.8693946e-05,-9.310887e-05,8.08069e-05,1.942958e-05,2.0545414e-05,0.000119202545,-0.00019676915,0.00017823817,0.00011129191,0.00012174191,-0.00028859207
NM_021988,0.00019090038,4.994036e-05,4.492165e-05,0.00015078388,6.0295406e-05,0.00014296857,0.0001420233,6.6644265e-05,0.00018558119,5.0917668e-05,0.00031597287,-6.825275e-06,0.00024860998,9.860682e-05,2.4507146e-05,0.00014690665,-2.386905e-05,-4.5995388e-05,0.0001361414,3.14957e-05,0.00023553421,9.835268e-05,0.00019192146,4.4214845e-05,3.2969532e-05,0.0003248085,2.8758499e-05,0.00014068907,0.00015811568,6.4950924e-05,0.00015617003,1.7545444e-05,0.00034159698,0.00019588905,0.00022815687,4.0568404e-05,3.749996e-05,8.417678e-05,5.385342e-05,6.3761894e-05,0.00015004135,6.134181e-05,0.00011320248,9.34874e-05,6.445518e-05,0.00017233539,0.0001060803,0.00016865176,0.00012587059,3.741012e-05,8.3790335e-05,0.00016624744,1.3695583e-05,5.8438764e-05,0.00017670504,0.00013610534,0.00016164922,0.00015731648,3.056397e-05,-2.9418688e-05,7.9953315e-05,0.00012649641,6.671352e-05,9.443428e-05,1.1287404e-05,0.00017257828,-1.6204704e-05,0.00011927636,-7.918391e-05,4.1474974e-05,7.331583e-05,2.1742358e-06,8.738851e-05,0.0001192433,-4.2843058e-05,8.992387e-06,6.1696283e-06,-5.684174e-05,0.00013059434,-3.349768e-05,5.199008e-05,0.00013232371,0.00011899002,-0.00011028586,0.00015060692,8.28875e-05,5.2305764e-05,4.1306237e-05,1.5878773e-05,6.6894856e-05,-1.2288324e-05,5.827865e-05,-4.917443e-05,-3.361508e-05,4.1901083e-05,9.14956e-05,6.743648e-05,1.6552294e-05,-4.0172463e-06,9.268956e-05
NM_001001481,4.792795e-05,3.111937e-05,0.00016353404,9.18346e-05,2.3819577e-05,0.00016989735,0.00011358755,4.214833e-05,0.000100823585,9.2497416e-05,0.00020285064,3.7057467e-05,0.00015631288,5.142352e-05,3.4052824e-05,9.957678e-05,9.209044e-05,0.00011862072,0.00010896851,0.00010168729,4.362409e-05,0.00015807964,6.171405e-06,0.00010588637,0.000118737196,0.00017061575,3.205235e-05,6.60463e-05,5.9956004e-05,3.8726852e-05,-0.00015747991,9.429203e-05,0.00014519918,0.00017397615,1.9953164e-05,0.00026737113,5.4066368e-05,2.7896389e-05,0.00012266978,6.0164686e-05,9.68113e-05,6.42257e-05,0.00017976848,2.5705584e-05,0.00018202949,-5.0120984e-06,7.778699e-06,1.33133535e-05,-2.1918155e-05,-1.6066448e-05,-6.2981926e-06,0.00014766742,2.9861303e-05,0.00014674178,-3.0089235e-05,-4.4120156e-05,0.00013444091,2.1349519e-05,-3.1822736e-05,2.5156518e-05,7.1934825e-05,4.5826073e-05,5.2487565e-05,0.00014879313,0.00015062862,0.00016016494,-1.9513307e-05,0.00023524655,0.00012051243,5.83922e-05,0.00016710242,6.2681356e-05,0.0001486597,0.0002457212,-0.0001039952,0.00025251447,0.00036718335,0.00020689388,-6.584785e-05,3.891985e-05,4.5021556e-05,-4.443253e-05,0.00016457526,0.0002420487,5.9951894e-06,2.5723783e-05,8.2505685e-05,-0.0001049559,0.00015786123,8.798432e-05,3.303088e-05,4.673491e-05,0.00016934035,0.00016739189,4.7898746e-05,1.3437801e-05,2.469584e-05,2.2048713e-05,0.00015055941,4.353981e-05
NM_003337,0.00015389555,0.00013006889,0.00012717691,7.1756635e-06,3.4167457e-05,0.00013595453,9.511344e-05,8.395687e-05,6.60003e-05,0.000116901996,0.00010762464,8.632153e-05,3.102049e-05,0.0001380737,5.6649766e-05,0.00019312398,8.4482475e-05,0.00019294053,0.00014866084,0.0001098473,6.3323256e-07,4.9018006e-05,0.00016345573,4.5999008e-05,0.00014153583,-2.692326e-05,1.4870823e-05,0.00015951427,4.5178003e-05,0.00012129162,0.00013191617,1.4115816e-06,2.4758752e-05,9.4522984e-05,0.00014105017,3.081845e-05,0.00020326156,4.116937e-05,2.8716418e-05,0.00022250343,0.0001101187,0.000101366975,6.7575296e-05,0.00011826425,9.257818e-05,1.5831154e-05,3.1379182e-05,0.00014396908,0.000118543656,5.6512665e-05,0.00030923085,0.00013691823,0.00027062336,0.00025531425,5.595089e-05,3.8886392e-05,-5.1306697e-06,0.00034066223,5.2034825e-06,-4.2260126e-05,0.0002295066,3.9723058e-05,0.00018511162,0.00012429936,-4.106441e-05,5.4626253e-05,7.078201e-05,-1.8663603e-05,-3.6146057e-06,0.00018610066,4.6184374e-05,0.00013357778,-1.6277114e-05,8.4266256e-05,0.00020223753,3.0356521e-05,9.391051e-05,0.00023183743,0.00017326677,8.4228814e-05,5.113529e-05,0.00014303719,-8.193655e-05,7.313339e-05,-1.3294729e-05,0.00011861747,4.8671016e-05,7.052468e-05,0.00013572967,9.617978e-05,4.9321934e-05,7.283618e-07,2.0480798e-05,9.430279e-05,-3.1566575e-05,6.1386876e-05,-0.00012083361,0.0001614254,0.000109223896,-7.7862016e-05
NM_016406,0.000113496455,0.00025496588,0.00028382108,0.00023181576,0.00029040576,6.1004186e-05,0.00015111503,8.13894e-05,6.918056e-06,3.624948e-05,0.00013664352,6.514001e-05,0.00012069162,3.528577e-05,0.000112043585,5.6167002e-05,0.00015417524,9.838415e-05,0.0001368563,0.0001344384,0.0001802813,6.951111e-05,0.00011209837,0.00015188355,9.068096e-06,5.3424897e-05,0.00012323786,2.7431477e-05,0.00017186323,7.128245e-05,-6.615551e-05,-4.9607028e-05,4.737706e-05,0.00028625282,0.000118157055,8.373998e-05,0.000121356374,6.55191e-05,0.0002460449,0.000481085,-9.333558e-05,5.332745e-05,-7.327286e-05,8.1298975e-05,-9.91793e-06,-2.0320167e-06,7.0644633e-06,-5.085928e-06,0.000119273784,3.7445247e-05,4.8523266e-06,9.228916e-05,5.6174616e-05,5.0613948e-05,0.00011542495,3.4549164e-05,0.00014014733,2.8211887e-05,6.5750704e-05,5.206392e-06,7.554738e-06,-2.9720582e-05,5.6513825e-05,2.396599e-05,3.7243004e-05,0.00016719237,7.095435e-05,0.00023264474,8.530097e-05,-2.0086713e-05,2.0481282e-05,4.7100268e-05,-3.4622473e-05,0.00017772843,-3.810634e-05,-0.00032012118,0.00010380215,2.6560097e-05,0.00012958962,0.0001762962,-5.7480174e-05,9.7480064e-05,-3.388481e-06,0.00010279186,0.00019634128,-3.3610962e-05,-8.426517e-05,0.00017103329,2.849678e-06,9.28784e-05,-4.2166164e-05,1.4466973e-05,0.00021114545,2.0860181e-05,-2.1816657e-05,7.450034e-05,9.412962e-05,6.1565615e-06,-0.000114725124,7.729296e-05
NM_003344,0.00014761715,4.3105894e-05,5.3146472e-05,0.00017735854,0.00012645425,-6.0259925e-05,6.527953e-05,4.3377746e-05,1.0532768e-06,0.0001469569,0.00014293534,0.00024240345,0.0001461771,2.878019e-05,-5.1112793e-06,-9.578657e-06,1.37016405e-05,3.6679212e-05,0.00016342325,0.00029146238,1.4826972e-05,-7.042522e-05,-2.6485726e-05,-1.9199284e-05,1.4015801e-05,0.00020138628,0.0002563601,0.00020780308,1.5475134e-05,7.7860546e-05,-1.6363568e-06,-2.5774378e-05,0.00017130295,2.7918855e-05,0.00012235164,6.590937e-05,8.006948e-05,0.00026372983,0.00015900302,-4.096961e-05,4.9982787e-05,0.0003579973,0.00013320308,2.8809367e-05,6.387897e-05,0.000100800906,3.5810805e-05,2.6627684e-05,0.00010922175,4.627868e-05,0.00010410902,-5.1618143e-05,6.0104936e-05,0.00010207197,-3.812168e-07,0.00019947236,-2.0217687e-05,-2.9722547e-05,0.00020994346,0.000308135,0.0001402666,5.7628637e-05,7.8992896e-05,8.241937e-05,0.00014450638,6.7173234e-05,8.372301e-06,7.8159974e-05,0.00013105694,0.00012492054,3.4633034e-05,-1.0208263e-05,-4.4676286e-05,0.000113155824,0.00035885914,0.00016681915,0.00011090608,-1.2379027e-05,0.00014997345,9.318387e-05,-4.4308417e-05,5.878152e-05,7.238938e-05,7.220483e-05,7.3589355e-05,5.5596025e-05,2.6968462e-05,-1.6411988e-05,5.7244397e-05,0.00013777218,0.00022181911,9.704499e-05,4.3365726e-05,4.4129323e-05,8.642248e-05,-5.735254e-05,0.00014222093,-2.7762831e-05,6.968178e-05,3.523078e-05
NM_005450,-4.4047258e-05,-3.020115e-05,2.0855563e-05,-5.6566823e-05,1.9759475e-05,4.1196403e-05,9.4540075e-05,0.00013949237,-6.9778456e-05,0.00012449005,0.00015119508,6.339252e-05,0.00012922335,0.00011376604,-1.8941806e-06,-4.0363716e-06,2.274405e-05,3.6879224e-05,0.00014271589,-0.0001818773,8.5196036e-05,3.3351769e-06,5.494768e-06,0.000103363986,8.391921e-05,3.6014855e-05,-3.15818e-05,-6.168492e-05,0.0002340256,-1.3104195e-05,-3.9661605e-05,8.374116e-05,7.726437e-05,4.9223254e-05,0.0002015008,-8.523906e-05,-9.727067e-05,-1.131699e-05,-9.90363e-05,7.134726e-05,7.5528995e-05,-0.00017684534,6.271228e-05,-7.0391e-06,-7.208285e-05,6.722983e-05,6.085944e-05,0.00018205539,9.966226e-05,6.4531654e-05,-3.9882394e-05,-5.042975e-05,6.7244226e-05,-0.00014803756,1.7951863e-05,0.00016345891,0.00020112043,6.432677e-05,3.5997518e-06,0.00013810467,0.00018969497,0.00014314007,3.2017601e-06,9.3358685e-05,0.00014024337,0.00029010672,0.00013158201,-0.00011469631,-3.088604e-05,9.360392e-05,3.2484604e-05,0.00014635306,-1.5840003e-05,0.0001307388,-5.0715767e-05,0.00010240171,-0.00013695056,-8.193133e-05,2.2359092e-05,7.58564e-05,3.520227e-05,-5.4539955e-06,0.00010184633,-8.242227e-05,0.000116757765,-1.6393378e-05,-0.00010913954,-7.816373e-05,0.00016321713,-0.00020115275,0.00015214011,0.00044712916,7.881618e-05,0.00010880364,-0.0001948752,0.00014164354,-0.0001476941,5.869832e-05,5.494363e-05,0.00017110059
NM_053656,-6.441053e-05,0.00011571253,-8.851772e-05,2.004133e-05,-5.5642868e-05,0.00019339369,3.571494e-05,-5.178581e-06,6.3301064e-05,0.00014702317,0.00013046114,9.3615985e-05,4.9260205e-05,9.0508096e-05,8.706939e-05,7.952261e-05,-8.380238e-06,0.00013900478,-1.13041515e-05,-0.00017807928,8.4724365e-05,0.00017081841,2.1080552e-05,6.9823334e-05,3.4333868e-06,0.00020261994,7.789229e-05,5.957333e-05,7.1808565e-05,0.00026284833,7.0997536e-05,-4.4811062e-05,2.0188458e-05,0.000121673496,0.00012812421,3.383858e-05,4.996503e-05,1.9632393e-05,0.00014427461,0.00014015664,6.473079e-05,4.262905e-05,8.0867714e-05,0.0001928789,0.00011822167,0.00015632731,7.102673e-05,0.00014598834,4.6433765e-05,0.000297549,5.0014452e-05,7.56947e-05,3.6237096e-05,1.4513861e-05,3.1692678e-05,-0.00011101336,0.0001397556,0.00026296228,0.0001295565,-3.3508244e-05,0.00016721887,0.00019788352,-0.00024217827,2.6589736e-05,0.00013924239,-2.6144032e-06,4.427796e-05,-1.910387e-05,-2.101327e-05,0.00021520662,5.27485e-05,0.00017399591,2.392287e-05,0.0001599719,-4.0386258e-05,2.6148653e-06,7.6623444e-05,6.27573e-06,-2.364728e-05,0.00010639031,-1.7226746e-05,-0.0002634796,-0.00011852325,-0.00013700943,7.263852e-06,0.000107568776,8.048229e-05,8.928754e-05,-5.5203298e-05,3.8652444e-05,0.00012789629,-8.887332e-05,-7.572761e-05,-0.00020434051,0.00048429158,4.2682863e-05,0.00016610282,0.00018544358,0.0003941625,0.00016988225
M60857,-0.00016162045,0.0001496633,0.00014963269,-2.1021973e-05,-9.542546e-05,0.00010679988,-4.867432e-05,-0.00015290157,0.00023609755,4.553522e-06,9.976151e-05,-1.8946687e-06,-4.819087e-05,7.4825e-05,1.8689843e-05,0.00015621672,4.0674855e-05,-2.0141631e-07,0.000112012545,6.436585e-05,0.00010403307,-0.000117931886,5.3572614e-05,0.00012745187,9.1089e-06,0.00013356336,-7.271039e-05,0.0002477176,0.00019536547,0.00013640715,-6.568203e-05,1.3325855e-05,-3.6693204e-05,2.1628171e-05,7.416491e-05,-4.593399e-05,0.00018035033,0.00018393708,0.00011415482,5.382653e-05,-4.911521e-06,9.7458775e-05,0.00017440648,2.6599273e-06,0.00012429654,0.00017179204,0.00021242093,0.00022184881,0.00018188088,-0.00018197553,0.00019579544,3.0797535e-05,7.3822746e-05,2.6552314e-05,9.6396885e-05,6.6614444e-07,7.970701e-05,-0.00015236312,8.695001e-05,2.6698151e-05,5.7196474e-05,8.841696e-05,0.00011966714,-0.00015864789,7.564699e-05,2.7048827e-05,-0.00016185245,0.00011491292,-2.347361e-06,-0.00014829419,0.00017129302,0.00023489831,-4.191174e-05,-0.00016334794,-0.00012016531,0.000120738754,5.9169644e-05,4.457133e-05,7.856421e-06,0.0002287942,-1.5043691e-05,3.9643994e-05,-4.1318362e-05,-0.00013922442,7.995053e-05,5.8645215e-05,0.00015220526,-0.00016323784,0.00011266476,9.544489e-05,0.00015187827,3.616674e-05,0.00011553918,9.213671e-05,0.0001584193,-7.20538e-05,0.00027949613,0.00023657609,1.6622294e-05,6.920888e-05
NM_003347,0.00011497565,2.0082693e-07,7.860406e-05,0.00021352783,-6.225428e-05,2.1144724e-05,8.2750776e-05,-6.0865165e-07,0.000118416916,3.760117e-05,3.2059215e-05,-1.0293745e-05,0.00017377813,0.00011893729,0.00016924343,0.00012257714,0.00015614953,1.3438136e-05,0.00012848499,4.113497e-06,6.465442e-05,0.00013249705,3.69469e-05,8.884379e-05,0.00011169466,0.00011120422,0.0002014547,2.979252e-05,0.00012061255,1.8630926e-05,0.00018600206,1.0542722e-05,-6.512689e-05,4.0049814e-05,6.3784544e-05,0.00017462486,0.00017524058,0.00014852559,-3.9120794e-05,0.00012736794,0.0002034558,5.743499e-05,2.2963854e-05,-9.098807e-05,2.8325627e-05,1.9383247e-05,0.00016933514,0.00014630434,-3.4821944e-05,0.00015059377,-3.463041e-05,0.00011817266,1.5130005e-05,-2.5879312e-05,0.00015179117,-9.886589e-06,0.00012689504,-2.0662173e-05,7.478641e-05,0.00016110617,0.00018119719,0.00011697177,0.00020637472,5.6849964e-05,0.0001078173,5.288567e-05,3.870968e-05,0.00015437855,1.0693161e-05,5.2697404e-05,-1.2505659e-05,3.422062e-05,2.6474898e-05,0.00016927949,0.00013307005,7.7398705e-05,0.00017598552,0.0002542058,4.8936443e-05,-6.18943e-05,0.00015612083,0.00024893042,-5.9023187e-06,3.800577e-05,-2.1910962e-05,4.832571e-05,4.5727036e-05,4.5242243e-05,-3.5773355e-05,0.00012041543,-8.9272544e-05,4.8498885e-05,0.00020512081,-3.6774397e-06,2.0851485e-05,3.914814e-05,0.00010360746,6.4713924e-05,-2.337578e-05,3.381817e-05
NM_003345,0.00010614347,0.00010266727,2.6038124e-05,0.00014120113,6.6116394e-05,0.00012935721,0.00013956687,3.881705e-05,0.0001208697,9.928431e-05,0.00010207288,0.00010337435,6.55353e-05,0.0001291788,0.00012814325,0.000103834114,7.003202e-06,0.00011906711,0.00013153352,1.4006832e-05,0.00014798075,5.577343e-06,0.00012300015,7.71468e-05,7.249252e-05,0.00012504368,0.000138209,3.879574e-05,0.00011090896,8.873689e-05,7.969353e-06,0.00014084904,0.00031720052,7.950601e-05,-3.0296546e-06,-8.810885e-06,5.840715e-05,8.6420165e-05,-6.1243954e-06,-1.1372986e-05,-1.72821e-05,-1.8841065e-05,-4.5590596e-06,-3.1904456e-05,0.00020507148,0.0001335755,0.00028802527,2.6038762e-05,0.000113959366,7.1862174e-05,1.038845e-05,9.334066e-05,7.649878e-05,7.743278e-05,6.3264975e-05,0.00019417699,0.00024354228,0.00011742719,0.00017157485,5.4644664e-05,0.00012266377,0.00015109644,8.920685e-05,2.2058182e-05,0.000108417684,5.951123e-06,0.00016053297,3.7640715e-05,2.8852378e-06,3.819661e-06,0.00016023763,6.429239e-05,0.0004210133,0.00022921727,8.062096e-05,0.0001514524,-4.949913e-05,5.8213955e-05,-0.00023535389,-5.6464116e-05,-1.2948677e-05,-1.192972e-05,2.2576716e-05,1.7345463e-05,0.00010961728,3.241153e-05,3.544938e-05,-2.918776e-05,-5.7022047e-05,4.1591695e-05,5.3069834e-05,0.00017718536,-5.9037215e-05,4.3609823e-05,8.0718484e-05,0.0001578011,4.011355e-05,1.9467676e-05,2.293694e-05,0.00012247234
NM_005339,5.3020984e-05,0.00015320041,0.000113600196,6.839779e-05,0.00013214804,6.019931e-05,6.8239584e-05,0.00012652994,1.5442425e-05,0.00014267072,9.88275e-05,0.00010326677,0.00025262943,0.00036155307,-2.8248007e-05,-4.781689e-05,0.0001207997,0.0001312112,1.6253596e-05,0.00013983021,8.795063e-05,0.00017498845,0.00011320179,8.881936e-05,0.00013948725,0.00031353248,0.00010267855,0.00018181717,0.00012943294,-1.1043282e-05,-1.0015227e-05,-3.304102e-05,9.868478e-05,7.027251e-06,0.000112884365,4.0784224e-05,0.0001969647,7.714089e-05,2.7020378e-05,0.00013843823,-0.00017211218,-5.0060295e-05,4.1838168e-05,-1.2973696e-06,-1.1666375e-05,-2.2532502e-05,2.5547612e-05,1.4757436e-05,6.387364e-05,0.00013722744,5.4676937e-05,1.7027354e-05,-6.519486e-05,-0.00013834666,0.00014200118,0.00014122495,1.2283943e-05,2.5520761e-05,-1.3358477e-05,4.0779483e-08,1.5616445e-06,-9.276153e-06,-3.0143733e-06,0.00021966516,0.00013058902,0.00011516568,5.177319e-05,7.333964e-06,0.00017690074,0.000117059346,3.2836764e-05,0.00011633359,0.00019528459,0.00027631075,8.403733e-06,-0.00010673269,0.0001359689,0.00015455618,-3.056706e-05,5.825953e-05,0.00010261109,0.00015946434,1.9516883e-06,0.000110445,2.0521262e-05,-6.940165e-05,0.000111072986,0.00011811909,4.8424477e-05,5.8159367e-05,6.930429e-05,3.5861398e-05,2.9477096e-05,0.00010625602,-1.9310397e-05,-4.6716126e-05,1.4992986e-05,4.8377304e-05,0.000120571596,6.2922874e-05
NM_003348,9.397905e-05,8.935031e-06,0.0001233632,3.8435704e-05,0.00015325319,0.00013680494,1.08266725e-07,-2.3480334e-05,-1.730198e-05,9.88484e-05,0.00013011128,3.353141e-05,0.00010316612,0.00020996403,-2.4126914e-05,-6.582622e-05,0.00039566561,-4.293895e-06,3.240352e-05,-7.0219896e-05,-5.5892815e-05,5.5314515e-05,5.5489993e-05,8.612359e-05,-8.557333e-05,7.759952e-05,-5.963499e-05,-3.4101464e-05,1.5367032e-05,0.00014909956,7.635548e-05,6.839916e-05,-2.8669538e-06,0.00011076806,0.00028052132,0.00012146069,0.00015149548,0.0001571044,0.00010908513,7.702698e-05,5.820079e-05,0.00012248522,-6.261098e-05,-2.2864348e-05,7.4098105e-05,-8.3558e-05,-1.7408278e-05,0.00019453214,3.8450213e-05,0.00014076903,-7.121532e-05,-3.6247181e-06,8.6612476e-05,5.339622e-05,7.933513e-06,0.00013769376,0.00013512903,6.72209e-05,-1.1070843e-05,-2.0224023e-05,-5.738091e-05,0.00013240364,-5.2037256e-05,8.7470915e-05,5.2837942e-05,0.00015952373,2.3191253e-05,1.0004989e-05,0.00014474386,0.00013067691,3.8590802e-05,-3.894426e-06,-6.520796e-05,0.000111697256,5.4973127e-05,8.617794e-05,-3.796933e-05,-5.160745e-05,0.00016851549,0.00012945982,-0.00014788419,6.221298e-05,-2.5978954e-06,-6.160394e-05,2.5535275e-05,-5.390982e-06,-2.9208955e-05,0.00012818993,6.2893625e-05,0.00017420917,-2.8216573e-05,2.254079e-05,5.4641427e-05,-5.9121535e-06,-1.9980542e-05,0.00011701555,0.00010906318,2.7121036e-05,-7.39122e-06,0.00016352009
NM_020548,0.000111942194,0.000105091945,0.00023156052,3.940472e-05,1.9680303e-05,6.695193e-05,5.89667e-05,1.92724e-05,-1.8094874e-05,-3.9808303e-05,4.345607e-05,0.00021361603,2.7675786e-05,0.00012565707,2.6202766e-05,0.00016245828,0.00017857856,2.0362757e-05,0.00013759096,-1.0245765e-05,0.000113424874,5.35645e-05,-1.0437013e-05,9.9879646e-05,0.00016720592,2.4231094e-05,4.2825406e-05,0.00023243185,9.685359e-05,-6.199773e-05,8.812249e-05,0.00028297663,6.4267566e-05,0.00015652842,-0.00013756665,0.00012650473,-5.9667964e-05,4.369656e-05,6.9922644e-06,0.00030102546,0.00023256158,2.1456857e-05,4.4573753e-06,-1.05878535e-05,-4.804647e-05,8.2052895e-05,-4.8866877e-05,-0.00024605397,0.00019453572,-0.0001087388,-0.00014750758,-7.923723e-05,0.00039493124,0.00030604866,-7.6161414e-05,-0.0003943017,-0.00043921694,8.2090475e-05,0.00021532568,4.525847e-05,-0.00016344109,0.00010490122,6.5817236e-05,-7.454817e-05,0.00012867874,1.1291897e-05,7.6808785e-05,-3.296204e-05,5.2846863e-05,-0.00013225501,9.755644e-05,0.00017818701,4.4413915e-05,0.00015774099,-5.780985e-05,-9.463673e-05,4.7565623e-05,0.00011383099,0.00018393205,6.9249225e-05,-2.0533189e-05,-9.2096394e-05,-6.615691e-05,-2.4746387e-05,2.4438214e-05,-0.00010453975,0.00013056601,0.0001073686,0.00019905824,-0.0001060676,0.00014186095,1.9716581e-05,9.531786e-05,0.00013407596,2.2829476e-05,-2.0609647e-05,-3.3833734e-05,-0.00013919015,0.0002223025,6.1531115e-05
BD135193,0.00010264947,3.3016448e-05,0.00021682994,8.28465e-05,-2.8503493e-05,0.00014444214,0.00016209461,-3.8059497e-05,8.5223735e-05,3.1999705e-05,-1.988632e-05,-1.0242735e-05,9.908436e-05,0.00011216954,0.00010230096,3.3203887e-05,7.1517434e-06,-6.776979e-05,0.00011058338,0.00017837167,0.00026952184,-1.3118022e-05,-1.7965274e-05,3.86432e-05,-3.3693086e-05,-1.7693685e-05,0.0001479293,3.5631223e-05,7.3044626e-05,3.1816096e-05,2.5332549e-05,0.00012106094,-5.59771e-05,-1.960686e-05,7.486363e-06,-3.8642833e-05,2.355129e-05,7.84609e-05,9.521377e-05,-0.00010653086,4.4653476e-05,0.0001395817,0.00025161827,-1.1326844e-05,5.513007e-05,2.6910437e-05,0.00016712278,-7.4302916e-05,-8.2607345e-05,0.00014103943,0.00019106311,0.00015059744,0.00015372537,0.00017499848,1.3185397e-06,2.6866017e-05,-9.64965e-05,-2.3611257e-05,-0.00014459803,6.893971e-05,-1.4841853e-05,0.0001230632,-5.227397e-05,9.050803e-05,9.645459e-05,0.00011497147,0.0001543713,0.00022065341,3.0488829e-05,3.614181e-05,4.8137914e-05,-6.3100044e-05,5.8728343e-05,5.342926e-05,0.0001791386,-3.84405e-05,-2.0512201e-05,2.227147e-06,0.00016660948,2.6542211e-05,-0.00014181415,0.00019064934,1.9041936e-05,-5.6877383e-05,8.225812e-05,-0.0001128799,6.2549145e-05,-5.044584e-05,-0.00012574808,0.00015764362,-0.00012810632,7.513711e-05,2.9252185e-05,9.84372e-05,-0.0001206693,-8.9322646e-05,-9.1918766e-05,-3.0073308e-05,-0.00014762704,0.00013911257
NM_007019,0.0001614081,0.0002712975,7.403528e-05,0.00013632179,0.00013268516,2.6019135e-05,2.4926218e-05,3.1275988e-05,0.00011412843,0.00011225688,5.0422703e-05,0.00012396094,0.00011452333,8.51696e-05,0.00013950308,2.1725145e-06,2.743166e-06,0.00014828131,1.1530469e-05,1.5431748e-05,6.921176e-06,1.811714e-05,2.7029128e-06,0.000121929574,0.00010249727,0.00010113282,4.489092e-05,9.996903e-05,3.5477358e-06,0.00022332555,1.7374943e-05,0.00015208845,0.00012272288,0.00016305328,0.00016418623,1.1634625e-05,0.00010323797,0.0001072596,6.4807236e-06,9.018143e-06,9.363758e-05,8.907948e-05,0.00013220137,7.567953e-05,0.00012974898,3.886504e-06,0.00016738535,3.83744e-05,0.00026914448,0.00010233444,0.0001262054,7.169772e-05,0.00020650167,7.6350596e-05,0.00028693682,2.0352136e-05,4.6125366e-05,0.00018006557,-0.00011826443,-0.00011341066,0.00015552164,0.00015405931,1.8701752e-05,8.7624794e-05,4.30308e-06,5.897815e-05,0.000116991454,0.0002159068,5.7901063e-05,8.036831e-05,9.911008e-05,1.0386792e-06,0.00014369607,5.2154774e-05,2.3219252e-05,3.1260937e-05,0.00014467406,0.00016860692,4.3510496e-05,8.241366e-05,0.00020450121,9.7031574e-05,6.0944374e-05,2.6344956e-05,3.4035576e-05,8.2357954e-05,5.3748936e-05,-4.268859e-05,7.685951e-06,9.65309e-05,1.4512922e-05,2.5379688e-06,8.188683e-05,-8.483764e-06,1.632753e-05,-3.1151742e-06,5.0166866e-05,-5.3684587e-05,0.000107693115,4.8249884e-05
NM_130419,-8.822061e-06,9.227364e-05,-0.00023965664,-7.997835e-05,-4.1641674e-06,3.2550997e-05,2.6896838e-05,-8.929291e-05,0.000117772426,0.000108893095,3.9276976e-05,7.5618744e-05,5.5695127e-05,0.00020455591,-0.000105512285,-2.9136761e-05,0.00017228366,-5.8925856e-05,0.00018311625,0.00017327855,-6.682519e-05,2.9038361e-05,8.6030785e-05,2.2430922e-05,0.0001083127,-5.5656783e-05,7.354796e-05,3.8226077e-05,-0.00015423929,-6.2007144e-05,0.000121197554,0.00013129147,0.00016121405,5.2458643e-05,0.000102633196,-0.00026312473,0.00024327815,0.00013414754,0.00014331327,0.00010595339,6.415087e-05,-6.997626e-05,-2.8822815e-05,0.00013845514,-8.032691e-06,3.6852154e-05,8.628728e-05,7.8299694e-05,0.00014541582,0.00018686982,-1.9797617e-05,-1.6379148e-05,6.183747e-05,3.374308e-05,5.508002e-06,-9.169295e-05,-2.0658672e-05,0.00019441632,0.00010589842,3.720634e-05,9.405621e-05,2.6942149e-05,0.00011636771,1.8308678e-05,0.00020262643,0.00023023739,-7.2007686e-05,0.00015670613,-1.7854018e-05,-9.100842e-05,-3.7066493e-05,0.00015368185,0.00011041302,0.00010353111,-4.0538904e-05,-4.984283e-05,8.037882e-05,4.567821e-05,0.00014989245,-7.148592e-05,0.0003883367,-7.3090974e-05,-6.564714e-05,7.2551855e-05,2.9315997e-05,3.383186e-05,-0.00015858978,-4.9097318e-05,-0.00015232291,8.5603206e-05,3.757129e-06,9.380022e-06,4.7638525e-05,0.00015548422,-0.00012310657,-9.43388e-05,0.00026823636,-0.000109629866,-0.00018572893,-5.4312197e-05
NM_017346,-1.0693266e-05,-4.0899886e-05,-0.00014920504,3.755425e-05,0.0001381646,7.606216e-05,-0.00010378872,7.798917e-05,7.9848964e-05,0.0001496625,7.77176e-05,4.1898416e-05,-4.9376067e-05,7.076169e-05,-3.2367693e-06,0.00011074491,5.75691e-05,-5.3243984e-06,-6.311294e-05,1.8921284e-05,4.4037133e-05,-0.00017880458,0.00013434031,5.5169898e-05,0.00011079892,3.9101244e-05,0.00011728329,9.138941e-05,-0.00023655761,0.000112221605,9.180166e-05,0.00013528751,0.00010000772,-9.422556e-05,1.5621396e-05,0.00010082821,-0.0001874518,-0.00010350886,1.6540984e-05,-0.000118239936,0.00012867138,-0.00012930782,-7.454028e-05,-7.100083e-05,5.2743988e-05,0.00012885255,-3.1920658e-06,0.00016499362,-4.766116e-05,3.7763635e-05,0.000136493,5.2608077e-05,0.00017531119,7.286334e-05,4.284096e-05,7.895096e-05,0.000115489966,-2.0999185e-05,-6.5483124e-05,0.0001354755,0.00010212298,-0.0001553622,0.00020621196,-2.7834142e-06,7.304682e-05,-0.0001185466,8.348192e-05,-0.00010978507,-5.5836368e-05,4.0379833e-05,2.6744976e-05,8.419513e-06,-0.00026658442,6.806342e-05,0.00019002713,6.580095e-05,-0.00016025273,-5.444448e-05,-7.96358e-05,5.829784e-05,6.1075552e-06,5.0203565e-05,0.00015096126,6.529242e-05,0.00027901467,0.0001137402,0.00016513019,0.00010054001,-0.0001439368,3.986073e-06,9.608462e-05,5.3160104e-05,-0.00013031065,-0.00020770535,9.485843e-06,0.00038092196,7.313211e-05,1.0879049e-05,9.9819285e-05,-6.677593e-05
NM_012864,6.050918e-05,0.00014418997,9.560553e-05,0.00011403974,5.4431548e-05,0.00013144422,0.00016572661,2.7022465e-05,6.157074e-05,0.00019731768,0.00017065134,6.440418e-05,0.00017514291,4.3802655e-05,-1.9074803e-06,-0.00010172205,0.00017953632,0.00013414776,0.0001022874,3.2183558e-05,0.00014568263,0.00023016655,-4.6199864e-05,-1.4644327e-05,1.5678621e-05,0.00015893484,8.412887e-05,0.00020004975,0.00013016716,6.2038256e-05,2.4834937e-05,2.8395081e-05,3.5110203e-05,5.6564368e-05,0.0001455195,0.0001741921,0.00033010435,-6.4981555e-06,-0.0003390749,6.778102e-05,-1.3698743e-05,-3.855788e-05,7.2458155e-05,0.00012340101,3.4818e-05,-3.0096702e-05,0.00026638512,1.62608e-05,0.000268577,0.00034109395,0.00016381696,0.00013055502,0.00021616601,0.0002340668,-1.6830749e-05,-9.891646e-05,0.00025811885,2.0493146e-06,-6.923546e-05,1.8160834e-05,-7.384888e-05,3.5306715e-05,0.00037203904,-5.578073e-05,0.00011317584,0.00016774969,0.000103660495,0.00033316913,-6.75133e-05,9.514504e-05,-0.00017232927,0.00020210225,0.00010635969,-4.922226e-05,0.00018968894,-7.451146e-06,0.00013955202,2.5658828e-05,9.736128e-05,-6.816401e-05,0.0001632014,-3.5415203e-05,0.00025284765,7.885031e-05,0.0002180538,6.655186e-05,4.4169796e-05,2.1082833e-05,0.00015742192,-7.5939806e-06,-0.000113216054,0.00025319398,0.00021240285,0.00018939465,-4.810153e-05,-1.2076022e-05,-7.850106e-05,-0.0001780525,2.0425923e-05,9.147809e-05
NM_022005,4.4485263e-05,-0.00025248752,0.00013915016,-8.582738e-06,9.5275005e-05,0.000108858316,0.00015423709,6.298022e-05,-9.297998e-05,3.084038e-05,4.7725283e-05,6.4666485e-05,0.00016375723,4.8346633e-06,6.6503824e-05,1.1988208e-05,-4.0595987e-05,-5.9220577e-07,0.00013449078,-6.9549984e-05,0.00022697434,-0.000102941216,-1.7051151e-06,3.5483252e-05,4.4048516e-05,8.3340856e-05,-4.8300837e-05,6.87776e-05,0.00021238034,9.21501e-05,0.00016923908,-0.00012905677,0.00012865831,-4.9095448e-05,0.00017784367,0.00019418831,-3.4571087e-05,0.0002680283,0.00021423862,1.2371405e-05,-3.0734636e-06,-7.9977144e-05,-0.000111601046,7.5035954e-05,0.00017541322,0.00013110398,5.7327943e-05,-2.0319196e-05,2.5069607e-05,-8.1203594e-05,2.6027323e-05,3.5827718e-05,-0.000103918916,0.00013038838,2.2521583e-05,0.0001480537,1.7292585e-05,0.00015445975,0.00016408629,0.00023245372,-9.357654e-05,1.5118159e-05,-4.8635648e-05,6.7202556e-05,-8.64452e-05,0.00012781458,7.3533934e-05,5.4617056e-05,1.0558161e-05,-0.00012140035,-0.00014204034,0.00014822309,-0.00012669693,-5.692309e-05,0.00017943341,-6.4813496e-05,7.647595e-05,-0.00019387441,-8.9153626e-05,-0.0001289209,0.00017278401,2.3298218e-05,5.5112967e-05,6.26072e-05,4.6757432e-05,1.564553e-05,0.00013349064,-6.380225e-05,0.00010067587,-0.00011956384,0.00021206171,0.00019284939,-0.00023151483,-6.7578054e-05,0.00019317296,-5.7364396e-06,0.00010924763,8.1072794e-05,-0.00013055623,-2.0465835e-05
AY044845,5.744688e-06,-0.00013499471,-0.00015974353,1.453568e-05,-0.00013180161,0.0001940514,-6.885543e-05,-3.4252353e-05,-4.728436e-05,-7.382686e-06,-0.00012777993,-2.2335591e-05,0.00020116872,0.00014106261,9.246479e-05,-3.844787e-06,0.00012073194,-8.209731e-05,-4.9540788e-05,-3.1629683e-05,0.00013712875,-1.7205686e-05,-4.1334115e-05,-5.0750263e-05,-6.9351016e-05,0.00014824985,0.00010715194,-1.7974749e-06,4.4523607e-05,0.00015577053,-0.00018740125,-2.2559478e-05,3.2811295e-05,-7.7926445e-05,0.00015484993,1.6002487e-05,6.869459e-05,5.714021e-05,0.00018431383,-1.2542209e-05,-0.00011377205,0.00012703454,0.00018567657,-0.0002190674,-6.6556655e-05,2.5089566e-05,-3.8085939e-06,2.8355673e-05,4.1261344e-05,0.00012526021,3.2372827e-05,-4.280956e-05,-4.3590844e-05,0.00026647738,0.00020062638,5.4778135e-05,-9.412856e-05,1.8605944e-05,-1.8603245e-05,-2.5070827e-05,-0.00024788835,4.02942e-05,-2.1450625e-05,0.00015366089,0.00013018424,-2.2719101e-05,0.00014559603,2.7416918e-05,0.00014082008,7.5939344e-05,-0.00020077755,-0.00019021893,-0.00022130713,-6.713469e-05,-0.00010225794,0.00020577296,-6.650853e-05,6.7079716e-05,-0.00010743611,0.00021317675,9.729114e-05,-8.650244e-06,-0.00020114506,-4.694406e-05,-4.5597724e-05,0.00024316928,-2.7163424e-05,8.4059284e-05,2.6322174e-05,0.00011170779,0.00016689206,-0.00015452172,-9.5771764e-05,-1.2528959e-05,-7.943393e-06,-6.559238e-05,7.4163494e-05,3.469162e-05,4.5887777e-05,-1.1422214e-05
NM_002559,-1.7033453e-05,0.00015578397,0.00017066555,4.326831e-05,4.386637e-05,0.00010490919,6.4144835e-05,0.00014138983,0.00021339291,3.9750543e-05,3.389689e-05,0.00014468233,-7.877507e-05,-0.000101772544,-1.4527285e-05,3.675471e-05,-0.00010241238,8.137818e-05,0.00022334816,1.6920292e-05,0.00010682141,7.268726e-05,6.916112e-05,4.325318e-05,-6.59746e-05,0.00010943083,1.7365835e-05,3.953561e-05,5.7098103e-05,0.00016616711,8.994587e-05,-0.00013380489,-7.364311e-06,-8.943961e-05,0.000114639035,-6.234693e-05,2.6490095e-05,0.00030487095,0.0001185363,0.00012177752,0.00026035146,0.00011698565,1.9062638e-05,-0.00033566012,-4.618349e-05,-6.156704e-05,0.00012919315,-0.00015585635,1.5952817e-05,0.00019188554,-0.00010695282,-4.1742805e-05,0.00021224965,0.00016840184,1.9582634e-05,-4.1509743e-06,6.506318e-05,3.7508977e-05,0.00010826551,0.00015663827,0.00025281202,-2.6218904e-05,1.1189561e-05,-0.000106930915,0.00011955729,-0.0001302336,0.0002346196,0.00022665561,0.00010936322,-0.0001483066,-9.6882155e-05,0.00012688217,0.00016713318,2.1065541e-06,6.497285e-05,0.00010667467,5.5517816e-05,6.741713e-05,7.249415e-06,0.00015207511,5.1073395e-05,1.6697444e-05,0.00022228024,0.00017078314,-2.4837067e-05,-4.0307463e-05,-3.44353e-05,-0.0002301434,0.0005694784,0.00014191358,0.00015107413,0.00026132472,1.9291903e-05,5.9796257e-05,0.0001702827,-0.0004024679,8.7517554e-05,-9.618559e-05,0.00030843506,-0.00019790659
NM_004223,0.00023039055,2.567095e-05,0.0001704065,7.984849e-05,7.087564e-06,-0.00010484061,6.5232765e-05,7.490949e-05,0.0001396387,0.00021357201,5.212144e-05,0.00017296478,1.8730576e-05,0.00019837933,1.5138237e-05,-1.6321956e-06,0.00014354715,0.00014619417,-0.00019098356,-1.7748276e-05,9.281421e-05,0.000117397496,-3.1908836e-05,2.6507749e-05,5.169352e-05,-4.7624468e-05,-0.00015204739,-2.2803799e-05,1.4297914e-06,8.014612e-05,-6.917625e-05,-8.046926e-05,0.00023683731,0.00015623422,2.9202813e-05,-9.0653055e-05,5.349862e-05,0.00011188817,2.9051247e-05,-4.6342226e-05,1.9998963e-05,0.00021023709,6.49988e-05,-0.00016991666,0.00010171542,5.408509e-05,0.00014604192,-0.00013694262,2.6959799e-05,0.00014611558,9.476379e-05,9.8382014e-05,0.00026511055,8.2042534e-05,3.4043267e-05,5.261008e-05,-6.0800634e-05,-4.473254e-05,-3.150196e-05,0.00014427025,5.8570466e-05,-0.00016854209,2.7631695e-05,0.00018059279,7.4931326e-05,4.5878023e-05,-1.4990263e-05,-4.872425e-05,4.3338696e-05,1.1627458e-05,-5.463382e-05,-9.5786145e-06,-4.913657e-05,0.00021887531,5.813753e-05,4.606907e-06,0.0001958715,-5.6979952e-05,0.00016977098,-4.4941713e-05,-3.5931786e-05,9.613016e-05,8.594753e-05,0.00011807938,8.5353226e-05,4.540229e-05,-1.33331805e-05,6.4750915e-05,0.0001018558,-4.262733e-05,5.3255197e-05,0.0001547914,-1.547915e-05,-7.66318e-05,-1.5102901e-05,0.00012351557,7.7213335e-05,3.6241814e-05,-8.584467e-06,0.0001157396
NM_006357,-6.540389e-05,6.808169e-05,0.00016363866,4.2077656e-05,7.642623e-05,9.2106784e-05,3.5786022e-06,0.00016161191,-2.9138e-06,0.00012926265,0.00016126601,1.8552293e-05,0.00014553347,1.33776275e-05,0.00028323,6.396067e-05,0.00014374324,9.1446054e-05,0.00017832028,0.00014272219,2.2743405e-05,0.0001886508,0.0003450567,1.0453355e-05,0.00012483465,-3.8847105e-05,-2.1318514e-05,-0.00017273237,0.00016740248,-5.2905496e-05,2.9729368e-05,5.914428e-05,0.00011030392,0.00011494497,0.00023007799,0.00022922126,0.00015090802,0.00021261012,0.00021647329,-0.0001556044,5.352139e-05,-4.0831932e-05,4.076009e-05,9.268567e-05,5.587594e-05,2.4134664e-05,4.212066e-05,4.088709e-05,0.00023615465,4.7440502e-05,-3.6907288e-05,1.1046734e-05,0.00016416682,0.000101690566,8.8634006e-05,-0.00010383586,4.3124135e-05,4.381694e-05,9.0699985e-05,-1.8535427e-06,2.981221e-06,5.3225664e-05,0.0001184689,0.0001823328,5.761537e-05,-8.064032e-05,6.2296545e-05,5.553096e-05,4.100791e-05,2.7876777e-05,6.8382804e-05,0.00020181028,3.2118856e-05,-2.5747799e-05,-0.0001398669,6.354889e-05,1.6669961e-05,0.00011677476,-4.6458805e-05,4.0649807e-05,-5.6238998e-05,-4.353515e-06,0.0001704216,-3.2757016e-05,1.5456833e-05,-7.126884e-05,1.056894e-05,-8.5636e-05,-9.539608e-05,7.5301214e-05,5.965932e-05,3.2900458e-05,0.00030022342,-7.779241e-06,-7.5116935e-05,0.00021860775,5.3937598e-05,0.000108447646,0.00015669577,0.00011468255
NM_014501,0.00013197388,0.00015949953,0.00013735385,-0.00014824909,2.7270231e-05,9.846949e-05,-6.164153e-05,0.00015558007,0.00021374003,0.0002026996,6.310684e-06,7.8218414e-05,-0.00013184758,-8.1860104e-05,2.1690485e-05,6.0302493e-05,2.3498988e-05,0.00012800901,0.00021061098,0.0002513236,-4.9887418e-05,9.485743e-05,0.00018766616,9.487878e-05,5.3313277e-05,0.00021223389,-8.645891e-06,2.986695e-05,2.9864057e-05,-0.00017761662,-0.00011538202,6.7914974e-05,0.00015091915,0.00013999124,5.531095e-06,9.930617e-05,6.240139e-05,-2.5051148e-05,-7.447949e-05,-4.956384e-05,8.554637e-05,9.516238e-05,4.9602502e-05,8.05272e-06,-8.520949e-05,4.7105095e-05,-1.392934e-05,3.464177e-05,0.00016148665,0.00026237866,-4.15046e-05,0.0002470493,5.813256e-05,5.9474755e-06,4.500716e-06,-8.374656e-05,2.8153483e-05,-0.0001145677,8.250049e-05,2.6729342e-05,-6.5406566e-05,0.00014156196,0.00015251375,-0.00012185765,0.00011634836,-0.00014272603,-1.8413477e-05,-0.00010202724,6.404283e-05,0.00023647051,-6.5035354e-05,-1.8754698e-05,0.00010993472,7.387155e-05,5.9573915e-05,7.022863e-05,0.00015161558,-0.00011329339,0.00018600622,-0.00013517472,2.7742456e-06,-2.0782056e-05,0.00018138227,1.067242e-05,0.00024370819,0.0001282922,-0.00013691817,0.000116049996,-4.4517524e-06,0.000103335835,5.8794692e-05,-4.437283e-05,-6.9296344e-05,8.226982e-05,0.00017324365,0.00020699982,2.1229785e-05,-0.00023558618,6.1546275e-06,0.00028597744
NM_002046,-2.1915203e-07,0.00012788997,0.00012490273,4.380806e-05,-5.892271e-05,0.00020081637,0.000100971534,0.00015053277,3.0239204e-05,3.394887e-05,0.00013243633,-5.089336e-05,-4.860512e-05,0.00011262048,8.720273e-05,3.308554e-05,-7.122553e-05,6.7418354e-05,0.0002387097,-0.00014468622,-9.116818e-05,0.000103479244,0.00010468187,5.7830257e-05,0.00023036383,-7.928842e-05,-9.5262556e-05,6.873286e-05,7.544755e-05,3.3823613e-05,5.9766815e-05,1.660796e-05,0.00020882075,3.4339922e-05,-7.7481905e-05,-3.2188957e-05,-5.1465813e-05,-4.690473e-06,6.550114e-05,0.00024312231,0.0001850621,0.000115840354,-5.0920433e-05,5.9243383e-05,-0.00014027888,2.4672545e-05,-0.00010968855,-2.5682146e-05,-3.3969566e-06,8.336436e-05,-0.00012499437,-2.7742613e-05,0.00016146194,0.00021634795,-4.3474534e-05,7.244724e-05,-4.0019957e-05,0.00012421371,0.0002617135,0.00026770987,-5.378153e-05,4.8901784e-05,1.9809206e-06,-6.570388e-06,2.5487154e-05,1.1065565e-05,0.00011241015,5.7966165e-05,-2.0600675e-05,0.00016764458,-1.1741866e-05,0.00010935523,-0.00011301451,-6.908157e-05,-0.00011571954,-5.6563298e-05,-6.667615e-05,-0.00010336911,0.00015167685,0.0002735276,0.00015884243,0.00010885092,2.7036485e-05,0.00010616362,0.00011757489,3.0301728e-05,0.00015039466,-3.7879054e-05,4.4247463e-05,0.00020929547,6.705044e-05,0.00013173095,-0.00011481804,5.208624e-05,0.00032590222,0.00023671033,0.00020897567,2.9737497e-05,-0.0002448433,6.137367e-05
NM_025237,9.245644e-06,0.00010050919,-3.170734e-05,-0.00016057871,-4.7010803e-05,0.00010544409,8.6186934e-05,0.00016770113,5.119099e-05,0.00016298216,-7.97931e-05,6.721197e-06,6.0007867e-05,9.4302675e-05,-0.00012204519,1.3651287e-05,-2.0115315e-06,0.00014644192,-0.00010556695,4.161116e-05,-4.1279607e-05,-5.5159497e-05,0.00020923126,-4.5231365e-05,4.1653882e-05,5.319148e-07,4.8935384e-05,9.2731236e-05,0.00024122637,-0.00012047449,-7.8432946e-05,0.000106120875,1.4427073e-05,0.00018764021,0.00012373815,9.857166e-05,0.00022914741,5.7860292e-05,-3.811554e-05,0.00017724543,3.7021586e-05,-2.9386896e-05,-0.00028367585,7.1884904e-05,-7.405823e-05,-8.39107e-05,4.2428535e-05,3.6715377e-05,4.1916617e-05,3.145899e-05,3.271123e-05,4.5755332e-05,7.771855e-05,9.383382e-05,-0.00023852222,1.4104093e-05,2.9783703e-06,1.0507747e-05,0.00014069582,-3.5958827e-05,-2.1306763e-05,0.00010858934,-7.1921444e-05,6.802698e-05,0.00022580185,1.4884621e-05,-8.528562e-05,-1.8081506e-05,3.3434888e-05,-0.000119076896,0.00013569383,2.8942899e-05,6.045987e-05,0.0002030214,7.2221934e-05,0.00027286907,3.4976903e-05,1.3432632e-05,1.2954498e-05,-9.716977e-06,-7.479013e-05,-6.687645e-06,-5.519572e-05,-5.1446434e-05,5.2839816e-05,7.6849195e-05,8.692734e-05,1.964283e-05,8.015829e-05,0.00011630341,4.4864704e-05,7.543359e-05,6.8727335e-05,-5.0782808e-05,6.603422e-05,0.00015393307,4.9584938e-05,-6.6906787e-06,4.57146e-05,2.3019888e-05
NM_080692,-3.4700556e-06,4.579041e-05,-7.955204e-05,-1.7245136e-05,0.00030276887,3.1482905e-05,0.00013708814,-9.716925e-06,-5.0230014e-05,3.8517865e-05,3.6981488e-05,0.00013459095,0.00018266779,0.00014223263,-3.6609055e-07,5.702571e-05,0.00019397383,0.00011922758,-0.00021480802,-0.00020037564,-0.00016268226,-0.00011513694,0.0001023788,1.2694459e-05,-0.0001375355,-0.00021338352,0.00013282291,0.00014227392,4.174282e-05,-3.6773024e-05,0.00017816419,5.9696035e-06,0.00013482764,6.302434e-05,-5.780395e-05,-0.0001644187,-2.1281765e-05,2.3701561e-05,-4.1882224e-05,-0.000100195946,3.6415262e-05,-1.0400173e-05,0.00010156454,0.00012009899,0.00010329269,-0.00025591592,-0.00028621222,0.0001567552,-1.509346e-05,0.00014646706,-2.8239741e-05,-9.741903e-05,7.920426e-06,-0.00015589026,-4.098349e-05,0.00010481175,-0.00022535627,-0.00012679612,7.3512936e-05,-1.6649336e-05,0.00030919575,0.0001357112,0.0001685064,-9.6432406e-05,-0.000110526904,-8.0052654e-05,7.818468e-06,-3.0254016e-05,0.000102259255,6.21476e-05,0.00010327071,-4.908213e-05,3.7086345e-05,-5.849883e-05,-0.000118317526,-9.266547e-05,5.132987e-05,5.153267e-05,-1.1085886e-05,-6.42338e-05,5.683496e-05,0.00028947063,-9.722215e-05,7.8575475e-05,-0.000101352496,0.00010832662,8.205315e-05,-0.00010722374,8.257282e-05,4.4112483e-05,-9.942939e-05,6.6539156e-05,6.588367e-05,-0.00012422855,9.631304e-06,-4.0313193e-05,-9.017175e-05,-0.0001105341,0.00018273066,0.0002089673
NM_003342,0.00012720062,0.00013630527,-1.9459156e-05,0.000171261,8.169775e-05,2.1856198e-05,0.00021689756,0.00016325938,5.4322547e-05,-4.679853e-05,7.4717155e-07,2.0418414e-05,4.275028e-05,0.00023532366,2.9814478e-06,6.776964e-05,5.6585897e-05,-3.897778e-05,5.650989e-05,7.8533005e-05,0.00017047413,0.00010692343,1.3086048e-05,8.100863e-05,0.00018179961,0.00011126942,-8.8573444e-07,7.935186e-05,0.00018146644,9.882966e-05,-4.8912316e-05,5.880133e-05,0.00012174955,-2.2429017e-06,0.00010125087,0.00010988309,-2.6852387e-05,0.00013941168,0.000100266516,-0.0001098319,8.3873994e-05,7.0109665e-05,-3.4383436e-05,0.000120314544,0.00010910441,0.000116451374,7.0163536e-05,7.380042e-05,0.00012506773,9.0213915e-05,0.00013270111,2.724738e-05,-1.5817912e-05,0.00017587368,2.4448089e-05,4.9567407e-05,0.00015291182,0.0003771917,0.00010198768,-5.134604e-05,1.3337384e-05,-3.0946092e-05,2.0238429e-05,0.00021663055,0.00013708811,-3.4170564e-06,-2.2653188e-05,3.6806374e-05,1.635274e-05,-1.5120284e-05,-3.085158e-05,2.6926018e-06,5.2217507e-05,6.911149e-05,-1.2377919e-05,0.00014841034,5.093788e-05,0.00010209285,4.3721066e-05,-3.758805e-05,4.5936365e-05,3.1233343e-05,-4.3750038e-06,2.714169e-06,0.000112299684,0.00011682471,0.00012192134,3.1702733e-05,0.00011848823,1.680563e-05,0.0001933733,5.4557593e-05,-7.052322e-06,-3.133012e-05,0.00029429063,0.00012056937,6.339264e-05,0.0001819276,-7.858749e-05,9.0193826e-05
NM_003340,4.3347034e-05,0.0002089145,0.000118774646,9.0894595e-05,4.6387006e-05,0.00012303241,2.697286e-05,0.0001751437,1.386942e-05,0.00014202228,0.00015083287,2.0561843e-05,4.170086e-05,0.00011278231,0.00019360405,9.246131e-06,3.59146e-05,7.839922e-05,3.4351015e-05,0.00014985449,3.0063975e-05,0.00015802504,0.00015165335,8.460245e-05,0.00011457743,0.00018568813,0.0004447141,7.555469e-05,0.00011571554,3.054535e-05,2.8693457e-05,6.818111e-05,3.076656e-05,0.00017628193,1.400516e-07,0.0003860893,-4.736489e-06,-1.3568552e-05,3.3822293e-05,4.8732498e-05,3.4037184e-05,0.00010842939,0.00011033218,5.2923566e-05,1.6189973e-05,0.00014418704,9.882027e-05,4.246703e-05,3.095947e-05,5.7697034e-05,0.00010150973,2.3186525e-05,4.4316224e-05,1.7512903e-06,0.00010410527,0.00014396493,-5.2517877e-05,-5.4773118e-05,0.00016221673,4.435474e-05,3.4317156e-05,0.00020243459,3.067693e-05,0.00018634528,0.00015262187,5.12054e-05,-3.6883546e-05,-4.762044e-05,1.8864972e-05,0.0001149738,-2.6828755e-05,3.3664797e-05,-1.213317e-05,0.00012231396,3.6642985e-05,0.00012857551,9.382082e-05,0.000121911406,5.009963e-05,2.9241852e-05,-9.2242735e-06,4.4122044e-05,9.206563e-05,9.955474e-05,-6.1166093e-06,-0.00011670192,-2.3395132e-05,0.00012174597,-8.1934006e-05,4.8478443e-05,7.244846e-05,3.218305e-05,7.706813e-05,0.00011795857,2.4863031e-05,5.6239584e-05,-4.6983205e-05,3.191102e-05,1.3189845e-05,2.4445073e-05
NM_003969,4.7825157e-05,0.000112339214,7.17885e-05,1.6712247e-05,5.781821e-05,2.1153275e-05,6.7182555e-05,-5.294449e-05,-5.4534525e-05,0.00015348241,2.0598169e-05,-4.29895e-05,0.00012913019,0.00023077714,8.36481e-05,8.746943e-05,9.223507e-05,5.5107084e-05,4.908364e-05,5.372881e-05,-3.933976e-05,1.1413717e-05,0.00015056028,-9.4486226e-05,5.2616837e-05,0.00010823275,7.798068e-05,5.196113e-05,0.000277449,3.255646e-05,7.415307e-05,-4.5731846e-05,3.797561e-05,4.3405988e-05,9.596052e-05,6.6305445e-05,0.0001819657,0.00015125462,6.017252e-05,7.060622e-05,-2.874746e-06,0.00014870796,-8.889626e-06,1.9526624e-05,0.00014528971,0.000105830855,-4.667647e-05,7.082784e-06,0.00021961215,-3.6072466e-05,0.00010495876,0.00014097744,-1.6301941e-05,0.00015459469,-1.0017235e-05,-5.779759e-05,4.4167202e-05,0.00014713242,3.5722718e-05,1.2982857e-05,4.1303596e-05,7.867607e-05,9.229666e-05,0.0002194731,0.00010181044,8.59671e-05,-2.8612123e-05,-9.533096e-05,0.0001593637,0.00021305178,-2.8913451e-05,0.00014520023,-1.3046283e-05,-3.6570502e-05,3.373077e-05,0.00020141435,0.0001949604,7.568792e-05,-8.525761e-06,0.00020012066,-5.35515e-05,-5.0928284e-06,2.811622e-05,-0.00014279345,0.00014617479,-0.00015505003,0.00036259127,0.00012208846,1.389826e-05,-7.331175e-06,0.00017401921,0.0001694388,0.00015215758,0.00010742441,0.00010945907,5.2935247e-05,0.00014909358,-0.00010222724,0.00013520928,2.732587e-05
EGFP,0.00014260295,0.00012272746,-4.378832e-05,-1.0772825e-05,0.00019639215,0.00015972595,9.972171e-05,5.9999235e-05,0.000113050606,9.2315306e-05,-1.1988493e-05,0.0001442479,0.00020277462,0.00012260515,7.50132e-05,2.4095416e-06,0.00014772256,-1.1391629e-05,0.00020901444,0.00017951654,-0.00013114112,0.00013464825,2.5709174e-05,6.1592386e-06,9.90753e-05,0.00010926154,-7.324222e-05,1.4637894e-05,-3.6973335e-05,2.0833977e-05,0.00012128432,-6.232554e-05,-3.0288094e-05,0.000113877155,3.2814514e-05,8.585714e-05,7.124804e-05,9.1698064e-05,-1.5880696e-05,-1.340916e-05,6.59989e-05,-4.1205818e-05,-0.0001149902,0.00029298506,4.0424e-05,6.821861e-05,-4.8106405e-05,0.0002052102,0.00017395761,0.00012490348,-8.145231e-05,9.3793715e-05,0.00020680012,0.00020108122,8.1418446e-05,4.8719758e-05,1.1756721e-06,-6.17268e-05,-7.529604e-05,0.0001643021,7.2509814e-05,7.703541e-05,-0.00013642,-9.751521e-05,0.00016118742,0.00010140146,6.2169995e-05,-0.0001326779,8.236325e-05,-9.392015e-05,-5.0053863e-05,-3.0162995e-05,-0.00011521332,-5.6027133e-05,4.5614805e-05,-4.6759083e-05,0.000114731774,7.3622046e-05,2.2574965e-05,0.00010038343,4.965387e-05,-0.00015717653,2.138208e-05,6.0589544e-05,-3.7462367e-05,0.00016952773,0.00016737741,-5.5287614e-06,0.00022503719,3.9144616e-06,-0.00025907977,2.2081302e-05,3.7027243e-05,-0.00017794372,-0.00012834968,0.0001443154,-0.00015557845,0.00015560923,0.00037690127,-8.824109e-06
K03455_4,0.00020476847,1.8672064e-05,0.00013312986,1.7877519e-05,5.571633e-05,0.00016250365,3.1413392e-06,-3.943848e-06,1.5496342e-05,2.8955397e-05,0.0002093827,0.00019902873,0.00013597221,6.1426067e-06,6.0980758e-05,2.621869e-05,0.00012826911,5.5151188e-05,2.6353859e-05,0.00015875678,-0.000109518594,0.00012250696,-6.962204e-06,2.7457232e-05,0.00010215749,6.723851e-05,-4.3317017e-05,0.00017983938,3.5557765e-05,7.0711656e-05,0.00021527274,0.00013476002,6.614315e-05,8.569809e-05,3.1001513e-05,3.7011247e-05,2.0200976e-06,0.00011852197,0.00015514165,0.0001669293,0.0001603214,8.585506e-05,7.2001756e-05,-4.4530498e-05,-3.6276917e-05,6.5168635e-05,-9.467778e-05,0.00029165196,-2.691926e-05,-4.565162e-05,8.106199e-05,-1.0793635e-05,6.0802206e-05,2.7919434e-06,0.00015599771,0.00014491766,-0.00015106148,5.6006676e-05,0.0001560655,-4.3377826e-05,2.423004e-05,-0.00012920142,0.00020882988,2.7652548e-05,0.00025679093,-0.0002096333,-1.45048525e-05,0.00019655467,-8.670321e-05,-1.6548205e-05,0.00014067034,0.00025948405,6.467958e-05,0.00016356178,-4.7065336e-05,-9.4121475e-05,0.00015050005,3.384149e-05,2.320143e-05,5.3829153e-06,-0.0001176126,-1.09860375e-05,0.0002773956,0.000108744876,9.94678e-05,0.00011063455,1.3040349e-05,3.951279e-05,0.00024969334,0.00015796087,-6.2370156e-05,3.0176952e-08,3.9442675e-05,5.692737e-05,-8.311213e-05,1.6016696e-05,6.8955436e-05,9.506149e-05,-7.8185e-05,0.00028403176
AF324493_5,0.00016568729,-3.0239436e-05,-4.473067e-06,0.0002369425,0.00011626751,0.0001750604,0.00012318646,0.000115920266,0.00015610052,9.0994195e-05,1.7070088e-05,0.00012623971,3.6997764e-07,4.388987e-05,0.00016256802,9.4176634e-05,6.400745e-05,0.00012527012,9.340695e-05,0.00017094592,0.00014999481,0.000225785,5.527973e-06,1.0878897e-05,0.00022109796,4.8005022e-05,-3.3906123e-05,9.141838e-05,-1.8380641e-06,0.00015691682,6.257598e-05,4.289894e-05,7.024869e-06,4.4808632e-05,7.427787e-05,2.225073e-05,0.00011735905,8.898362e-05,0.00013227866,-4.8496586e-05,0.00019825503,0.00011349148,9.973407e-05,4.3309494e-05,1.7499895e-05,5.065001e-05,-2.6649202e-06,6.905861e-05,4.1522006e-05,2.5368863e-05,0.00011886025,7.524553e-05,6.269469e-05,0.00010765287,5.964923e-05,9.620153e-05,0.0002407933,1.737842e-05,0.00012086703,-4.2911874e-05,0.0001683635,4.4379292e-05,0.00028399847,-5.8114205e-05,0.00023762671,7.282254e-05,-0.00020807482,-6.813037e-05,0.0001968569,5.648978e-05,0.00025303315,0.00010636257,-1.748223e-05,-5.973832e-05,1.653025e-05,4.2103038e-05,2.8530817e-06,8.495105e-06,-0.00013206022,6.9179354e-05,8.820986e-05,0.00011723091,-0.00016044918,-0.0001820563,9.111626e-05,0.00021475498,0.00036020705,0.00020330466,1.0747794e-05,-3.58977e-05,7.463608e-05,0.00015520617,0.00023183964,0.0004107433,-2.4296363e-05,0.00020325487,8.361707e-05,8.040385e-05,-2.0116582e-05,3.3880762e-05
AF324493_1,4.180949e-05,8.754482e-05,-8.891134e-05,0.00014078442,-1.4901447e-05,3.62805e-05,-1.6080045e-05,0.0002227122,-2.5125833e-05,-5.8997914e-05,5.413374e-05,-0.00025696313,0.000102405196,0.00015709206,-0.00010600281,-7.507636e-05,4.9266288e-05,2.8137669e-05,-4.107718e-05,-5.418474e-05,-0.00011605839,-4.0161627e-05,-9.5049705e-05,0.00014315716,-0.00018045318,0.00027413337,-8.916627e-05,-4.2491527e-05,0.00015103596,-2.3129522e-05,-0.00011192802,0.00011443134,2.4184441e-05,-3.3653712e-05,-4.4134795e-05,3.642765e-05,0.00010514949,1.7097225e-05,-9.118675e-06,0.00010811565,7.167673e-05,0.00010350886,-5.4954553e-06,-4.6302128e-05,0.0001306926,5.8211994e-05,2.4965668e-06,-5.6497356e-05,-2.6395302e-05,0.00027633266,1.9346424e-05,-9.018659e-05,-5.5847722e-05,2.2013186e-05,-1.3855226e-05,4.9506794e-05,0.00014991748,-0.000100834965,4.8993712e-05,-5.117937e-05,0.0001579386,-7.768621e-05,-8.416435e-05,-0.00011959666,6.515237e-05,-0.00020241408,-2.8837834e-05,-2.7609594e-06,0.000135195,-4.7432248e-05,1.5122106e-05,0.00014132858,0.00012262793,-0.00010069013,-5.821492e-05,2.1479118e-05,6.140629e-05,-5.1262177e-05,-5.802228e-05,-9.77286e-05,0.0001549195,-8.6904074e-05,0.000115412484,-0.00012843704,3.6135607e-05,5.3417392e-05,-6.246619e-05,-3.41743e-05,-2.400167e-05,-1.2672652e-05,1.1733934e-05,4.6709672e-05,7.162695e-05,3.7360613e-05,9.284194e-05,9.957306e-05,6.595489e-05,0.00012381446,0.000103684324,0.00012503211
AB023804_4,4.536217e-05,-7.711621e-05,0.00013841508,-1.62237e-05,8.82128e-05,8.076297e-05,-0.00012486122,-8.585017e-05,0.000120982215,-2.9601926e-05,-0.00015269937,-9.302728e-05,-1.4200066e-05,0.00011429727,-4.912559e-06,0.00010215016,9.004741e-05,-2.8825485e-05,0.00013721312,0.00014790533,-5.317882e-05,0.00016258791,0.0001986165,7.0682676e-05,3.2280983e-05,1.8376279e-05,3.9214432e-05,-3.5339155e-05,-3.4094069e-06,-1.1367193e-05,5.2203304e-05,-0.0001689331,-6.355053e-05,1.1388194e-05,0.00023056366,9.4672396e-05,9.864923e-05,0.00028307413,2.4772384e-05,6.223433e-05,7.930083e-06,-0.00015474822,1.2102816e-05,0.00013028027,0.00012876431,5.3532116e-05,0.00016475137,-0.00015350395,-0.000101810394,4.955301e-05,3.1825773e-05,5.305122e-05,-2.1802556e-05,4.857116e-05,-1.2065757e-05,-2.581104e-05,-3.470613e-05,-7.39567e-05,5.4191547e-05,0.0001290742,-4.9965034e-05,-0.000112712514,0.0001193678,0.000120214056,0.00013397123,8.628524e-05,-6.775587e-05,0.000113481015,-7.990961e-05,-7.0910132e-06,6.554609e-05,-2.5110014e-05,8.247052e-05,-6.391974e-05,0.00010947985,6.541031e-05,4.355064e-05,9.842859e-06,0.00021712249,5.7196838e-05,0.00017070479,0.00016054523,-5.1707535e-05,-9.505554e-06,6.0935927e-05,0.00012896713,7.46278e-05,0.00013007627,-5.341066e-06,6.225067e-07,-6.5506225e-05,-4.3426528e-05,-2.9065186e-05,0.00012396957,6.840533e-05,7.026752e-05,0.0002374342,-3.8289178e-05,0.00012819338,6.495475e-05
EU541617_2,0.000108950895,-2.9006347e-05,7.525798e-06,0.00013511458,-4.499805e-05,9.857457e-05,0.00025959703,7.253094e-05,9.171908e-05,9.4379204e-05,-0.00010799453,-2.391391e-05,7.105927e-05,4.104791e-05,-8.750525e-05,1.3052303e-06,-0.00015656046,-7.984114e-05,0.00016516207,-1.27351495e-05,-3.53393e-05,0.00019764117,-6.295863e-05,0.00012302355,-5.2462452e-05,-7.0342735e-06,0.00011162478,1.4099588e-05,2.2734363e-05,3.9251903e-05,7.7214485e-05,-9.9767785e-05,-6.435114e-05,5.343924e-05,-0.00017162228,0.00014592992,-5.1855426e-05,0.0001864017,4.760002e-05,0.00010712058,-9.413313e-05,-7.734226e-05,0.00015560549,-8.795387e-05,0.00020748166,0.00019979625,-4.4847726e-05,-0.000114573726,8.2906445e-05,2.4971316e-05,-7.605898e-05,0.000106303996,3.6313228e-05,-0.0001031858,0.00022188995,-7.71927e-05,0.00012416721,9.611982e-05,2.537355e-06,6.1622864e-05,7.000826e-05,-2.1057678e-05,1.1032512e-05,3.590238e-05,7.521708e-05,-0.00017782062,3.0047055e-05,-3.1593067e-05,-3.7297672e-05,-7.601355e-05,9.452718e-05,0.00014934318,-0.00011006226,-3.477541e-05,9.8848495e-06,-4.255716e-05,-3.441144e-05,0.00012091262,-0.00016259775,-6.0228085e-05,-0.00012846658,0.00021772647,-9.493708e-05,-4.9319948e-05,0.00012602465,0.0001134557,0.00014480382,0.00027701407,-4.818821e-05,-0.00011024631,0.00020866511,-0.00017001516,-2.5345907e-05,-2.4336993e-07,0.0002926848,-3.7255966e-05,-0.00010862367,3.1886546e-05,6.99105e-06,-5.1877785e-05
K02013_5,1.5099455e-05,0.00014380843,0.00012511495,7.1070244e-05,7.061432e-05,0.00012597085,0.00014402924,7.879656e-06,3.7492846e-05,0.00013934949,0.00012692768,6.900451e-05,5.227874e-05,0.00012809558,0.00014187714,-7.0789713e-07,0.0005269794,0.00015309753,4.9548154e-05,4.7646103e-05,0.000102064754,7.6951306e-05,0.00015371575,5.847635e-07,4.9450373e-05,0.00012459554,0.00019201859,0.00012358,-0.00012399322,-1.5037084e-05,-0.00017865775,-0.0002279948,0.00012932484,0.00014959245,8.743643e-06,9.014334e-05,0.0002157317,6.1250306e-05,-2.767224e-05,1.662462e-05,0.00010645109,2.9290495e-05,3.9135983e-05,8.286011e-05,2.616055e-05,8.668919e-06,-1.0897939e-05,-1.7005974e-05,-4.655073e-06,0.00010317923,1.6514541e-05,0.00014853498,-6.134067e-08,-2.1919611e-06,0.00011103579,5.7182682e-05,0.00014903278,0.00011695362,8.791127e-05,5.6001398e-05,8.5921885e-05,4.5743414e-05,5.097639e-06,4.2310705e-05,1.8428984e-06,2.4568257e-05,-0.00016812031,-5.2409836e-05,5.960727e-06,3.9364284e-05,1.814904e-05,0.0001333968,-5.811437e-06,2.2030548e-05,1.9046538e-05,-4.642688e-06,2.3516566e-05,7.614616e-05,1.5200656e-05,3.8006365e-05,-7.051546e-05,2.6244104e-05,-1.1870316e-05,9.941238e-07,1.3512992e-05,9.558178e-05,1.3002623e-05,2.2562583e-05,4.094517e-05,2.2205784e-05,1.9751815e-05,-3.0149038e-06,9.566949e-05,2.33418e-05,3.614031e-05,1.4659905e-05,4.743447e-05,4.8423724e-05,8.819664e-06,1.1986868e-05
AB052995_3,-9.408895e-05,0.00016289948,3.852609e-05,8.330796e-05,1.6555434e-05,-6.208291e-06,0.00016067621,1.4163253e-05,-5.0558854e-05,0.000109907756,9.328242e-05,-6.179076e-05,0.00021549212,7.958142e-06,3.4912046e-05,-2.0984065e-05,0.0001179573,7.986215e-05,8.340539e-05,0.000164119,0.00020177205,7.1840864e-06,1.1070476e-05,6.841542e-05,0.00015173065,4.699677e-05,0.000106370644,0.00010254479,2.8530107e-05,0.00013594453,0.00016440338,0.00013065105,3.5457882e-07,-5.4491386e-07,9.93682e-05,0.00011420467,0.00061189005,0.00028357023,0.00014136896,9.49364e-05,-4.35361e-05,-7.8307196e-05,0.00014527977,4.914311e-06,9.154634e-05,0.00025061227,-6.7284585e-05,-3.8217462e-05,1.3185063e-05,-8.347217e-06,0.00011513526,0.0001566796,-0.00017548939,8.208298e-05,-6.383917e-05,1.1315367e-05,-0.00010210548,-9.052054e-05,6.661564e-05,0.00020916121,0.0001784725,-6.8885485e-05,-4.6631438e-05,-6.394631e-05,0.00028052295,0.000100408164,0.000105392486,7.404042e-05,5.1711937e-05,0.00021512219,0.00017808833,9.156257e-05,8.047122e-05,3.3463417e-05,7.1082635e-05,-7.428061e-05,-3.715329e-05,0.00017615187,8.7920074e-05,-3.544559e-05,0.00010098312,-1.2353459e-05,-3.2826597e-06,-9.9698394e-05,-4.9049955e-05,-5.0302362e-05,4.16071e-06,-5.2314444e-06,8.711446e-05,-5.755301e-06,-2.9422346e-05,2.1878668e-05,-0.00011364013,0.00019160163,5.9050108e-06,6.540637e-05,8.885365e-05,0.00011429026,-5.5196673e-05,0.00012923803
M17451_1,8.7310245e-06,0.00014295006,0.00013030614,6.31104e-05,8.742301e-05,0.000116074254,0.00014328562,1.15634375e-05,0.00014415118,1.0290025e-05,1.4122648e-05,0.00014428308,5.824027e-05,0.00013054097,0.00013645127,4.7793357e-05,8.898038e-05,0.0001134984,0.00014030721,3.3728928e-05,0.00013360562,5.3725693e-05,1.07749165e-05,0.00014339626,0.00011706088,8.399467e-05,1.1073218e-05,0.00014314443,0.00010242,0.00010400964,2.0355505e-05,0.00013764008,0.00013383913,4.1793406e-05,0.00016604674,0.00017398933,6.088856e-06,0.0001535951,-1.5459024e-07,6.19118e-05,0.00016488605,2.5070556e-05,7.197196e-05,3.270553e-05,8.149651e-05,0.00012519871,0.00013610815,8.784589e-06,6.86525e-05,0.00012248996,0.00017077089,2.9009918e-05,3.452874e-05,9.846766e-05,0.00010847915,8.089476e-05,3.7018635e-05,0.00013265306,0.00012804466,1.5581198e-05,5.2644253e-05,0.00016865182,1.4287982e-05,0.00014173654,4.048778e-05,0.000110096335,0.00011253386,3.3186e-05,4.499304e-05,0.0001455182,0.00015445823,6.479413e-05,0.0001701434,-2.5332336e-06,0.00010231076,8.878845e-05,5.3884934e-05,0.00011133664,7.322234e-05,7.175478e-05,9.466633e-05,1.8735325e-05,-7.237345e-05,-2.4169574e-05,0.00017014769,0.000111922986,0.00014455357,7.1220806e-05,1.8193752e-05,3.014393e-05,0.00011683245,2.3660325e-05,2.9398532e-05,8.646071e-05,7.9570666e-05,1.443804e-06,-4.9160342e-05,7.152029e-05,0.0001275321,7.523372e-05
K03455_1,8.259453e-05,-2.6197464e-05,2.2795533e-05,6.522079e-05,7.0439775e-05,-6.908696e-05,-4.7211703e-05,1.1152071e-05,-5.9901082e-05,-5.994575e-05,0.00010047362,0.00012521597,0.00013660804,-4.680886e-06,-6.4346596e-06,-0.00016995,-1.6442815e-05,-0.00014877008,1.9221452e-05,1.7429816e-06,-1.912065e-05,2.5168713e-06,-0.00016696476,8.735767e-05,-0.000118121956,0.00010627221,0.0001705305,9.53419e-05,-0.00016020868,-0.0001778076,-6.3265175e-06,0.0001140521,3.5754623e-05,-6.089819e-07,0.00013834849,-4.110143e-05,-1.9382553e-05,-1.1692992e-05,-6.3113155e-05,-0.00014505025,4.787379e-05,-0.000110373476,-5.6562498e-05,0.0002191276,6.641915e-05,8.3242114e-05,1.635402e-05,-0.000107632426,8.1574915e-05,0.00025656278,0.00011301955,3.5961497e-05,-7.2913413e-06,0.00021355541,2.6420066e-05,-4.016333e-05,7.378161e-05,0.00010653885,8.767271e-05,0.0001897952,-2.5281795e-05,-4.039177e-05,-3.2967888e-05,9.872496e-05,5.351957e-05,-3.0335139e-05,-2.4882012e-05,-4.5612025e-05,0.00018230146,-0.00018276338,-3.5293837e-05,0.00019216053,1.5130861e-05,-5.2285402e-05,1.5213325e-05,7.8549274e-05,-8.4591724e-05,-0.000102880025,-6.356653e-05,2.691157e-05,-2.5043204e-05,-3.504686e-05,0.0001346007,0.00021514522,-2.2898623e-05,-4.0309194e-05,-0.00013196249,0.00033438514,5.3315376e-05,-9.363736e-05,-7.617432e-05,-0.00012616126,8.4664374e-05,-4.9319817e-05,0.00011565463,-0.00010053793,-0.0001981336,-1.5531715e-06,0.00018740167,0.00021295968
AB052995_4,0.00013658963,-4.246541e-05,2.4736619e-05,3.007076e-05,-4.4194705e-05,0.000181805,9.62547e-05,8.0660735e-05,3.3433244e-05,4.3644886e-05,0.00010090929,1.4907324e-05,0.00012348233,2.680785e-05,0.000113479444,7.882321e-05,6.4644344e-05,7.993564e-05,0.00016441736,0.00019876285,-0.00012626805,8.62884e-05,7.2407274e-05,4.2632542e-05,5.8402347e-05,-7.26691e-05,0.00013613701,0.00013574428,0.00015960618,-2.123169e-05,3.7157766e-05,-8.1142745e-05,7.63855e-05,-0.00011785101,0.00015882816,0.00010507428,0.000120500255,0.00016055492,3.2367316e-05,9.2422415e-05,-1.5519832e-05,-7.825151e-05,6.398658e-05,7.162847e-05,3.0017429e-05,4.903914e-05,0.00024394048,0.00019511947,0.00011900792,5.843899e-05,8.929089e-05,0.00011681745,-8.303807e-06,9.272025e-05,-0.00011194031,0.00018101081,7.167971e-06,0.00011265055,6.1295978e-06,4.2531177e-05,2.3736578e-05,1.7591916e-05,-1.973094e-05,-1.7423958e-05,0.00018051548,6.8740326e-07,-1.7294195e-05,3.4449014e-05,-0.00014611536,0.00020321528,-0.00014024207,0.00020350896,5.60265e-05,3.9096434e-05,8.032146e-05,-3.9181217e-05,0.00014506269,9.266756e-05,3.3012628e-05,0.00024180493,-2.0098203e-05,0.000247372,0.000143851,5.346469e-05,-3.5416535e-05,0.000103022445,-1.9167419e-05,-0.000105871215,-1.753928e-05,-2.4673594e-05,-3.1618238e-05,0.00013357433,-3.134138e-05,0.00022806182,9.277598e-05,4.375022e-05,0.000118830045,4.2870242e-06,5.899666e-05,6.525676e-05
AB023804_3,8.6038286e-05,-6.8327186e-06,3.548918e-05,0.00013674502,3.8403276e-05,-3.495998e-05,0.00017503512,-2.4821622e-05,6.129177e-05,0.0001466686,-0.00015278679,0.0002678616,-1.8785757e-06,7.73651e-05,0.00020833554,-5.4248165e-05,2.244067e-05,0.00014603141,0.00016093651,4.1913405e-05,0.00014448246,3.3445278e-05,0.00015411802,-5.6983597e-05,3.8266524e-05,6.618371e-05,-3.516098e-05,0.00011190575,0.00017381326,7.643304e-05,3.6624962e-05,4.8172365e-05,1.5822037e-05,0.00031651277,0.000112529444,-0.00017965047,0.00016178418,0.00021407052,-8.037095e-05,-6.071505e-05,-4.822332e-05,0.0002693528,-2.2981028e-05,0.00024402482,1.5633734e-05,0.00015704804,-1.2669002e-06,7.971793e-05,-4.4335415e-05,0.00011741852,-4.864015e-05,0.00019842784,-0.000103139886,-3.3622517e-05,0.00019842462,-0.000119889,7.699557e-05,0.00016217137,8.803174e-05,-2.4150126e-05,0.00011997041,-8.974542e-05,-7.249854e-05,-0.00020870277,-0.00012083578,2.7730346e-05,7.579922e-05,5.7123005e-05,5.7425546e-05,6.13597e-05,0.00014190319,-7.120216e-05,7.068483e-05,0.00014819756,5.073431e-05,-7.336992e-05,-0.00018671232,-2.0131622e-05,-5.1408166e-05,7.780188e-06,5.180422e-05,4.6770398e-05,7.352857e-05,0.00015657468,0.00015905316,2.645065e-05,-8.770194e-05,5.4988588e-05,3.863922e-05,5.5087935e-06,-7.160136e-05,6.91403e-05,5.6142766e-05,4.2888492e-05,2.6548703e-05,0.000100843514,7.5649914e-05,3.0981137e-05,-2.4471836e-05,6.28027e-06
AF324493_6,-3.384813e-05,7.9390615e-05,-7.862747e-05,5.660521e-05,0.00023931188,8.0083315e-05,0.00020315878,0.000109523266,-7.9455196e-05,4.5993253e-05,7.280531e-05,-1.18231765e-05,0.00021069923,9.527946e-05,3.505173e-05,0.00010207397,-5.436667e-05,6.121956e-05,1.8884666e-05,0.000119774486,4.7750047e-05,6.65031e-05,5.0976825e-05,-3.7422808e-05,-7.967766e-05,0.000107999396,-9.076002e-06,0.00017963235,7.348892e-05,-2.9311253e-05,-3.012041e-05,0.00013503419,-8.005033e-05,-2.9553394e-05,2.5670442e-05,-1.7252964e-05,-8.7367924e-05,-1.8544853e-05,0.000111275935,-7.2664196e-05,0.00021387584,-4.1439256e-05,0.00017218602,0.00015936374,5.6378536e-05,-0.00016100558,3.7371476e-05,-4.1855168e-05,3.4924054e-05,-3.9231996e-05,-4.2934014e-05,-0.0001483456,-0.00018901996,0.00021325902,0.00021726059,7.649743e-05,-6.136341e-06,0.00014404066,-4.5252327e-06,0.00024949302,-0.00019294998,-2.1957718e-05,0.0001049127,2.7162707e-05,0.00013472995,1.9075154e-05,-3.3894645e-05,0.000138741,-0.00010753721,-5.4312288e-05,0.00034445382,3.6413394e-06,-1.4154748e-05,3.784362e-05,-1.5095082e-05,1.222523e-05,0.00019330134,-1.2890274e-05,4.377259e-06,4.0279527e-05,0.000107508895,-0.000116816394,-1.14825525e-05,-1.6167356e-05,-7.6595556e-05,-6.2014646e-05,0.00015655425,-0.00019064778,0.00010188882,1.5591439e-05,0.000130153,8.10024e-05,8.04524e-05,0.0002707329,-5.262612e-05,0.00027056836,6.320281e-05,0.00010279451,5.1413233e-05,-2.6135818e-05
EU541617_4,3.6669302e-05,0.00015274208,0.00011465069,0.00015483976,0.00012103779,0.00016635179,-0.00016451151,2.0969675e-05,4.8459096e-05,-4.1593004e-05,-6.129146e-05,7.323702e-05,-6.572439e-05,-8.5375126e-05,-4.8008438e-05,-5.6193196e-05,0.00025119734,-0.00011404911,4.5847624e-05,4.2150903e-05,-5.516093e-05,-1.916432e-05,0.00021991659,0.00021601706,9.76823e-05,9.1135444e-05,-8.0750826e-05,-4.7514382e-05,1.7234452e-05,8.8665656e-05,0.0002178642,0.00010968584,1.4201309e-05,-3.8333714e-05,7.942502e-05,7.148912e-05,0.00018099029,-5.0977636e-05,7.8313045e-05,5.3115233e-05,0.00013137479,-3.4068085e-05,-5.508327e-06,3.5806548e-05,-4.3065083e-05,-0.00018195671,-0.0001195464,-1.1290648e-05,7.144329e-05,-5.4553642e-05,-7.659802e-06,6.900874e-05,0.00020192389,7.284642e-05,5.3784745e-05,7.4272735e-05,0.00020982632,-9.9546805e-06,7.589719e-05,-0.0001299468,5.0768525e-05,-7.42658e-05,-0.00015020931,2.8140708e-05,-3.299891e-05,8.532307e-05,0.00013085484,0.00019648453,-4.953046e-05,5.0908056e-05,-4.9658964e-05,0.00011335766,0.00017573213,0.00016290981,5.831084e-05,4.1169114e-06,-0.00025146542,7.948196e-05,9.611173e-05,5.687921e-05,0.00010893974,-3.527397e-05,-1.9677236e-05,1.1405326e-05,3.958045e-05,0.00022520754,-0.00012387733,2.6907608e-05,-9.190685e-05,5.4113014e-05,-9.914189e-05,6.353438e-05,-3.120588e-06,9.384831e-05,7.704185e-06,-0.00010147235,9.614882e-05,-8.2030085e-05,-8.695845e-05,0.00026971614
M17451_4,0.00010668328,0.0002212458,8.354745e-05,-1.655413e-05,0.00016646602,0.00022100272,-6.760735e-05,0.00014363359,0.00010522154,4.0829214e-05,6.974097e-05,0.00021193638,0.00023010273,2.0368625e-05,6.795981e-05,0.00013659208,0.00015692544,-5.7037687e-05,2.4884392e-05,-0.00011726315,0.00010098361,5.0184804e-05,0.00011810315,8.683669e-05,3.6240083e-06,4.4333527e-05,-7.208307e-05,0.00013020504,0.00023595881,8.734824e-05,6.7439505e-05,0.0001181461,0.00013373625,-1.1387926e-05,-6.69208e-05,-8.698033e-05,9.14313e-05,1.41514e-05,3.6589798e-05,-5.6085373e-05,0.00015913027,0.00011992152,-0.00013401936,0.00013537686,-3.6708218e-05,0.0001255894,-4.0211413e-05,-0.00012325481,0.0001279146,5.772717e-05,6.327095e-05,0.00010643317,-5.2698375e-05,0.00013759286,4.6049914e-05,-3.541393e-05,8.882688e-05,0.00010235278,2.9525596e-05,8.923341e-05,-3.9711063e-05,0.00015017505,0.000119425946,8.731704e-05,3.1714186e-05,4.32267e-05,4.344834e-05,4.2369e-05,3.9065813e-05,0.00012500286,3.471738e-05,4.4124023e-05,-7.392027e-05,3.2259213e-06,7.205901e-05,0.0001563041,3.6361478e-05,1.4561325e-05,0.00019041153,4.5676737e-05,-0.000111501664,1.5813132e-05,-0.000105690764,-7.5696065e-05,0.00024935292,-9.1765156e-05,3.689766e-05,6.519852e-05,3.0425383e-05,0.000113395115,7.5426186e-05,-5.0492792e-05,1.9978534e-05,-0.00010193512,1.8817518e-05,3.8967188e-05,-0.00016167815,-9.50688e-06,0.00013690449,0.00018114367
EU541617_1,4.4605727e-05,6.639818e-05,6.1303275e-05,8.669402e-05,1.0373006e-05,3.2499942e-05,8.785753e-05,-9.819106e-05,-7.0654614e-06,2.1642341e-05,0.00014565708,6.3588195e-05,9.763965e-05,-9.156215e-06,6.500203e-05,-2.2175977e-06,8.120408e-05,-6.554701e-05,0.00014993356,5.549378e-05,0.000103903134,6.2324274e-05,0.0001746649,0.000133668,0.00018887167,0.00016189073,9.786449e-05,6.6208763e-06,4.011725e-05,0.0001604714,7.8055964e-05,5.4501063e-05,0.0002675994,-2.4116667e-05,0.00015235989,-0.000101881415,8.7079636e-05,0.00015390775,0.000101195095,0.00016489325,2.0615567e-05,-5.5838136e-05,3.0626816e-06,1.0732557e-06,1.4065395e-05,0.00015812763,1.405268e-07,-1.3128776e-05,2.0393461e-05,1.1873873e-05,0.00016233714,5.841552e-05,3.0323636e-05,-1.2372208e-05,3.3229237e-05,-8.420751e-06,-1.3958795e-05,0.00019007472,0.00016069788,-6.141026e-05,6.80224e-06,-9.98626e-05,-5.2019874e-05,4.7760503e-05,0.00019398618,1.9651461e-05,-5.5650788e-05,7.9263526e-05,3.3082815e-05,5.7025227e-06,5.4693508e-05,6.898801e-05,0.00010321469,-0.00015916518,1.3455329e-05,0.00018510957,-0.000115368806,-0.00019940446,0.00015198159,-3.5724413e-05,0.00014144553,-0.0001517818,-4.662654e-05,-6.388177e-05,8.469601e-05,2.8134267e-05,-0.000110280074,7.802658e-05,-9.567727e-06,6.530209e-05,0.00015947508,0.0002458161,0.00012701005,-1.0436944e-05,4.4486525e-05,0.00016947759,7.711881e-06,-1.183895e-05,-1.8495506e-05,-9.975017e-05
AB052995_1,9.140351e-06,0.0001442712,0.000102165235,0.00010203202,0.00013050533,6.100987e-05,8.953901e-05,0.000112613016,0.00014701133,8.316601e-06,3.5789795e-05,0.00016180816,0.00013336056,4.349543e-05,6.328523e-05,0.00011207791,0.00012612891,6.911806e-05,-1.0598524e-06,0.00021734048,3.4053337e-05,0.00020050845,2.5462094e-05,0.0002016028,1.4305793e-05,0.0003583698,5.977256e-05,2.2971784e-05,0.00013265996,3.2598968e-05,3.9978353e-05,0.00014288683,7.0127176e-06,0.00019418659,-2.3139569e-06,6.9400514e-05,0.00013352865,0.00020940234,7.650271e-06,2.7695694e-05,0.00046021034,0.0002881338,1.4146787e-05,7.438351e-05,8.4065025e-05,8.131465e-05,-3.721362e-05,-2.9623106e-05,7.929623e-05,0.00012624919,-4.824471e-05,2.2071823e-05,4.683432e-05,6.9117385e-05,0.00015980937,9.943974e-05,4.2879237e-06,6.541879e-06,9.64989e-05,0.00014039,5.1731153e-05,0.00010960877,4.1467716e-05,3.5988e-05,4.3454484e-06,0.00011640273,6.584317e-05,3.0095583e-05,0.00016186138,6.885665e-05,3.731298e-05,0.00011643407,3.7709437e-05,9.076736e-05,2.7380685e-05,3.8452476e-05,0.000105665495,0.00012095184,2.458339e-05,0.000100658675,2.8164803e-05,0.00010524082,-1.2009721e-06,4.576525e-05,5.763283e-05,7.26623e-05,-9.1016336e-05,-2.001497e-05,0.00014088787,3.0343024e-05,2.017708e-05,-3.6493773e-05,-6.112244e-05,7.98597e-05,3.3439443e-05,3.351176e-05,-2.9241482e-05,7.530103e-05,0.000112399735,4.9681235e-05
EU541617_3,0.00015645236,0.000116176096,0.00019853924,0.00015423667,5.481689e-05,9.8630095e-05,-4.4939825e-06,-3.1995196e-06,2.914048e-05,3.5374505e-05,0.0003401266,4.7760328e-05,-0.00010090872,0.00017317348,0.00047810597,0.00010916649,-3.481342e-05,-8.425823e-05,-8.28004e-05,7.288681e-05,5.524285e-05,-9.4881545e-07,7.74347e-05,-9.20222e-05,6.346622e-05,0.00027504098,0.00016691984,0.00013357872,2.8329689e-05,-0.00014097622,1.5672958e-05,6.6236265e-05,2.8624516e-05,3.5411397e-06,-0.000114328264,9.3424256e-05,9.678346e-05,6.705382e-05,2.1396372e-05,6.0613947e-05,8.6716245e-05,-9.086053e-06,-9.8761986e-05,9.517167e-05,-0.0001486768,-4.3192344e-05,7.759159e-05,0.00021432151,4.254885e-06,8.794978e-05,7.577328e-05,0.00010119508,-0.00014268112,0.00016119526,0.00013569195,-5.937258e-05,0.00021758745,2.2184118e-05,6.812345e-06,9.4036055e-05,8.803018e-05,6.627954e-05,0.00015884642,3.3317763e-05,0.00030176152,7.65891e-05,-0.00017174312,9.062277e-06,4.4640106e-05,-4.237729e-05,-8.398197e-06,-6.2299194e-05,0.0002315554,9.425435e-05,0.00016145161,-9.670166e-05,-3.4910958e-05,-2.7184797e-05,4.540472e-05,8.404275e-06,5.613778e-05,3.2216994e-05,-4.6617977e-05,4.561274e-05,-1.9664645e-05,-1.0013204e-06,-8.969071e-06,1.4703503e-05,-2.7872522e-05,0.00013246454,-0.00018327104,3.9880746e-05,5.94467e-05,-2.4872106e-05,2.2068754e-05,9.814619e-06,2.8910707e-05,7.545552e-05,-7.2945244e-05,0.00013237799
AF324493_4,-2.3068662e-05,0.00017558114,-0.00012118383,-7.1974296e-06,0.00014559548,-1.0322334e-05,0.00014356404,-3.5607514e-05,7.88138e-06,-0.0001244979,-3.258399e-05,6.482533e-05,7.0706737e-06,3.353113e-05,0.00023486308,-2.8855016e-05,-4.5226974e-05,0.00011943692,6.6251065e-05,0.00011801491,-0.0001055079,-0.00016514784,-0.0001335629,-7.0399634e-05,8.701557e-05,2.4730898e-05,0.000104067105,0.000314169,3.0227167e-05,-1.05955805e-05,-6.57974e-05,9.718661e-05,2.5359743e-05,-5.4757755e-05,-1.1836822e-06,9.2005444e-05,0.00015187213,3.6119258e-05,-0.000111386,8.94954e-05,-5.1417708e-05,-2.7436254e-06,-2.6697294e-06,0.00017166055,-0.00020478273,5.1644616e-05,0.000120079516,2.0852767e-05,-0.00023383537,-8.538286e-05,-9.2056e-05,5.0941093e-05,-5.8532546e-06,0.0001953329,-3.4673027e-05,1.5628233e-05,0.000101302394,3.1071813e-05,8.87515e-06,6.2289837e-06,7.986591e-05,2.0275333e-05,-2.833897e-05,4.805942e-05,5.6879562e-05,6.4892454e-05,-9.881796e-05,7.1261566e-05,7.0525406e-05,1.8883791e-05,-8.64304e-05,-2.884147e-06,-8.907453e-05,-6.504538e-05,-0.00012373335,0.00016207404,0.00018263748,2.1913746e-05,3.9666917e-05,0.00012635498,-3.3076474e-05,-0.00017131706,6.354798e-05,-4.885318e-05,8.780682e-06,0.00010940334,0.00017006494,0.0001530059,8.91845e-05,4.313319e-05,1.3966638e-06,-6.680151e-05,0.00021762334,-4.6562665e-05,0.00010280255,-8.3648025e-05,0.00010559004,-1.2440503e-05,0.000103142505,0.000110283065
K03455_5,0.000106671425,0.00012511853,0.00016032835,-4.952684e-05,8.9649975e-06,8.006402e-05,3.7949263e-05,0.000101813064,4.2155458e-05,6.195421e-05,0.00010086772,0.00012040591,-6.486261e-05,1.4973867e-05,0.00014834585,-0.00013407198,-0.0003128226,0.00015000005,8.264472e-05,6.0713086e-05,1.6732556e-05,-3.592874e-05,-6.131307e-05,5.8176407e-05,0.0002084135,2.0186373e-05,0.00013019482,0.00014979846,0.00010651629,4.1240728e-05,-9.54319e-05,5.4831067e-05,6.0163013e-05,-2.6903335e-05,4.934077e-05,0.0001240296,6.542345e-05,-9.667091e-05,5.271188e-05,8.976757e-05,5.735019e-05,-2.3717865e-05,6.4829015e-05,6.359818e-05,4.9092345e-05,3.738153e-05,-8.629123e-05,-8.725277e-05,-4.8921855e-05,0.0001087096,0.000106829466,-0.000101181526,6.4921565e-05,-6.872242e-05,4.2911915e-06,0.00019801203,8.4204876e-05,0.00012923204,-9.812571e-05,-3.218118e-05,0.00011845962,4.9893693e-05,0.00010857768,-0.00012358285,8.9885034e-05,-4.3215965e-05,8.382687e-05,-0.00022600734,-4.6830355e-05,0.00018869984,3.2466913e-05,0.00012965556,0.00011310121,0.0001105599,-4.7881036e-05,9.053611e-05,-0.00016893065,-0.00018338315,6.921191e-05,0.00012451399,5.3269596e-06,0.00013236179,0.0001815136,-5.2810687e-05,-7.981856e-05,2.700242e-05,-2.8007382e-06,-0.0001561238,0.00023456351,0.00016378018,7.3431176e-05,4.992129e-05,7.924551e-05,-3.2150954e-05,1.6655666e-05,5.8160145e-05,8.1294784e-05,3.7422677e-05,6.778749e-05,8.2149374e-05
K02013_4,-5.145066e-06,-2.3261875e-05,7.4469375e-05,0.00014799224,3.0475667e-05,9.252778e-05,0.00015153886,0.000107506115,5.1884803e-05,0.0001314092,6.3543564e-05,9.650865e-05,0.00021273024,0.00010500595,-2.4392195e-05,5.5228065e-05,5.4248114e-05,2.1927175e-05,-4.5724846e-05,0.0001272915,6.485357e-06,0.00022040296,0.00012394853,0.00011488781,8.859241e-05,0.00014153005,0.00010002694,0.000116758325,2.3547344e-05,2.912101e-05,8.7197084e-05,0.00012833407,-8.294355e-05,0.00013275852,0.000100665944,0.00011552121,0.00010083599,-4.455219e-06,0.00012088165,8.3190534e-05,0.00018840894,0.00014589768,2.9548211e-05,3.949532e-05,0.00012240182,8.8241315e-05,7.2237875e-05,0.00012768547,8.4892556e-05,0.00013153593,2.7927665e-05,0.000119808254,1.799219e-05,0.00014025845,0.00013594053,1.4397317e-05,0.00029030303,0.00020504893,9.856427e-05,0.00020145616,0.00017203194,6.989126e-05,0.0001418754,2.0578093e-06,7.986506e-05,0.000111621834,9.054963e-05,4.803209e-05,2.0347117e-05,0.00027663,-1.0444795e-05,0.0002575103,0.00028566655,0.00019527326,0.00018947101,0.000102850005,-7.924434e-05,-1.7401757e-05,0.00024034042,8.4801635e-05,0.00019393305,0.000119971184,-0.00017873432,5.1154122e-05,-7.024728e-05,7.797794e-05,0.00014350367,-2.8356033e-06,-3.8037982e-05,-8.7109554e-05,0.00014105218,0.00013467191,-5.815537e-05,0.00019601156,1.8752393e-05,-1.5802116e-05,-6.329978e-05,7.0584306e-06,0.00014974418,0.00016575395
AF324493_7,8.208038e-05,-3.0655923e-05,0.00012742009,0.00028796468,4.7600046e-05,-1.6596683e-05,5.0100705e-05,-1.393996e-05,-2.5608075e-05,9.744067e-05,9.7847456e-05,0.00010599359,3.2569566e-05,8.503919e-05,7.87445e-05,-5.8630998e-05,0.0001526631,1.8580033e-05,-0.00014498788,0.00015213255,-1.083896e-05,0.00026240415,4.0949562e-05,0.00014978099,8.491054e-05,-4.99813e-06,0.0001608769,-2.4869191e-06,-0.00013403235,-3.3511318e-05,1.276496e-05,-0.00028387844,-1.1898812e-05,-6.669123e-05,-1.2905163e-05,0.00013930205,-2.2482473e-05,-1.0584152e-05,4.6157576e-05,-3.9148148e-05,2.827561e-05,4.4204284e-05,3.2238033e-05,0.00014060149,-1.4000661e-05,4.7929636e-05,9.056661e-05,8.759905e-05,3.926842e-05,-4.7831105e-05,-8.292221e-05,0.00019705643,-6.17875e-05,-6.520729e-05,0.00019940178,-5.3557633e-05,9.136456e-05,-0.00011743985,0.00015016481,1.6932843e-05,8.6451e-05,0.00012604124,-0.00013818205,-9.854018e-05,5.6706434e-05,6.8942354e-05,0.00016553838,0.0002903676,-4.4413635e-05,-5.5344667e-06,0.00021225805,0.000119229066,-4.5704037e-05,0.000115263945,0.00014166531,-1.6448434e-05,-0.00013207675,-5.290728e-05,-3.8887665e-05,3.1244646e-05,8.0521335e-05,8.2752726e-05,2.7339942e-05,7.9179554e-05,0.00013505289,8.113339e-05,-5.9221027e-05,0.00013297537,-0.00015441948,-0.00015408249,3.2353655e-05,0.00012715436,2.0896725e-05,-5.654683e-06,7.405214e-05,-1.5145443e-05,-0.00013573995,-4.4304776e-05,0.00010369798,-8.9656016e-05
AB052995_2,7.627913e-06,-3.4501343e-05,0.00017776823,-0.0001251721,-6.6645734e-06,-6.0708785e-06,0.000116036,7.49533e-05,8.618549e-05,6.131154e-05,8.3635605e-05,-3.323022e-05,0.00024460696,5.178968e-05,-3.8466074e-05,-9.360558e-05,2.0322057e-05,-3.1370877e-05,4.5656656e-05,0.00020287858,0.00010297122,0.00010747023,4.3784774e-05,0.00018798438,-5.5466928e-05,4.103187e-05,0.00015985552,5.470753e-05,0.0001464512,0.0001878774,9.485129e-06,3.1874492e-07,0.000101357364,0.00011936337,9.796847e-05,-8.486787e-05,-3.9376326e-05,2.172275e-05,0.000110156136,-1.652105e-05,5.3370917e-05,0.00010478135,5.1338528e-05,6.881975e-05,-2.8533632e-05,-4.408841e-05,-4.353116e-05,-1.5449636e-05,0.00013748677,-1.5682006e-05,2.6624866e-05,-3.9760166e-06,0.00016022654,0.00014261503,0.00017212414,-8.522618e-05,-6.058938e-05,0.00012364883,0.00015096396,7.891115e-05,0.00024971264,-3.307819e-05,2.479979e-05,0.00011257844,0.00017240261,4.092057e-05,1.7403385e-05,2.0486794e-05,-3.329408e-06,0.000148006,-5.5279706e-06,-4.2558484e-05,7.327416e-05,0.00014075752,8.887429e-07,8.996082e-06,0.00012957414,0.0002706128,8.2974424e-05,-0.00010639317,-2.855113e-05,0.000103522354,3.7207825e-05,0.00011648857,7.3570256e-05,0.00016746797,-6.694268e-05,4.1242595e-07,-0.000102331214,6.7014844e-05,0.0001948335,-1.4517473e-05,-8.667562e-05,0.00015359675,-9.275837e-06,0.00016546712,-5.044849e-05,0.00018286062,6.393188e-05,6.477481e-05
M17451_2,0.00014663007,6.3673783e-06,0.00012254268,7.613326e-05,0.00027026873,1.0923517e-05,0.00011285489,9.1478665e-05,0.00014155595,2.7898785e-05,6.182359e-05,0.00013399418,-1.2284407e-05,-2.3792905e-05,7.347784e-05,0.000124596,0.00014316099,1.4362234e-05,4.690742e-05,0.00013170786,-3.0594332e-05,-6.6533896e-05,1.6487393e-05,5.7588008e-05,3.6486195e-05,0.00013882396,0.00019584651,0.0002417694,5.8963848e-05,0.0001464436,3.7469053e-05,0.00019823862,0.00016490318,5.766795e-05,0.00013081834,0.00011541277,0.00016612644,0.00016030125,0.00017539044,6.183685e-05,0.00016556171,2.0921034e-06,0.00013681041,1.30114995e-05,-9.983348e-07,7.3957184e-05,7.157278e-05,5.8922957e-05,7.220548e-05,6.899323e-05,7.664453e-05,9.117794e-06,9.006894e-05,0.00021355748,5.632236e-05,7.345588e-05,6.3700995e-06,-2.4936175e-05,6.282051e-05,1.2596277e-05,0.00011988312,0.00011201246,0.000116437404,7.432015e-05,-3.2680798e-06,2.9007706e-06,3.273699e-05,5.3894488e-05,9.436779e-05,0.00012270057,0.0002958911,-0.000101514524,5.9145696e-05,0.00013750463,0.0002458241,0.00024382463,3.40689e-05,2.791785e-05,-6.96484e-05,-1.3323633e-05,3.1545749e-06,2.3516626e-05,-2.041006e-05,7.1827395e-05,-5.147332e-05,0.0002494822,-3.5785833e-05,0.00012289075,0.00011950022,-7.5963703e-06,1.267037e-05,-2.5422325e-05,-6.0426017e-05,0.00015054415,-8.933374e-05,0.000121462675,-3.0968552e-06,-9.0271344e-05,4.2245018e-05,7.428801e-05
AB052995_5,0.00026640375,-1.8614817e-05,0.00019988733,5.298448e-05,0.00014372608,-8.8448214e-05,0.00010493429,-4.4944358e-05,-8.040857e-05,3.075303e-05,2.1055297e-05,-4.4992008e-05,1.3166013e-05,1.4490075e-05,7.701385e-05,0.00012286016,-0.00013037793,-0.0001325201,2.9924646e-05,-1.1322859e-05,7.477217e-05,8.9648696e-05,4.632003e-05,0.00012724116,9.6566306e-05,5.12895e-09,0.00014070465,6.8863854e-05,-6.606966e-05,0.00013310023,0.00011749445,7.6282515e-05,0.0002457931,1.0640701e-05,2.8584122e-05,0.00017537344,-0.00016432712,0.00012504068,8.79311e-05,-2.3892887e-06,8.361173e-05,4.514786e-05,0.00014297607,0.00014715915,6.283125e-05,0.00014547378,1.2293416e-05,-0.0001777514,-1.48367e-05,-7.020306e-05,0.0001843379,-5.2472966e-05,0.00016470368,2.3084536e-05,0.00017585976,0.00019937876,-4.771315e-05,3.7209033e-05,3.6455018e-05,2.779943e-05,-1.1159133e-05,7.812949e-06,0.00026007066,-1.6476097e-05,0.00011861626,-9.829551e-05,0.0001030992,3.3077413e-05,-1.2104888e-05,4.75178e-05,0.00014354056,0.000102396196,0.00023676468,-9.8927725e-05,-1.4268429e-05,-9.016276e-06,-3.8982373e-05,-0.0001740138,5.9462312e-05,5.3211847e-05,-0.0002802798,-4.1508625e-05,-6.835971e-05,3.0094507e-05,0.000111557376,0.00010677857,1.5558217e-05,0.00014791332,1.2327549e-05,3.9316066e-05,0.00017148723,-2.5364232e-06,-4.2832526e-05,2.5035988e-06,-9.131236e-05,4.0436193e-05,0.000104876366,-5.4024167e-05,9.4463605e-05,3.7064925e-05
K03455_2,8.0148326e-05,5.4626387e-05,6.710952e-05,0.00014717477,-4.304739e-05,0.00013577519,0.00016690692,0.00011332404,0.000110411376,4.3896296e-05,7.652342e-06,0.00012035652,7.666429e-05,4.5233146e-06,0.00012793396,4.2288397e-05,3.2570777e-05,1.3872376e-05,0.00025932532,2.22075e-05,0.000208483,3.456704e-05,9.542552e-05,0.00013805415,3.1308206e-05,0.00023246296,1.884444e-05,4.050547e-05,0.00010475115,0.00015134795,5.8496502e-05,9.8723074e-05,9.151379e-05,8.680439e-05,0.00014761592,-1.9107705e-05,0.00011141828,0.0001122717,0.00020338876,0.00024809016,5.1559666e-05,-8.361987e-07,0.00012918466,-1.7384738e-05,3.7033255e-06,6.783181e-05,0.00011024533,3.3505603e-05,1.8001687e-05,-6.761726e-05,0.0001381559,0.0002300469,0.00019616021,0.00020387462,0.00011994183,0.000149543,0.000121322664,-8.3230625e-05,7.936445e-05,-2.551516e-05,1.243401e-05,-3.5556997e-05,5.941753e-05,0.00012857177,0.00016706505,0.00010825314,9.559519e-05,4.736331e-05,7.759098e-05,8.67832e-05,9.107718e-05,-0.00012236269,9.225213e-05,0.00013341171,-6.47971e-05,2.9888648e-05,-6.0138198e-05,-3.5274657e-05,1.8784029e-06,0.00015349896,3.0002899e-05,2.9304858e-05,0.00013537276,0.00013716359,-5.7525463e-05,-4.77554e-05,0.0002703906,2.5892778e-05,-5.542071e-07,-2.6836113e-05,3.671836e-05,0.000101430865,0.00021733994,7.973942e-05,0.00020428804,-9.760567e-05,-7.4120304e-05,4.8246697e-05,5.981822e-06,0.0001397968
AF324493_9,8.044141e-06,-9.216929e-06,-8.318475e-05,8.750276e-05,0.00021721434,0.00011576021,7.060159e-05,-1.3878053e-05,6.790216e-05,0.00021978232,3.0853415e-05,-1.3199512e-05,8.454608e-05,8.715209e-05,0.00014563324,-5.948579e-05,0.0001580753,-0.000147858,9.003495e-05,0.00015295608,0.00013244446,2.2614273e-05,4.771883e-05,5.888708e-06,6.3835905e-05,0.00010190602,6.62952e-05,0.00011968496,0.00015716512,5.487293e-05,3.7838454e-05,-3.1084408e-05,3.108019e-05,0.00015652362,8.362499e-05,0.00015052667,1.2185042e-05,0.0002058644,1.0497584e-05,-5.8728347e-05,3.1683117e-05,6.203473e-06,-5.4306456e-05,1.1135494e-05,0.00019514599,-1.605389e-05,3.1809264e-05,-5.478412e-05,-9.4286916e-05,-0.00021216889,0.00015057997,-0.00018178487,0.0001277047,3.5947134e-05,8.140365e-05,0.0002785108,0.00021995547,-8.728452e-05,0.00011943091,8.86321e-06,0.0001489371,7.810116e-05,2.3611066e-05,-2.2436749e-05,-4.362633e-05,-0.00011594539,0.00020373767,0.00010924217,9.660065e-05,4.967472e-05,0.00012949562,0.00015013153,-5.3067455e-05,-4.1709744e-05,8.013868e-05,-1.58165e-05,-0.00012815585,0.00026677607,-5.4850552e-05,-0.00015658136,-1.718211e-05,1.04892315e-05,8.154198e-05,8.958651e-05,8.5059866e-05,0.00014674061,-0.00025012848,3.0347823e-05,0.00015411866,4.6577683e-05,-7.2870585e-05,7.959216e-05,2.4804645e-05,-7.4811205e-06,7.897965e-05,5.5746314e-05,0.00013948657,2.3746345e-05,0.0002188241,6.971359e-05
AB023804_2,-0.00010214396,4.8722133e-05,4.9713286e-05,-8.293461e-06,5.699842e-05,0.00019376435,0.00012819566,4.8196263e-05,7.136055e-05,6.2054125e-05,4.290425e-05,5.216699e-05,-0.000165726,1.2356491e-05,5.369311e-07,-0.00013035053,9.93065e-05,0.00010178087,-2.4239493e-05,0.00023905978,4.25826e-05,0.00015368294,-4.4728455e-05,2.5084968e-05,0.00014988543,5.9705268e-05,-9.145758e-05,4.2226387e-05,2.1016504e-06,0.00012621495,5.2028772e-05,-8.867809e-05,5.16577e-05,0.00020217936,4.8243928e-05,-3.7564466e-06,0.0001606412,8.4748615e-05,4.2807904e-05,6.5092163e-06,0.00017183491,6.361134e-05,0.00011284132,-7.5696735e-05,5.1407613e-05,0.00010215229,0.00016559046,0.000109784516,0.000119239456,6.24504e-05,8.193244e-05,2.0859407e-05,3.971078e-05,0.00012944784,8.130878e-06,0.00013784616,-6.9872614e-05,0.00014673386,-3.0946136e-05,0.00015790711,7.0793016e-05,0.00022322613,6.4533137e-06,9.780691e-05,-6.637811e-05,-0.0002004593,2.570748e-05,0.00024942376,0.00015559648,-6.500109e-06,-0.00014799871,2.1211707e-05,0.000105267885,0.00013180426,7.444994e-05,-8.1215054e-05,0.00011584951,-0.00028120526,0.0002603688,-1.8068178e-05,-5.0559003e-05,3.701129e-05,-3.2653617e-05,-4.1665717e-05,-1.2375238e-05,-7.8506724e-05,0.00019302202,-3.997571e-05,0.000113285365,6.575928e-05,-5.1668536e-05,0.00020462075,-7.6378165e-05,9.937974e-06,-0.00011228638,-0.00012545857,0.00013790664,-0.0004258056,0.00011356277,-4.813482e-06
K02013_3,-6.864905e-05,0.00012717412,1.564777e-06,2.1978005e-05,-0.0001155692,-4.175477e-06,-9.447038e-05,0.00017653979,0.00022546343,7.190365e-05,-7.0552765e-06,4.518239e-05,4.246437e-05,-4.031367e-05,4.1629526e-05,8.159349e-05,8.8167355e-05,0.00022867395,-4.3094136e-05,1.7706578e-05,-1.1609218e-05,0.00022275538,2.3666344e-05,0.00010486894,-6.306327e-05,-2.141371e-05,0.00016469894,9.9096915e-06,4.1217016e-05,2.4499861e-05,0.00016544793,-2.7965452e-05,8.685671e-05,-4.2765423e-05,0.00023298977,0.0001377659,7.558595e-05,0.00014109132,6.6071574e-05,0.00013259557,1.2759816e-05,2.6901753e-05,3.0549854e-05,-1.4182209e-05,2.1796955e-05,0.00011317211,8.427873e-05,8.22015e-05,0.00025073966,0.00036612415,0.00019566917,4.86075e-05,0.00013270481,-0.00022503028,0.00028620838,0.0003070862,1.2902898e-06,6.69434e-05,0.00039242502,-2.1184262e-06,7.236064e-05,0.00025972913,2.1216978e-05,-0.00016179144,0.00040795354,8.461187e-05,0.000103803446,-6.371324e-05,-1.3677564e-05,0.00012399943,-5.932856e-06,0.00021088515,-0.000106415784,-5.9029142e-05,1.3511354e-05,0.00026561914,-1.6195765e-05,0.00022010319,0.00017576256,0.00019609161,0.00023757655,-6.496778e-05,0.00020343521,-1.40380635e-05,-4.159325e-05,3.5221055e-05,0.00018139416,0.00022922801,8.3992134e-05,-0.00011280242,0.00010672825,1.0658948e-05,-1.3046173e-05,-8.693039e-06,3.7703803e-06,9.5350755e-05,-5.580609e-05,-8.649868e-05,2.0484885e-07,6.17131e-05
K02013_2,6.972097e-05,2.0292866e-05,2.3620438e-05,-2.3244756e-05,0.000107024396,5.8699286e-05,-3.5261957e-05,-0.00014404044,-8.1002734e-05,-0.00012969605,-0.00011927889,-2.5600837e-05,5.830564e-05,-2.237499e-06,0.000105354484,9.227071e-05,7.645978e-05,4.0532414e-05,-5.946199e-07,4.7282763e-05,0.00019262315,0.00023501873,-0.00012176854,3.055663e-05,-0.00015232824,3.7870024e-05,0.00013780205,-8.724275e-05,-3.134972e-05,5.9278004e-06,0.0001998517,-0.0001772262,9.6127784e-05,6.721412e-05,0.00012666057,-0.0001868522,0.00011246264,0.00011809154,-0.00020482785,6.735627e-05,9.694049e-05,0.00014586351,-3.9619816e-05,0.00013006273,0.00024533,-6.391288e-05,-9.70648e-06,2.8475957e-05,0.00013913904,3.854294e-05,2.0923337e-06,4.5031084e-05,-3.3111896e-06,-2.1091864e-05,0.00011373578,3.507529e-05,4.829682e-05,9.056626e-05,-0.00011274054,0.00011851967,-0.0002581071,-0.00014945274,-2.6680073e-05,0.0002379552,0.00011892478,-7.100403e-05,0.00019172851,-6.809067e-06,2.3553897e-05,8.027396e-05,0.00011162257,3.3361786e-05,-0.000112590315,-9.738456e-06,9.4051e-05,-3.5890058e-05,-0.000106346,-6.705143e-05,-6.088379e-06,-1.4368074e-05,7.124517e-05,2.6778536e-05,-9.456698e-05,-2.7265874e-05,-0.00014406869,0.00026302753,4.2286003e-05,0.00013733878,-6.5086356e-06,-0.00012532962,-2.6367148e-05,0.00011702483,5.1051225e-05,9.824904e-05,0.00014809132,5.1533927e-05,-0.00016691069,6.235105e-05,-0.0001312468,5.5086162e-05
AB023804_1,-0.00010951828,-0.00014306023,0.00013607088,0.00020477419,0.00020110077,1.8815712e-06,7.371214e-05,2.7872495e-05,0.00010358798,-0.00013381694,-1.5329046e-05,-3.8075326e-05,0.00012210339,-4.486113e-05,3.0799907e-05,4.4881286e-05,-1.5067917e-05,-0.000117656746,-1.0940481e-05,6.596349e-05,1.1100763e-05,-0.00011457132,6.553323e-05,0.00035416565,6.627599e-05,-0.0001359674,8.495286e-05,-8.268673e-05,-5.008969e-05,0.00013032685,0.00014296264,0.0003653567,0.00017980738,-5.4860637e-05,5.847948e-05,-1.7622491e-05,0.00021297218,0.00016615663,2.2430087e-05,-3.4027664e-06,-2.5806825e-05,9.4920746e-05,-7.795694e-06,0.00017674331,9.7380354e-05,8.39539e-05,-1.1061722e-06,2.0328773e-05,8.0325444e-05,4.0062354e-05,4.5704837e-05,-8.11979e-06,-6.5106986e-05,0.00022653263,5.951504e-06,4.0199757e-05,4.666177e-05,-5.379409e-06,-3.5562538e-05,0.00013445265,-5.2635423e-06,9.581246e-05,-2.3202518e-05,0.00017748815,0.00012311667,7.285318e-05,-2.2348897e-05,-4.1239193e-05,-0.0002512559,2.2719883e-05,0.00018545409,-1.6741966e-05,0.00015170917,3.822258e-05,-0.00011353488,-4.6812736e-05,5.205374e-05,5.4890974e-05,-0.00016084507,0.000110970934,-5.291288e-05,-0.00016225502,-9.136393e-05,2.2170098e-05,-4.2196487e-05,-3.25217e-05,-4.7245376e-05,-6.3081425e-05,6.387911e-05,-1.6801743e-05,2.2349059e-05,1.4378047e-06,-7.048833e-05,-0.0002707969,-7.236869e-05,-1.3655009e-05,6.9636946e-05,-3.6907684e-05,-0.00017876399,-2.3419052e-06
K02013_1,4.4861412e-05,7.4916643e-06,9.62404e-05,1.2088298e-05,6.116645e-05,9.004929e-05,-6.232878e-05,2.5006386e-05,8.0013655e-05,4.6573754e-05,3.3244207e-05,7.8308694e-05,1.4650803e-06,3.8443213e-05,2.947925e-05,5.919e-05,7.918366e-05,3.1634965e-05,-4.6610126e-05,-0.00015252677,0.00016161714,7.155352e-05,-0.0002995254,2.472414e-05,-3.5401245e-05,-2.4030634e-05,6.781557e-05,-8.1711834e-05,0.000115038216,-6.978905e-05,-8.8391505e-05,0.00023643121,-2.288452e-05,0.0003589695,0.00012561675,3.9427614e-05,0.00014822069,-6.049439e-05,3.4942714e-05,0.00018844401,1.1537323e-05,-0.000119784425,0.00010101023,-0.00012675826,7.659373e-05,7.600487e-05,-2.6106893e-05,-6.8774294e-05,-7.423732e-05,7.7404344e-05,7.939958e-05,-2.9109735e-05,5.0030376e-06,3.573202e-05,-9.362045e-05,1.0959503e-05,0.00016133384,-5.8534006e-05,0.00011531173,8.1356106e-05,3.1286738e-05,4.322835e-05,-5.9888236e-05,-5.3095406e-05,5.11792e-05,0.00010545924,2.822457e-05,-3.0500052e-05,1.2039568e-05,-4.2772344e-06,7.179635e-05,9.70915e-05,4.374579e-05,0.00017789353,-0.00013868196,0.0001662925,9.299417e-06,4.4569326e-05,0.00018547605,4.7388185e-05,8.143038e-06,-1.6749827e-06,6.615679e-06,-7.969242e-05,5.359877e-05,0.00010253061,0.00016050036,0.00017743197,6.8817404e-05,3.8408678e-05,-4.275995e-05,8.999725e-05,0.00020721536,8.5601016e-05,3.7388832e-05,9.212109e-06,0.00013293515,-5.227731e-06,-2.1686023e-05,0.00015599784
K02013_6,2.2612134e-05,2.3335619e-05,0.00010714087,6.578601e-05,3.7574773e-05,7.516073e-05,-6.9602725e-06,9.429001e-05,5.6518944e-05,2.607299e-07,8.91183e-05,6.1868923e-06,7.068602e-05,0.00013457904,7.1164504e-05,3.858935e-05,3.7333397e-05,7.7846635e-05,1.4165214e-05,1.450753e-05,1.5136198e-06,0.00026369427,0.00024621948,3.270081e-05,0.00012226697,8.293736e-05,5.2431835e-05,-8.336486e-06,-0.0001003987,-7.149889e-05,4.3534383e-05,0.00025658504,-4.7539812e-05,0.00017768207,9.402066e-05,6.507382e-05,6.626245e-05,1.7143888e-05,3.2801316e-07,1.5122819e-05,-9.521135e-06,0.00019336966,6.805949e-05,0.00010036596,0.00011482049,-4.6164663e-05,-2.3795204e-05,2.5390184e-05,4.1130403e-05,-0.00010824852,-3.5322282e-05,-0.00016777005,0.00021673378,9.060776e-05,7.821581e-05,0.000241105,1.8812842e-05,0.00013902839,-2.8398876e-05,8.933531e-05,0.00015701813,8.356258e-06,-9.795704e-05,-6.860067e-05,0.00010018797,6.770562e-05,6.646611e-05,7.113891e-05,-7.613721e-05,0.00019193643,-5.6363726e-05,4.9211585e-06,0.00017345636,5.9757585e-06,-0.00015380206,-0.00014914155,-8.759905e-05,0.000105578896,-1.0510029e-05,4.5035093e-05,-5.6444565e-05,8.224123e-05,-0.0001777181,6.595077e-05,-1.5652038e-05,-2.9671453e-05,-0.00022024974,0.00039199708,0.00025692987,-7.178025e-05,0.00016975374,3.6329315e-05,0.000101445534,7.6057884e-05,0.00015251465,7.420558e-05,-1.763299e-05,0.00012574768,-0.0001532759,4.7537283e-06
AF324493_8,0.00020174848,-0.00010596388,3.8328148e-05,-5.862432e-05,-5.123976e-06,8.952698e-05,2.8831357e-05,0.00012936057,-6.2463856e-05,6.7676665e-05,-2.8529377e-05,0.00012530798,-0.00010584448,9.875329e-05,0.00020888021,0.00012338696,-0.00018510765,-4.1727482e-05,1.5939586e-05,-9.363097e-05,-2.7819586e-05,1.8490216e-05,-0.00010312838,9.374304e-05,-0.00013773324,-7.314415e-05,-9.799795e-05,-8.3481835e-05,0.00013401767,-0.00015755984,-0.00013136934,4.043712e-05,4.5890614e-05,-1.7255901e-05,0.00015973368,0.000107035514,-0.000110736284,0.00017925022,0.00015451686,0.00029916794,3.1503656e-05,5.0698494e-05,6.155149e-05,6.4119826e-07,-2.7543923e-05,5.378964e-05,-0.0002696944,-2.9199433e-05,3.5728284e-05,-4.5502642e-05,-2.0024514e-05,0.00015534642,-0.00015843303,-9.2086506e-05,-6.1332175e-05,-5.618272e-05,-3.916427e-05,4.2530428e-05,8.749662e-05,4.2146472e-05,0.00015545933,7.2878765e-06,-7.127216e-05,-1.8847748e-05,-0.00010260585,0.00018162212,0.0001984093,4.557338e-06,-0.00010046518,-0.00011468899,-3.6099602e-05,6.4135174e-06,0.00010954016,-0.00016854821,6.413219e-05,-7.4027186e-05,-2.7847938e-05,-3.0431902e-05,-0.00017040288,3.8482467e-05,0.00013576889,1.0279186e-05,8.723726e-05,-0.00011161247,-0.00012074906,-3.004175e-05,0.0002441785,-1.874984e-05,0.00024121761,-0.00013623708,0.00012815776,0.00014060659,0.00024989835,-0.00012857594,-0.0001873281,2.3880211e-05,4.806342e-06,9.696833e-05,-7.501432e-05,-3.615011e-05
M17451_3,8.9704605e-05,0.00012299875,0.00020186324,0.00012596164,1.41227065e-05,4.1925112e-05,7.6106094e-06,0.0001241354,4.803791e-05,0.00018423401,3.830304e-05,0.0001125931,0.0003229308,2.3584324e-05,3.2624528e-05,0.00019877436,0.00019328277,7.332192e-05,0.00015415117,4.2282332e-05,1.1484135e-07,0.00012716699,0.000119876,5.5547815e-05,3.609357e-05,3.92276e-05,8.82387e-05,8.596866e-05,6.710236e-05,5.7610894e-05,4.0322626e-05,0.0001354834,4.4405508e-05,0.00014486662,0.000103417515,7.545926e-05,6.44098e-05,0.00012357614,8.288753e-06,0.000119182565,0.0001370492,6.5356735e-06,1.3642223e-05,-0.00016475693,-3.8513335e-05,3.3646415e-06,-6.9088437e-06,1.4251448e-05,9.768079e-06,6.075096e-06,7.02273e-05,0.00031302692,0.00012736607,5.3140644e-05,8.786328e-05,5.794733e-05,1.5715215e-05,5.1088417e-05,0.00012650607,0.00012729214,0.00014005441,7.98716e-06,5.1547053e-05,0.000103574355,0.000121206496,-1.8430761e-07,3.771103e-05,2.7948652e-06,7.34558e-06,1.5222792e-05,0.00012246771,0.00014416537,0.00011874339,5.540439e-06,8.154821e-05,0.00012428845,2.4129024e-05,8.35941e-06,0.00014906703,3.821101e-05,1.0922271e-05,4.528512e-05,0.00010212783,2.5327583e-06,4.970614e-05,3.0610427e-05,-2.8649103e-05,-3.2783348e-05,3.7176596e-05,9.125948e-05,4.18986e-06,-3.8275266e-06,4.886677e-05,6.531501e-05,5.1509025e-05,4.8341775e-05,2.5780996e-06,6.303822e-05,4.7071444e-05,2.9284316e-05
AF324493_2,0.00011347037,4.076661e-05,0.00013221106,9.1498354e-05,1.8091489e-05,0.00015762025,0.0001292088,0.0001318244,0.000103375,4.0838673e-05,-6.9321304e-06,2.3503579e-05,0.00012991411,0.00012515657,0.00013799146,0.000113230504,-2.7022283e-05,0.00010259428,0.00014519665,0.00017527552,2.5263958e-05,9.872818e-05,-2.5489699e-05,0.00012188448,0.0001957961,-4.9121154e-05,0.00014895783,0.00015653935,-3.9466624e-05,5.446148e-05,0.00012044663,0.00018754242,7.545461e-05,0.00016085546,-6.095595e-05,2.024774e-06,-0.00014502532,3.272576e-05,7.066123e-05,8.60176e-05,7.732402e-05,-5.4260487e-05,0.00016675636,-4.8803936e-06,0.00019129296,6.598655e-05,9.659157e-05,-3.3892593e-05,7.191376e-05,-1.2413166e-06,0.0001377854,-3.0102106e-05,9.1186484e-05,0.00010370021,5.4694992e-05,0.00035380764,3.7826794e-05,2.0873258e-05,0.00011315719,-0.00010273076,3.3269578e-05,-5.080867e-05,9.411358e-05,-4.3526234e-05,7.684221e-05,6.972487e-05,0.00010153233,1.0453427e-06,8.882886e-05,0.00012378095,-3.0323702e-06,0.0001506771,-4.0445334e-06,3.9145267e-05,9.0882655e-05,5.15161e-05,1.5418586e-06,3.3400822e-05,-0.000107648506,-0.00010681638,-1.9032027e-06,-0.00024301434,-5.7805388e-05,1.7468542e-06,-0.00021074421,-0.00014412277,-0.00014175217,5.0884108e-05,0.0002546857,-1.6714058e-06,0.00019946438,-4.880195e-06,-0.00020952735,2.742331e-06,-4.687609e-05,6.5468215e-05,5.083765e-05,1.8697097e-05,0.00011580712,0.00015361753
AB052995_6,8.085491e-05,8.855088e-05,0.00022304613,9.553199e-05,5.233112e-05,-3.4596167e-05,0.00016098001,0.0001555049,0.00013783154,9.0952664e-05,7.300929e-05,1.9651568e-05,7.6070726e-05,-5.4618326e-05,6.968596e-05,3.4542474e-05,3.0608833e-05,0.00013482184,-1.7019303e-06,0.00015918419,0.0001441492,-0.00010188278,-4.982303e-05,-4.733132e-05,-4.2590036e-05,0.00010397006,0.00013082677,8.180744e-06,-0.00013804657,6.201985e-05,-5.7012367e-05,0.00020342303,1.5911137e-05,-3.682174e-05,8.524835e-05,1.6576583e-05,1.5842617e-05,5.7284473e-05,0.00013969242,-3.0772695e-05,0.00012965413,0.00013110341,0.00011029548,0.00013001103,8.968635e-05,0.00023329069,0.00010553696,8.247505e-05,2.2172342e-05,0.00014513424,0.000113090195,8.8513254e-05,4.8501206e-05,-3.5495053e-05,0.00010107515,-5.2796815e-05,-0.0001300081,0.00012866675,6.99293e-05,0.00023869473,0.00019628814,3.4488035e-05,-1.1047675e-05,8.6984764e-05,0.000219908,-0.00013220691,4.9693364e-05,4.7611342e-05,0.00015436258,0.00017265687,7.944059e-05,5.9923615e-05,5.0799048e-05,4.6374294e-05,0.00018329099,0.00010943662,0.00015339615,0.00014732979,0.00011630664,1.7663555e-05,2.1496764e-05,1.00135185e-05,0.00012672294,9.524681e-06,3.7512484e-05,3.9811242e-05,5.3467484e-05,-4.6203128e-05,-5.571386e-05,0.00011057035,-2.190639e-05,-2.2932554e-05,-1.830817e-05,-2.0093225e-05,-7.019235e-05,1.8914696e-05,0.00014022343,3.5861154e-05,4.140893e-05,5.8386082e-05
K03455_3,3.086585e-05,-8.5740714e-05,0.00023172208,0.00011104921,0.00016557745,7.528799e-05,0.00015266462,-7.2599637e-06,0.00012953347,-7.376613e-05,2.7963099e-05,0.00010133696,7.51299e-05,0.00016148554,7.05088e-06,-9.520388e-07,4.3196498e-05,-1.3515064e-05,-3.640456e-05,-0.00013802947,1.9220752e-05,9.001417e-05,8.0579455e-05,0.00022745867,-4.9233957e-05,6.4315296e-05,7.0437956e-05,-0.0002366463,-0.00017375726,3.5394565e-05,0.00012615048,-4.1551044e-05,6.81164e-05,0.000102479215,7.042832e-05,-0.00014235788,7.815309e-05,0.0002643869,-3.977403e-05,0.00013909605,-1.6259492e-05,-0.00016679664,4.05315e-05,3.7391994e-05,-0.00017888368,-8.135094e-05,-9.737112e-05,-6.2981235e-05,8.562293e-05,0.00022069794,0.00020829255,1.844989e-05,7.463445e-05,3.973867e-05,0.00013972685,2.8335495e-05,0.00018493846,0.00013757289,-8.767055e-05,7.037552e-05,9.019078e-05,2.4847524e-05,3.6166093e-05,7.3507654e-05,-1.128848e-06,5.2042444e-05,0.00025749725,4.7594265e-05,0.00011206584,0.00018867821,0.0004135628,0.00027323482,-0.00011888067,9.108231e-05,-0.00012230632,1.8688686e-05,0.0002518552,-0.0001496799,-0.00010992869,0.00014674912,9.638748e-05,-3.3051103e-05,-5.152442e-05,-9.355246e-05,-6.8003283e-06,4.501877e-05,-9.90507e-05,4.7058387e-05,8.419696e-05,-4.192472e-05,-8.0989055e-05,3.194946e-05,-0.00013916232,2.1854516e-05,-9.0994836e-05,4.1325464e-05,-7.2472416e-05,-0.00017064376,0.000117155316,6.681639e-05
AF324493_3,0.0001704143,1.9480718e-05,0.00010909815,1.3357144e-05,2.911175e-05,-4.4095494e-05,0.00010923302,-0.00010862252,-4.662145e-06,0.0002652699,0.00012427283,0.00019098267,-1.7137474e-05,-7.271035e-05,-2.785825e-05,-9.207952e-05,-4.84704e-06,0.00017823877,0.00013226629,-6.843585e-05,2.3046341e-05,-6.505497e-05,-8.870773e-05,-7.7084784e-05,0.00023545336,-4.6336078e-05,2.9710984e-05,0.00014189683,0.00013784404,0.00010513423,0.00013840903,3.036118e-05,8.8262e-05,1.46894035e-05,1.5929223e-05,-5.1794814e-05,-5.1627743e-05,-0.00010040615,-2.817729e-05,-1.7446032e-06,-0.000106820844,1.5952559e-05,7.0669004e-05,-2.7297696e-05,-5.3248248e-05,-9.861809e-05,-9.4023075e-05,-1.1861382e-05,-7.85659e-05,7.745697e-06,7.572594e-06,-0.00010508137,0.00011705378,-1.0763812e-05,-9.4037005e-06,0.00027043212,0.00015217143,-2.7727832e-05,7.731348e-05,0.00018360137,-2.2571083e-05,8.297782e-05,5.8344784e-05,0.000118521915,1.1376812e-05,-3.5798985e-05,9.655294e-05,0.00013744451,0.00014619656,-1.0977436e-05,0.00014438943,5.8363694e-05,0.000107021966,-3.823574e-06,8.9781024e-05,0.00015983146,0.00022085215,-4.0610263e-05,4.277239e-05,0.00017162372,2.371145e-05,-2.4844836e-05,5.970431e-05,7.5398326e-05,-5.7160723e-06,-6.8759866e-05,-8.342743e-05,4.990972e-05,2.6568729e-05,9.81927e-05,8.811968e-05,-9.505388e-05,-4.9472837e-05,-0.00020368154,-7.3467134e-05,4.8530754e-05,6.365754e-05,0.00017346763,7.468887e-05,-0.00022271673
GQ183623.1,-4.9642797e-05,0.0001531765,7.7781326e-05,0.00016136383,-0.00015477075,8.893607e-05,-1.1596306e-06,9.959762e-05,-8.061096e-05,0.00011048501,-9.9545854e-05,-3.6248322e-05,0.00028329043,0.00020519069,0.0001033706,-9.234937e-05,0.00012656012,-2.4720724e-05,0.0002184378,0.00015679703,-3.466543e-05,9.569497e-05,-7.819288e-05,-6.391927e-05,7.268032e-05,4.0958133e-05,-1.8934189e-06,0.00016466402,0.00010187673,-4.612763e-05,1.0297587e-05,6.359614e-05,1.1014486e-05,7.722561e-05,-4.106552e-05,6.9886606e-05,0.00015305764,0.00010296036,9.560814e-05,7.38432e-05,-0.00017901105,4.613903e-05,7.213344e-05,-8.25481e-06,2.8042487e-05,0.00014133501,1.3863471e-05,0.00015016568,3.7175963e-05,0.0001078756,3.441785e-05,2.737998e-05,9.5732044e-05,-5.8996422e-05,-4.422119e-05,0.000108472595,-9.259651e-05,-0.00021286237,6.202874e-05,1.5292071e-05,8.016215e-05,-0.00015222422,-0.00018585646,8.279294e-05,-5.2892974e-05,0.0002599202,-1.2043503e-05,-7.676791e-05,5.3746662e-05,7.061536e-05,-5.5016037e-05,1.5213065e-05,0.00016215876,-4.077286e-05,-3.072402e-05,2.6849095e-05,-0.00013821764,0.00021873359,5.25856e-05,0.00013157446,-0.00012576551,0.00010523845,1.899347e-05,3.418662e-05,-4.14289e-05,0.00022354026,0.00013288212,0.00014405498,0.0001953215,5.5615714e-05,-1.5863747e-05,0.00010070731,-9.7191805e-05,-4.335718e-05,5.1253148e-05,-7.061417e-05,6.644756e-05,-3.643929e-05,0.00017919001,2.8430886e-05
AY278488.2_4,-4.780399e-05,0.00014334534,0.00024541753,8.402101e-05,-1.6835958e-05,6.992807e-05,-6.5151785e-06,7.076528e-05,1.6348366e-05,-0.00010664022,7.3800664e-05,-6.6365164e-06,-3.9429073e-05,5.389469e-05,-4.808021e-06,-1.1690798e-05,9.30205e-05,4.4898057e-05,0.00014279156,0.00015457792,7.898723e-05,-0.00019107308,0.00017946458,-7.5439806e-05,4.8069116e-05,-0.00020446643,1.542436e-05,0.00016623568,8.334058e-05,0.00013849823,8.356164e-05,0.00017006096,-0.00011826497,6.118228e-05,0.00013780974,0.00011080362,7.9700134e-05,-3.3513603e-05,-9.62103e-05,8.4011815e-05,4.4485188e-07,0.00011590262,8.0783524e-05,0.00016831515,0.00010999072,4.379324e-05,8.407561e-05,5.1358966e-06,-5.0993378e-05,5.7173653e-05,0.00018693035,-8.4840285e-05,-3.035812e-05,-1.3107402e-05,0.00010000857,0.00021986158,8.1853985e-05,0.0002691097,6.0738977e-05,-5.7155215e-05,-7.302441e-05,0.00014195169,-9.5920404e-05,0.00018145556,9.212685e-06,0.000136311,-2.2490696e-05,-3.1969405e-05,-4.3880125e-05,-3.312909e-05,8.609911e-05,8.011704e-06,-1.0132086e-05,0.00010368378,2.2426317e-05,-6.546139e-05,-0.000111671725,4.4179407e-05,0.0001555439,-0.00014171167,2.5136875e-05,-7.4802745e-05,0.00015164707,-0.00014137682,6.5248634e-05,-3.3867836e-05,-6.0995724e-05,9.5660536e-05,4.8784e-05,9.556137e-05,-0.00014977838,9.80662e-06,8.847748e-05,-0.00015290332,2.0907619e-05,8.03495e-05,-1.6493308e-05,-6.949693e-05,-0.00023921505,5.184013e-05
AY961628.3,-8.7692686e-05,9.207482e-06,0.00023888875,0.00015048262,-2.1992926e-05,0.0001450363,6.8966466e-07,0.00016020672,8.060783e-05,0.00011133087,3.638914e-05,0.00021991917,0.00014090833,-4.0430437e-05,-5.1795592e-05,5.903677e-05,0.00013569862,-4.6199988e-05,-0.000110002344,0.00014154016,0.00014859448,-2.252294e-05,0.0001180605,0.00011860028,-1.0132394e-05,2.8825189e-06,4.186989e-05,-9.5904485e-05,5.7041834e-05,-0.00011738541,-3.7615988e-05,-4.1736977e-05,0.00023685355,5.572165e-05,-2.4663124e-05,-3.177698e-05,-1.3673584e-08,-2.5594794e-05,-7.070752e-05,-4.2435353e-05,0.00018003146,2.7976332e-05,0.00023650887,0.00015680754,-1.7509216e-06,-0.000107522945,0.0001752277,-6.176843e-05,8.96144e-05,0.00019567902,-9.574048e-06,0.00011114107,-2.5085516e-05,-0.00010621863,-2.204153e-05,3.9247283e-05,1.5173127e-05,0.00021563983,2.7731909e-05,5.438634e-05,9.005856e-05,-3.1872107e-05,1.7415514e-05,-0.00014807904,0.000119879194,0.00019237107,6.383571e-05,9.521815e-05,-3.4107397e-05,-0.00017478978,1.278497e-05,6.976238e-05,-0.00020948722,0.000150388,-0.00019681612,0.00024354341,-2.8877157e-05,0.00024169705,7.245101e-05,2.6099482e-07,0.00021086374,-5.9600465e-05,0.00017225258,0.00012551804,-0.00012475041,5.1988485e-05,-4.934456e-05,0.00014416163,-3.9134815e-05,-6.243538e-05,-0.00010462419,6.5355314e-05,0.00013949744,4.504052e-05,-7.954221e-05,0.00017542737,-8.523078e-06,-3.244038e-05,0.00026746775,-9.636572e-06
GQ183624.1,7.538882e-05,0.00020965216,4.05085e-05,-5.3522497e-05,0.0001415501,4.5838417e-05,-2.3981158e-05,9.719142e-05,5.0431636e-06,0.00010182401,0.00010684631,0.00012698746,7.81966e-05,9.420274e-05,0.00012862383,-1.2881239e-05,-3.5203702e-05,-2.4635006e-05,0.00022063708,4.658479e-05,6.047943e-05,-5.02523e-06,0.00018792132,-3.3637218e-05,4.7423047e-05,4.5410845e-05,-4.0918796e-05,-4.152628e-05,0.0001708632,0.00015819495,0.00012316993,-1.3422391e-05,0.00019096512,-5.2615087e-05,0.00016363837,0.00012856022,-5.1617288e-05,5.4302775e-05,0.00015143001,-0.00023808761,0.00015681972,0.00010177972,0.0001358163,-5.7259596e-05,-0.00018241815,0.00014082516,-5.1203657e-05,-4.1788135e-05,2.9672628e-05,0.00016749224,0.00013281812,0.00011602089,1.9869234e-05,1.2175556e-05,9.049473e-05,-3.3700187e-05,9.594587e-05,0.00025678458,0.00013729454,4.9102728e-06,-2.5304205e-05,2.7014261e-05,1.5314801e-05,4.851644e-05,0.0002938587,0.0002786871,-6.9029906e-05,-7.909275e-05,-1.6883474e-05,0.00024098154,-5.9053295e-05,0.00012919688,0.00021329882,8.843885e-05,0.00024106218,3.6848007e-05,0.00011192638,-7.4558324e-05,-7.6038195e-05,8.869452e-05,0.00012678916,1.8322238e-05,-1.9081603e-05,0.00017087674,-0.00014914093,0.00026448554,-1.6141848e-05,0.00010066948,0.0002020783,0.00023615059,-0.00021670797,0.00017828909,0.00010474332,0.000102396865,0.00014489889,1.0010481e-06,0.0001439948,3.4407447e-05,-0.00019236298,8.077396e-05
NC_001357.1,4.1436604e-05,9.779582e-05,4.060874e-06,0.00018503681,0.00010977528,8.300543e-05,1.9659085e-05,0.00018831452,-2.9163819e-05,9.842012e-05,0.00019308983,7.244746e-05,9.498988e-05,0.0001645851,-0.000117380376,-4.5412107e-05,0.00014151739,-0.000120478806,0.00012082465,-2.6942334e-06,6.888892e-05,-0.00017604654,6.1032286e-05,-3.8866172e-05,0.0001054538,4.4653807e-05,0.00013993114,0.00010213395,4.194798e-05,-5.7200752e-05,7.04834e-05,0.00014110135,2.9308892e-05,-9.854057e-05,0.00010811718,4.0084997e-05,8.642828e-05,3.153946e-05,-0.00011341254,-1.5605081e-05,5.163659e-05,5.5517292e-05,0.000142466,-8.4180676e-05,6.045975e-05,0.00025917336,0.00016972725,0.00011196059,4.4844583e-06,-0.00012758932,4.8083202e-05,9.7960976e-05,-4.03209e-05,8.163705e-05,7.568142e-05,0.00011831524,3.346579e-05,0.00018804289,-3.2409906e-05,-5.018336e-05,0.00013331432,2.4812123e-05,2.2410506e-05,0.00010432528,5.1300885e-05,1.0810043e-05,0.0001252763,0.0001218116,0.00016718467,1.9196402e-06,6.59636e-05,0.00019974395,0.000120268174,3.332501e-05,1.7257227e-05,-2.998707e-05,-6.651959e-05,-0.00017201094,3.3466997e-05,0.000122764,-8.107872e-05,8.6589625e-06,6.3393374e-05,9.2607545e-05,3.535603e-05,0.0002130624,3.5117402e-05,3.872808e-05,0.00010571204,-1.0520737e-05,-7.518653e-06,-0.00033131876,0.00024518065,-8.5192456e-05,4.8940405e-05,0.00017345393,-0.00017075795,4.1149196e-05,-6.9388116e-05,7.241908e-05
NC_001798.2_3,7.391735e-05,7.178609e-05,6.3509804e-05,0.00018637638,8.509528e-06,7.0062495e-05,0.00015731102,1.42817e-05,-0.000109761975,2.558796e-05,-5.0355397e-05,1.0408165e-05,5.6972363e-05,-3.1297906e-05,-2.9274347e-06,0.00016586912,0.00010956139,-0.00013049303,0.0001399404,-2.1480411e-05,0.00010190335,-2.9760986e-05,7.1411574e-05,0.00014113677,3.279504e-05,-6.176922e-05,0.00010489758,-2.672803e-05,6.430574e-05,-7.8133824e-05,9.1330825e-05,4.1057952e-05,-0.00018877674,0.00020033993,-7.741333e-05,-0.000101502555,-2.8250905e-05,0.00021444302,1.0106978e-05,-6.7421474e-06,2.8331386e-05,0.00013801649,-0.0001358978,0.00024141985,0.00019519121,7.435355e-05,0.00013158256,-3.0039393e-05,7.7582234e-05,2.1328218e-05,0.0002267139,0.00013417588,6.9492958e-06,0.00013002944,-0.00013066971,4.929055e-05,3.070131e-05,7.417482e-05,0.00013229181,-1.8145043e-05,0.0001564696,7.421103e-05,0.0004436326,-8.134114e-06,-0.00012780559,0.00039878924,0.0002172711,-0.00016193662,0.00022118079,4.339152e-05,0.00010149613,0.0002649273,-4.3808427e-06,-0.00021593021,0.00011024919,-6.926645e-05,-0.000106465515,0.00016569784,0.00012400886,0.00019890035,0.00027149206,-2.6094056e-05,-2.8318364e-05,-0.00020770285,-0.00016185512,-3.8610153e-05,-0.00012350622,0.00026424613,-0.00018745536,0.00012003823,2.0950065e-05,-6.444163e-05,-0.00010390402,4.8625207e-05,-6.556352e-06,-0.0002622055,8.957278e-05,0.00033128745,0.00035901763,-0.00018559734
EU262658.1_2,5.836958e-05,4.735891e-05,9.266285e-05,6.829312e-05,-8.222067e-06,0.00013532126,-9.011427e-05,2.1973678e-05,-3.5256453e-05,4.7376183e-05,0.00015089972,0.00014858552,-5.830955e-05,0.00025274785,0.00015375475,-9.893077e-05,3.0714575e-05,-2.779191e-06,0.00010667908,7.8673846e-05,3.464771e-05,-4.794094e-05,-6.408067e-05,7.710811e-06,-0.0001669015,5.8466427e-05,-3.4688997e-05,0.00016722282,2.2839225e-05,-0.00014135774,-9.2472954e-05,1.1870873e-05,0.00012030339,-9.268524e-05,3.2359203e-05,-3.512364e-05,0.00015958097,0.00015292295,-8.7362125e-05,3.3037977e-05,-6.214312e-05,5.541731e-05,-2.0140342e-05,-0.00010007259,9.376524e-05,-2.3040557e-05,-0.00018064903,9.527441e-05,0.000110322675,0.00010856102,2.1629301e-05,5.2379246e-06,4.075711e-05,-6.703089e-05,-2.8936123e-05,-0.0001388955,3.0191944e-05,0.00029234428,0.0001057436,5.2199444e-05,0.00016085777,8.539526e-05,0.000150467,-1.0713967e-05,0.00015259314,0.00017810985,-3.510904e-05,-5.093542e-05,0.000116683266,-2.2085222e-05,1.7958251e-05,0.00021521459,0.00015600727,-5.431793e-05,7.300539e-06,5.2608397e-05,9.9557124e-05,-0.0002172863,-3.625598e-05,5.0885967e-05,0.000117298245,-1.16512065e-05,7.669195e-05,3.241048e-05,0.00014809296,-0.00012938256,8.3429084e-05,0.000330172,0.00010418056,0.00019901645,-5.826919e-05,-0.000121835445,0.00010225693,2.0156702e-05,-0.00016321967,0.00010067604,-0.00015690352,5.4750843e-05,0.00022077512,9.379031e-05
AY451891.1,-9.3319664e-05,-0.00012728068,0.00013045686,-3.0886233e-05,-6.6568384e-05,-0.00011795368,1.7399794e-05,0.00017407167,4.75393e-05,0.0001297916,0.000111291905,0.00019600317,3.9927374e-05,-5.3669854e-05,-1.628568e-05,-0.00012547603,7.692992e-05,-0.00010368092,-8.8563764e-05,-2.2930515e-05,4.5862985e-06,9.5661735e-06,-2.2267484e-05,7.267569e-05,0.00023170096,4.2571068e-05,0.0001329592,-4.226939e-05,3.76524e-05,-1.2506863e-05,-0.00010272258,6.623007e-05,2.0969126e-05,7.204194e-05,9.3935596e-05,1.5141691e-05,-4.6721125e-05,3.4227419e-06,0.00012584998,-3.9283386e-05,3.3771797e-05,-3.0617528e-05,-0.00011266261,0.00015551061,6.014566e-05,6.6520646e-05,4.4567398e-05,-7.989382e-05,-0.00020053878,-0.00019456158,0.00017355624,5.9603604e-05,-0.00017113186,3.6935937e-05,9.2118426e-05,0.00021710343,-1.5868784e-05,0.00012121997,8.9773814e-05,2.6208625e-05,1.2635297e-05,3.6165327e-06,1.9746682e-05,0.00010273009,1.6803788e-05,8.936908e-05,0.00019194427,3.3346358e-05,5.147322e-05,-9.159075e-05,-5.468733e-06,-3.8167316e-05,9.8547214e-05,0.00011473343,-8.256761e-05,-0.0002157475,2.2130262e-05,8.783999e-05,7.8173915e-05,-0.00018190012,0.00015092023,0.000298469,-0.0002198043,-8.500961e-05,0.00018445676,3.588028e-05,8.74775e-06,0.00014258162,9.165047e-05,-0.00016160386,2.3478558e-05,-0.00016235134,7.0835595e-05,0.0002520617,-4.2783537e-05,0.00010660104,0.0002716509,-0.00021285677,-4.0880677e-06,-0.00027027386
D17763.1,0.00013178706,6.565761e-05,0.00014205909,1.8141758e-05,0.000102489386,-3.1518342e-05,8.365326e-05,-6.480452e-05,-2.045488e-05,0.00020202345,2.3546392e-05,-0.00016489394,-8.158011e-06,-3.118095e-05,-0.00013701132,-0.00011601128,0.00010875759,-0.00013657736,-5.176132e-05,0.000101392136,-4.906597e-05,0.00012845724,2.2930635e-06,6.6723864e-05,-0.00011788872,-4.4457105e-05,0.00014287682,-4.685462e-05,-2.3790892e-05,-0.000108673645,0.0001355937,-8.7536055e-06,-6.706221e-05,7.5308926e-05,-8.761487e-05,-0.00011495982,-4.7680358e-05,-2.2437798e-05,-5.8182606e-05,-8.1150094e-05,-0.00019532882,-0.0001915927,8.867783e-05,-6.761053e-05,0.00010145996,0.00015170623,-0.0001265029,0.00011136233,0.00018435961,0.00018827524,-4.5180084e-05,-4.003414e-05,0.00018991773,-0.00016380688,0.00010136634,-8.790973e-05,-0.00010641249,5.3582604e-05,0.00011527874,-6.809873e-05,-6.091639e-06,0.00010902828,6.968027e-05,0.0001423085,0.00011217281,6.324006e-05,0.00020630294,-0.0002204198,0.00011155576,0.0001353444,5.3088806e-05,-7.742765e-05,0.00012561608,1.4503216e-05,-5.82174e-05,-2.945277e-05,7.3657895e-05,-8.0950245e-05,2.8805849e-05,2.6050402e-05,-1.949665e-05,-6.1807674e-05,-3.4757642e-05,5.391241e-05,0.00012992666,5.7218895e-05,0.000111617934,1.9496224e-06,0.00015500013,0.00011460733,5.113281e-05,8.4476436e-05,5.1864725e-05,8.274234e-05,6.261275e-05,2.450055e-05,-0.00015589567,6.0375492e-05,-4.457315e-05,6.9801434e-05
NC_004718.3_2,0.00014156828,-5.658146e-06,5.846832e-05,-1.4369967e-05,-3.455285e-05,-3.9843086e-05,-7.049748e-05,-0.00023041983,7.3702766e-05,7.2049326e-05,-5.4950415e-05,8.044555e-05,6.706514e-05,-0.00017150516,0.00011979176,0.00013044784,-6.887278e-05,-4.9936443e-05,-2.6197433e-05,-0.00011569664,-5.7916233e-05,0.0003474977,-8.2661936e-05,0.00015737241,-4.5608573e-05,1.2418475e-05,-4.1320378e-05,9.489056e-05,-9.0508394e-05,3.469299e-05,-0.0001428197,2.8449054e-05,0.00019780816,0.00026085848,-0.00011474412,-2.5563131e-05,7.946472e-05,0.00015385918,-2.608986e-05,0.00019409193,9.732762e-05,0.00010428993,2.6283224e-06,0.00013548516,9.841404e-05,5.3063406e-05,4.0275925e-05,-0.000103637736,0.00019239815,-4.8906382e-05,0.00015173793,0.00016446534,3.636059e-05,5.933015e-05,5.2524374e-05,-2.764896e-05,-1.1757424e-05,-5.055225e-05,0.00014957711,8.260836e-05,6.959263e-05,-0.00033669177,7.339529e-05,-3.3967623e-05,0.00014757365,2.0289994e-05,-2.6925833e-05,-3.1456795e-05,0.00015963516,-6.277355e-05,-6.0253886e-05,7.960259e-05,0.00020279587,-4.4144355e-05,0.00015918621,0.00014352602,0.00013243871,1.9579724e-05,-4.4754313e-05,2.5057221e-05,1.3419666e-06,0.00012246596,0.000106272615,-0.00016895578,0.00012525648,-0.00014981648,-4.143264e-05,6.052837e-05,-0.00010704111,-7.5266595e-05,6.46615e-05,-8.037944e-05,6.595654e-05,-7.146227e-05,0.000118634045,0.00014871378,0.00029903368,9.8958466e-05,0.00012203298,-9.216387e-05
NC_004718.3_1,8.645877e-05,-5.616919e-06,-3.3558445e-05,-2.2262759e-05,4.631128e-05,-5.928644e-05,-3.4597622e-05,-0.0001128323,0.00013564048,0.00016907981,0.00010016657,-0.00016115575,0.00011302205,8.4141255e-05,8.012445e-05,0.00011341685,0.000108984794,-2.3917872e-05,-3.4304805e-05,0.00015120528,-6.3701873e-06,-8.0623235e-05,-8.016987e-06,-1.2168732e-05,7.959604e-05,9.8609096e-05,0.00017355406,2.413327e-05,-6.2496333e-06,9.8329816e-05,8.688017e-05,-0.00015554395,-3.4321636e-06,0.0001265651,-3.1119576e-05,-5.586773e-05,0.0001506639,-0.0002296073,7.499907e-05,7.579434e-05,-4.1984196e-05,2.8964449e-05,6.419651e-05,-4.3710293e-06,4.603164e-05,-7.277891e-05,-1.30609515e-05,4.030735e-05,0.00016012577,-3.6069403e-05,0.00013606499,0.00015642447,0.00010099408,0.00012314421,-0.00013723558,-7.018425e-06,-1.6455708e-05,-0.00013211506,3.2390704e-05,4.577456e-05,9.7657234e-05,-0.00015190014,-0.00013073905,0.00017236087,-5.3020776e-05,-6.614628e-05,-0.00011239394,-6.8121655e-05,-4.7492795e-05,0.00021968117,0.00013437287,-9.836695e-05,1.1303306e-05,3.7866914e-06,-6.7083594e-05,0.0001726925,6.3728156e-05,0.00010319101,3.086538e-05,6.873307e-05,-2.6569114e-05,0.00011066721,-6.1675186e-05,0.00012134966,9.441316e-07,8.5364896e-05,0.0001816911,-0.00010155372,0.00017346579,3.1744647e-05,-7.34967e-07,3.3427707e-05,-7.695578e-05,0.00024650048,-8.110302e-05,-0.00014361905,-2.2314573e-05,0.00023429703,-3.1913154e-05,-4.870414e-06
AY278488.2_2,5.1222585e-05,-2.3802554e-06,9.5338815e-05,0.00016023607,3.9673672e-05,8.291534e-06,6.123184e-05,0.00016768978,0.00015169178,0.000112942056,0.0001750319,5.481413e-05,9.7550124e-05,-4.5217197e-07,2.7068148e-05,0.00013770904,0.00010845486,7.479766e-05,0.00010125067,0.00010443096,4.398421e-05,0.0001295921,0.000114038514,7.6814504e-05,0.00010586647,0.00016773686,1.2027465e-05,9.381452e-05,3.0087002e-05,0.00014262737,-1.5997815e-05,0.00013258081,0.000102488055,0.00010948189,1.719193e-05,0.00013319077,0.00014344408,3.3956116e-05,4.3413467e-05,0.00013713105,6.415732e-05,0.00012575943,0.00013411819,4.9061986e-05,1.1705447e-05,0.00014141032,0.00014098473,3.1878208e-05,8.33114e-05,0.000110918685,2.7527425e-05,0.00013792506,9.720188e-05,0.00010878547,5.3598942e-05,0.00013253669,2.2006388e-05,0.00017568232,0.00031363746,6.4139815e-05,-1.7287426e-05,0.00020578314,0.00010895818,6.692043e-05,0.00020338384,0.00012542549,2.7641247e-05,0.00016592508,8.5553926e-05,0.00014981485,0.00018479004,-2.4893141e-05,0.00018076177,9.350257e-05,0.0005024095,7.3171354e-06,9.275849e-05,6.297852e-05,5.747666e-05,0.00011720026,-4.1041843e-05,-9.55783e-05,0.00015549852,0.0001502744,0.00016277556,0.00010402602,0.00020558304,1.2018555e-05,4.062389e-05,0.00025935558,0.00016318787,-1.215403e-06,3.8302924e-06,9.733422e-05,3.9372906e-05,5.7786903e-05,5.8078662e-05,3.3974407e-05,6.4198524e-05,7.874758e-05
EU262658.1_3,9.1538706e-05,5.4966345e-05,0.00010648438,6.657716e-05,0.00015589982,9.648859e-05,0.00013942453,7.917607e-05,0.0001409375,3.1853102e-05,0.00011051159,0.00026371755,0.0001242982,8.1894905e-05,0.00018177337,-5.2807027e-06,0.00012014058,0.00024708876,0.00016989968,-0.00012963064,-0.00013519828,0.00024356623,0.00016975672,6.461986e-05,-4.8368514e-05,0.00013212959,-5.2792468e-05,0.000107871354,6.146122e-05,4.2250605e-05,2.7953174e-05,2.524626e-05,-2.6591467e-06,-3.539577e-05,0.0001890212,6.4839995e-05,0.00016259297,-1.904058e-05,3.727936e-05,-9.891529e-05,4.577167e-05,-5.4184704e-05,0.00031355082,0.0001272786,-1.8461265e-05,0.0001596954,-2.6063271e-05,0.00012528415,0.00029328262,0.00024948205,5.2585558e-05,0.00014195265,4.073e-05,-0.0002045865,-0.00029525172,6.662385e-05,0.0002995392,3.422086e-05,7.45545e-05,0.00019772563,0.00046343778,8.095747e-05,8.224625e-05,7.10979e-06,0.000293462,-0.00012431889,0.00036294316,-0.0001263066,-2.692724e-05,0.00018741765,1.1637432e-05,-0.00011162375,7.271769e-05,0.00016422587,-1.2320267e-05,0.00026471436,-0.0003786067,-0.000108328524,-1.6218168e-05,-9.602318e-06,9.0882575e-05,0.00018861213,6.3673884e-05,0.00014344534,-0.00028874582,-3.417913e-05,0.00023115861,7.323074e-05,0.00022506493,2.3858543e-05,0.00027815497,0.00017691677,8.392087e-05,0.00021128486,0.00012725491,-0.0001422742,2.4599885e-05,0.00042694822,0.00014572064,-6.143483e-05
AF206518.2_4,0.00020674433,-7.2106304e-05,-1.4018987e-05,2.8422228e-05,2.7849166e-05,8.814037e-06,-4.06624e-06,9.621337e-05,0.00013595007,3.9123555e-05,0.000105166546,7.367358e-05,-8.886905e-05,0.00010236746,-2.9740699e-05,-0.00015140088,-3.1090665e-05,-9.811804e-05,9.649724e-05,0.00021505685,0.0001797542,-8.721898e-05,0.00015106869,-3.0332101e-05,0.00011537256,-5.4181615e-05,6.386387e-05,8.9322246e-05,3.6235615e-05,0.0001493709,0.00013939351,5.587761e-05,0.0003694283,0.0003055804,0.00018829532,9.4909345e-05,3.863008e-05,4.258117e-05,0.00018025779,0.00024329066,2.8400673e-05,-7.6547316e-05,2.0476447e-05,0.00010369606,-7.3721014e-05,-3.4828267e-05,-2.3625248e-06,0.000101290185,0.00011181138,0.00014840331,-4.7451023e-05,0.00013579235,9.710729e-05,-4.338546e-05,-0.00011568981,0.00016649533,0.00014555176,-8.802379e-05,-3.717651e-05,7.292882e-05,-4.3138043e-05,0.00014436954,0.00037590423,0.00015638261,3.685361e-05,7.47242e-06,0.000101688915,0.00015032978,0.0001672046,-4.292479e-05,5.4781827e-05,3.741816e-05,-6.733379e-05,0.0001054639,-0.00011508795,-2.2537088e-05,2.6297408e-05,4.530485e-05,-0.00012133367,0.00014890995,5.8036367e-05,8.373472e-05,-9.085241e-05,0.00018016265,7.4818476e-05,9.53537e-05,-1.4006648e-05,-1.6038306e-05,9.893831e-06,1.7824017e-05,-9.991983e-05,2.5335941e-05,0.0002998273,1.5401032e-05,0.00012583718,-1.8550614e-05,-3.9603915e-06,0.00022722228,3.7389116e-05,9.554445e-05
NC_001798.2_2,5.1184383e-05,6.857342e-05,6.597065e-05,0.00016122322,0.00010479606,-2.9739305e-05,0.00018829758,7.8798456e-07,6.2847e-05,0.00012639115,4.550747e-05,0.00013560665,0.00010662719,9.426235e-05,0.00022489256,0.00022067885,-7.3456555e-05,4.4315904e-05,0.000113540525,0.00017623842,-2.5736419e-05,-1.4135786e-05,0.0005309881,0.00043722425,0.00033533637,1.6055055e-05,0.00014566752,0.00015657484,0.00012839289,0.0003111976,0.00020008236,4.411245e-05,-0.00018730502,5.184906e-05,-6.2495084e-05,2.3544539e-05,2.6514366e-05,0.00011474649,4.5442226e-05,0.0001419265,0.00014566562,2.066481e-05,6.615874e-05,8.627443e-05,3.8648985e-05,3.867485e-05,-7.842768e-05,0.00011603355,0.0005372745,0.00032377252,7.0836024e-05,-0.00011940174,0.00045961887,4.1318057e-05,-0.00021526265,-8.61997e-06,3.6107565e-05,-7.1479975e-05,3.540882e-05,-9.226094e-05,0.00019757698,0.00018332562,8.612461e-05,8.597281e-05,2.9930694e-05,-0.00013991393,1.3878682e-05,-1.570824e-06,-8.031345e-05,0.000112157584,-7.998026e-06,5.6607852e-05,0.00012434115,-1.8339764e-05,0.00010395289,0.00022607927,0.00011058574,7.437549e-05,3.720466e-06,6.897301e-05,7.887541e-05,2.3605144e-05,0.00015136992,-0.00010991028,6.0274553e-05,-5.841574e-05,-3.1600666e-05,-0.00023060203,-0.00012493038,-1.594633e-05,-0.00011404744,7.829901e-05,-7.117889e-05,-5.7261855e-07,0.00012540063,-4.6743382e-05,2.9599089e-05,1.0659991e-05,0.00011403035,7.271436e-05
X00203.1,0.00016061646,6.4331216e-05,0.00022485066,3.922428e-05,3.743636e-05,9.416217e-05,2.6009444e-05,2.463267e-05,5.2063106e-06,0.00017163873,1.8185101e-05,2.558477e-05,6.3103915e-05,0.0001176118,7.236661e-05,0.00012830603,9.992599e-05,0.0001527422,9.9518824e-05,6.0396553e-05,3.0964806e-05,0.00017661658,6.897126e-05,0.00014325354,0.0001399475,2.5898667e-05,8.1769285e-05,0.00016985177,7.236951e-05,0.0003320835,0.00024186945,3.5794799e-06,-3.732968e-05,0.00019875744,0.00021268208,0.00024253994,-0.00015254719,0.00014634534,3.5038538e-05,-2.0766543e-05,2.1637949e-05,-9.366531e-05,-9.68625e-05,9.641385e-05,0.0002063343,0.0005101541,-7.294167e-05,-0.00012960524,5.0107037e-06,8.613025e-06,-0.00013125071,-9.058077e-05,1.7557526e-05,0.00018583829,1.0639237e-05,0.0001532581,2.3179511e-07,0.0001276273,7.941538e-05,0.00018030086,0.0001577757,0.00024394687,3.521163e-05,8.057356e-05,0.0001529212,4.689817e-05,6.5953376e-05,-5.9492115e-05,-6.985483e-07,5.645463e-05,-0.00022321256,8.484849e-05,-6.430376e-05,-8.762551e-05,0.00015073188,9.239926e-05,0.0001247048,0.00012771196,6.255504e-05,-4.4674132e-05,-6.662572e-05,9.31898e-05,-3.754221e-05,8.8214816e-05,4.0170795e-05,0.00018809855,0.000110799825,4.300135e-05,-3.2722346e-05,-1.9816163e-05,2.3700966e-05,0.000104427825,0.0001567699,7.780191e-05,5.4423333e-05,-2.7582448e-05,-6.813615e-05,7.813859e-06,0.00010861228,0.00013447087
U95551.1,0.00013870909,0.0001248809,2.8423869e-05,6.956235e-05,5.5372075e-05,0.00012241983,6.053514e-05,8.052156e-05,3.375441e-05,0.00014328996,3.7220892e-05,1.604051e-05,0.00013238196,0.00011768223,0.00018936768,0.00010359668,0.00012110498,1.659093e-05,0.00010752515,3.5997648e-05,-3.5546505e-05,0.00015992741,0.00010445254,0.00011260433,5.804739e-05,2.2268418e-05,4.3261844e-05,-0.00017847624,0.0001502116,0.00025965463,0.00017279375,0.00017526689,0.000106607775,0.00018092511,3.0081195e-05,0.00015571754,0.00010036877,3.929817e-05,-0.00016873181,-8.302465e-06,-9.856583e-05,5.7817037e-06,0.00012710401,8.4623625e-06,3.211126e-05,-3.2504047e-06,8.352507e-05,2.724032e-05,-7.930709e-05,7.746757e-05,8.275868e-05,0.00021036803,9.2764305e-05,-6.136854e-05,3.4002387e-05,1.0910258e-05,4.6132707e-05,0.00019944792,1.3861477e-05,1.531107e-05,-2.6099253e-05,-0.00011031654,-2.568137e-05,9.443832e-05,7.0903785e-05,9.2098984e-05,2.7218559e-05,-2.5107423e-05,8.8368564e-05,6.5679065e-05,0.00016553763,0.0001540949,-5.7314675e-05,4.4973975e-05,-7.0357804e-05,5.936314e-05,0.00018043697,-0.00010771399,-0.00011861033,8.752953e-05,0.00016001552,9.3495626e-05,4.09038e-06,4.3246942e-05,1.05631225e-05,0.00015988087,1.89548e-05,6.980479e-05,6.364337e-05,0.00014770954,8.372282e-05,7.038867e-05,2.0961854e-05,-0.00012934844,-3.609232e-05,-4.813802e-05,-1.7589233e-05,0.000105906576,0.0001961262,9.488231e-06
M58335.1,-3.8541275e-05,-0.00012166905,0.00018297289,4.2957432e-05,3.3039276e-05,6.742192e-05,4.274466e-05,3.3408243e-05,-1.9259533e-05,7.419076e-05,0.000117583266,6.5743945e-05,5.5794982e-05,3.317949e-05,-0.00013616915,1.735008e-05,0.00014644914,1.7950715e-05,0.0002462515,1.30859335e-05,-0.0001574854,4.105669e-05,0.00010318663,-4.6031822e-05,-1.5443533e-05,-4.031243e-05,-6.523482e-05,-0.00011901311,-4.1055155e-05,0.000118365606,9.765966e-06,-9.511058e-05,7.2818104e-05,7.334835e-05,-8.7342094e-05,4.8660688e-05,0.00011097936,-0.00016214667,0.00024922853,0.00012461065,0.00016909897,7.910175e-05,0.00014101318,-1.1765428e-05,-1.1221102e-05,-7.38433e-05,-9.002612e-06,-1.6257898e-05,-9.892223e-05,0.000103300714,3.336271e-05,0.00015572555,4.4745553e-05,0.00012587292,-4.107495e-05,0.00018566611,-4.4411972e-05,-0.00016215863,0.00013485372,-2.098198e-05,-0.00011861078,-0.000127345,2.0380401e-05,-2.9199446e-05,1.4599825e-05,-4.8912836e-05,6.0042417e-05,0.00013784443,6.040567e-05,0.00020127094,1.2659594e-06,-7.195091e-05,0.00019405037,-8.377066e-05,0.00020395686,0.00021195922,-0.00033024064,0.00014439013,0.00023289389,2.9881046e-05,7.654434e-06,9.9611e-06,0.00023198055,-1.5073957e-05,-1.0692639e-05,1.2940841e-05,-9.3190174e-05,0.00017574262,-1.688391e-05,6.663459e-06,5.426144e-05,0.00021318565,0.00014587471,0.00012630154,-1.7183515e-05,6.31641e-05,7.2328025e-05,2.465356e-05,-3.2984895e-05,1.8229961e-05
AF302996.1,-5.6436507e-05,0.00019756774,5.852518e-05,0.00015380183,8.354787e-05,-3.712964e-05,5.9760536e-05,0.000122219,-9.931748e-05,1.0642072e-05,3.8755985e-05,0.00011907608,0.00023449014,0.00010628446,9.834362e-05,0.00019750663,-9.125055e-06,4.675575e-05,0.0001261586,1.5676113e-05,0.00015999624,2.248449e-05,1.7770131e-05,-8.37121e-05,-1.9451196e-05,-2.6071357e-05,-8.5673106e-05,-3.1121308e-05,0.00014137848,5.8919944e-05,-5.2015366e-05,0.00012912789,5.698656e-05,1.5851978e-06,7.1053124e-05,0.00036948652,-6.367206e-05,-0.00017228474,-0.00012509427,-0.00012109563,-1.7905936e-06,0.00027023308,5.5123575e-05,9.243778e-05,-9.508707e-05,0.00011792273,3.3203843e-05,0.00020154694,7.074799e-05,0.000102504,6.346011e-05,8.00392e-05,3.043293e-05,0.000138848,-0.0001954047,9.887113e-05,4.7718622e-05,-0.00013551094,-2.4060422e-05,-9.4089824e-05,-0.00013981183,-8.8217e-06,5.069298e-05,6.387125e-05,-1.814183e-05,2.9225766e-05,5.9563852e-05,-1.3318304e-05,-5.014336e-05,-1.7817638e-06,-2.6835718e-05,0.00027963112,5.014194e-05,-0.00010163984,6.251176e-05,-1.5518835e-05,-0.00016575209,0.0001210625,5.220117e-05,4.020964e-05,0.00015858733,-6.358316e-05,1.2470133e-05,4.740294e-06,-0.00011126056,-2.6208467e-05,6.755088e-05,1.4942368e-05,3.6678382e-05,6.610083e-05,-0.00014971077,4.9477912e-05,8.264801e-05,-1.3004009e-05,-7.883529e-05,3.575136e-05,0.000116824594,8.9258356e-05,-2.3498134e-05,9.699266e-06
AY278488.2_3,0.00010711559,-1.9090437e-05,7.2472365e-05,0.000110179455,0.00010614855,5.3707452e-05,9.089429e-05,-2.5706197e-05,1.0336237e-05,-1.9351146e-06,0.00016085486,-1.1557825e-05,6.237154e-05,0.00026653687,8.996583e-06,2.3076682e-06,3.5341338e-05,-6.217186e-05,4.4471144e-05,0.00020772046,-3.062701e-05,-6.338803e-05,-2.2620681e-05,4.851598e-05,6.0454826e-05,0.00013199657,-4.086726e-05,-8.2191975e-05,-3.3039407e-05,0.00014388337,0.0001871158,-0.00010435685,-8.559844e-06,-1.9483787e-05,6.8298e-05,9.548092e-05,0.00014945005,0.00013688285,9.0033645e-05,3.8319526e-05,0.00019842367,5.1667208e-05,-7.4944e-05,6.1216197e-06,0.00030956458,-2.4138031e-05,0.00013500357,9.1820395e-05,3.987695e-05,0.0001233636,-8.292686e-05,0.00013903624,-8.807378e-06,2.362256e-06,8.987816e-06,0.00022508709,3.902616e-05,2.233881e-05,0.00011107023,-9.473586e-05,-1.7835331e-06,9.1939975e-05,0.0002135352,0.00024752103,0.00032592128,1.33121375e-05,6.826513e-05,5.848263e-05,0.00018414856,0.0002628754,0.00015572162,0.00012096274,0.00019329893,0.00010911876,0.00020697285,-5.6660588e-06,2.99511e-05,6.926114e-05,-1.0814002e-06,-0.00015213681,-6.519598e-05,0.00015651449,-7.4964795e-05,6.1814026e-05,6.2730214e-05,0.00017564428,0.00013052931,0.00012795374,-3.4487126e-05,0.0002619309,-5.0568688e-05,-1.2785498e-06,0.00020511667,-0.00011076539,-8.828061e-05,0.00023970724,1.5097994e-06,1.9818077e-05,-0.00020852631,6.16178e-05
GU563562.1,7.829207e-05,0.00027384472,-2.5306686e-05,0.00022511084,4.0173873e-05,2.8555273e-06,6.97707e-05,0.00015942515,-5.1858493e-05,-5.4833705e-05,3.2679032e-05,-0.00010846268,-0.000185103,0.00012347627,-7.4281605e-05,-6.563797e-05,2.240039e-05,-3.6259873e-05,-5.7445894e-05,-2.1275537e-06,-3.9735012e-05,4.1679683e-05,-9.487428e-05,-0.00011584789,-0.00021358317,4.712645e-05,0.00018136806,0.00012543419,-6.170474e-05,-5.7331494e-05,-0.00018227038,-1.2378822e-05,-2.2211741e-05,0.00011322317,-0.000112990434,4.732943e-05,-1.0819665e-05,6.407199e-05,8.2048864e-05,0.00014698129,0.00012446805,-6.80232e-05,5.025334e-05,4.48534e-05,6.2261366e-05,0.00015352227,2.1382826e-05,1.652745e-05,1.0706309e-05,8.7992266e-05,0.00010846362,8.004274e-05,0.00014024963,1.8580555e-05,0.00011342748,9.97589e-05,2.6091568e-05,8.690248e-05,6.5507625e-06,0.00011410284,-8.981947e-05,0.00013610252,0.00024232957,-9.357388e-05,-1.5952317e-05,9.1310074e-05,-1.2666031e-05,1.1143471e-05,3.5998844e-05,-1.3935571e-05,-4.02492e-05,7.973058e-05,0.00027682338,0.00011332535,0.000121145604,6.446585e-05,0.00028622858,0.000113222515,3.4125842e-05,1.0256068e-06,1.683832e-05,-4.986167e-05,0.0001994813,7.871953e-05,4.862489e-05,0.00015453511,-0.00010085296,0.00015126621,-7.313271e-06,6.0735415e-06,-1.07849155e-05,1.1204541e-05,2.0545034e-05,2.8568766e-05,5.9955943e-05,-0.00014965296,-6.109217e-05,3.8944712e-05,-9.32007e-05,1.9350577e-05
AY278554.2_3,-2.2012664e-06,0.00012753841,5.0063394e-05,3.826966e-05,-0.00018974638,0.00020353687,-0.00012750636,4.8039306e-05,1.36765e-05,1.9301697e-05,-0.00015835502,3.2685628e-05,2.830616e-05,0.000119186734,3.228077e-05,0.00014731062,3.8431454e-06,0.00015518184,-7.503781e-05,2.553907e-05,0.00012642184,5.563564e-05,0.00014654119,0.00012093235,-0.00023967633,2.8416818e-05,4.629465e-05,-4.689122e-05,0.00016568617,8.852622e-05,1.4318427e-05,6.186931e-05,-6.2198276e-05,0.00013255847,-3.2365017e-05,6.9201546e-05,0.00017462466,-6.249918e-05,-6.282806e-05,8.886143e-05,-3.5522415e-05,-8.805984e-05,0.00011522327,-3.4270101e-06,-0.00010459163,0.00019071312,0.00012401499,-3.694108e-05,-1.2209644e-05,7.5258e-05,0.00012460697,0.00019267607,2.46612e-05,0.00027711573,-0.00020512557,-0.00011691332,-6.065845e-06,0.0002540352,3.763479e-05,-3.33954e-05,-5.5989658e-05,-0.00014398113,-5.8580783e-05,-7.310103e-05,-9.868565e-06,-8.00496e-05,-9.2889495e-05,3.8665927e-05,0.00011807535,-6.977461e-05,-8.068877e-05,0.000179441,-6.116161e-06,7.792375e-05,-3.174277e-05,8.217616e-05,-0.00014278377,7.4332847e-06,1.7128315e-05,0.00021444973,3.6542675e-05,5.919429e-05,0.00010160318,0.00020517642,3.808317e-05,3.4290206e-05,-8.013792e-05,-0.00012846042,-0.00013988078,8.9377e-06,6.714172e-06,0.00015928717,0.0001578189,8.947721e-05,-5.8951675e-05,-6.229562e-05,0.00011387967,1.5626656e-05,0.00018602138,7.3696756e-05
GQ285029.1,-6.702775e-06,0.00014566968,0.00015573078,4.8454658e-05,-9.207018e-05,7.132527e-05,0.000121238016,6.3324114e-05,5.8662416e-05,3.479488e-06,-2.7303246e-05,6.208831e-05,-8.551719e-05,7.2114715e-05,0.00014492752,7.5829725e-05,0.00018732242,1.1335718e-05,-0.00021563299,0.00020666215,0.000103042235,2.439519e-05,-6.807401e-06,-0.00021795131,5.3172622e-05,-4.2936117e-05,-4.397521e-05,2.1073507e-05,5.3028987e-05,4.5666173e-05,0.000116784075,9.0567046e-05,1.3639805e-05,0.0001368481,4.908177e-05,9.525669e-05,0.00012276079,9.416983e-05,-0.00010051067,-7.109379e-05,0.00014798006,9.041033e-05,-1.7533977e-05,0.0001423311,3.1058193e-05,-7.12426e-05,-0.00013595191,0.000110074245,5.7389774e-05,-1.3418245e-05,-0.00014535108,3.3179782e-05,9.905801e-05,3.9571743e-05,5.9322188e-06,-6.882356e-05,-0.00021708342,-0.00014071768,-7.7364944e-05,-5.667296e-05,2.7182507e-05,0.00016047711,-7.404278e-05,-2.1923111e-05,4.857531e-05,-0.0001306369,-1.5177231e-05,-0.00017782334,-2.5348148e-05,-0.00016245147,-5.2269952e-05,0.00019376415,4.2750504e-05,-6.3609514e-05,0.00012361338,8.340079e-05,0.00012991097,8.723642e-05,-2.4522691e-05,7.625151e-05,-2.2364318e-05,-7.160479e-05,-6.876863e-05,-6.65062e-05,0.00010152334,3.094849e-05,0.00011063669,6.431098e-05,4.4852837e-05,-0.00010264269,-4.9877683e-05,0.000111851594,-0.00014727382,-6.105306e-05,0.00024141764,0.000115804,-6.7135355e-05,3.7204863e-05,-6.146357e-06,6.709739e-05
AF316321.2,3.683028e-05,0.00017268698,0.00017239808,0.0002162546,-8.472291e-07,5.4381147e-05,-7.665986e-05,6.177801e-05,1.523708e-05,-4.745276e-05,8.162316e-05,-1.1013957e-05,-1.1934155e-05,8.472986e-05,0.00015460001,-4.924269e-05,0.000120568395,1.2732624e-05,0.00012002462,0.00015648564,4.326273e-05,4.8446982e-05,-8.0807126e-07,0.0001283241,2.0000345e-05,1.8916651e-05,0.00021082582,0.00010613214,0.000207622,0.00013260088,0.0001058998,0.00015860266,0.00018202007,3.578677e-05,4.4754812e-05,0.000103928316,-6.886693e-05,0.000113991,0.00015822583,-1.8217917e-05,0.00014043924,0.00013424597,0.0001670071,0.0001325534,-5.0139137e-05,4.9834172e-05,4.464374e-05,0.00017462285,0.00011263254,7.687103e-05,4.864926e-05,-0.000108260036,8.0786594e-05,4.3795822e-05,1.9089544e-05,0.00017912379,7.1026414e-05,7.389066e-05,2.2196267e-05,0.00010567549,3.7400314e-05,-8.3610634e-05,-1.9851539e-05,3.5620717e-05,9.521119e-05,-9.335019e-05,2.3691242e-05,0.00024516965,8.485071e-05,-0.00011883203,-1.8080686e-05,7.8657395e-05,-2.2050092e-05,0.00030528003,0.000117488526,-3.35641e-05,3.3850167e-05,-2.5460722e-05,0.00021610041,0.00015313829,0.0001705247,8.650127e-05,-0.00010114599,3.0976047e-05,0.00021431404,2.4844969e-05,0.00013613854,-6.711994e-05,0.00014723967,0.00014292746,-0.00018900834,0.0001394542,3.1158444e-05,0.00019408655,4.639601e-05,-0.00016212997,0.00011630738,0.00031251137,2.0348993e-05,-8.0345264e-05
AY278488.2_1,0.0001048422,4.5642697e-05,-0.0001743382,-4.713035e-05,0.000121418554,-0.00014617064,0.00010395448,4.9727038e-05,-8.4040315e-05,-8.5579726e-05,-6.064269e-05,-0.00010437206,-2.8355624e-05,3.5722438e-05,-4.293799e-06,3.5765995e-06,-0.000102247206,-0.00011511649,6.794244e-05,-2.3918898e-05,7.203579e-05,0.00015168378,-8.262929e-05,-9.306223e-06,1.1369271e-05,0.00012519551,-7.578684e-05,-0.00010351793,-0.00022808736,-6.6166576e-05,-0.00016276965,-0.00011129961,4.635251e-05,1.838184e-05,3.7654092e-05,0.0001005145,2.0367937e-05,-8.8967545e-07,-0.0001101506,1.5119348e-05,0.00012337518,3.9061535e-05,-3.138966e-05,0.00017933024,-1.8722505e-05,0.0001237042,-7.4470474e-05,9.3461276e-05,-3.9082475e-05,8.832998e-05,9.57064e-05,6.9327965e-05,-0.00016258602,0.00013976374,0.00010831929,-4.1453302e-05,8.736035e-05,-4.6763575e-06,-0.00018802786,-4.2692187e-05,8.409732e-05,-1.4991238e-05,-1.1010384e-05,-1.3983941e-05,-7.139575e-05,0.0001633945,-9.441263e-05,8.823527e-05,-2.9642239e-05,-1.5090254e-05,0.00015013354,-9.696224e-05,-2.8962524e-05,7.350334e-06,9.2638926e-05,0.00013155359,0.00015688715,0.00011627318,-1.23676e-05,0.00010879457,7.410575e-05,8.6022534e-05,-2.272384e-05,3.0563566e-05,-5.480691e-06,6.615129e-05,-8.748684e-05,1.6628122e-06,-3.687511e-05,-0.00032921907,7.8770445e-06,-1.4978334e-05,-2.1432552e-05,0.00015250585,0.00021435076,-2.408112e-05,6.933892e-05,0.00019548227,4.008451e-05,6.051596e-05
FJ790798.1,0.00016857454,-0.00013386588,0.00032638694,0.00012330504,1.198879e-05,-6.862089e-06,-6.685971e-05,6.3158666e-05,-2.1947952e-05,0.0002234239,7.37806e-05,7.301508e-05,-5.5934493e-06,3.7413603e-05,-1.4607864e-05,-7.120358e-05,0.00011014891,-4.560646e-06,9.239823e-05,6.836459e-05,-1.8826928e-05,0.00014238978,0.000101108104,6.5952765e-05,-9.032177e-05,0.00023227882,4.411281e-05,-6.071445e-06,-1.7650293e-05,-2.440141e-05,1.6956319e-05,9.1710484e-05,0.00018774623,5.0691408e-05,2.5037287e-05,5.192312e-05,-0.00013858355,8.587299e-05,-1.9914754e-05,5.9878694e-05,0.00013683102,-5.391948e-06,0.0001320226,-5.5093504e-05,2.2366889e-05,2.6400794e-05,4.089415e-06,2.0721965e-05,5.172099e-06,3.4101762e-05,9.234631e-05,-0.000118918506,5.353713e-05,-0.00010086316,0.00014802143,2.9259349e-05,1.5447198e-05,0.0001464548,0.00015434467,0.00019482974,-1.4442633e-05,0.000101168414,4.0031628e-05,0.00025979197,-3.6599286e-05,0.00019934602,0.00010756547,6.415011e-05,0.00018408151,-5.4945835e-05,8.8348366e-05,0.00015162118,0.00019849908,9.17625e-05,-0.00014283152,0.00026100696,0.0005081496,4.830956e-05,-4.8581624e-05,2.2242422e-05,5.555598e-05,6.2828556e-05,0.0001502276,-6.310721e-05,4.738396e-05,5.204887e-05,5.3251373e-05,-0.00020430528,3.2279637e-05,-0.00010440704,0.00013886136,-0.00010192446,9.58462e-05,-0.0001497815,0.00020427065,-6.920041e-05,-0.00010380105,2.4593024e-05,-0.00023847786,0.00014300292
EF190973.1,-8.456781e-06,8.615895e-05,4.1316816e-05,0.00012129562,2.5012474e-05,1.6395748e-05,0.0001348743,0.00023905336,1.4807671e-06,-3.8467428e-05,4.4990225e-05,-0.00014048025,0.00013983858,0.00011361654,-6.8452486e-05,9.905408e-05,0.00010480407,1.7963137e-05,4.5504614e-05,0.000170208,8.002371e-05,-0.00014791352,2.2884513e-05,-3.420123e-06,-9.185999e-05,8.946015e-05,8.727841e-05,0.00012075532,0.00012338313,0.00015528154,-8.3328785e-05,0.00026069913,-4.380436e-05,0.00011037273,0.00017837415,0.00010849533,-3.4526678e-05,-0.00012514826,0.0002873564,2.4614626e-06,-2.9876675e-05,8.223801e-05,0.00013237886,2.2268741e-05,0.00015702903,-1.0973762e-05,-8.507489e-05,6.4145046e-05,-5.6270474e-06,4.2291525e-05,7.7228644e-05,-0.00014660519,1.08772465e-05,4.268223e-05,-7.392741e-05,-7.0394904e-05,2.899789e-05,0.00010612368,1.6713382e-05,-4.093129e-05,0.00013097515,-6.2875515e-06,-7.121708e-05,4.9302602e-05,0.000115833114,4.895012e-05,-0.0001504979,-4.5891343e-07,-4.7661353e-05,-4.1621945e-05,-4.497869e-05,0.00016136131,7.946846e-05,-2.2686265e-06,2.214732e-06,7.166066e-05,-5.662307e-05,0.0001054434,-4.145251e-06,-9.960494e-06,9.579069e-05,0.0002529558,0.00016589584,-3.7604346e-05,8.076154e-05,4.7379846e-05,-3.8452004e-06,0.00023763768,3.6593687e-05,0.00019742048,1.8224091e-05,3.8484537e-05,-6.1700135e-05,-1.5978592e-05,0.00020585746,3.201221e-05,1.913308e-05,-3.8415492e-05,4.461244e-05,9.895142e-05
HQ641713.1,1.5477444e-05,0.00019652143,6.058448e-05,3.752093e-05,0.00018758976,9.1964335e-05,-8.024241e-06,0.00013173497,-1.0874564e-05,5.3236e-05,5.8827747e-05,7.2281255e-05,0.0001497778,-6.878365e-05,-0.000106389256,-0.00014228607,-7.1690876e-05,-2.9957544e-05,0.00010119848,0.00025566365,3.620636e-05,-0.00015414163,-6.451715e-05,0.00015366363,2.552017e-05,0.00025019574,5.1603554e-05,3.3448443e-05,-0.00022443962,8.383069e-05,1.2494166e-05,4.60226e-05,8.581887e-05,-2.0600985e-06,4.2124422e-05,2.6735588e-05,0.000112885624,6.870608e-05,8.278739e-05,7.663352e-05,7.521045e-06,0.00013397988,8.803051e-05,-2.9550907e-05,6.612736e-05,0.00012427477,0.00012909307,0.00015530283,0.00014617227,9.946675e-05,4.5374698e-05,9.860325e-05,8.884563e-06,0.00013145905,-0.0001053689,-4.66393e-06,0.000110821056,1.5350795e-05,3.371846e-05,0.00016294673,0.00012300741,0.00026726845,0.0001338276,5.1946452e-05,-1.1944491e-05,-7.184008e-05,8.203022e-05,0.00014489531,0.00014876857,-7.1414775e-07,-7.354598e-05,8.2826686e-05,-0.00013256185,6.4909436e-05,-7.696864e-05,0.00018101551,5.3198837e-05,-2.552627e-05,3.571391e-06,-9.006784e-06,3.1510648e-05,-0.00013124026,0.00028043677,1.5306841e-05,-8.11604e-05,3.4612756e-05,-0.00012763364,9.8153156e-05,-9.108841e-05,-9.9779056e-05,0.00012551622,0.00028728446,0.0002221649,6.9506474e-05,-3.321961e-05,6.7790206e-05,0.00015728135,0.0001692627,3.5886485e-05,1.4039148e-05
NC_009334.1,0.0001207593,0.000117899675,0.00014484914,8.394475e-06,-7.827692e-05,7.998351e-05,0.00022754885,-6.948524e-06,-7.257358e-05,0.00012126049,7.2967e-05,7.849322e-05,8.177619e-05,0.000110048626,-0.00013520321,8.991441e-05,2.2380556e-05,8.1477665e-05,-1.1884401e-05,0.00018196703,0.00019546358,8.860952e-05,0.00015885575,-0.00015707726,0.00014311107,0.00013881664,0.000121005796,-1.5328022e-05,0.00013707379,0.00015942578,-4.068065e-05,-2.455955e-05,0.00019319264,0.00018656312,9.111574e-05,1.6918459e-05,2.5620902e-05,-1.6340511e-05,-9.823492e-07,0.00020606858,-5.1042766e-06,5.074949e-05,2.9098446e-05,1.17939335e-05,0.00023580257,0.00015077801,-1.3143831e-07,-0.00021590444,0.0001391403,-0.00011470314,7.889192e-05,-5.4543456e-05,0.00019353293,-0.00018971099,4.0618055e-05,4.0425264e-05,5.0084534e-05,5.8668893e-06,4.9895163e-05,0.0002606397,0.0001407853,-2.4791505e-05,-0.00017327571,0.0002466887,9.947817e-05,0.00011234978,3.0504161e-05,0.00019165692,0.00015928446,0.00015217628,-4.4004973e-06,3.693712e-05,0.00018517966,0.000112259804,0.00013315797,0.000100712736,5.8814134e-05,7.76165e-05,0.00010262898,8.051533e-05,0.00010482985,0.000121509795,0.00029850684,-3.0284333e-05,8.745654e-05,-7.149926e-05,-4.0489806e-05,-6.138585e-05,-8.95652e-05,0.00012269641,-8.337024e-05,8.4449515e-05,-3.9354967e-05,-3.7983216e-05,-1.8866187e-05,8.889004e-05,6.9425846e-06,6.134262e-05,-8.231221e-05,0.00015255237
HQ641456.1,-5.4028802e-05,6.640585e-05,5.6734054e-05,-3.411859e-05,-5.5940625e-05,-2.9995394e-05,1.857143e-05,-2.996558e-06,-1.9126215e-05,-2.661333e-06,-8.432994e-05,6.3468244e-05,0.00021367401,9.5669566e-05,-0.00014396556,-0.00016936946,0.00023416844,8.280416e-05,-8.883605e-06,-5.1975385e-05,2.4453395e-05,-4.848564e-06,0.00010395452,8.550574e-05,-8.307314e-06,0.0001370534,-6.143498e-05,2.76027e-05,5.921574e-05,0.00017939549,-3.990607e-05,-0.00016964685,6.878304e-05,2.9604906e-05,-1.6337091e-05,0.00011714974,3.091175e-05,6.0736773e-05,0.00022327284,-7.8745354e-05,0.0001523908,-0.0001330421,8.455257e-05,-0.0001949992,2.2174392e-05,0.00013499145,1.429245e-05,-0.00010350884,-2.2608245e-05,-0.0001802675,0.00029863446,8.476058e-05,0.000101904385,0.00011581596,2.1062713e-05,0.00014155105,-6.690475e-05,-9.700052e-05,-3.161606e-05,-0.00021288056,0.0002479937,2.3022401e-05,0.00013067103,0.00013069613,0.00024578912,0.00016131252,1.1884733e-05,-0.00027337516,0.00010100165,3.9930692e-05,-0.00024008381,-2.4698187e-05,0.00012808923,-4.743665e-06,-3.570962e-05,0.00010331077,-1.2099516e-06,-3.16322e-05,1.9430257e-05,0.00012020805,6.6157256e-05,-5.4102522e-05,6.834877e-05,-3.0952837e-05,-9.2615024e-05,-2.0634536e-05,-0.00013829117,-0.00012860615,-3.126383e-05,0.00019086085,9.428893e-05,2.9467032e-05,5.9026133e-05,8.1274025e-05,3.085773e-05,5.403096e-05,-1.953799e-05,-1.41114815e-05,-7.028487e-05,2.3942912e-05
AY278491.2_2,3.417519e-05,-8.7171626e-05,-4.627459e-05,6.907231e-05,5.2075946e-05,5.5268716e-05,6.793648e-05,1.4108514e-05,-1.047109e-05,9.317572e-05,6.670453e-05,-1.7097425e-05,6.824689e-05,0.00013204255,8.59378e-05,7.946541e-05,0.00015245803,-1.3400344e-05,6.294193e-05,3.453733e-05,0.00019432096,5.848005e-05,1.6217691e-05,7.5967415e-05,2.7845283e-05,-7.1656264e-05,4.0134753e-05,-4.4368506e-05,-0.00014316136,5.5294808e-05,4.4382232e-05,-0.00020440877,5.3887088e-05,-9.74207e-05,-8.6874115e-06,-9.112881e-05,-7.054734e-05,3.638076e-05,-5.6370973e-05,-8.860348e-05,-0.00010063932,0.00017498448,0.00014746301,-2.7001139e-05,-3.7470876e-05,-8.821289e-05,-0.00015604057,3.9289985e-06,-0.00014993719,-1.2499515e-05,-5.811089e-05,-6.581471e-05,-2.2020497e-05,7.701973e-06,-5.430896e-05,-9.057108e-06,2.0227759e-05,7.947163e-06,6.514924e-05,-3.918721e-06,-2.7930831e-05,0.00017035528,-7.438889e-05,-2.4950785e-05,-9.467576e-06,0.00018143299,5.8165868e-05,6.430042e-05,0.00028926207,0.000108461085,0.0002468903,4.0982064e-05,-0.00010542265,8.797687e-05,5.6661927e-05,3.0947372e-06,0.00019661877,9.296746e-05,-3.0000663e-05,-8.4124564e-05,-0.00010866037,-6.3758256e-05,7.3159375e-05,9.525398e-05,9.057772e-05,-0.0001572692,4.6850695e-05,-8.736632e-05,3.397398e-05,0.0001419876,0.000108716195,-5.6073113e-05,8.004e-05,-5.6703953e-05,-7.608023e-05,-0.00028624872,-0.00011833466,-1.6850276e-05,-1.1829136e-05,1.8768174e-05
NC_001526.4,2.6116466e-05,0.00014702538,-2.659224e-05,-0.000120172,3.789038e-05,5.311213e-06,-0.00016704999,0.00020304143,0.00014845312,-5.733875e-05,5.4353142e-05,9.9986755e-05,0.00024076557,0.00011491361,-7.1477465e-05,5.1901756e-05,-3.738207e-05,1.7212074e-05,4.879637e-05,0.00011765367,8.697432e-05,2.6577978e-05,2.0806618e-05,0.00010396826,-2.35472e-06,0.00023354914,3.058774e-05,-7.617403e-06,-0.000109990906,-7.052011e-05,-1.9489664e-05,0.00011866287,9.037728e-05,0.0002442886,6.205153e-05,0.0001415551,0.0001546893,0.000102619444,4.1547805e-06,-7.461265e-05,-5.3281594e-05,-3.067021e-05,0.000107112864,-1.1066194e-06,-0.00012828264,-3.6126046e-05,2.32093e-05,-2.0344138e-05,0.00016886377,3.2125536e-05,0.00014956912,9.456565e-05,0.00017262509,0.000103779494,8.483037e-05,8.664784e-05,0.0001858047,-5.908658e-05,-5.8316706e-05,9.049269e-05,9.899873e-05,7.9267455e-05,7.3381902e-06,0.00013085877,-0.00017944015,-4.1359042e-05,-9.527818e-05,0.00018047483,0.00022747519,3.882174e-05,0.00025066728,-1.4392281e-05,7.8407444e-05,2.6358828e-05,7.729463e-05,-0.00012235256,1.541544e-05,-2.2522589e-05,-4.989346e-05,0.00012399157,-1.1046852e-05,0.00024817864,0.00016704395,1.9684116e-05,-5.6275847e-05,0.00011559631,2.4311648e-05,-0.00010879959,0.00011436466,0.00010949945,0.000118934644,0.00012400062,0.00014788241,-3.087838e-05,3.5330217e-05,5.199091e-05,6.856312e-05,-1.2732929e-05,-6.911528e-05,0.00016731444
AF206518.2_7,0.0001633474,-1.4860426e-05,0.00013632282,6.991537e-05,3.1426935e-05,9.95975e-05,0.00012715711,0.0001425533,9.6713666e-05,-0.00012702984,4.918462e-05,0.0001823086,6.794054e-05,2.4859442e-05,4.5465935e-05,-3.4069376e-06,0.00022606662,-9.400375e-06,7.838487e-05,3.2132284e-05,2.0906467e-05,-2.1882295e-05,0.00032291564,3.071598e-05,5.266429e-05,7.006859e-05,4.2428226e-05,-4.318422e-05,-5.5094228e-05,6.838593e-05,3.2545257e-05,9.6763186e-05,2.2948308e-05,-8.732169e-05,9.091256e-05,7.698969e-05,-9.0508925e-05,0.00017184179,0.00020063529,0.00015217713,0.00013909518,3.0551593e-05,4.6695415e-05,-0.00014174722,0.0002998833,-6.23938e-05,0.000102578255,-9.092318e-07,3.2431417e-05,-5.867646e-05,1.6736212e-05,0.00019911074,3.286102e-05,6.452197e-05,5.4571836e-05,9.377572e-05,-0.00010460798,0.00020280223,6.629232e-05,-0.00013644305,-4.761733e-05,0.00019085903,4.70702e-05,5.802324e-05,-4.0401672e-05,6.897912e-05,0.00022874933,-2.343025e-05,5.3953278e-05,0.00021788344,0.00014795708,0.00017484785,-5.903005e-05,9.7496646e-05,-9.1404334e-05,0.00031420213,-0.00013597425,0.00012314541,5.044531e-05,2.2831508e-05,-3.429952e-05,8.1901104e-05,-1.3315792e-05,-1.1514145e-05,5.081404e-05,9.1738315e-05,0.00010615551,9.953722e-05,6.734269e-05,-0.000111621084,2.3616909e-05,-5.626984e-06,0.00013100209,7.28e-05,0.00011444143,0.00018754898,0.0002353578,8.608252e-05,-1.568873e-05,-0.00013637354
HQ189126.1,0.00013381171,0.000121130484,0.000114362156,0.00020159037,0.00014167649,4.1977706e-05,5.432891e-05,9.1332426e-05,0.000111386056,0.00015090387,2.1211117e-05,2.826418e-05,1.102008e-05,-8.549428e-06,1.4237794e-06,7.463169e-05,7.036298e-05,-3.6306108e-05,6.834026e-05,2.5326604e-05,4.9434286e-05,-2.3892935e-05,0.00027964573,0.00011051945,0.0001218982,-0.00020514162,1.27137455e-05,1.8829405e-07,3.617874e-05,0.00018161454,0.00012866103,2.7690301e-05,-4.589693e-05,-6.690437e-05,8.557826e-05,0.00023688606,9.18652e-05,1.4307301e-06,0.00022645768,7.77842e-05,8.01049e-06,-4.4137174e-05,1.8958499e-05,-0.0001486236,-4.2731204e-05,0.0001378217,0.00023477734,4.008988e-05,8.9553716e-05,3.0248284e-05,2.9758188e-05,0.00026411132,0.00012584086,-6.5537342e-06,0.0002682422,1.3520595e-05,0.00014755012,1.954894e-05,0.0001990402,7.1253664e-05,5.4168246e-05,0.00011882405,-6.0695034e-05,9.931819e-05,0.0003106278,0.00019692228,-0.00027629524,-0.00024945987,0.00016435118,1.6394915e-05,-1.2541957e-05,0.00010048878,8.004815e-05,7.990383e-05,4.9785944e-05,-7.9093596e-05,0.00025935005,7.987291e-05,-5.1967883e-05,9.003494e-05,0.00014070685,0.00013133974,8.604973e-06,-0.000117374984,6.329933e-05,0.000120809455,-0.00019247619,-1.2402611e-05,2.1169984e-05,6.511316e-05,-1.1017784e-05,-0.00017575226,-2.7503478e-05,-0.0004535441,-6.8646594e-05,-0.00021533815,0.00019441395,-5.340119e-05,1.4715304e-05,-6.0732742e-05
AY278554.2_2,-9.037957e-06,4.801276e-05,0.00013913379,2.2274733e-05,0.00019882825,5.5573608e-05,-2.577036e-06,8.238971e-05,0.00014266018,2.0519432e-05,-3.7654256e-05,2.6613207e-05,6.236868e-06,2.2692173e-05,-4.1692372e-05,9.181116e-05,-1.597518e-05,0.00017140522,3.1492855e-05,9.674199e-05,-4.5081582e-05,7.41083e-05,3.247194e-05,-0.0001823316,0.00022986122,0.00014233815,7.4185686e-05,9.138917e-05,7.269271e-05,-0.00011550482,3.942243e-05,-4.8616912e-05,-0.00020051109,0.00012287746,0.00020062477,-3.5568097e-05,2.8243123e-05,-3.665108e-05,0.00013181416,-9.274978e-05,-6.0666713e-05,-0.0001766474,-0.00017944993,8.734106e-05,0.00010433398,0.00017412774,-6.8744055e-05,0.00019104706,6.3240994e-05,-0.00010287202,6.5230066e-05,-0.0001351965,-0.0001608029,3.9362058e-05,-4.3224234e-05,0.00023568237,-0.000113064474,-5.4968273e-06,4.449638e-05,-3.0968626e-05,0.00016437598,0.00016818562,0.000111234855,-3.160502e-06,-8.4431864e-05,-0.0001977344,0.00010883287,0.00011202211,4.2049876e-05,-4.1466443e-05,0.00017283371,1.2150795e-06,-7.512317e-06,8.0648155e-05,0.00014025932,0.00010214449,6.9543625e-05,-0.00018528434,0.00015196385,-2.4626747e-06,0.00014485301,-8.0460166e-05,6.530516e-05,0.00019340239,-0.00013361512,-4.1346597e-05,1.5732401e-05,-9.203753e-05,1.9712135e-05,0.00014926922,9.5390984e-05,2.9159164e-05,0.00013931886,-0.00011937021,-5.571661e-05,-9.7526856e-05,7.417892e-05,-1.0293576e-05,-2.0622481e-05,-4.3291555e-05
AF206518.2_1,2.0909956e-05,0.00015601657,-3.724746e-05,1.6730803e-05,-5.7023768e-05,-9.231972e-05,-1.2046031e-05,8.270002e-05,-1.09589055e-05,9.018139e-05,0.00021087033,0.0002438181,0.00017869414,-6.660756e-07,6.649006e-05,0.00011029816,0.00014101554,3.1752614e-05,6.685534e-05,5.175838e-05,8.627404e-05,2.1204107e-05,6.866412e-05,3.1495038e-05,-1.3569277e-05,-0.00010952339,0.00014820563,-1.947e-05,-0.00010994815,-2.9185947e-05,6.388044e-05,7.658847e-05,0.00022564635,-0.00016737357,9.8293975e-05,0.00014527405,-3.1739266e-05,-9.409366e-05,0.00022430709,-8.548161e-05,-9.525248e-05,6.2954976e-05,-6.5068507e-06,-7.611731e-06,-6.789786e-05,9.297207e-05,0.0001129314,0.0001671322,-5.4833006e-05,9.1310976e-05,0.00011979085,0.00027467328,4.618254e-05,0.00022941994,2.4285311e-05,-0.000113349095,-5.06979e-05,-3.3650404e-06,-2.2593444e-05,-5.4271695e-05,0.00024593982,-0.00014370664,9.358323e-05,-0.00016320462,0.00019477356,6.893143e-05,0.00014496861,-0.00013215671,0.0001455832,-9.469894e-05,3.8989157e-05,4.6736062e-05,-5.007738e-05,0.00017625456,-0.00011462849,5.3425378e-05,0.0001318036,0.00025646033,0.000103427185,0.00012864091,-2.8800187e-06,4.8759117e-05,9.815576e-05,4.736558e-05,-2.0215997e-05,0.00016690764,2.4695042e-05,0.00011727842,0.00014940854,-3.9218376e-05,0.000119050754,-3.3977867e-05,-7.340133e-07,-6.5509695e-08,3.1437996e-06,0.00025396084,-0.00010663699,-0.0001213615,9.563643e-05,7.346564e-05
AF206518.2_3,0.00016774313,0.00013373568,-8.759172e-05,0.00010200703,3.821388e-05,-9.156275e-05,7.491018e-06,-3.70423e-05,0.00024165976,0.00014214918,-4.275037e-05,0.00016915076,2.356825e-06,2.7367105e-06,6.017606e-06,3.6443365e-05,0.00014750137,-2.5613923e-05,4.9407885e-05,3.99077e-07,2.0444917e-05,0.00018972532,-1.8349485e-06,0.0001104712,6.501903e-05,5.6534886e-05,-0.00011769837,0.0002768362,9.349435e-05,4.6820154e-05,0.00023869143,3.042191e-05,-4.6095694e-05,2.8625222e-05,-2.3048437e-05,-2.3730274e-05,0.00018374488,1.5152109e-05,0.00012796423,0.00011884446,-5.2598276e-05,2.1594331e-05,-5.3883305e-05,-4.8686376e-05,5.0946557e-05,-9.113569e-07,-7.705179e-05,1.2539649e-05,2.8047041e-05,3.1046664e-05,-1.6027056e-05,-1.4483412e-05,-9.711026e-05,-3.0623054e-05,0.00013937341,-2.9367524e-05,0.0001238782,0.0002245794,-2.3301325e-05,0.00025046416,1.9423382e-05,0.00013074926,0.000111025656,-0.00012191507,8.415375e-05,2.740878e-05,0.00020844156,-0.00013667205,1.22015745e-05,-2.9924311e-05,0.00012053305,9.612571e-06,-7.7676326e-05,-0.00020491875,-5.765694e-05,-0.0001041052,0.00014325911,-1.3280277e-05,-0.00015339657,0.000105079875,0.00010906966,-2.9589792e-05,0.00026662607,6.9398266e-06,8.653786e-06,-5.3567863e-05,-8.097606e-05,0.0001912457,-1.1017099e-05,5.1768977e-05,-0.00015835172,9.114109e-05,0.000116613264,-2.0220506e-05,-5.4678098e-05,-3.238546e-05,0.00016421032,-7.211917e-05,-7.726035e-05,7.809653e-06
AF206518.2_2,-2.5777788e-06,8.4423744e-05,9.716999e-05,-7.1606123e-06,0.0001565468,8.6596025e-05,7.656245e-05,8.935372e-05,-0.00022676728,-0.00012070565,-3.851542e-05,2.6054147e-05,0.00013226255,6.3998654e-05,-7.271774e-05,4.084608e-05,-2.498538e-05,-8.3615225e-05,1.5203107e-05,8.886508e-05,3.1743835e-05,7.189914e-05,0.00018057703,-1.2866525e-05,0.00014304831,-0.000115020324,3.170741e-05,-3.4570076e-05,0.00018174035,-4.3521497e-05,0.00042034718,7.454745e-06,0.000111648085,-5.98705e-05,-8.456407e-05,3.4749805e-06,5.617509e-05,-4.7947883e-06,-6.4485204e-05,-0.0002790995,-7.085018e-05,-0.00019535479,1.3744866e-05,0.0002847814,0.00012143074,6.4910695e-05,-5.858083e-05,2.5201642e-05,5.4520224e-05,9.080782e-05,-9.217834e-05,0.000120942845,4.932309e-06,-3.30104e-06,2.5560726e-06,1.5178704e-05,4.6624195e-06,-0.00012265512,-1.6261372e-05,2.8654105e-05,-0.000111790265,3.9993374e-05,0.0001500342,0.0001763467,3.50116e-05,-0.00010578755,-7.2906614e-06,2.687329e-05,4.039315e-05,8.872095e-06,4.005228e-05,8.9426154e-05,2.63697e-05,-9.575606e-09,0.00012974013,1.908639e-05,-0.00010413554,4.026437e-05,-6.296456e-05,1.1617385e-05,-7.575402e-06,-0.00011938668,7.9509904e-05,-6.427941e-05,-7.063387e-05,6.926614e-05,-3.450677e-05,-5.924784e-05,0.00016622375,-5.289481e-05,-7.0237445e-05,3.8483133e-05,1.3609828e-05,3.565447e-05,0.00014989114,7.6685246e-05,0.00010384384,-6.214042e-05,5.338054e-05,-0.00015303522
NC_004102.1,0.00012655821,5.7364472e-05,0.00014396943,0.00011644091,-8.176068e-05,0.00011953265,5.8600166e-05,-6.007584e-05,0.00023439582,5.5675755e-05,-6.346453e-05,4.5968313e-06,0.00012392053,5.237659e-05,-1.0690566e-05,5.1318533e-05,-6.1050036e-05,-0.00010493736,-0.00013961605,-2.02484e-06,0.00017909758,-0.000119417076,-4.7391157e-05,-7.14567e-05,0.00015846544,3.7587837e-05,5.181933e-06,2.2532817e-05,-4.323719e-05,-5.7890873e-05,5.8178626e-05,7.086396e-05,-1.656677e-05,0.00014413847,-7.656721e-06,0.00013041207,0.00022628694,0.00022856034,-0.00018030897,8.8408866e-05,-7.661515e-05,-7.3130184e-05,-7.411467e-05,2.0995823e-05,2.1965392e-05,-1.3822266e-06,8.5375665e-05,0.00015347099,1.375506e-05,2.1230842e-05,-0.000116544805,0.00027803163,0.00013984846,5.655094e-05,-0.00015119031,-0.00012690293,6.5547654e-05,0.00015644496,5.567357e-06,0.0002175994,-0.00012962405,-8.47661e-05,-0.00012701508,-7.734045e-05,0.00029516703,0.00021010615,-0.00013202647,-0.00013501414,-0.00011609368,0.00010639293,0.00024294041,0.000147021,2.8161068e-05,3.6321665e-06,0.00012792963,0.00020854191,-3.877527e-05,-3.93994e-05,8.5512074e-05,2.585357e-05,0.0002507495,-2.9492014e-05,4.3415752e-05,0.00012621412,-2.1431748e-05,0.00016538177,0.0001160432,9.343056e-05,2.4792549e-05,-6.3841595e-05,2.082168e-05,2.0752204e-05,-5.5122222e-05,5.8286914e-05,2.8342321e-05,1.1111228e-05,5.902047e-05,0.00011956818,8.7633256e-05,1.3690845e-05
FN907963.1,-0.00011843901,0.00010103444,-6.806062e-05,9.9910234e-05,0.00026294717,-0.0001494183,-5.5867426e-06,0.000102863676,9.463222e-06,0.00012360948,7.9193465e-05,7.04865e-05,-8.68247e-05,-3.0566716e-06,9.830327e-05,-0.00012892249,8.349779e-06,0.000114585004,5.3259682e-05,-9.7449076e-05,0.00020770798,6.9906186e-05,7.24249e-05,8.463926e-05,9.96537e-05,6.842576e-05,6.410417e-05,-4.76361e-05,0.00013473796,2.2376531e-05,0.000101001286,0.00022211591,-7.880504e-05,7.861514e-05,-3.2284766e-05,1.6137468e-05,6.9843445e-05,9.454066e-05,-7.4333824e-05,0.00013442367,-9.456837e-05,0.00014565361,-8.092176e-05,0.0001621545,2.2057857e-05,7.3545474e-05,-1.289657e-05,-3.97993e-05,-4.248168e-05,1.2570675e-05,2.0271786e-05,-2.621447e-07,3.1107407e-05,-6.5552163e-06,8.008209e-05,0.00011582332,6.824963e-06,-0.0001162072,8.600786e-05,2.3434442e-05,0.00016406683,0.00015211229,2.8097678e-05,0.00010135938,0.00015949717,-0.0002463902,0.00015019285,0.00020695402,-3.9261457e-05,-0.00014800971,2.1894442e-05,0.00020468087,0.000104218256,-3.4620145e-05,9.85474e-05,0.00021261573,0.00013254445,8.9536545e-05,-0.00015714715,3.5565685e-05,8.734347e-05,-0.00018241645,0.00013957973,-1.0443086e-06,0.00014770139,6.921261e-05,6.742038e-05,-8.627906e-05,-6.262612e-05,0.00023207752,0.00015257126,-6.829998e-05,3.4962046e-05,0.00018264203,6.956102e-05,-2.9610088e-05,5.4647095e-05,0.00020842087,7.1201495e-05,-6.782696e-05
EU910136.1,0.000111164874,9.0943904e-05,0.00013199623,1.4371002e-05,1.9905994e-05,0.0001492802,0.00011185826,8.953586e-05,5.198702e-05,0.00019643894,0.00016568486,5.6161134e-05,0.000110085035,0.00010332549,0.00014068595,1.3437946e-05,7.639101e-05,0.00017099691,4.3230404e-05,0.00012640643,9.780279e-05,4.8843518e-05,0.00012362786,9.066212e-05,9.393569e-05,0.00038199197,0.00013374719,0.0001882504,0.00023074899,0.00011534686,5.5301145e-05,6.186272e-05,0.00011943423,0.00011058576,0.00016762597,6.5470755e-05,3.5515073e-05,1.6556993e-05,5.908258e-05,0.0001680297,8.480804e-05,0.00032796132,4.4000935e-05,5.923408e-05,0.00013066713,0.00017522459,5.0059716e-05,2.5930287e-05,0.00015422271,0.00013375189,5.3207394e-05,0.00014001386,0.00021350775,0.00014364591,0.00020811944,0.00012774563,6.0905615e-05,0.00021980003,0.00020084502,0.00012179546,5.6683395e-05,0.00013760028,-3.1154224e-05,-0.000103316954,3.3041815e-05,0.00015366382,-6.0351424e-05,7.2886e-05,4.6077683e-05,0.00013821348,-8.019474e-06,1.5567832e-05,0.00021801727,0.00018759575,0.000119912234,8.576471e-05,0.00010760887,7.919187e-05,6.148552e-05,0.00011860906,5.928541e-05,-0.00012265016,3.92374e-06,0.0001038597,6.818355e-05,5.7696e-06,0.000168721,9.6278534e-05,-3.899011e-05,3.0068797e-05,8.530384e-05,6.0268714e-05,5.9926566e-05,0.00010079576,-6.881362e-05,5.7175013e-05,-8.4144536e-05,2.884796e-05,2.2858887e-05,2.9532639e-05
AY278554.2_1,0.00011750154,7.26987e-05,-6.906924e-05,0.00017829119,-4.9217302e-05,-2.697586e-05,5.2075422e-05,8.6815366e-05,5.7386456e-05,7.560074e-05,-0.00014302689,-4.5378536e-05,-3.2019e-05,5.7621244e-05,-0.00016477145,-1.0941524e-05,1.7264798e-05,0.00011757853,0.00013678611,0.00011161421,-8.219334e-05,-9.0062575e-05,4.7733098e-05,-5.3263866e-05,0.00012113474,0.00013558909,-5.505252e-06,8.706019e-06,-5.257194e-05,0.000107279666,6.406358e-05,2.7846025e-05,-0.00011751166,0.00017110101,-8.544762e-05,3.63592e-05,0.00010346271,0.00017223263,0.0001231376,5.2941574e-05,-0.00018213922,-1.4206568e-05,-6.193084e-06,-9.335675e-05,6.644586e-05,-5.773863e-05,-1.5377189e-05,-3.3675875e-05,-9.927763e-05,2.0081232e-05,5.6702484e-05,0.00014345128,-1.0616791e-05,-0.0001248043,0.00014952346,0.00014203666,0.00010480713,0.000100146244,-0.00010894226,-8.099447e-05,0.00012735275,1.6405482e-05,0.0002610968,0.00023066306,1.2931542e-05,-8.803789e-05,2.491036e-05,8.5340376e-05,-3.780717e-06,-7.868523e-05,-9.9836536e-05,-1.3321935e-05,1.919637e-05,4.6262234e-05,-8.8111075e-05,-7.6835626e-05,-9.639198e-05,0.00011120297,0.00010682038,-5.2513267e-05,-2.1341337e-05,-7.164514e-05,-0.0001364824,9.8215314e-05,0.0001857315,0.00010912131,3.788525e-05,3.8314924e-05,-0.00010894263,-0.00012021419,1.8310919e-05,3.40217e-06,2.9472361e-05,-0.00010507937,6.8638925e-05,6.137329e-05,0.00010958736,-9.0460435e-06,-2.4651392e-05,-2.2772017e-06
EU781832.1,-3.343136e-05,1.3639863e-05,8.099694e-05,3.753712e-06,4.286013e-06,-2.6368858e-05,0.00013026407,-2.0872883e-05,-9.85321e-06,3.8660204e-05,-2.9722272e-05,7.3444375e-05,0.00014089039,7.5108146e-05,6.0159575e-05,0.00016959949,6.692406e-05,8.03149e-05,2.0018182e-05,9.8827426e-05,5.717606e-05,6.742901e-05,5.4636683e-05,2.9099883e-06,2.1358279e-05,-5.8996968e-05,-5.3501535e-05,6.3344174e-05,2.166384e-06,0.000102835824,-0.00015253451,3.4114883e-06,9.548334e-05,-5.9939226e-05,-6.892742e-05,1.0071876e-05,0.00023487362,-2.1559516e-05,6.964197e-05,2.492738e-05,-3.788788e-05,-7.036255e-05,0.00016522846,6.16393e-05,7.40122e-05,-4.956142e-06,0.00016689491,-7.697808e-05,0.00013164897,8.293543e-05,0.00016832771,0.0002482406,-0.0001872388,8.1008846e-05,6.1502906e-05,-5.6072473e-05,-0.00012569739,0.00016715493,-0.00017128472,2.2514532e-06,-3.3879867e-05,-1.2866863e-05,-4.108381e-05,0.00024145089,-1.5217748e-06,2.8162602e-05,5.86621e-05,-5.058571e-06,0.00012498516,-0.00014943798,-8.2770166e-05,-9.0165435e-05,0.00014296803,1.1521927e-05,-1.7788789e-05,-0.00013654598,-1.4392455e-05,2.2507027e-05,0.00016488989,0.000102926104,0.00011738521,-1.7517208e-05,-0.00018493805,-1.9940733e-05,-9.7012424e-05,-0.00017428657,0.00014788547,0.00016848862,-2.4618525e-05,-7.991907e-05,2.0742762e-05,-3.1323214e-06,7.8151075e-05,0.00024448388,5.3258253e-05,1.8385064e-05,0.00010692492,4.2361903e-06,-8.874359e-05,0.0001942502
AF148805.2,9.041363e-05,0.0001897599,-2.3313974e-05,6.947168e-05,0.00014852671,0.00014657553,-3.423641e-06,-3.845813e-05,7.271613e-05,3.373191e-05,7.5125485e-05,7.9324076e-05,-1.2224282e-06,0.00017784385,3.898282e-05,0.00011814354,0.000120224475,0.00012482291,0.00013552721,1.4573492e-05,-3.8798476e-05,3.8415837e-05,0.00038429745,0.00020038003,-6.337024e-05,0.00010008734,4.789262e-05,0.00010558907,-4.315461e-05,-0.00011742035,0.00014231497,-3.1784148e-05,7.3568364e-05,-0.00020498178,0.00013115465,7.867424e-05,3.71263e-05,-1.31100205e-05,-8.821153e-05,0.00029362945,0.00018302338,0.00027165376,-0.000108466695,0.0002370007,0.000110800676,-0.00022268499,-2.6562882e-05,0.00014621043,0.00019806498,-2.5661453e-05,-1.51792865e-05,6.697121e-05,-6.162042e-05,-0.00018318773,-7.3990734e-05,0.0002214507,6.336339e-05,1.3504856e-05,0.0001002231,-5.474299e-05,0.00015755543,9.59136e-05,-9.2844486e-05,-4.1887448e-05,6.507124e-05,0.000106377775,3.743279e-05,3.406727e-05,7.710925e-05,0.00020518167,0.00019956744,2.2312828e-05,-8.921453e-05,3.1953627e-05,9.158945e-05,4.0908588e-05,-0.00019143311,-6.756504e-05,9.3519004e-05,-6.1095634e-05,-1.0440272e-05,-7.6151926e-05,-9.317165e-05,1.9824074e-06,0.00010030917,9.085569e-05,0.00012802459,0.0001990119,-1.8597644e-05,-0.00010554659,-0.00021501748,0.00013788567,9.996999e-05,-0.000240651,-2.3434875e-07,-0.00012903303,-0.00018845318,-0.00043174135,-0.00025679392,0.00013945706
V01555,3.3942244e-05,0.00018845907,-1.0853498e-05,-6.22627e-05,-2.8444829e-05,5.5139066e-05,4.189435e-05,0.00025433316,9.150132e-06,2.8650036e-05,6.3802494e-05,5.3072887e-05,4.943146e-05,8.959022e-05,0.0001368641,0.00019845096,4.584153e-05,7.841863e-05,0.00023486634,2.9119961e-05,9.651581e-05,1.9697034e-05,-0.00014332263,1.8714472e-05,-3.0743709e-06,0.00015471307,0.0001792879,1.2709058e-05,8.597225e-06,9.102747e-05,3.5682642e-05,3.1015334e-06,0.00013991272,0.00014970385,0.00012235351,-1.9866286e-06,0.0002259486,-6.0132505e-05,3.903804e-05,1.5802892e-05,0.00013869784,1.7946599e-05,6.1593135e-05,7.849373e-06,0.00017306053,5.8805985e-05,-1.9347066e-05,0.00012809067,8.244508e-05,0.00021768743,0.00013699617,0.00011770291,0.00012480571,-3.8316455e-05,-1.8674025e-05,2.9741717e-05,9.847937e-05,2.617542e-05,-5.6840832e-05,1.4665038e-05,0.00011258248,0.000116532516,5.3417876e-05,-2.8933755e-05,0.00018393523,5.9204234e-05,0.00012605063,3.2391337e-05,0.00028617473,0.00011166984,-7.849462e-06,0.00019837634,-0.00015308613,0.00021268128,0.00019944625,7.418031e-05,-5.7579255e-05,8.0863356e-05,2.2908634e-05,-1.7979546e-05,0.00023691865,7.669283e-05,-3.8716746e-05,9.484122e-05,0.00012109805,8.978963e-05,7.436441e-05,9.767341e-05,-7.1780945e-05,0.00028360743,0.00025473203,0.00015353296,0.0002461957,1.9535699e-05,1.7125807e-05,0.00022041956,5.5098757e-05,-2.0516302e-06,0.00010735629,-0.00024719024
FJ589068.1,0.00014251504,1.8405459e-05,6.7146044e-05,7.8156365e-05,-2.7658416e-05,4.3818764e-05,-8.758045e-06,6.338908e-05,-7.582365e-05,-3.5639277e-05,2.116755e-05,-3.5648027e-05,7.2643066e-05,0.000102404294,-1.534989e-05,4.5998553e-05,-0.00018592234,1.5490854e-06,4.2205506e-06,-0.00011456044,-9.127877e-05,-0.0001209981,9.089029e-05,-2.7079503e-05,2.7710732e-05,0.00019692407,3.0836894e-05,-4.9183695e-05,7.285512e-05,-9.8588265e-05,3.119282e-05,7.15225e-05,7.099423e-05,-8.529892e-05,-4.3309068e-05,4.966916e-06,4.395895e-05,-1.8342736e-05,6.857208e-05,-3.398157e-05,-0.00010096674,0.00014364353,4.7332378e-05,2.1345362e-05,0.00014916489,1.2043128e-06,3.1343476e-05,-8.424607e-05,-5.085907e-06,-0.00012020089,8.918395e-05,1.8813762e-05,6.0692313e-05,0.00013431473,-0.00013502697,-0.000109146946,6.708335e-05,0.00019943822,0.00020475619,-5.944929e-05,9.25619e-05,0.00013071318,3.1910156e-05,-2.752475e-06,-0.00014922264,-5.8523874e-05,2.9005463e-05,8.4439685e-05,-0.00014327548,6.1815066e-05,3.1010666e-06,0.00036143936,0.00010413051,1.0230901e-05,0.00012204576,0.0001447944,-5.232404e-05,0.00017342033,0.00031608692,0.00022162155,5.332024e-05,0.00016312307,2.0003597e-05,5.2808096e-05,-2.1068186e-05,9.0969545e-05,0.00012360398,0.00024382833,8.3442224e-05,4.934825e-05,-1.6111988e-05,0.00023163122,1.898902e-05,9.4514966e-05,0.00017515248,-0.00024705284,4.8483867e-05,-8.366334e-05,-2.0256968e-05,5.418341e-05
AF206518.2_6,7.3491574e-05,5.440001e-06,0.00013110226,7.362185e-05,7.464031e-05,0.00021235074,3.5503883e-05,-4.932871e-05,3.4712142e-05,9.755588e-05,9.440363e-05,0.00012527373,0.0001049909,0.00012694606,4.982137e-05,0.00015375679,0.00022328396,-4.016876e-05,-1.1762155e-05,8.7809276e-05,8.260854e-05,3.382792e-05,0.000107352724,8.7384404e-05,3.3445518e-05,9.222472e-05,0.0001196558,0.00014051984,6.5464395e-05,0.00012880175,0.0001753408,0.00014339155,0.00029490356,0.00032418378,8.3583094e-05,0.00018794234,-2.5322935e-05,-0.00019681202,1.8352262e-05,-7.706633e-05,0.00026794517,2.021627e-05,-5.621769e-05,0.00025022763,6.0595494e-06,-0.0001767818,6.597271e-05,0.000120040495,7.514076e-05,1.9272191e-05,4.271327e-05,1.1271007e-05,5.322856e-05,-8.5564225e-06,3.827846e-05,8.263389e-06,0.0001504798,4.0747444e-05,-7.294981e-05,6.423859e-05,9.282677e-05,3.5741756e-05,0.00029543843,0.00026928927,0.00012018534,0.000199952,4.1617357e-05,1.3968553e-05,-0.00012761165,0.00013579943,4.0607767e-05,6.911375e-05,0.00027818806,4.152737e-05,0.00026756764,-7.802376e-05,-5.773576e-05,0.000107452346,-4.5296314e-05,-6.5243125e-07,-6.558868e-05,-0.00016701293,-2.9603967e-05,-6.818506e-05,-2.7840897e-05,0.00020735271,0.00020587603,-0.00017551615,-0.00015330852,0.000119987286,0.00014046226,5.676183e-05,0.00012302796,2.0869757e-05,9.519694e-05,-0.0001896546,-2.9444922e-05,0.00018731439,0.00015418886,-8.54621e-07
U57056.1,5.6407433e-05,-9.831088e-06,6.1222665e-05,3.1281026e-05,0.00023775519,3.212156e-05,-1.952089e-05,6.71971e-05,-7.267294e-05,3.1440308e-05,5.947133e-05,-5.421158e-05,-8.796795e-05,1.0691129e-05,-4.5431636e-05,7.073639e-05,0.00014267694,4.7794296e-05,-4.827054e-05,0.00012616646,-0.00015008653,-0.00018032237,-1.4699825e-05,0.0001173436,2.890124e-05,0.0001557461,-0.00010669319,8.473302e-05,0.00012573754,-1.8688595e-05,9.91156e-05,-9.805807e-05,9.003121e-06,-9.556774e-05,-3.1266231e-06,4.0148676e-05,-3.178341e-05,-0.00017723674,-0.00012394582,7.139849e-05,4.8548343e-05,1.2741884e-06,9.5967676e-05,3.3518983e-05,-9.41696e-05,0.00011286738,-0.00017267693,-1.644626e-05,0.00016966191,2.6667985e-05,-0.000118678836,3.8277125e-05,-1.0623615e-05,0.00010681438,0.00021071563,-8.26742e-05,0.00014610411,3.0386755e-06,6.45801e-05,3.8395096e-06,9.360778e-05,-8.514545e-05,-7.894766e-05,2.195836e-05,2.3228058e-06,-9.1519305e-06,2.8599763e-05,-0.00013914493,0.0001085988,2.0954732e-05,0.00010932026,5.7162422e-05,-4.7461835e-05,-6.0417693e-05,0.00019712282,0.00022295752,0.00017077482,0.0001263295,7.517823e-05,-8.33807e-05,0.00010152546,-9.040806e-05,0.00016390908,3.0221516e-05,-1.7927526e-06,-1.910398e-05,8.6705324e-05,-0.00012656942,0.00014797757,0.00010175378,-5.0814368e-05,0.00015966284,0.00011589971,-1.9191544e-05,0.0002648202,2.2264426e-06,3.1781037e-05,0.00011872139,0.00014607189,0.00015539768
AF206518.2_5,-4.240465e-05,7.9781246e-05,2.4592094e-07,-0.00012063956,0.00015004273,-4.9291273e-05,2.0308471e-05,-6.464434e-05,-0.00012452308,3.7856837e-05,0.00017155078,-6.8959955e-05,6.336768e-05,0.00014765715,0.00013267704,3.2068587e-05,8.3849896e-05,0.00021974758,-1.1182583e-05,0.00018085085,1.7836916e-05,-8.594791e-05,0.00014010697,7.938907e-05,-0.00024187996,0.00010932729,3.3379513e-06,1.0276526e-05,9.22225e-05,0.00011492998,-0.00016720562,-1.7703347e-06,-9.816972e-05,-2.0320846e-05,8.240237e-05,0.00016001619,4.4560416e-05,-3.2696753e-05,2.2885824e-05,9.1110036e-05,0.00013827873,-7.213832e-05,-2.4221295e-05,0.00019102276,-7.7123565e-05,0.00016477797,6.940818e-05,-3.304614e-05,2.0313099e-05,2.9542662e-05,0.00012589982,-5.0717965e-05,-1.9885265e-05,8.982776e-05,0.00021144062,-2.731425e-05,-2.5509557e-05,-1.9194566e-05,0.000117259464,0.00013544383,0.00010806653,3.692537e-05,0.00025070342,2.1724678e-05,0.00017538597,-7.747763e-05,-9.579595e-05,0.00012345015,4.161569e-05,0.00015873395,-6.460111e-05,2.4972092e-05,4.635877e-05,0.0002762618,0.000155169,0.0001889693,0.00012818947,-0.00017338287,7.3080914e-06,1.8361221e-05,6.379968e-05,9.506924e-05,0.00022565109,-0.00010197829,-0.00015935197,4.901684e-05,0.00017653439,0.00017738475,6.25803e-05,0.00011853727,0.00013400626,-6.8062734e-05,0.00015504294,4.343194e-05,-1.0893401e-06,9.744679e-05,0.00012696334,-5.5617813e-05,0.00018465113,4.062698e-05
DQ201177.1,0.00024826234,-3.2142278e-05,0.0001051909,3.4126442e-05,8.7754874e-05,-9.194613e-05,-4.0181934e-05,-3.8429767e-05,0.00027698063,-0.0001007861,0.00010681674,5.314875e-05,2.9577863e-05,2.5023094e-06,0.00015258287,0.00016336802,0.0001677349,-0.0001341806,3.0891129e-06,1.7299077e-05,9.608952e-05,-0.00018076875,0.00017383987,-0.00013424137,-0.0001388701,0.00020088593,3.089425e-05,0.0001411714,-0.000111285546,3.0011446e-05,0.000106364285,8.418208e-05,0.00012361589,0.00022901525,8.315499e-05,1.9165304e-06,4.841298e-05,-4.417372e-05,-9.669179e-06,0.00010983117,0.00011028438,-2.1925045e-05,-8.4250765e-05,2.4257515e-05,0.00010733517,0.0002687716,4.204219e-05,6.4236534e-05,1.0608979e-05,7.8803176e-05,0.0001410439,-0.0001293563,-0.00015216113,-6.843601e-05,7.010203e-05,1.2370715e-05,-0.00020329215,-1.1569846e-05,4.737715e-05,-3.7966616e-05,4.4119566e-05,1.5591479e-05,-0.00016357523,5.6026754e-05,0.00013065233,7.021904e-05,0.00014750696,0.00010989885,1.815638e-05,-0.00017792304,5.1543797e-05,-5.422796e-05,-5.5424707e-06,-5.9627004e-05,-6.668608e-05,2.0358419e-05,2.9360548e-05,7.314593e-05,0.00021131129,5.301883e-05,-5.343781e-05,0.00018336298,2.8756642e-05,-9.270698e-05,0.0001349874,0.00014865717,7.678811e-06,-0.00016343372,-0.00011704857,-5.1323557e-05,0.00018903225,0.00012295716,9.7799726e-05,-0.00020186097,-8.191307e-05,-0.000121985286,0.00015072036,-7.2672924e-06,0.00011093501,3.501746e-05
AB237837.1,2.506478e-05,4.447772e-05,-3.0671627e-06,0.0001814303,9.392392e-05,0.00013072719,-4.6317695e-05,0.00022452897,8.763549e-05,-7.033977e-06,-0.0001106509,7.169847e-05,0.00016974413,-2.2405038e-05,-6.435109e-05,5.4836914e-06,0.00015224972,7.341603e-05,6.867099e-05,8.906013e-05,0.000207085,9.00751e-05,9.640836e-05,0.000107492066,0.00026311752,-5.5421275e-05,7.3592055e-05,-9.5334275e-05,-0.00015914772,4.78734e-05,0.00017254932,5.0918465e-05,8.8187146e-05,0.00016591744,2.8338945e-06,2.6711754e-05,5.2955413e-05,5.7950725e-05,2.36555e-05,0.00010266867,4.3694134e-05,-9.741815e-05,3.0486824e-05,0.00015152474,4.368241e-06,0.00017272332,3.639507e-05,-0.00018090973,7.669836e-05,-4.3983873e-05,8.574044e-05,0.0001631641,0.00018184396,0.00016954551,-0.00016319592,1.4810659e-05,4.2920157e-05,-0.00014666222,0.00021324109,-0.00015552832,3.8924838e-05,-5.013399e-05,-3.872702e-05,0.00016120322,-0.00013335627,0.00016355468,6.873585e-05,0.000103978746,3.436077e-05,0.00013357778,8.992158e-06,-0.00010009972,9.6881726e-05,5.506532e-05,6.45377e-05,6.8248382e-06,0.00014641654,1.2792881e-05,-0.00015257759,0.00018148888,-0.00015852274,0.00012205288,-7.6146066e-06,-5.786205e-05,2.6648191e-05,8.745808e-05,2.3216126e-05,3.403755e-05,-0.00012920162,7.8480356e-05,-5.762304e-05,2.2719889e-05,-7.00341e-05,9.310315e-05,-5.186964e-06,-2.3434697e-05,8.4306375e-05,0.00021324623,-8.06329e-06,0.00014309824
EU262658.1_1,1.5603384e-05,-0.00014815688,-8.1061095e-05,0.00013899147,-9.765503e-05,0.00012124072,-2.6591226e-05,0.00025948716,-3.0476773e-05,-4.6095224e-06,4.4288467e-05,7.747594e-05,6.085392e-06,-1.3445465e-05,0.00024063548,-3.154943e-05,-0.00014583582,-3.214245e-05,0.00010921597,-0.00015667106,4.928418e-05,1.9931142e-05,4.1941752e-05,-0.00013459679,-4.786264e-05,-0.00010184849,9.1004935e-05,0.000108220745,2.806651e-05,-9.595397e-05,4.5085766e-05,2.7920607e-05,0.00012970748,-2.2485181e-05,0.00011791589,0.00013240278,-5.5238677e-05,-1.7977238e-05,0.00014706753,0.00015318928,3.6300877e-05,1.4051566e-05,7.7359626e-05,-5.259619e-06,5.570514e-05,1.4681224e-05,4.4230845e-05,7.002283e-05,-0.00013583772,0.0001349656,8.63826e-06,9.577461e-05,-2.633659e-05,-4.8662903e-05,-0.000119473305,-0.00013494222,5.2904452e-05,-9.295997e-05,-9.222785e-05,8.903257e-05,-7.5803175e-05,-0.00012694273,0.00012844219,-2.4467312e-05,6.934009e-05,0.00010400824,0.00014927662,-0.00014838034,0.00019465195,-3.204926e-08,-6.035584e-05,6.447131e-05,2.015568e-06,-7.729349e-05,-5.1999366e-05,9.280715e-06,1.7734332e-05,-3.405829e-05,0.00010625263,-3.0355426e-05,-5.465879e-05,-0.00016895388,6.450562e-05,-7.978865e-05,-5.6287812e-05,8.915226e-05,0.00022038002,9.865135e-05,9.315611e-05,-0.00016507546,-5.173506e-05,-5.440652e-05,-7.732054e-05,-0.000107311556,-6.1856685e-05,9.9394e-05,1.747845e-06,-0.00016492103,-0.0001805368,-0.00012205943
AY278491.2_1,-5.929448e-05,-0.00014914024,0.0002544353,-0.00010457865,-0.00026257217,-0.00013194836,-0.00014381661,7.52505e-05,-8.89464e-06,0.0003418585,4.297265e-05,4.6244175e-05,9.702048e-05,0.00011439182,6.1570965e-05,0.0001143086,6.473206e-05,0.00018123783,-5.832768e-05,3.785737e-06,8.369315e-05,-0.000110232686,9.7812575e-05,6.0479684e-05,-3.768427e-05,-3.3543456e-06,7.314381e-06,5.9722177e-05,-8.323131e-05,-4.806246e-05,-8.383438e-05,0.00017811531,0.0001904019,-4.6935253e-05,7.939008e-05,0.0001669327,5.178934e-05,-0.000104104605,-7.638936e-05,-0.00011865196,5.5466022e-05,-6.7061905e-05,-0.000107609485,2.210604e-05,4.139334e-05,-6.2434156e-05,-6.519239e-05,-1.830065e-05,7.851967e-05,7.19512e-05,2.7766214e-07,0.00010214273,0.00016441177,0.00019988696,3.6237023e-05,2.8021574e-05,-3.826593e-05,2.0583077e-06,-0.00012527725,-8.573137e-05,6.091342e-05,2.5073828e-06,0.0001411256,-3.9652106e-05,-0.00023840685,-3.823766e-06,0.0001308481,-3.5318022e-05,-2.9091087e-05,6.689003e-05,8.553274e-05,-1.0379199e-05,9.177487e-06,0.00010185745,0.00018106979,-4.768618e-05,4.0887546e-05,0.00018378104,9.7083124e-05,6.522529e-05,-5.302141e-05,0.00016326291,2.7393353e-05,-0.00024505757,0.00011851614,8.169402e-06,-9.724251e-05,-0.00012441554,4.1442676e-05,1.0795131e-05,0.00019335754,-3.3403333e-06,0.00010983651,6.9644586e-05,7.021311e-05,-0.00013552673,-7.7133176e-05,0.00014543068,-7.2204486e-05,4.3095108e-05
GQ855357.1,0.00010904227,1.4730826e-06,4.2465388e-05,9.651313e-05,0.00020861387,-2.8549031e-05,-1.0330371e-05,-7.498233e-05,0.000108577624,-0.00014417882,9.270477e-05,9.373298e-05,1.9536446e-05,-7.799118e-06,0.00016115268,0.00022940134,6.347707e-05,-2.565959e-05,0.00016402997,6.628172e-05,3.1378404e-05,0.00016927188,3.0752144e-05,-0.00014800494,-0.00013126312,9.303034e-05,0.00015376922,2.4469084e-05,-0.00021259692,5.4194774e-05,0.00014284164,-0.000219526,-0.0001293486,-9.322873e-06,-0.00015417398,0.00021747392,2.8708942e-05,0.00014750545,-7.87221e-05,-4.502143e-05,1.4023434e-05,2.5699452e-05,-5.6294095e-05,3.868953e-05,-3.0754803e-05,2.8365394e-05,0.00011830686,1.587416e-05,-1.8675522e-05,0.000101786034,8.042559e-05,4.414528e-05,0.00018178656,-0.000101469035,9.598566e-05,-0.00014215533,0.00020468535,-3.0207239e-05,0.00025641808,0.0002015535,-3.5119287e-05,-0.00013244126,0.000110356516,3.4805656e-05,5.4331234e-05,0.00010816496,8.142444e-05,2.470992e-05,-9.232374e-05,-0.00012632825,8.882991e-05,-4.052979e-05,1.492196e-05,-6.3815634e-05,0.00011837394,-9.119464e-05,-4.4264238e-05,0.00021995741,-0.00015436579,-4.9768516e-07,7.415553e-05,0.0003277167,0.00019018666,8.583411e-05,9.622892e-05,-1.47479395e-05,-0.00014624381,-6.824722e-05,6.680228e-05,-0.000102337646,-9.165563e-05,9.438301e-07,6.5191794e-05,0.00014765668,8.176009e-05,-6.6518546e-06,8.8608176e-05,3.532849e-05,0.00011414195,-2.9435108e-05
NC_001798.2_1,8.406092e-05,-0.00016241468,-0.00012166271,0.0001021261,8.973979e-05,8.501814e-05,3.7579433e-05,-9.449434e-05,-0.00014386288,8.1357495e-05,5.1918716e-05,-4.6992303e-05,-7.054201e-05,-4.8309274e-05,5.2578478e-05,1.1221757e-05,5.013136e-05,-2.9321987e-05,-8.635879e-05,6.0651553e-05,1.8983501e-05,-7.465763e-05,8.330586e-06,0.00015785525,9.122811e-05,0.00016205339,9.9108365e-05,-1.6294542e-05,9.780001e-05,4.7650996e-05,0.00018201447,0.00018573798,0.0001236952,-0.00012649938,-0.00012503787,-1.391304e-05,0.000109299115,0.00017636277,0.00024589873,0.00015336598,-0.00010991962,1.40354205e-05,-0.00016199703,-2.102074e-05,-8.3069186e-05,-2.9041834e-05,-4.862283e-05,2.0940373e-05,0.00015070937,4.1726562e-05,-0.00010818386,-6.7629946e-05,0.00023913989,-9.410753e-05,-4.6939636e-05,-7.084573e-07,0.0001821753,-8.224504e-05,7.9522695e-05,-0.00012810578,-5.4550528e-05,-1.9233938e-05,8.240006e-05,-4.6672198e-05,0.00010983461,0.00012298432,0.000113461494,0.00011392501,-0.00027269538,-1.2238389e-06,-0.000120701465,-0.00018368746,0.00014348298,0.00020185733,-5.670977e-05,-9.233029e-05,-6.7534e-05,-0.00019112359,-0.00016052264,2.976826e-05,-2.8264826e-06,-4.9458235e-06,0.00011858235,-9.5983865e-05,-0.00012839868,0.0001040256,-0.00019753253,-6.366382e-05,0.00010559267,3.631939e-05,0.00013723367,-0.00012140364,-5.573553e-05,0.000417191,0.0001007282,-8.574053e-05,6.8624344e-05,-6.676705e-05,-0.00032009737,7.408147e-05
AY268070.1,0.00013828173,-6.113133e-07,2.77525e-05,0.0002242866,-3.1140746e-05,2.1362948e-05,4.7031044e-05,-5.873222e-05,3.5093733e-05,3.04962e-05,-7.703104e-05,0.00013261825,0.00014371956,5.512985e-05,3.4135814e-05,0.00014897298,1.970584e-06,-3.992943e-05,9.412685e-05,-8.525307e-05,-9.504958e-05,-3.0682964e-05,-3.5308025e-05,0.00014620608,-0.00026831645,-9.2956245e-05,-4.5287925e-05,0.00012898464,0.00021667378,7.778927e-05,8.186038e-05,0.00021200783,-5.1751963e-06,0.000118895536,5.1574745e-05,6.15227e-05,0.00016321163,8.351551e-05,7.300925e-05,-1.798215e-05,9.5636606e-05,0.00010649965,0.0001422134,4.7931415e-05,-9.077597e-05,-7.232959e-05,0.00012363853,2.2042315e-05,8.678968e-05,-9.7462434e-05,-3.040519e-05,0.00013143034,-1.0393745e-05,0.00017280542,-0.00013630376,-2.4431949e-05,-0.00024505128,4.9353443e-05,9.645342e-05,-2.7625572e-05,-7.475595e-05,2.7540393e-05,0.00010784497,-5.1852144e-06,0.000113483606,0.00013451496,0.000119700846,0.000103329825,2.612781e-05,-0.00010398725,0.00018207422,5.2505835e-05,-4.6234316e-05,0.00013436233,5.5954965e-06,-6.9244525e-05,-6.1406965e-05,7.6058323e-06,-4.4406534e-05,-4.97102e-05,-3.4997967e-05,0.00015938908,-4.86681e-05,-9.767393e-05,-8.495731e-05,3.754129e-05,-5.622688e-05,-1.7282902e-05,8.928132e-05,0.00012705728,3.803203e-05,2.1513777e-05,4.7749414e-05,0.00019724657,-0.0001087179,4.543934e-05,-0.00015031447,0.00016499015,0.00011040591,9.847329e-05
NM_031313,0.00014175074,9.386089e-05,-3.104734e-05,-0.00010641058,5.332833e-05,-9.305988e-05,8.0141726e-05,3.6096637e-05,-5.2594067e-05,3.570779e-05,-0.0001669378,-6.285072e-05,-1.8812532e-05,-1.3539461e-05,6.0601233e-05,5.884349e-05,-9.983959e-05,-1.0367404e-05,6.2338484e-05,-3.1436735e-05,8.606078e-05,9.2438044e-05,-0.00015146253,4.9889968e-05,0.00017155414,5.404204e-05,0.00025378627,7.071339e-06,-0.00018077833,-9.546272e-06,-1.1272458e-05,-4.7902256e-05,-2.241642e-05,0.00039337162,-3.5968937e-05,5.4380776e-05,-9.714696e-06,-9.5828955e-06,0.00010599904,-0.00010254833,-7.5238395e-06,0.00015373458,0.000151131,0.00012553445,0.00016449542,0.00011663208,-0.00014693262,-4.586263e-05,-0.0001407574,-0.00015344599,-0.00016127176,6.521291e-05,-0.00011532277,-0.00015617994,-6.038511e-05,-2.0736137e-05,-1.8979339e-05,-1.6481956e-05,-0.00015153205,-0.00012500706,4.293501e-05,6.609975e-05,0.00017498298,0.00011807994,4.712904e-05,-7.3160413e-06,0.00013871348,1.4738401e-06,0.00018868959,-3.8517464e-05,5.649616e-05,8.919936e-05,7.370961e-05,7.602086e-05,-8.165371e-05,0.00022174779,3.8300852e-05,-3.3288543e-05,1.452323e-06,6.495735e-05,-3.6368983e-05,-1.297534e-06,-3.786028e-05,4.816846e-05,-1.9839328e-05,-3.0733358e-05,-6.755382e-05,0.00014469409,3.5876974e-06,-0.0001478788,4.8468613e-05,-9.488007e-05,0.00024353713,-0.0001505532,-0.00010285633,-0.00012868884,0.00018370964,-5.0115847e-05,-0.00014985786,-9.743182e-06
U92436_1,0.000110783796,0.00013748325,4.281332e-06,0.00016746417,-0.00011473347,-2.6453761e-05,0.00016358467,2.493871e-05,6.721868e-06,-0.0001456763,-2.4391753e-05,0.00018872807,6.2624014e-05,0.00020741565,-6.0470916e-07,0.00011171567,-0.00010598627,-0.00024265815,0.00014663812,0.000110312496,5.302554e-05,-0.00013768776,3.5882342e-06,-7.121866e-05,0.00017909319,3.0980576e-05,-0.00018033582,6.737447e-05,0.00012710391,0.00014301241,-3.1311996e-05,1.4138223e-05,0.00019347166,7.8069905e-05,6.0426806e-05,0.000109403096,-8.73563e-06,4.0878833e-05,-5.7256407e-06,-1.2796313e-05,-0.00011547806,9.18246e-06,0.0001843081,0.00014096659,0.00018394784,-6.023978e-06,0.00016096426,7.12205e-05,0.00011391568,0.00013891881,0.00021055693,-6.5773565e-05,0.00024813786,0.00015041155,0.00012721494,7.603767e-05,8.80404e-05,0.00014353867,0.00013281965,0.00011204773,0.0001785747,2.1973257e-05,-2.5297264e-05,-0.0002677962,-8.0011494e-05,2.4933122e-05,-0.00022876698,1.7517485e-05,-1.06069565e-05,-0.00020538333,0.00029290374,-0.00021031621,8.5464715e-05,8.672177e-06,0.00010748349,3.120915e-05,-8.3522085e-05,6.296012e-05,3.194826e-05,-0.00014217653,8.993153e-05,-8.989565e-05,0.000117013136,-4.1969874e-05,-7.229251e-05,-1.2001583e-05,0.00018974156,-8.565288e-05,8.5107866e-05,0.00033828712,8.8052395e-05,-1.7348171e-05,-0.00011034917,-0.00019072165,-0.00012642134,-0.00017655335,-5.817372e-06,7.740074e-05,-0.00013225255,-2.4093966e-05
AH001498_1,6.2468034e-06,-2.65412e-05,-5.2860003e-05,4.4676435e-05,9.895952e-05,3.726375e-05,1.0915338e-05,0.00010500015,0.00011889756,9.627123e-06,0.00021962465,0.00019075269,3.0156785e-05,-7.440197e-05,6.226571e-05,9.6592776e-05,8.775406e-06,4.9467453e-05,0.0001915495,4.1325766e-05,-3.3643624e-05,9.847983e-05,-6.943617e-05,1.9639354e-05,3.1297775e-05,0.00029176776,0.00011969951,7.212997e-05,-5.5493845e-05,-5.2481788e-05,-3.4127253e-05,-0.0002467374,0.00011434493,8.0805556e-05,-9.3363076e-07,-0.000112021626,0.00017570515,3.3277895e-05,-2.022113e-05,-3.346786e-05,6.5878645e-05,-0.00012764028,7.501549e-05,-0.00018007826,-3.615477e-05,0.00021381225,9.5557334e-05,-3.382034e-06,5.988889e-05,9.037925e-05,7.048865e-05,6.823478e-05,-2.472778e-05,5.556527e-06,9.736016e-05,3.5230394e-05,-4.3031964e-06,8.561739e-05,-7.392642e-05,-3.8154953e-06,9.421109e-05,0.0001129776,-1.2384124e-05,9.6491676e-05,1.9359752e-05,-4.9359718e-05,2.4129708e-05,0.00016978379,-1.5955367e-05,0.00011917654,0.0001785248,0.00048752557,-3.202298e-05,0.00017740816,-3.9569945e-06,1.7914415e-05,8.870507e-06,0.00011705179,0.00016967051,0.000202314,0.00037920102,6.5931763e-06,-3.262751e-06,0.0001406766,0.00012233006,-0.00017980908,-0.00012985559,0.0003848615,3.091405e-05,-6.830383e-05,-0.00018146282,0.00023850209,9.7717704e-05,0.0002112193,-1.4534385e-05,-2.5831773e-06,5.300593e-05,-0.00010258289,8.542596e-05,0.00034996693
NM_001632,0.00017974181,-0.000109814224,0.00025670955,9.654953e-05,3.9967585e-05,-8.003652e-05,-3.36224e-05,-7.785524e-05,-0.00015583323,4.484374e-05,-8.99856e-05,0.00011341046,-3.8131915e-05,-0.00014407742,0.00012625648,-0.00015479191,3.9371593e-05,-0.0001297187,0.00021953454,-0.000117312025,0.00025101128,7.63847e-05,-2.9510817e-05,0.00012175797,-9.259595e-05,-3.490282e-05,0.0001358442,5.255079e-05,-0.00019510361,3.2932396e-05,-7.472907e-05,-0.00010261965,4.4805744e-05,0.00022724312,6.964754e-05,-0.00020618032,0.00023120512,3.7422017e-06,7.890938e-05,-3.1024127e-05,0.00017602889,-3.4289496e-05,6.441607e-05,4.532581e-05,-6.905743e-05,5.488668e-05,9.898561e-05,-0.00010835051,-5.8740297e-05,-3.7334663e-05,-3.7276684e-05,0.00017307524,9.795777e-05,1.9087032e-05,-0.0002226404,0.0001701504,-0.00011629069,0.00010394885,-4.93288e-05,0.0001605734,-0.00010424682,9.644112e-05,-5.1517938e-05,3.8265578e-05,0.00022219369,-0.00014714262,0.00018360226,-7.7374374e-05,0.00013637063,8.417365e-06,-0.00011790018,6.9497623e-06,0.00013191217,6.5771485e-05,0.00021254885,0.0002961535,-2.743291e-05,5.784279e-06,6.70796e-05,0.00019519925,-1.962804e-05,5.6794506e-05,5.5011187e-05,-0.00011793229,-0.00012048501,4.9891045e-05,-8.862376e-05,-0.00030764588,-2.4777937e-05,-1.0067427e-05,-8.0969396e-05,-5.7733763e-05,9.363167e-05,-7.480931e-06,7.0295384e-05,0.00033060648,-0.00012913426,-0.00018592349,3.4814155e-05,5.3544718e-05
XM_371822_2,1.20149625e-05,0.00012325039,9.984489e-07,2.1779979e-05,0.00021400493,-1.4786727e-05,0.00010198519,0.00011679365,4.7129306e-05,-4.0783543e-05,0.00027906033,5.260615e-05,4.8111393e-05,4.3477427e-05,-8.915614e-06,3.033794e-05,0.00023736026,4.4926717e-05,-1.9660049e-05,0.00015339706,-1.7646773e-05,7.497312e-05,-1.1136405e-06,8.591181e-05,-4.8755737e-05,8.386459e-05,-1.8323166e-06,-1.2453696e-05,-0.00012459046,1.6065202e-05,-0.00014236639,5.856781e-05,0.00016545979,-2.0353657e-05,-3.441381e-05,-8.1753686e-05,0.0002175463,-4.961365e-05,0.00010777954,3.6586396e-05,4.9322894e-06,-5.8324214e-05,0.00018563401,-1.9118654e-05,-0.00013616806,6.071883e-05,9.034179e-06,-0.00011708923,9.961391e-05,0.00022102126,0.00012505738,-9.4422885e-06,8.775889e-06,2.2104676e-05,-9.266111e-06,1.5458983e-05,-0.00019528333,1.6160739e-05,3.366953e-05,-0.00010796585,-8.524541e-06,0.00016185935,-2.5268573e-05,0.00013690283,-7.238463e-05,4.1600124e-05,0.00024451938,-2.9761186e-05,0.0001181468,7.526089e-05,4.632969e-05,-0.0001459459,-8.257409e-05,-1.02907364e-07,2.6174683e-05,-0.00018851575,-2.9025674e-05,0.000237675,-1.1242121e-05,5.267593e-05,-0.0002084402,-0.000119701894,-7.3918876e-05,-8.112492e-05,5.0696923e-05,-2.553547e-05,0.0002444916,8.778824e-05,0.00018022997,5.715763e-05,0.00022028865,2.6007496e-05,9.2431364e-05,1.1226008e-05,0.000318641,-0.00012721278,0.00014907168,-7.649117e-05,-0.00011258139,0.0003009764
X75932,6.17641e-05,7.374574e-05,2.2435454e-05,-8.946519e-05,-4.4810025e-05,0.0001835381,-5.795797e-05,-8.3476494e-05,-0.00014235,-0.00012233565,-4.220121e-05,-0.00014499301,7.209272e-06,5.7203048e-05,5.110036e-06,-3.3732806e-05,3.8655413e-05,-9.438568e-05,0.0001389726,9.4386014e-05,5.3135285e-05,-1.7452878e-05,3.180654e-05,0.00010927659,5.5557502e-05,2.0824093e-05,-0.00018745354,6.781683e-05,-6.5007676e-05,-0.00014541624,-3.3841126e-05,0.00010953811,0.00010411076,6.770844e-05,7.470003e-05,0.00021416087,6.3587315e-05,0.00020371526,0.0001377878,7.047859e-05,0.00012944313,-2.0797766e-05,-5.313362e-05,1.6219268e-05,0.00012396996,0.000113822905,7.036943e-05,2.3885916e-05,4.145808e-05,3.614207e-05,-4.5752397e-05,9.683469e-05,-2.4689172e-05,0.00017696299,-6.626554e-05,0.0001383736,-7.203982e-07,-0.00014361885,5.355477e-06,-3.222432e-05,-5.687937e-05,-7.438432e-05,-0.00012658162,0.00010546385,-7.387084e-05,0.00024960827,-0.00013107977,-2.623159e-06,-3.415284e-05,-0.00014015555,0.000105507155,5.3546253e-05,-0.00015118656,3.892349e-06,8.8658606e-05,0.0001601347,0.00010805958,7.161645e-05,2.3833205e-05,8.546904e-05,-2.6885833e-05,2.416567e-05,5.3444808e-05,0.00013395288,-0.00013840938,-0.00012130731,-9.363622e-06,-3.3459186e-05,0.00015848599,-3.532742e-05,0.00021123521,-0.00012235103,7.589363e-05,-8.786479e-05,-0.00011906853,5.443165e-05,2.4594618e-05,7.599477e-05,-2.482811e-05,-3.092154e-05
U92436_2,3.092442e-05,0.00018160846,1.7231516e-06,7.1533075e-05,0.00011852742,0.00014090519,7.2890274e-05,0.00012048165,6.8667534e-05,1.0178934e-06,6.926324e-05,-1.3620139e-05,0.00025525445,-1.1246614e-05,5.8803053e-05,5.628941e-05,-3.7857684e-05,9.910814e-07,0.00017356046,-5.5437064e-05,3.5428848e-06,0.00012186217,0.00016500265,0.00011054854,-2.7834667e-05,7.3220894e-05,0.00018657127,0.00017541782,-9.353936e-05,8.744065e-05,3.4199034e-05,-4.692808e-06,0.00016385116,-7.474494e-05,-8.995412e-05,0.00019983106,-5.2260653e-05,2.413147e-05,0.00025910063,7.8023055e-05,2.459525e-05,-8.926901e-06,0.00016161443,0.00021842064,0.00021930176,-4.569836e-05,-3.3457392e-05,0.00018544491,9.618863e-05,7.620243e-05,0.00017256194,-0.0002607501,0.00010018331,-6.300635e-05,-0.00016567709,1.7789785e-05,1.323583e-05,2.3609984e-05,-7.8408746e-05,-0.00012186923,-4.9829825e-05,-0.00010489128,0.0002792852,-0.00018443476,0.00013054043,0.0002827848,0.00013816025,0.00030701188,1.9730402e-05,-0.00016260463,0.00021827537,-0.00037136924,0.00032483082,0.00012919,0.00018554484,0.00013449398,6.805952e-05,0.0003234953,0.00024756667,-7.377533e-05,0.00011453268,7.05711e-06,-0.0002086507,5.706923e-05,-3.695718e-05,6.335917e-05,0.00016788754,5.2442965e-06,-8.749341e-05,-0.00011660975,-0.00016713268,9.3846196e-05,-6.7198256e-05,9.045479e-05,-0.00025106667,1.7245493e-05,0.00021002098,-0.00035975288,9.7829296e-05,2.4674568e-05
AH001498_2,4.0539115e-05,4.007309e-05,0.000107030246,5.1718624e-05,0.0001253061,9.213546e-05,2.405787e-05,5.010607e-07,2.83456e-05,-0.00010007043,0.00021097246,-0.00012337965,-5.003432e-05,-4.531375e-05,-0.00018514952,-6.8963e-05,-2.3025548e-05,3.48204e-05,3.4928387e-05,0.00011456537,0.0001771184,9.8586526e-05,-7.462147e-05,0.00017973992,-5.5626064e-05,6.9909365e-05,-1.1816541e-05,-0.00014974545,-9.897832e-05,-8.071621e-05,-5.0662347e-05,9.968797e-05,-6.347838e-05,-1.3115245e-05,0.00017193983,7.862729e-05,6.614088e-05,0.00017918368,-2.7555841e-05,3.3356482e-05,2.1606804e-05,1.4248235e-05,5.5958404e-05,3.312985e-05,-0.0001587973,8.187197e-05,5.4771772e-05,5.7734596e-05,-6.983509e-05,0.0001123203,-0.00016482254,7.515299e-05,-4.964822e-05,8.267196e-05,6.153063e-05,-0.0002439459,5.394102e-06,0.0001486829,-4.335965e-05,0.00012234728,0.00025022955,5.1687457e-05,4.6448764e-05,-0.00016711901,-0.00013132159,-6.999256e-05,2.3330818e-05,-8.5963824e-05,-7.720349e-05,-3.6284073e-05,7.702419e-06,0.00012899606,3.367344e-05,-2.7236558e-05,-2.912035e-05,1.5875154e-05,-5.186291e-05,1.1347797e-05,-2.8907905e-06,-0.00015666883,0.000113628,4.4551904e-05,-0.00011236187,-0.00029135623,-8.1054925e-05,-1.0715594e-05,4.4991917e-05,0.00015227335,0.00015644365,6.475033e-05,-2.8758644e-05,7.038991e-05,-1.6861726e-05,-0.00017405693,-3.338774e-06,-1.1095239e-05,8.32983e-06,-0.00012092531,4.6098486e-07,-3.0316074e-05
NM_015213_1,9.013822e-05,0.0002137052,-2.186209e-05,9.531949e-06,1.764526e-05,0.00016373703,0.00013574027,3.8242208e-05,9.047285e-05,2.7555709e-05,0.0001243878,-6.264189e-05,-0.00020497233,6.978469e-05,-5.3302796e-05,0.00014039165,0.00010531136,-6.2441926e-05,5.6204437e-05,0.00015869296,0.00032449097,1.7508573e-05,-2.7583661e-05,0.0001328169,8.33356e-05,-0.0001472578,-0.00010347383,0.0001298519,-6.345713e-05,0.000112752066,3.7093116e-05,2.7648366e-05,-0.00012340234,1.5322894e-06,-2.870775e-05,8.9998735e-05,9.24262e-05,-4.3797565e-05,0.00028419922,7.21873e-05,-0.000100850964,-0.0001371808,-4.6000056e-05,-9.5897616e-05,5.5313463e-05,-8.2284416e-05,0.00016542948,0.00022678818,8.477253e-05,0.00022418608,-4.3855718e-05,5.1334828e-05,-4.3148557e-05,5.1088213e-05,1.5097835e-05,-4.493794e-05,0.00017368667,1.5135383e-05,0.00014995222,2.2621636e-05,-8.1474376e-05,-0.0001864003,0.00013406064,7.055014e-06,0.00015919922,0.00023723913,2.1745636e-05,-8.178356e-05,0.00012078183,-0.00022503198,-0.0001587426,1.805972e-05,0.00010691373,0.00014918008,4.8026024e-05,0.00019981776,0.00013479787,3.511272e-06,1.8466473e-05,0.00015276652,0.00012860811,2.8572493e-05,-0.00011511844,6.1639475e-05,5.2230334e-05,-0.00015752703,8.8472465e-05,0.00017168737,3.7453324e-06,1.6886344e-07,-1.3458919e-05,-3.8657487e-05,-9.525349e-05,-5.6719986e-05,1.9463825e-05,-0.00015960175,-6.191136e-05,0.00016664999,9.994852e-05,-4.109489e-05
U47298,0.00016551027,2.0569456e-05,2.6499678e-05,0.00011228257,0.00013710554,-0.00018399523,-0.00016953226,-8.818957e-05,-5.6522902e-05,0.00011167372,-0.00010847466,-0.00012896092,6.596415e-05,-0.00013071107,0.000212672,-1.1943691e-05,0.00015206428,0.0001610908,-9.1485235e-05,6.1584747e-06,3.9248265e-05,0.00024698052,1.956931e-06,-9.919869e-07,0.00014872312,-5.1462073e-05,0.00011266369,2.0736694e-05,-0.00015599387,-2.2577406e-05,1.9519033e-05,5.273854e-06,0.00022636214,-0.00010954825,0.00011321822,5.207913e-06,8.731622e-05,0.00015204157,0.0002244762,0.00017447391,1.3081572e-05,0.00010258966,-2.0441364e-06,-9.111434e-05,-3.1824697e-05,-0.00011975156,0.00013348568,5.056419e-05,0.00015150671,4.6002464e-05,4.337534e-05,-5.874627e-05,5.6258898e-05,-1.7911423e-05,2.1442643e-06,7.881022e-05,1.1743769e-05,-3.0022695e-05,3.8627157e-05,-8.647856e-06,0.00014559171,0.00020428633,0.00031428706,-2.5814592e-05,-1.1648037e-05,-2.1668797e-05,9.173824e-05,-0.0001228475,5.1981653e-05,0.0002199885,-6.9492125e-05,-7.187747e-06,0.000117679774,5.290169e-05,-2.2844366e-05,0.00015790232,0.000118455195,-9.96889e-05,-4.382172e-05,0.00012537588,0.0001174538,-0.00010261153,9.84622e-07,0.00012301734,-0.00014843348,-2.9656276e-05,-9.9538694e-05,0.00016999293,4.062119e-06,-4.2728916e-05,6.430212e-06,0.0001796471,-2.777313e-05,8.091045e-05,0.00019989668,-6.618843e-05,0.00016145948,-3.230281e-05,0.00020000263,2.078741e-05
XM_371822_1,-3.2948383e-06,0.00019795069,-1.8062046e-05,1.2897394e-05,3.823967e-05,3.8369904e-05,-1.5546495e-05,6.2225045e-05,0.00013022707,0.00015686064,0.00011127112,0.00010713102,1.730231e-05,0.00021994812,0.00012761752,-0.00017325002,-0.00012686031,-2.4642164e-05,-0.00016829326,-0.00016117093,6.0516883e-05,-4.708992e-05,3.0170017e-05,0.00024868042,7.480102e-05,-0.00013657889,0.00016653647,-9.630411e-05,-0.0001521315,5.893779e-05,-9.853921e-05,6.065181e-05,0.00014708891,-6.8104244e-05,-5.7616082e-05,-7.6745204e-07,6.8848594e-06,-3.8473783e-05,-0.0001936064,7.955517e-05,6.770744e-05,0.0003129817,0.00012564033,-5.661094e-05,0.00012321776,0.00011760831,-0.00010554714,-5.52204e-06,-0.00012155935,-6.094853e-05,-0.00012159834,-0.00012528234,0.00023764664,0.00018390444,-4.0034705e-05,4.765156e-05,-1.12552525e-05,3.4591343e-05,3.7756625e-05,-4.6122244e-05,-8.5912994e-05,0.00014656327,-0.00014410769,2.3895147e-05,-0.000106304615,-0.00013352092,-3.6060796e-05,0.00018839557,-0.00015142972,1.5512072e-05,0.00014726647,0.00014990628,1.3597776e-05,-0.00022760646,0.00015110247,0.00019147349,0.00021970291,0.00022431104,9.116164e-05,5.3994176e-05,-0.00015202058,0.00033443063,-0.00018653508,-0.00016207804,-0.00031431185,1.4567196e-05,8.015695e-05,1.6728618e-06,-8.620656e-05,0.00030369172,-4.7193435e-06,0.0001776686,0.00043826428,-0.00016113334,4.9962706e-05,0.00030149776,-2.9581368e-05,-9.3886876e-05,0.000116335104,-0.00010546484
U47296,0.00017308243,3.3925447e-05,3.006853e-05,0.00019487692,-0.00017289382,0.00017206492,0.0001442657,-3.741893e-05,-0.00012710593,3.7977486e-05,-8.9714646e-05,0.00011383314,-0.00022684029,9.434889e-05,-0.00014515567,-0.00011644242,-5.1095365e-05,-0.00015139472,6.8818925e-05,9.963477e-05,-5.4070373e-05,-3.1500265e-05,3.1417753e-06,7.818093e-06,9.1388334e-05,3.2417007e-05,3.3283308e-05,0.000102767895,0.00015317173,-3.6005593e-05,-6.473752e-05,1.5246207e-05,-2.9802873e-06,-0.00011232289,4.113299e-05,-0.00024910044,-4.1120482e-05,-1.2777668e-05,7.823697e-05,0.000100686055,0.00026120216,3.3955657e-05,4.0570558e-05,4.7220892e-05,-1.0458532e-05,-1.4900534e-05,-7.932766e-05,2.4143736e-05,2.7521393e-05,-0.0001245931,-0.00014624286,2.0579342e-05,-0.00011131611,0.00020310296,-0.00017826671,0.00015525053,-7.99411e-06,8.094568e-05,1.1954254e-05,-1.9976986e-05,0.00018629193,-2.8457674e-05,-6.2984815e-05,-8.6706046e-07,9.783528e-05,2.3381828e-05,0.000116023795,9.5201096e-05,6.216652e-05,-6.213205e-05,0.00020768197,1.2491924e-05,3.9333365e-05,-2.819102e-05,-0.00012445165,1.08944605e-05,-6.892125e-05,-9.222771e-05,0.00013729725,5.8603888e-05,-1.3669503e-06,-0.00028720728,-0.00011261512,-7.8826175e-05,4.9786468e-05,0.00010766598,-9.4787094e-05,3.8877166e-05,2.302128e-05,0.00014704643,3.3208675e-05,0.00010256378,-0.00012552342,-0.00026731918,-3.564269e-05,0.00019780578,0.00012062539,2.409482e-05,-0.00013025072,-7.674863e-05
NM_015213_2,0.00016972209,-7.396978e-05,-7.505873e-05,6.1348816e-05,0.00014408203,7.066399e-05,7.279408e-05,0.00014637808,5.159298e-05,0.00015728557,-0.00010921207,-0.00015720636,-4.4064913e-05,0.00014989266,7.784513e-05,-5.003927e-05,-2.3494436e-05,3.0471268e-05,-8.532282e-05,0.00014940569,8.760439e-05,9.638138e-05,-6.8214376e-06,-5.4453063e-05,9.826665e-05,3.8452123e-05,4.140108e-07,-4.6474266e-05,-8.69185e-05,2.6340958e-05,-1.0334737e-05,-1.21390585e-05,5.1698124e-05,5.655531e-05,3.1581716e-05,0.00013550748,0.00020569772,1.9836403e-05,-0.00017698387,0.00017257755,0.00020480587,4.5642988e-05,-9.889468e-05,0.00020417501,-4.564121e-05,-0.00010902595,-0.00014281167,-7.652664e-06,0.00016673222,2.0216788e-05,-2.4716272e-05,-6.1261315e-05,6.8659196e-05,2.0905438e-05,-4.4403216e-05,6.884137e-05,-7.890512e-07,-4.481462e-05,-1.263388e-06,-0.00011736538,0.00014636488,-0.00021259119,9.4532705e-05,0.00016255108,-0.0001385746,6.354808e-06,-1.6726826e-05,-3.1530035e-06,-6.7278775e-06,8.104862e-05,1.1488615e-05,0.00025269022,-3.0511948e-05,-7.8839213e-07,0.00012223817,0.0002680427,2.2738255e-05,7.0704846e-05,-1.1489132e-05,0.00029555548,0.00017438114,0.00020851585,1.526661e-05,-9.067035e-06,-0.0002204061,-2.0499792e-05,-6.337448e-05,5.347556e-05,-0.0001544977,3.928994e-05,-4.7300204e-05,-8.343318e-05,-0.0001535167,6.816203e-08,7.398405e-06,8.341769e-05,6.9314265e-05,8.397474e-05,3.8557133e-05,3.540643e-05
NM_015213_3,0.00015034508,-3.3191383e-05,5.312664e-05,2.7514136e-06,-0.00019105068,0.00010441064,1.924975e-05,5.6393998e-05,0.00013880749,0.00014209055,2.2323797e-05,-3.777887e-05,7.597611e-05,-6.492683e-05,0.0001331036,5.3573865e-05,-2.1507518e-05,9.934482e-05,7.1473485e-05,6.6809545e-05,-7.7991164e-05,0.0001321666,0.00027582684,0.0001797317,-5.755874e-05,0.00020592604,-0.00020861889,-6.978962e-05,0.00020910012,-0.0001402629,9.409883e-05,4.4657543e-05,-0.00021912532,-0.00011633427,-1.0717536e-05,0.00011827705,3.860579e-05,0.00010679774,-1.5922333e-05,9.75764e-05,7.651836e-05,0.00010944434,3.662518e-05,0.00014826622,5.15867e-05,8.581199e-05,9.856498e-05,8.1307546e-05,-5.4830584e-06,0.00012618916,-9.4540395e-05,-0.0001294139,-9.624313e-05,-0.00013689291,0.00014894686,-3.8414342e-05,-0.0001110395,6.397667e-05,9.1045295e-05,6.3207444e-05,1.0411324e-05,8.1798105e-05,-7.153356e-05,-5.271112e-05,0.00021714388,9.895396e-05,0.00028057976,0.00019663274,0.00018992572,0.00017503144,0.00012804264,4.7821846e-05,-8.443404e-05,-0.0001046714,-1.5137443e-06,-0.0002822977,-0.00011047386,1.54114e-05,4.2928456e-05,-2.9509483e-05,-5.4820215e-05,-1.376356e-05,-4.042299e-06,-6.244414e-05,9.060627e-05,-5.0764786e-05,-0.00021874375,-6.623358e-05,0.00019348571,-2.4402243e-05,-1.6194228e-05,2.4427666e-06,2.0633475e-05,4.256895e-05,-0.00018568333,0.00010291416,-7.9733945e-05,-0.00014021403,3.473301e-05,0.00012967462
AH001498_3,-8.782035e-05,2.8093351e-05,0.0002738978,3.394683e-05,1.51436825e-05,8.235022e-05,1.1665798e-05,0.0001824652,7.42363e-05,-0.00013862997,0.00015970135,-0.00019323258,3.4796325e-05,0.0001750743,2.6076323e-05,4.9867987e-05,5.814624e-05,8.877544e-05,-5.1959018e-05,-0.00010608578,-3.9380197e-05,6.318645e-05,-5.0687195e-05,0.00013031739,0.0001291598,-2.3763918e-05,1.0836019e-06,0.00011173427,-5.5031862e-05,8.2025224e-05,-4.2688735e-06,-5.0887966e-06,-3.828656e-05,5.1579085e-05,2.073484e-05,9.1299444e-05,0.00025133937,-3.314117e-05,-0.000114830065,-5.0344825e-05,-4.522233e-05,-2.6635518e-05,-1.1641008e-05,0.00019641987,-6.814232e-05,-6.853453e-05,0.00016588827,-0.0002474232,-9.416727e-05,-7.034442e-05,3.479066e-05,0.00015793438,2.1260477e-05,0.00027160632,3.1119707e-05,0.000101599035,-0.0001495138,0.00016096649,7.001223e-05,0.00013893016,0.0001378531,-3.9951115e-06,-7.4991935e-05,0.00029801676,-9.9197634e-05,1.6450513e-05,-7.6369586e-05,-6.747497e-05,-0.00011794908,-1.2576034e-05,0.0001370227,0.00016342809,1.3149417e-05,-3.0268418e-05,0.00015380535,0.00017504972,9.329034e-05,-4.9207574e-05,-4.8749076e-05,6.4736436e-05,-1.6149097e-05,7.1140304e-05,-3.300799e-05,-1.9874693e-05,5.111744e-05,0.00010195898,0.00012178865,-1.21372395e-05,6.694375e-05,-3.33785e-05,1.184448e-05,-0.00010674608,-0.00017468327,9.292262e-05,1.3695134e-05,0.00014619042,-0.000108869965,0.00016352264,-0.00015930184,-3.5518427e-05
J03132_2,2.1088068e-05,6.812337e-05,1.8081246e-05,-1.961157e-05,5.4333184e-05,1.3090465e-05,0.00013590412,-3.161274e-05,-2.5865691e-05,-2.3894101e-05,-2.237258e-05,-0.00011335058,-0.00013626876,3.7767084e-05,-9.4605064e-05,6.917052e-05,4.527012e-05,3.872023e-05,0.00036834116,-0.00017943987,-0.000116408686,9.847242e-05,-5.2721665e-05,0.00013505251,-6.880697e-05,-0.00014931703,8.731512e-05,0.00010563542,3.3853157e-05,0.0001843681,-0.00011110943,-0.00019444666,0.0001074427,-7.352619e-07,-6.864485e-05,7.916753e-05,1.8784755e-05,-6.302884e-05,-0.00013226832,7.033068e-05,-9.430606e-05,-4.21186e-05,-0.000111328096,3.6807796e-05,0.00014907177,-8.388136e-05,7.544708e-05,-9.52122e-06,0.0001526839,-7.353643e-05,-4.0735486e-05,6.9209746e-05,-1.3379348e-05,0.00022362728,6.103313e-05,9.028563e-05,9.0896916e-05,2.382771e-05,0.00023643304,3.0505962e-05,4.156934e-05,-5.420559e-05,5.5972996e-05,1.925819e-05,-0.00010276543,1.9079342e-05,-5.9268725e-05,-5.949966e-06,8.122804e-05,-7.9106394e-05,-0.00016297842,0.00012011017,9.933181e-05,8.340139e-05,-8.499231e-05,4.3934167e-05,-3.6929203e-05,-0.00018302574,-9.030571e-05,-0.00010427664,-0.00017966681,-0.00022525132,1.4390219e-05,0.00028393965,6.209176e-05,-1.4938964e-05,0.00013510109,0.00018180672,-4.8138238e-05,4.4908284e-05,-9.765003e-05,4.0434024e-05,6.231513e-05,-1.4653823e-05,0.00012812876,7.9176265e-05,-4.5905817e-05,4.6586913e-05,-6.2814106e-05,4.7948866e-05
J03132_1,-5.4312615e-05,-0.00012448605,1.855512e-05,8.938532e-05,6.922551e-05,2.1820915e-05,8.634197e-05,-3.0724197e-05,5.1759493e-05,1.1462926e-05,0.00017513504,0.00028895843,1.6604088e-05,-3.4932487e-05,-8.335041e-05,-8.621371e-05,4.0726787e-05,2.0760976e-05,0.00016549749,0.00017208747,0.000142527,-5.048995e-05,0.00010594037,5.4045624e-05,6.688884e-05,-8.729918e-06,-6.4151536e-05,-0.00012910525,-7.035203e-05,0.00012783101,3.0526986e-05,2.0761501e-05,0.00024902448,-5.0715207e-06,0.00017208658,-1.0826996e-05,-8.4790074e-05,-2.130183e-05,8.712991e-05,1.2343744e-05,-3.3289503e-05,-0.00024047596,2.4293757e-05,6.510295e-05,-0.00011838081,8.64598e-05,-8.544249e-05,6.6178177e-06,-1.8879537e-05,0.00012929119,-4.606055e-05,-4.5210596e-05,7.209008e-05,-1.869701e-05,8.1118915e-06,7.709681e-05,7.22719e-05,5.2221283e-05,-5.1010855e-05,9.70975e-05,0.00013627835,3.9392353e-06,0.00010013771,-4.401492e-05,4.1403655e-05,-0.00011264526,-0.00013704872,0.00012342668,-0.00019398454,-4.053069e-05,0.00012879964,-0.0001377,-1.244949e-05,-8.514182e-05,-2.6253942e-05,-8.381291e-05,-6.597093e-05,-0.000113651884,0.00012269872,-1.50064125e-05,9.291874e-05,8.402325e-05,0.00010684902,-6.683724e-05,0.00014436012,0.00016779167,7.3100455e-05,-9.9132194e-05,4.380243e-05,5.4526878e-05,-1.1144289e-05,0.00022980552,-5.2573298e-05,-1.6863334e-05,4.758468e-05,9.66064e-05,-3.8065064e-05,0.0001101623,-0.00020480833,0.00011166654
