S201_NM_001098540.3,-3.0239364e-05,-9.46023e-05,-0.00010739707,0.00011130672,0.00012717658,-4.783054e-05,0.000109427216,4.2313437e-05,3.279411e-05,0.00010607571,6.06269e-05,0.00022235916,0.00014733078,3.4048373e-06,0.00017037938,-9.819099e-05,-1.9516936e-05,-6.353198e-05,2.6923788e-05,-3.47311e-05,0.00028024026,9.033986e-05,-9.085315e-06,-4.2098814e-05,0.00017433576,-7.195337e-05,5.21939e-05,1.6270944e-05,-4.767391e-05,9.622472e-05,6.876468e-05,0.00019322624,0.00014215667,0.00018936429,-4.4907436e-05,0.00012745701,5.5306955e-05,0.000102505,0.00010544311,4.024759e-05,-0.0002407097,0.00020246953,5.3950178e-05,-3.3550285e-05,7.4737654e-05,4.8106253e-05,0.00025412315,-8.066394e-05,-6.9613866e-06,-0.00025257457
S250_NM_001098540.3,-0.00012258248,4.1610816e-05,-2.7511685e-05,0.00012671226,0.000101940044,0.00010383513,0.00016291066,5.5929482e-05,0.00018524406,2.2030481e-05,-1.8133533e-05,-3.909436e-05,-4.2324177e-06,0.00014644551,0.00017356632,-2.8290997e-05,0.00012119921,8.7645945e-05,-4.523697e-05,-0.00016564831,-3.8605313e-06,4.377608e-05,3.5922174e-05,0.00012975848,0.00014861856,0.00014842315,-1.3940789e-05,0.00020973095,0.00011010229,-7.933645e-05,5.8137666e-05,4.8575785e-05,5.615559e-05,8.165791e-05,-0.00010090705,-0.00021324464,3.0686748e-05,1.8041492e-05,5.037811e-05,0.00019646238,-5.995081e-06,6.6206776e-05,-0.00027229756,-7.811759e-05,5.8051104e-05,-6.3584346e-05,-0.000113538204,-9.266344e-06,-7.644972e-05,9.867225e-06
S149_NM_000189.5_2,6.2719315e-05,3.0934002e-06,3.4660694e-05,6.901192e-05,8.995088e-05,8.310457e-05,-4.7332866e-05,1.9401762e-06,9.548993e-05,-0.000107529,0.00016030738,4.860193e-05,-0.00013453494,3.7486698e-06,4.395998e-05,-6.686574e-05,9.542447e-05,0.00011789155,0.00014052224,1.3075851e-05,3.3148979e-06,-0.00011222536,0.00019419573,-2.725731e-05,-1.5749803e-05,0.00010276463,-2.135028e-05,-0.0001267849,-3.3188197e-05,-2.2874565e-05,1.751947e-05,-3.4993405e-05,-0.00016828596,2.8563089e-05,0.00021362021,9.545926e-05,0.0001545722,8.991665e-05,0.00025711334,4.76582e-05,0.00012468599,-0.00010334347,-1.36301105e-05,-5.926688e-05,0.00017834222,-2.0818246e-05,3.8052844e-05,-8.905891e-05,8.127829e-05,-0.000115112845
S16_NM_001530.4_1,0.00020029598,7.509167e-05,7.466653e-05,-4.931774e-05,0.000110181216,-0.00011530171,3.8922426e-05,0.0001106371,0.00010101228,-1.6501956e-05,6.6618835e-05,0.00020179283,-0.00018861055,5.337642e-05,-7.149187e-07,-9.496172e-05,9.0858455e-05,8.0029284e-05,0.00014763072,9.874657e-05,6.152941e-05,0.00013987203,2.2629743e-05,0.00015628569,3.1106752e-05,9.851437e-06,0.00011307039,7.6276745e-05,0.00013603903,0.00018800011,1.8795714e-05,2.8756813e-05,-0.00019057424,-0.00013560418,1.36763765e-05,9.791873e-05,0.00015895457,0.0001947917,3.4968266e-06,0.000119472556,1.3852642e-06,0.00021618433,-1.6977316e-05,-3.9253584e-05,0.000152235,9.53875e-05,-8.1010665e-05,-0.00018611463,0.00013057655,0.00013515627
S172_NM_000189.5_2,-9.04647e-05,-7.632729e-06,4.4756882e-05,-0.00018463218,-6.9921625e-05,4.739064e-05,0.00015920316,0.00010469562,6.862518e-05,0.00010792071,3.6795765e-05,8.667857e-05,-0.0001388522,0.00022512542,6.678683e-05,7.16096e-05,0.00020272877,-0.00010039031,5.6176123e-05,-0.00019737607,-8.810026e-05,1.0773309e-05,6.199672e-05,0.00013957395,2.7721293e-05,0.0001223429,0.0002083383,-3.670258e-05,-5.6193712e-05,-0.00014959919,-3.8184487e-05,-2.3407281e-05,-7.6970726e-05,-2.802049e-05,-0.00013444973,1.4775464e-05,5.6093695e-06,2.8692233e-05,-4.205897e-05,0.00018418492,0.00011771806,1.0653576e-05,8.539802e-05,8.1307495e-05,-4.2887626e-05,8.2885694e-05,7.040284e-05,0.00014914229,0.0001130525,0.00016423054
S227_NM_001098540.3,-3.6643305e-05,5.6964163e-05,-8.765732e-05,-3.1921052e-05,7.518289e-05,-3.2766406e-05,3.8029328e-05,1.8040939e-05,-0.00018341934,-1.4245031e-05,-4.0027124e-05,0.0001071082,0.00012279293,2.017011e-05,1.78972e-05,-5.7503796e-05,6.778189e-05,4.6040863e-05,0.00026974225,0.00023599326,-5.72e-05,-0.0001935743,4.9214763e-05,7.657738e-05,0.00021426816,0.00012497412,-6.0400303e-05,0.00015377278,0.00012409162,0.00011408011,6.603979e-05,4.4559012e-05,-7.486907e-06,-5.048042e-06,-5.7642912e-05,8.987059e-05,-6.964211e-05,5.244493e-05,-0.00016430995,-1.0050012e-05,-0.00016855172,8.7087996e-05,-5.986591e-07,-8.430522e-05,-2.256351e-05,-0.00013568182,0.00018163644,0.00010891476,-0.00014376774,-3.8739236e-06
S106_NM_000189.5_1,-4.3773243e-06,6.5425185e-05,1.4859197e-05,-0.00010194908,-6.7763e-05,-5.1458916e-05,4.4894173e-06,-1.8785075e-05,7.990361e-05,-6.516857e-05,2.37986e-05,0.0001281383,-4.3405616e-05,0.00011471982,-0.00017266336,0.00016665708,-3.3410852e-06,5.190236e-05,7.509653e-05,0.00014664362,2.461275e-05,-2.5799658e-05,1.9072906e-05,8.8722445e-05,-0.000114101356,3.8984257e-05,-4.4025353e-05,5.946754e-05,-0.00015418143,-6.218409e-05,-0.0001145317,-8.157365e-05,0.00018337028,3.0749467e-05,0.0001393736,3.2891278e-06,-0.00013325592,-0.000111882684,0.00012719132,3.35075e-05,-0.00017408162,-0.0002462266,0.0001417589,4.4840795e-05,-0.00019086488,-7.162937e-05,-0.00021754236,3.471346e-05,-1.7702483e-05,4.531079e-05
S317_NM_002467.6,4.276659e-05,8.251832e-05,1.3024331e-05,-0.00010155652,-6.899344e-05,-1.4816185e-06,-2.1859225e-05,-4.6765792e-05,-0.00016325062,-0.00016825015,4.028261e-05,0.00018476228,-9.908102e-05,0.00015670947,7.9106314e-05,-5.073856e-05,0.00010552565,-8.479045e-05,-2.438188e-05,9.381926e-05,-7.54515e-05,-6.2873696e-05,0.00017972747,5.854954e-05,-1.763582e-05,4.7264075e-05,8.562178e-05,0.00020892882,4.096835e-05,-0.0001289742,-4.928759e-05,-8.232824e-05,-0.000103794,6.114276e-05,0.00014004447,0.00025798657,-1.0924248e-05,-0.000106628904,4.2088068e-05,-9.719808e-06,5.790654e-05,1.742111e-05,-0.00019340139,8.172373e-06,-7.6171236e-05,0.00012063351,0.00014570447,-0.00017382772,-0.00018821436,1.1166275e-05
S192_NM_000189.5_2,-8.391925e-05,3.8193306e-05,-0.00015837501,6.971114e-05,9.783564e-06,1.8439207e-05,5.1672178e-05,-1.267989e-05,-8.305566e-06,-8.952379e-05,-4.7166606e-05,2.2554545e-05,-0.00011351062,0.000103122016,-9.904642e-05,-0.00021703089,9.55898e-06,0.0001969791,-6.741254e-05,8.6167194e-05,-8.339293e-05,-6.5754495e-05,0.00019898496,4.9605664e-05,0.000126704,-6.6589782e-06,3.6042515e-05,-7.6319775e-05,-5.0917963e-05,-0.0001446974,1.692622e-05,-0.00011938758,0.00029599652,-0.00017749546,-3.338029e-05,-0.00015552853,1.2317324e-06,-9.3915995e-05,1.4380245e-05,1.6710941e-05,5.826471e-05,9.2024784e-05,-8.504943e-05,5.2238312e-05,-8.176882e-05,8.540827e-06,-8.0555474e-05,-0.00015660287,-0.0001229476,-8.429185e-05
S25_NM_001530.4_1,-8.493201e-05,-1.5321588e-05,0.00021224427,-0.00011172645,1.8786035e-05,8.2192964e-05,-9.992298e-05,0.0001212215,8.189191e-06,5.6382672e-05,0.0001718136,-9.137334e-05,5.8949776e-05,-8.760649e-07,7.908381e-05,0.0002188779,6.834658e-05,-0.00010246755,-8.9942456e-05,-5.677616e-05,9.297584e-05,2.9467616e-05,0.00021156015,0.00011250434,0.00010324912,4.289288e-06,0.00019146864,0.00013556967,1.2210626e-05,-4.1363295e-05,-1.5054628e-05,-0.000115973235,-0.000107413776,6.77674e-05,7.2024806e-05,4.1578405e-06,1.7958588e-05,-0.00013871217,6.4512465e-06,0.000116204516,-0.00012768178,-0.00012496715,0.00025297792,9.0644666e-05,0.00012942181,6.0175218e-05,-2.8487142e-05,-4.077866e-05,-4.9834096e-05,0.00012452167
S96_NM_001530.4_2,-2.4960158e-05,-0.00011489959,-0.00010889214,-7.046228e-05,-5.787773e-06,0.00013403273,0.00015257885,-5.977174e-06,6.092528e-05,4.417169e-05,-8.695231e-05,6.195253e-05,7.998434e-05,-5.927862e-05,3.0575043e-07,2.5136937e-05,-9.004162e-05,1.5947839e-05,3.6600126e-05,-6.092282e-06,-2.0028609e-05,1.7471088e-05,0.00018516154,0.00019449701,0.00013448359,7.118801e-05,-6.213166e-05,-0.000110869354,1.1202035e-05,8.486013e-05,-2.1762387e-05,4.2561936e-05,0.0002215675,-2.1785343e-05,0.00010282171,-0.0001806544,-0.0001228068,2.5167703e-06,-0.00011164788,5.2499134e-05,-2.2936283e-05,9.370695e-05,-0.00013528504,-0.00014280125,6.9438674e-06,-1.4929267e-05,-3.4145818e-05,-2.9279367e-05,1.9170915e-05,-1.941031e-05
S290_NM_001098540.3,-0.000107956286,0.00011166167,-4.9467915e-05,-6.509302e-05,-6.601521e-05,-1.7420247e-05,-3.5087138e-05,1.7300938e-05,1.4663175e-05,-9.185537e-05,8.608275e-05,5.7235036e-05,-0.00019196702,4.2699754e-05,6.1919185e-05,-8.352061e-06,-4.8161313e-05,-9.871191e-05,0.00016538939,0.00011714938,-2.5032108e-05,2.8635233e-05,7.638177e-06,0.0001905793,-7.630452e-05,5.1418618e-05,0.000118434335,0.00015925332,-0.00011436412,8.0376034e-05,-0.00012168667,8.909676e-05,-0.00019399308,-2.7791488e-05,-0.00012530563,3.581874e-05,9.717994e-07,-2.7075532e-06,2.8037428e-05,1.4870095e-05,0.00010054346,0.00015943768,0.00013563712,2.5219575e-05,-8.556463e-06,2.1936723e-05,1.5268868e-05,-9.581332e-05,6.220798e-05,-3.468983e-05
S70_NM_001530.4_2,0.00015191936,3.8051264e-06,-1.9328958e-05,2.2623588e-05,0.00024489113,0.00010027547,8.097784e-06,0.00012499283,-9.615512e-05,-0.00013658659,-0.00012367926,2.2054477e-05,0.00019371526,-3.1235293e-05,-0.000115835894,8.1203856e-05,0.00013741778,4.6493325e-05,7.092857e-05,-4.029809e-05,-2.1476257e-05,1.4903718e-06,-3.846519e-05,0.00016828923,1.4799091e-06,2.2734628e-05,2.295519e-05,1.5353386e-05,1.9445619e-05,-3.936297e-05,0.00023582258,8.118529e-05,8.798075e-05,-2.623617e-05,-4.7365356e-05,2.8463946e-06,-9.563225e-05,5.13604e-05,-0.00014753641,7.055385e-05,0.000112220536,5.736117e-05,0.000106475774,0.00021661322,9.490277e-05,5.547351e-05,7.5403013e-06,-3.2189022e-05,3.6131092e-05,0.00010679692
S183_NM_000189.5_2,-5.2249565e-05,8.869163e-05,8.8187044e-05,-7.903572e-05,8.017456e-05,-5.200017e-05,1.9100066e-06,-0.00015624754,-0.00018383747,-8.271089e-05,-2.887156e-05,1.12945145e-05,0.00011757456,6.817212e-06,-8.798125e-05,0.000116998875,-6.393117e-05,-3.1611493e-05,0.00011097143,-4.9367874e-05,8.364033e-05,2.3300525e-05,-2.6852775e-05,-8.2623184e-05,5.243631e-05,-2.1465488e-05,0.0001215634,-3.5031564e-06,-8.503256e-05,-0.00014706329,0.00024495248,-4.6246656e-05,0.00010263356,-6.159333e-05,-2.5205614e-05,3.3546054e-05,-3.099076e-05,0.00012254891,6.797572e-05,-3.7149006e-05,0.00015569177,2.335711e-07,0.00024097982,0.0001678994,-3.94928e-06,-5.1087984e-05,0.00023139457,4.222909e-05,8.914473e-05,0.0001256167
S20_NM_001530.4_1,0.00010761616,0.00012840965,6.5208864e-05,5.2145726e-05,7.630528e-05,7.3216535e-05,0.00020793054,6.305406e-05,-9.1051894e-05,-0.00016852652,0.00013166605,7.881872e-05,7.730738e-05,3.7390837e-05,-0.00015744923,2.8255985e-05,3.4595112e-05,-1.51868135e-05,2.404012e-05,8.8454784e-05,-0.00019216233,3.591159e-05,2.5324178e-05,0.00011954714,-6.5078944e-05,6.552057e-05,1.9580231e-05,3.7298054e-05,-3.6150654e-05,-0.000102401376,0.00012265588,4.670642e-05,5.229774e-05,0.00010261766,0.00013814708,-0.00015691748,9.286158e-05,0.00019925712,8.6611355e-05,-2.7423963e-05,0.00020914078,-7.700587e-05,0.00014359718,3.7199832e-05,-5.196518e-05,8.149015e-05,0.000103698345,3.9149232e-05,3.7193897e-06,-4.4119362e-05
S293_NM_001098540.3,-0.0001967023,0.00028098206,-2.1035114e-06,2.5194964e-05,-1.5784446e-05,-4.291191e-05,-4.9933995e-05,-7.377513e-05,3.9259787e-05,1.0297167e-05,0.00021186881,1.4783741e-05,0.00011241663,-5.2998308e-05,0.00012225937,-4.86428e-05,0.00014531029,0.00014427028,2.6584432e-05,0.00015731766,-8.997324e-05,0.00018613428,-0.0001121412,-0.00018266993,-0.000108686974,5.7203288e-05,8.43549e-05,8.843092e-05,0.0001090094,3.3915414e-05,-2.9677989e-05,3.7229114e-05,2.7233074e-05,6.4762724e-05,-7.784594e-05,5.874097e-05,2.3202127e-05,-4.9713944e-05,6.1460364e-06,5.583856e-05,4.3428998e-05,-2.292667e-05,0.00017233558,6.72063e-05,0.00010204299,6.14546e-05,0.00013310395,8.203445e-06,9.782848e-05,-0.00018651267
S111_NM_000189.5_1,-6.4078886e-05,2.977176e-05,0.000104722065,0.00021896076,-0.00010241213,-7.020069e-05,-0.00021311977,-1.6088161e-05,-6.447964e-05,9.428604e-05,-6.9262904e-05,0.00014549706,0.00013939464,8.327967e-05,-0.00018463677,-3.6628328e-05,9.974153e-05,4.4599157e-05,0.00028084862,6.570966e-05,-8.542828e-06,-3.8394504e-05,5.7810114e-05,-0.00011089707,-6.6640685e-05,-0.00019208777,-7.505609e-05,8.614072e-05,-5.5821853e-05,0.00012046653,0.0001551499,-4.5456723e-05,-6.476746e-05,-0.00017791269,0.00013621777,0.00010030278,0.0001293384,3.3275608e-06,5.257265e-05,-1.3219876e-06,-3.5804056e-05,0.00020617347,0.000118062155,4.902939e-05,4.1930492e-05,-0.00012231588,0.00012003726,0.0002172953,1.419269e-05,-7.2055445e-05
S156_NM_000189.5_1,0.00011419513,-4.6341687e-05,0.00013663464,0.0001536809,0.00011083392,0.00016816329,-4.8755533e-05,-6.411373e-05,0.000105789644,-2.1561998e-05,0.0001416377,-6.945684e-05,0.00020133684,-1.84123e-05,-2.2988503e-05,-6.9442925e-05,-3.1178824e-05,5.4084314e-05,-0.00018473243,-5.824435e-05,-0.00013278106,-8.563982e-05,7.118613e-05,-3.6596184e-06,-1.7697514e-05,-0.00018199532,6.478366e-05,-0.00010211703,0.0001250963,8.806009e-05,-6.045835e-05,5.1810624e-05,0.00017219302,5.340054e-05,2.580671e-05,-9.885486e-05,-6.7188455e-05,2.4657165e-05,9.276849e-05,-2.4262536e-05,0.00011259425,0.00013000963,0.00012693758,-6.1285696e-06,0.00020498944,-9.9174926e-05,0.0002441854,2.6338483e-05,-0.0001553774,1.39600625e-05
S219_NM_001098540.3,-0.000118278185,-7.713334e-05,0.00012831617,-0.00013905329,-2.9258768e-05,-0.00019583819,-2.8156988e-05,8.525527e-06,0.00014847604,3.1037926e-05,-6.392295e-05,5.941084e-06,0.00015553023,-3.791247e-05,6.962999e-05,0.00014731115,2.2341519e-05,5.3716434e-05,0.00018746684,-9.570984e-05,-0.00017204985,5.743075e-05,-8.6817905e-05,8.183568e-06,-4.793971e-05,1.0798771e-05,-5.507239e-05,-1.531905e-05,0.0001304158,0.00013034306,8.526268e-05,0.00026519212,-3.8568374e-05,1.7243425e-05,0.00024960714,0.00012531751,-3.1122076e-05,-5.8241807e-05,4.8371126e-05,4.332316e-05,-0.00014340192,3.5254457e-06,0.00015248402,5.143589e-05,0.00012825693,0.00010248423,0.00017606796,-8.6725435e-05,8.8287976e-05,-6.3167514e-05
S214_NM_001098540.3,-3.4248777e-05,-2.879054e-05,-6.9155925e-05,-5.6843386e-05,7.33327e-05,0.00013944317,-2.442026e-05,6.126801e-05,-0.00018827712,-1.8148353e-06,-6.888232e-05,0.00013442204,-3.300114e-05,0.00015737738,-5.2985848e-05,8.317741e-05,5.4131096e-06,7.6044445e-05,-8.525504e-06,0.00016311405,-0.00013880049,0.000113801114,2.766756e-05,8.7610184e-05,0.00010607711,-4.890519e-06,-5.1100255e-06,-8.301539e-05,2.7387885e-05,0.00020767248,0.0001107533,0.00011905056,8.511614e-06,-6.0875886e-06,-8.568432e-05,-7.269908e-05,5.6581324e-05,-0.00020759324,0.00019686163,-3.0680974e-05,0.000100132725,-0.00020265437,-7.976123e-05,6.851799e-05,-3.32846e-05,0.00014290723,-9.911893e-05,-4.3560485e-05,5.1241706e-05,2.2414245e-06
S356_NM_001904.4,7.911747e-05,-7.4183066e-05,7.0310657e-06,0.00010934542,0.00013905311,-2.1017295e-05,6.0877588e-05,2.2159615e-05,5.9219416e-05,0.00024321384,9.079969e-05,-1.43243355e-08,-8.488361e-05,0.00012695097,-8.5625434e-05,0.00010058639,3.6917536e-05,6.8368696e-05,8.073535e-05,3.0222547e-05,0.00015002662,-4.547632e-06,1.5684029e-05,-7.271327e-05,-5.5507822e-05,0.0002923902,-0.00012647854,-8.502192e-05,-0.00014822153,6.359156e-05,-0.00018323144,-2.0956515e-05,3.1699692e-05,-1.45049235e-05,-6.388353e-05,-4.794677e-05,-0.0001504635,-0.00015390835,2.293255e-05,0.00014833195,1.7904908e-05,0.00020912995,-1.1380741e-05,0.00023576923,2.969506e-06,-6.261999e-05,1.7167113e-05,0.00017994361,-0.00012924663,0.00026268765
S34_NM_001530.4_1,-4.8588747e-05,0.00012660798,0.00021068534,1.6644227e-06,3.1406726e-05,-7.4312455e-05,3.2086675e-05,2.3983917e-05,8.946646e-05,0.00015806303,-3.806995e-05,-0.00015731259,0.00022202001,6.356542e-05,0.00028531856,7.93313e-07,-1.4081265e-05,0.00010299561,-3.7291193e-05,1.0515008e-05,8.1670194e-05,0.00012659405,3.160064e-05,5.1239705e-05,2.4961886e-07,-0.00020411769,0.00021236842,3.7054597e-05,-6.656023e-05,6.946816e-06,6.360576e-05,1.6922651e-05,0.00012599501,0.00015756502,-1.744699e-05,1.8346454e-05,2.268946e-05,0.00011607435,0.00013238707,-0.0001731382,-0.00023397437,-8.623797e-05,-5.4219963e-05,0.00028065225,-5.9694314e-05,-0.00020389212,9.444116e-05,3.824968e-05,-0.00010126585,9.8177305e-05
S223_NM_001098540.3,5.4253615e-05,1.1875863e-05,0.00014081095,0.00019477404,-4.1353644e-05,0.0001847599,0.00014777196,8.147046e-06,1.6990249e-05,-8.668313e-05,4.991937e-05,-3.334435e-05,-9.166245e-05,6.971414e-05,-6.744257e-05,0.00022037189,-6.0239095e-06,9.126517e-05,0.00020718476,4.566679e-05,0.00018571872,6.061086e-05,0.0001526009,4.9723832e-05,-1.7318325e-05,-6.74976e-06,7.226229e-05,0.00013111123,4.8751477e-05,8.0043166e-05,-7.088338e-05,-0.00013240105,0.00011686299,-2.7019252e-05,2.1558399e-05,1.8760038e-05,3.6717915e-07,0.00015542853,-6.3790874e-05,-6.7196095e-05,-0.00012619657,0.00012855764,0.00013718744,0.00012263961,4.290052e-05,-0.00011445873,-8.5112355e-05,6.824741e-05,-0.00018814346,-8.642791e-05
S80_NM_001530.4_2,4.1542025e-05,0.000110967056,1.4750756e-05,0.00011637171,0.0002188585,-4.840208e-05,0.00011133015,3.2362022e-05,0.00012069986,3.6996888e-05,5.8469475e-05,0.00012188855,-2.100885e-05,6.199249e-05,-5.8035617e-05,-2.6409423e-05,1.5635384e-05,3.189867e-05,0.00015950623,-2.0969175e-05,-2.8565357e-05,9.600732e-05,-1.1063312e-05,5.652782e-05,2.881744e-06,0.00010909984,0.00017247265,-1.6849595e-05,3.2202697e-05,0.00020623233,-9.167283e-05,-8.4224266e-05,8.697345e-05,0.00014185894,-6.996705e-05,0.00012480392,-0.00010564371,3.077704e-05,4.599133e-05,-2.2957822e-05,-1.8799788e-05,-2.3897808e-05,5.7923666e-05,-0.00017799246,8.308374e-05,-1.4198344e-05,6.715965e-05,0.00018415405,-3.960907e-05,3.541994e-06
S257_NM_001098540.3,-5.9473678e-05,0.00018902794,-0.00015455442,-2.7899408e-05,-8.965656e-06,-5.1923966e-05,0.00010306954,-3.6759804e-05,5.3443884e-05,6.697468e-05,5.560675e-05,-4.3906664e-05,-1.0665508e-05,9.919647e-05,9.266152e-05,0.00013037541,0.00012376926,-4.838415e-05,2.9892424e-05,0.00010447576,-0.00013455759,-2.0944743e-05,1.0042034e-05,0.00016956237,2.0185065e-05,-7.3900475e-05,-0.00028093497,-0.00013474698,3.5700163e-05,-0.00013088626,-0.00017828621,-4.3859705e-05,4.2801737e-05,8.64432e-05,-0.0001379337,7.7666555e-05,-2.0029065e-05,4.006025e-05,3.523618e-05,9.4908355e-05,7.6002325e-05,6.561018e-05,-0.00010303295,9.0324356e-05,1.183735e-05,0.00015496672,0.000123106,0.00011739785,-9.720071e-07,-0.00011313049
S48_NM_001530.4_1,0.00017123876,0.0001256706,3.3284643e-05,9.792477e-05,-7.363468e-05,5.0938317e-05,-5.5222838e-05,-6.504937e-05,0.00010782802,-6.087886e-05,-7.224366e-05,-5.0970895e-05,1.7761255e-05,0.00017620905,-0.000103165694,1.287336e-05,-6.353775e-05,-6.483937e-05,-6.8802656e-05,-6.3167914e-05,0.00013338964,0.00010772342,-0.00015179365,-0.0001724943,3.0163666e-05,7.314652e-05,8.365612e-05,2.0462114e-05,4.326698e-05,6.73654e-06,8.858236e-05,6.422357e-05,2.1337755e-06,-3.6146765e-05,8.491919e-05,0.00018131628,6.486895e-05,0.00016860025,-0.0002691864,-8.589339e-05,0.00018395658,-5.72568e-05,3.718614e-05,-4.6186873e-05,0.00012413511,-3.2593452e-05,-9.6772936e-05,2.7868855e-05,-8.639726e-05,2.3264256e-05
S40_NM_001530.4_1,7.57929e-05,-4.4654153e-05,-1.8229288e-05,0.00013262939,-6.514323e-05,8.617348e-06,0.00012165193,-0.00012436153,-7.458386e-05,0.00020466157,-0.00014981948,6.821724e-05,-8.233298e-05,0.00014197623,-1.7356664e-05,-2.1574415e-05,6.702968e-05,9.324905e-05,5.308993e-05,3.0127883e-05,-1.3511092e-05,-4.128476e-06,0.00019904025,0.00021725742,3.5559096e-05,0.00021226179,8.575336e-05,-1.4117429e-05,-0.00010058567,-9.331182e-05,-1.4283357e-05,5.36552e-06,5.7994683e-05,5.7769186e-05,-5.6032222e-05,-7.392798e-05,-6.984411e-05,7.6489436e-05,5.2603505e-06,9.720156e-05,2.1246284e-05,-2.6323189e-05,-0.000117729855,-0.00014086821,-9.021968e-06,-4.401686e-05,-3.6755842e-05,-2.0155523e-05,5.2784362e-05,0.00010342924
S141_NM_000189.5_1,0.00012081791,4.2031326e-05,-6.32977e-05,3.3649623e-05,-4.7476105e-06,0.0001003587,0.00013589169,4.989783e-05,-0.0002193839,3.737338e-05,-7.141019e-06,4.8754817e-05,4.3491054e-05,-0.0002605632,9.162424e-06,0.00012328275,5.2680112e-05,3.1073334e-05,-3.6002963e-05,3.6819627e-05,0.00017343528,0.00012077526,-1.7229976e-06,7.772038e-05,0.0001167918,0.00025814978,1.6406913e-05,1.607897e-05,0.00017254305,0.00017177202,1.7755077e-05,9.935321e-05,9.706538e-06,3.15304e-05,0.00023841897,-0.0001100739,-8.181243e-05,0.00029805992,7.907706e-05,9.1109185e-05,-0.00010487262,9.624101e-05,0.00016023316,-3.137705e-05,1.24943645e-05,-1.8260085e-05,3.4881465e-05,3.072848e-05,3.0754505e-05,-3.0099005e-05
S26_NM_001530.4_1,-1.7657165e-05,0.00013236432,-0.00011177365,-7.70919e-05,4.9327093e-05,8.865365e-05,8.428702e-05,0.000108507105,-0.000104099236,6.11031e-06,-9.871231e-05,9.06633e-05,8.514727e-05,-1.0367563e-05,0.0002184464,-0.00017609443,-7.827723e-06,-8.073857e-06,-3.4920602e-05,0.00020773069,0.00011488502,0.00014989349,-1.685471e-05,0.00015717471,-0.00018239059,-3.1873613e-05,2.609645e-05,4.4291293e-05,-1.4749239e-05,-6.789575e-05,7.216328e-05,5.7125304e-05,0.0001589966,-4.3731052e-05,3.895321e-05,-6.2869236e-05,0.00012013243,8.519741e-05,3.2901127e-05,0.000109851666,-1.7584418e-05,9.865743e-05,0.00032627484,6.0262162e-05,0.00012004373,6.888762e-05,2.0586482e-05,2.2424092e-05,-4.5888362e-05,-0.00010211202
S286_NM_001098540.3,0.00013448972,-0.00010443958,3.172385e-05,1.898422e-05,4.996209e-05,5.6883804e-05,1.4361157e-05,-0.00014157034,-8.79585e-05,0.00014528798,-4.7247944e-05,-2.066369e-05,0.0002553763,-1.2023306e-05,0.00017645527,-4.394742e-05,0.00014498533,-9.872995e-06,7.6172495e-05,-0.00015414566,-0.00010380796,8.21949e-05,0.00015180274,-2.4672661e-05,0.00012284174,6.0761206e-05,-0.00015821417,7.521317e-06,-7.77109e-05,-1.26132745e-05,-4.889974e-05,0.00012503273,-8.261686e-05,8.825903e-05,-4.2538788e-05,-0.00014718223,-4.496199e-05,-3.9296247e-05,-2.6375716e-05,-6.147593e-05,0.00011319173,1.2854951e-05,0.00017581249,0.00027795555,4.3967077e-05,-3.7354697e-05,0.000104877305,0.00012918857,8.031131e-05,7.047327e-05
S6_NM_001530.4_1,0.000112961694,0.00024241763,6.719693e-05,0.00015166609,7.473256e-05,-3.845483e-05,-5.861934e-05,6.4898755e-05,3.0940755e-05,-4.023314e-06,-7.031897e-05,8.597535e-05,-2.6999487e-07,8.6094624e-05,4.6330042e-05,0.00011679935,-4.0921645e-06,9.573634e-05,-7.236095e-05,-4.953006e-05,0.00010292391,-0.00015498757,-2.1191512e-05,-0.00026186692,8.159368e-05,5.8244153e-05,-8.9795474e-05,-6.0955626e-05,9.848457e-05,-0.00011425141,0.00018629737,7.654755e-05,-2.9760948e-05,-2.2151138e-05,-8.162986e-05,0.00015601938,-7.4642674e-05,-1.5672742e-05,2.3971212e-05,7.838012e-05,3.7352238e-05,-0.000114543625,-0.0001732571,0.00013957835,-9.777633e-05,0.000117198826,0.000104934836,6.297925e-05,4.6737165e-05,-0.00012534154
S244_NM_001098540.3,6.328458e-05,-0.00014873232,3.645556e-05,-0.00013134065,-3.3084776e-05,-0.000115676296,-8.212218e-05,0.00013158939,0.00010576572,0.00018534173,0.00027812988,-4.3058182e-05,-4.779957e-05,-0.00014774947,0.00015483325,8.9573594e-05,0.00010147168,6.7349494e-05,0.00027185155,7.569469e-05,9.308109e-05,0.00012798641,-1.0781893e-05,0.00010885062,0.00012901967,-2.6236826e-06,9.905482e-05,-8.366535e-05,-0.00010025059,-3.756702e-05,4.1545103e-05,0.00013430894,0.00011058682,0.00021470568,0.00011335799,0.000112025016,-3.7770926e-05,0.00010740985,-7.3821786e-05,-0.00011093383,0.000125589,-7.3651444e-07,0.00012181136,0.00012221753,-8.558491e-05,-0.00016499592,7.060698e-05,-5.3244617e-05,1.2627181e-05,7.4279196e-05
S152_NM_000189.5_1,4.7082926e-06,-1.22905285e-05,-2.077295e-05,1.4015212e-05,-0.00012672787,0.00011428141,7.385677e-05,9.909e-05,-6.766683e-05,4.7722267e-05,3.2759537e-05,1.7126426e-05,-2.471389e-05,5.808933e-05,0.00014853543,1.0779068e-05,1.181823e-05,0.00023062389,0.00023360866,-6.811772e-05,-0.00010469998,0.00016236053,-0.00011084199,-0.00013112432,3.27699e-05,-3.7356793e-05,0.00011464595,4.4540146e-05,6.4245425e-05,0.00016386958,7.631875e-05,9.849933e-05,0.00012825125,0.00012532882,3.406092e-05,-3.0130881e-05,0.00028435615,-2.7393764e-05,-8.751437e-06,-9.3789364e-05,-7.4269e-05,-6.0176193e-05,6.0501436e-05,-1.9025802e-05,-6.566597e-05,-9.305744e-05,0.00010939037,7.2446295e-05,1.8365696e-05,-0.00014185134
S164_NM_000189.5_2,0.00018199807,0.00011231223,-1.1416495e-05,-0.00013111276,-3.5858375e-05,-3.091129e-06,4.6672758e-05,-2.5161098e-05,0.00021262764,3.8804417e-05,-1.4347652e-05,-0.00012649529,0.000116280185,-0.00020805823,-6.845608e-05,4.7099922e-05,3.0638916e-05,5.5881945e-05,0.00011544063,-7.181477e-05,-1.7182435e-06,-9.10519e-05,0.00013179079,-0.00032364522,-6.9517475e-05,0.000107358916,-0.00011401037,-0.00019596847,-4.1749016e-05,-2.9315875e-06,1.3450797e-06,4.494794e-05,0.00022635257,7.3776384e-05,7.562276e-05,0.00012349893,5.8636608e-05,-2.367667e-05,0.00017178834,-0.00010157444,0.0002186263,3.436993e-05,0.00010756214,-2.5603902e-05,-0.00026468327,1.1064373e-05,-9.7117285e-05,0.00015015539,-4.8937607e-05,1.7928707e-05
S81_NM_001530.4_2,8.245874e-05,-2.9884623e-05,-4.7397157e-06,-0.0001056705,-2.835595e-05,0.0002646525,-4.496891e-05,9.0541515e-05,9.227382e-05,-6.930359e-05,-5.8063102e-05,-9.872163e-06,6.126191e-05,-4.341496e-06,1.3516342e-05,0.00018919722,-4.5774752e-05,-9.797242e-05,0.00020312844,-0.00014029646,0.000101032616,-0.00013226998,2.6686628e-05,0.00024030799,1.0243374e-05,-0.00010554746,-6.4782755e-05,0.00010897777,0.00019570453,7.6523684e-05,2.3863757e-05,9.409209e-05,-0.00010415156,5.087343e-05,8.940567e-05,0.0001437212,-2.6107035e-05,2.4151419e-05,9.780845e-05,-1.656769e-05,8.435105e-05,8.362745e-05,-4.4270877e-05,-9.275875e-06,2.9759407e-05,2.0832378e-05,8.436098e-05,0.00026010856,7.515194e-05,7.724476e-06
S246_NM_001098540.3,0.00014040813,6.724753e-05,4.2297586e-05,-4.8741535e-05,3.5791923e-05,0.00010432526,0.00028709395,-3.6793204e-05,0.00011227102,4.476247e-05,0.00021601844,0.00017800862,-6.620522e-05,-0.00014103872,5.9488564e-05,0.00010197896,-4.9505223e-05,-0.0001145552,1.8438019e-05,0.00017108643,9.227067e-05,-6.604225e-05,0.00016791579,3.6132613e-05,-2.6525007e-05,9.103871e-05,8.915177e-05,-0.00020996304,-7.836052e-05,4.518434e-05,8.4064966e-05,0.00019384534,-2.9350316e-05,-7.257225e-05,-5.3879518e-05,-2.5504443e-05,7.163388e-05,0.00010122635,-0.00012745595,-4.2708634e-05,-5.7404548e-05,5.8147314e-05,9.85062e-07,-0.00014654356,-4.4105193e-05,4.69354e-05,-2.1380674e-05,9.683055e-05,0.00024681675,-1.798264e-05
S19_NM_001530.4_1,1.1686021e-05,-5.4836644e-05,3.4789973e-05,0.0001395514,8.1249644e-05,0.00010922272,4.5696943e-05,-4.3534346e-05,-0.0001819146,0.00020313286,0.0001736323,-0.00012591718,-0.00010334974,8.932795e-05,0.0001443962,-5.7117857e-05,5.6889476e-05,3.0315297e-05,4.0575014e-05,0.000120284174,3.5178342e-05,-3.929654e-06,-5.6704805e-05,6.190099e-05,-7.235293e-05,0.00010089063,1.339035e-05,5.5850935e-05,0.00011571448,-2.496988e-05,-4.3305267e-06,0.00010655894,3.4084756e-08,7.560107e-05,-1.336547e-05,0.00010031579,0.00010495689,6.736546e-05,8.4969564e-05,-0.000119761724,9.210409e-05,4.9567087e-05,4.9935024e-05,5.0480536e-05,0.00025100942,0.00012642756,0.00017619968,-3.793771e-05,4.742534e-05,0.0002084678
S243_NM_001098540.3,-7.646376e-05,0.00013434417,-1.8238043e-05,3.4364104e-05,0.00018889918,0.00019213172,9.74582e-05,4.7065685e-05,-8.0443e-06,0.00029354365,-1.4842775e-06,-3.6598394e-05,-8.0034966e-05,0.00010293254,4.9630187e-05,-3.761518e-05,0.00021095116,0.00017575342,-4.058602e-05,-6.07547e-05,-7.404827e-05,0.00013040999,-9.023577e-05,2.2164155e-05,7.298419e-05,-3.6404163e-05,5.988786e-05,-1.8771696e-05,-9.593237e-05,0.00017998015,4.9112437e-05,9.2064e-05,0.00013285154,6.311291e-05,1.3289344e-05,-0.0001296433,0.00019574475,-0.00030270393,0.00010752821,0.00022492971,-5.9848985e-06,-0.00020610272,1.5863565e-05,0.000108929984,-8.289481e-05,6.3370164e-05,8.220374e-05,-4.0373347e-06,-5.458882e-05,-2.3830013e-05
S285_NM_001098540.3,0.000119441545,0.000106302,-5.497135e-05,2.365085e-05,9.186534e-05,1.8015366e-05,-0.00015251401,-9.464367e-05,-7.115581e-05,-1.1745137e-06,-6.96934e-05,-7.104663e-05,-0.00022537641,6.214659e-05,7.5600045e-05,0.00014448764,6.053151e-05,0.0001019742,-0.00015009535,-0.00010714359,0.00017890528,-7.241093e-05,-1.7935678e-05,0.00012385104,-0.00013806451,-4.1813084e-05,8.675821e-06,7.069995e-05,3.4931352e-05,1.3475636e-05,7.9944264e-05,-0.00014388558,-3.4016895e-05,0.000104507875,-4.0880386e-05,0.00015804905,0.00012055409,-7.3955045e-05,1.1982292e-05,-3.9308184e-06,2.7518148e-05,0.00021578145,8.0291014e-05,6.600755e-05,7.793163e-05,-8.137042e-05,-0.00032571418,0.00010446482,3.839428e-05,-2.8967585e-05
S153_NM_000189.5_2,-5.6621375e-05,-2.7030615e-06,7.25932e-05,1.7319433e-05,8.269446e-05,-1.11528225e-05,-7.227851e-06,8.3964274e-05,0.0001468379,-9.28624e-05,-9.010432e-05,2.1034492e-05,8.6848406e-05,-8.863053e-05,-6.8142326e-05,9.269993e-05,0.00025034463,4.937276e-05,1.8953355e-05,0.000103418985,3.6754296e-05,0.00011555756,9.219868e-05,-5.5712626e-05,-0.00010792069,0.00012477454,6.719265e-05,-2.9195633e-06,-0.00017724102,0.0002098795,0.00019391059,5.023652e-05,0.00010814758,-4.8458944e-05,-4.3819015e-05,0.00021493933,1.4714706e-05,6.628779e-05,0.00018479893,-2.4528212e-05,1.1614524e-05,3.86105e-05,0.00010333122,9.558038e-06,4.7167116e-05,-3.9467253e-05,-4.758819e-05,0.0001827994,0.00013840418,-7.490297e-05
S131_NM_000189.5_1,3.7035566e-05,9.547801e-06,-1.579788e-05,0.00011237236,0.0001873663,-4.387891e-05,2.0163949e-05,0.00018437133,-0.00013393936,9.43015e-05,4.4570403e-05,-1.3920156e-05,-9.97441e-06,-0.0001275326,-0.0002016498,4.627628e-06,-0.00017596467,-5.5632052e-05,5.034845e-05,6.5490705e-05,9.825018e-05,0.00012348483,1.1985362e-05,8.932616e-05,-2.7267457e-05,-0.00023383221,0.00013126787,9.43782e-05,-1.9633642e-05,0.00017899934,1.3775185e-05,-2.7833223e-06,0.00013447234,-0.00022265494,4.416721e-05,-3.954016e-05,-0.0001276539,-2.8956549e-05,-0.00011952799,6.4757005e-05,7.8220386e-05,-1.2695547e-05,-1.2864641e-05,7.247208e-05,0.00016956542,0.00017724912,0.00017041023,-0.00011734065,4.197938e-05,3.977048e-05
S220_NM_001098540.3,-0.00011504777,1.8099074e-05,0.00017079637,-4.0642368e-05,-1.4831488e-05,8.134933e-05,4.379854e-05,4.873564e-06,-5.6380948e-05,1.4804773e-06,0.00014629931,0.00023104943,3.0651332e-05,6.499355e-06,-9.488522e-05,2.8980998e-05,2.5916253e-05,5.819646e-05,-4.665143e-05,0.0001235888,0.00016522688,-0.000111921276,-0.00012033756,-0.00020079833,-3.1349755e-05,6.797348e-05,-0.00011192914,-6.063634e-05,0.00011907482,-6.485309e-06,0.0002454364,-0.00017436188,3.919485e-05,-2.1485308e-05,9.228191e-06,0.00011483507,5.6691984e-05,-0.00012823506,-1.5352394e-05,-6.847948e-05,-0.00013707341,-4.800295e-05,0.00015116092,-2.890453e-05,3.3403692e-05,0.0001267864,-5.3298503e-05,-9.276695e-05,-6.284697e-05,-2.3731417e-07
S27_NM_001530.4_1,0.00013800681,-1.1266768e-05,-1.1782957e-05,1.8421899e-05,0.00014839266,-7.3531904e-05,-0.00011942685,0.00018844627,0.00011253922,0.00014868287,-0.00015375535,-6.710187e-05,1.4646198e-05,-0.00015169942,-0.00013627873,5.958963e-05,-0.00010075866,9.573243e-05,6.150331e-05,-0.00014802787,0.00016980206,0.00010822181,-0.00018870214,0.00023911378,4.6307585e-05,3.7182897e-05,-8.430453e-05,2.4587343e-05,-0.00015427991,9.481438e-05,4.3954544e-05,3.4438297e-05,-3.6729347e-05,-0.00014313795,4.107652e-05,1.1731951e-06,-7.631892e-05,-4.0939e-05,3.7424754e-05,-8.5293614e-05,-3.920431e-05,-9.9531586e-05,-0.00011351933,0.00023836877,-4.1260424e-05,9.3748014e-05,-4.3340922e-05,3.8078997e-05,0.00013463724,6.256587e-05
S307_NM_001098540.3,9.479578e-05,0.00010624925,-6.355094e-05,-9.912129e-06,4.2637097e-05,5.489696e-05,-0.00015632584,1.6814889e-05,-7.910403e-05,2.4013085e-05,-4.5860867e-05,2.5419966e-05,0.00030548038,-0.00014107494,2.684604e-05,1.4888686e-05,5.705706e-05,-5.2781106e-05,-3.2429834e-06,6.432437e-05,0.00019810135,1.7099022e-05,-1.0162701e-05,0.0001988583,-7.601607e-05,7.884749e-05,7.032926e-06,-7.0977556e-05,-3.6770438e-05,0.00011365469,0.00013034414,3.990244e-05,-9.09692e-06,-8.765193e-05,0.0001574243,-0.000112118156,-8.405093e-05,-1.1514921e-05,7.8461875e-05,6.4179e-05,4.516007e-06,0.00017164556,0.00011056636,7.086721e-05,-0.00015592312,-0.00016721412,-0.00024097814,0.00015279137,8.595642e-05,7.750805e-05
S204_NM_001098540.3,4.8838334e-05,7.7152545e-05,-6.982759e-05,-0.00025881454,0.00018257523,7.566353e-05,-4.4825883e-05,-2.8512084e-05,3.9960756e-05,0.00014352868,5.057902e-05,8.731155e-05,0.00013420348,0.0001436089,2.2447022e-05,0.0001329465,-8.2963445e-05,1.7096912e-05,-0.00013386049,0.00017660855,0.00014019707,8.362076e-05,-8.472027e-05,3.947499e-05,-1.438954e-05,7.101943e-05,9.767158e-05,0.00017805638,0.00014541595,-4.5677407e-05,-5.9993414e-05,-0.00011485693,-3.8071175e-05,-7.3863135e-05,5.922619e-05,4.339982e-06,-0.00015207122,8.0931764e-05,5.3010728e-05,0.00020326229,-0.00039514733,-8.9320434e-05,0.000115627445,0.00023874674,-8.014538e-05,-3.049783e-05,-6.0484534e-05,6.1839826e-05,-5.102804e-05,9.760512e-05
S294_NM_001098540.3,-0.00017090961,-8.865072e-05,1.8405159e-05,0.00017625485,8.5592634e-05,-0.00015921317,0.00011469705,3.364632e-05,0.00020325293,0.00021199191,5.8411533e-06,7.140653e-05,0.00010059667,-3.4142355e-05,0.00010299481,5.471057e-05,-4.2500018e-05,1.5050518e-05,-0.0001328122,0.00013403005,4.753578e-05,0.00020675911,0.00010160935,0.00010730621,9.65944e-05,9.507872e-06,-0.00014390616,-4.2017455e-05,9.0958034e-05,1.3883837e-06,5.0545036e-06,0.00014131435,-7.446646e-05,-6.166846e-06,-1.6754862e-05,8.525657e-05,-5.9241967e-05,0.00019623907,0.00015497969,1.8905846e-05,5.1513445e-05,-3.6777394e-05,-4.4452045e-05,6.3928244e-05,7.7377714e-05,7.312753e-05,-7.712787e-05,-0.00015901065,1.761216e-05,-0.00016840031
S94_NM_001530.4_2,1.10982655e-05,0.00014781533,0.00014076059,-6.8903624e-05,-2.1896285e-05,-6.707142e-05,3.0225545e-05,-0.000132958,-2.3861161e-05,-0.00014984013,6.387283e-05,8.421154e-05,0.0001320826,5.9541246e-05,-5.4946897e-05,-9.845448e-05,-6.7331766e-06,-7.8059435e-05,0.00020131149,9.005339e-05,-2.117328e-05,0.00011367674,-4.951269e-05,-0.00014136771,9.908608e-05,-0.00017146573,1.3766061e-05,-8.723095e-05,3.5309045e-06,-1.5917752e-06,-0.00012548,-0.00019490207,-2.7744258e-05,1.7709392e-05,7.133187e-05,-1.262784e-05,-6.350018e-05,1.7636825e-05,0.00010060365,6.8432986e-05,-3.886081e-05,7.118059e-05,4.329066e-05,2.8880227e-06,7.301067e-05,-4.300745e-05,-0.00012945685,-0.00013017838,7.318472e-06,4.1455605e-05
S47_NM_001530.4_1,0.00013155419,0.00012047441,1.4934406e-05,-3.8859787e-05,1.745339e-05,6.3130945e-05,6.288024e-05,8.370633e-05,7.036468e-05,-1.5872993e-05,0.00016687627,0.00013454353,4.7670197e-05,6.640098e-05,-0.00019036178,0.00021188812,7.787422e-05,0.00021734808,-5.9264752e-05,-9.190291e-05,-7.587914e-05,2.9206662e-05,-2.539615e-05,-1.09025905e-05,0.00013239164,9.159314e-05,8.0115016e-05,-3.330861e-05,-6.6178586e-06,1.9965619e-05,4.4231514e-05,0.00012483755,3.1439174e-06,0.00019968179,6.905336e-05,0.00010815233,-9.267154e-05,-0.00010448283,8.892994e-05,0.00022571729,-0.00011671082,-0.00013678274,-9.0823116e-05,5.1443127e-05,-7.08622e-05,8.947595e-05,8.1212165e-05,9.260836e-05,4.2485382e-05,-0.00010240709
S36_NM_001530.4_1,-1.8097808e-05,0.00020240064,-5.8592228e-05,-7.383154e-05,-9.00118e-06,8.412153e-05,-1.2218713e-06,-0.00016044162,-4.7481326e-06,0.00030060034,1.3063089e-05,-0.00010244679,0.000118742624,9.136975e-05,-6.333355e-06,-3.9674793e-05,2.3665158e-05,0.00024307465,1.4190662e-05,-1.2773812e-05,0.00021026176,-4.5522767e-05,-2.5226826e-05,-1.2815217e-05,0.00016871445,6.814872e-05,0.00010285904,-0.00010730358,4.1329196e-05,0.00011283705,4.793964e-05,4.8223064e-05,6.224901e-05,-0.00014193074,-0.0002016288,-1.979605e-06,5.4083164e-05,-2.0482526e-05,3.3309123e-05,0.00018020645,0.000122913,-9.628695e-05,-0.0001663398,-8.145881e-05,-6.896278e-05,-1.2073168e-05,9.270978e-05,0.00018678335,-6.358701e-05,3.8962706e-05
S104_NM_000189.5_2,2.35017e-05,0.00013307545,6.4878484e-05,-2.3762754e-05,-0.00010354799,0.00016412808,4.268053e-07,-3.6912348e-05,2.5970263e-05,0.0001514512,7.55261e-05,0.00017670015,2.0021234e-05,-0.00027606633,0.00015786254,1.02337435e-05,0.00013022195,-8.366866e-05,4.790273e-05,0.00019876886,-1.3892645e-05,-1.8026527e-05,1.2082852e-05,-5.2907173e-05,0.0001327355,2.0263336e-05,2.95377e-05,0.00012970302,-8.493741e-06,-0.00019796455,5.7428046e-05,-9.54515e-05,0.00016515725,0.00013074838,8.330902e-05,-3.603096e-05,2.4020892e-05,2.1428054e-06,0.0001175261,3.236011e-05,1.4870461e-06,7.4482676e-05,-3.3857777e-05,8.206288e-05,-0.00020441515,0.0001203883,0.0001285956,-6.09101e-05,-2.0009835e-05,-0.00017310702
S117_NM_000189.5_2,4.654516e-05,-2.0412757e-05,9.845309e-05,9.762919e-05,1.8103012e-05,-0.00016150778,-6.511096e-05,-1.529564e-05,-5.251803e-05,-9.139771e-05,7.437369e-05,-0.00011241704,0.00027930827,-8.4491934e-05,-5.932698e-06,-9.528688e-05,0.00013336685,0.00011998271,0.00019629393,0.00026658626,8.75565e-05,-1.5372001e-05,0.00019229346,0.00019218208,8.9166615e-06,-5.0731783e-06,6.551822e-05,7.412044e-05,-0.00016659092,5.0628336e-05,-2.2279877e-05,5.2763342e-05,-2.4993222e-05,8.2119026e-05,-9.7945885e-05,0.00011752657,-2.4569001e-06,4.877583e-05,0.00012979355,-3.853728e-05,-1.5606287e-05,-8.62009e-05,9.389832e-06,3.8710303e-05,-0.000100479774,4.176868e-05,0.00022359869,9.2042166e-07,-0.00010229745,-1.899729e-05
S35_NM_001530.4_1,-0.00014054133,0.00023802974,6.5752094e-05,-9.836706e-05,-4.103019e-05,4.7988044e-05,9.8573604e-05,-9.60521e-05,0.00013718405,-0.000138812,4.5796937e-06,8.619603e-05,0.00018945067,-6.227782e-05,-5.8003367e-05,-2.4418616e-05,0.00016051826,0.00016539839,0.00010301616,0.0001849504,4.339017e-05,-0.00019677209,0.00011198694,5.383055e-05,-4.638686e-05,0.00016310973,2.0615247e-05,2.5020749e-05,2.7912118e-05,-9.451439e-05,2.7244261e-05,4.9761806e-05,6.8256515e-05,3.5580415e-05,3.416435e-05,9.283263e-05,2.1028627e-05,2.8264169e-05,8.777743e-05,-7.1796145e-05,-0.00013616099,2.8223321e-05,1.1377207e-06,0.00021300768,0.0001453109,0.00021442276,0.00020533758,7.578357e-05,0.000217397,0.0001627208
S150_NM_000189.5_1,3.962826e-05,5.2750504e-05,-6.0945866e-05,-3.2228938e-05,1.7473105e-05,2.0486024e-05,-9.472178e-05,3.8925864e-05,4.7219614e-06,-8.197831e-05,0.00025143143,5.314078e-05,0.00011478279,-3.512403e-05,-0.0001317979,-5.7614227e-05,-0.000122038844,5.5298067e-05,4.8607103e-06,0.000116642834,0.000121361845,2.3291175e-05,0.00021640005,0.0001519035,2.0788279e-05,0.000116008305,-8.9795256e-05,4.175564e-05,0.0002730049,3.1962423e-05,0.00011729445,0.00017818107,0.00014018358,-0.00010105246,-0.00014556656,-0.00012969424,0.000113076414,-4.7723643e-05,0.00016531532,1.856916e-05,2.6948974e-05,-3.2995722e-05,-0.0001673671,0.0001512176,-2.1039448e-05,8.077858e-05,-8.596249e-06,0.00011849834,7.812191e-05,4.7266552e-05
S39_NM_001530.4_1,0.000116489595,-4.2015898e-05,-6.0281567e-05,5.1373947e-05,-0.00015556414,-7.6905264e-05,1.3930582e-05,-7.34389e-06,0.00015221283,4.8714508e-05,-0.00010426531,-2.9050594e-05,8.326211e-05,0.00016339784,0.00015583874,-0.00011870095,0.0001859966,-0.00013501465,-2.0714817e-05,-2.4620089e-05,-3.784303e-05,-3.3766388e-05,-4.9601043e-05,2.7476119e-05,-3.9389735e-05,0.0001492092,0.00013393938,0.0001055862,0.00013221183,0.00031937013,4.0018394e-06,3.5958845e-05,2.0728827e-05,9.732881e-05,-9.086993e-05,6.053855e-05,9.787192e-05,-4.3630687e-05,1.8393805e-05,-1.5248853e-05,-4.015794e-05,9.242811e-05,0.00010383184,0.00016587258,-8.1215796e-05,6.010669e-05,-4.244381e-05,-3.4589822e-05,3.6977413e-05,6.087814e-05
S179_NM_000189.5_1,5.42207e-05,8.810871e-05,3.9521085e-05,-5.5545162e-05,5.261557e-05,0.0001327887,0.00011337496,-0.00011637842,3.6336096e-05,5.2421594e-05,9.353898e-05,8.611282e-05,-6.890634e-05,0.000115448216,0.00016944627,9.553675e-05,1.0291742e-05,-8.481545e-05,-0.00014442886,3.0667692e-05,-8.127241e-05,0.00027871784,0.00017020623,-1.28500915e-05,-4.6458084e-05,0.0001348649,-0.00016043629,-5.287343e-05,2.8160779e-05,2.8944727e-05,-6.3254556e-05,-7.90657e-05,0.00011436522,-4.5745677e-05,7.6324264e-05,-0.0001573461,2.5590455e-06,0.00010171156,8.9466295e-05,4.1920994e-05,-0.00015886054,0.00020661257,-0.000101872705,-9.9920864e-05,2.3160288e-05,-5.7762332e-05,0.0001873411,2.3845696e-05,3.5576468e-05,-1.7293005e-05
S30_NM_001530.4_1,1.0546259e-05,-2.5404754e-05,8.179171e-06,0.00027052726,6.282812e-05,7.176647e-05,-7.377644e-05,-7.0944334e-05,0.000103514874,1.41520995e-05,0.00014999056,-0.00010576025,4.3714732e-05,9.327117e-05,-0.00015175091,9.142255e-05,-0.00017004745,8.332464e-05,-0.00011435193,9.5403775e-05,8.308066e-05,7.3342584e-05,-1.653716e-06,0.00011114025,1.7932496e-05,1.2177743e-05,-5.7319252e-05,0.00019228226,8.377752e-05,0.00016465125,1.2113837e-07,-5.564178e-05,1.7604512e-05,6.546154e-05,6.2928215e-05,-2.2719654e-05,5.089269e-05,6.727746e-05,0.00012876843,0.0003743778,1.2588903e-06,-0.0001112635,9.593825e-05,-7.548093e-05,6.653146e-05,1.9345416e-05,-6.828027e-05,-0.00018802745,0.00012494858,-0.00014849455
S129_NM_000189.5_2,-3.8704162e-05,0.00016002372,2.1808224e-05,4.2305768e-05,-6.5972104e-05,-8.826828e-05,8.3409e-05,-5.0161874e-05,-1.5723268e-05,-2.5231004e-05,8.5033425e-05,1.7209259e-05,1.9605977e-06,-0.00022536475,-2.7248454e-05,-0.00010193203,0.0001480351,9.3409304e-05,8.0653204e-05,-4.2538533e-05,1.6783772e-05,-4.8401416e-05,-7.8101715e-05,1.7802347e-05,1.5557036e-05,0.00016565739,0.00022681718,3.2563952e-05,-3.6732086e-05,0.0001416647,8.4245556e-05,0.000105150546,-1.5128183e-05,0.00014359702,7.367164e-05,-2.8034236e-05,2.5491967e-05,0.0001337739,-7.152914e-05,4.5535362e-05,3.8449667e-05,-6.275803e-05,-6.135353e-05,-4.8486025e-05,0.00023483616,6.330714e-05,0.00017188519,-9.132773e-05,0.0001426272,-2.3636387e-05
S161_NM_000189.5_2,8.0260426e-05,-2.991237e-05,5.1586576e-05,-6.696331e-05,0.00010340216,0.00016954578,2.0972693e-05,-1.0842327e-05,0.00011639133,0.00013228988,6.645728e-05,0.00012428102,3.6876016e-05,-0.00014804698,0.000267024,4.2649757e-05,6.325482e-05,0.0001609401,3.885121e-06,-4.1286814e-05,0.00023836808,-3.5870016e-05,-1.17733625e-05,1.4074526e-05,-2.3603654e-05,0.00017081224,-2.587416e-05,7.246332e-05,-3.4726345e-05,0.00021257621,9.335703e-06,-8.320757e-05,-4.8596277e-05,6.3094485e-05,-7.2907715e-05,-4.8284346e-06,0.00016594671,-2.9342229e-05,2.7805936e-05,-4.4446697e-05,9.866751e-05,0.000102044825,6.0089842e-05,0.00025721051,-0.00010906424,0.00018964632,-7.956176e-05,3.184143e-05,-7.919911e-06,0.00013374798
S254_NM_001098540.3,1.5997854e-05,-2.2032837e-05,-1.2415668e-05,0.00014225078,1.8681418e-05,7.452147e-05,0.00011595193,0.00017365087,1.1152175e-05,6.238603e-05,-0.00012770871,-7.238806e-05,-4.3442436e-05,0.00018742237,0.00010194297,0.00011421218,-9.451681e-05,2.996483e-05,0.00013470095,2.1424215e-05,4.709577e-06,0.00021907604,-4.8597543e-05,-5.4943306e-05,8.107335e-05,0.00015008368,0.00013406893,-7.061129e-05,2.3703904e-05,-0.00011581784,6.7493325e-05,0.00023489192,-5.3957498e-05,9.354517e-05,-5.3624017e-06,-1.3845287e-06,-0.00012874846,3.1700507e-05,-2.9213592e-05,0.0001259203,-0.00016283935,1.3692259e-05,-4.386479e-05,-0.00019161661,7.324592e-05,0.00012273467,-0.00031980104,0.00016363856,-0.0001157751,2.1431068e-05
S3_NM_001530.4_1,-2.6986221e-05,3.836656e-05,1.398536e-05,3.4316025e-05,-0.00013864409,-2.106139e-05,9.25067e-06,7.703087e-06,9.568983e-05,0.0002066853,0.00018252365,-6.929657e-05,9.958952e-05,2.2717495e-05,4.251233e-05,-6.0524435e-05,2.6539745e-05,1.1461392e-05,8.874553e-05,7.8354526e-05,-8.118241e-05,0.00013233916,3.14604e-05,-6.575567e-06,9.1670314e-05,-8.88808e-05,-0.00010899772,4.6222853e-05,-2.5632735e-06,7.834001e-05,4.5756016e-05,-3.5211393e-05,-2.78196e-05,3.3637167e-05,-9.32313e-06,0.00014391757,0.00010701284,-0.00021492584,-0.00022307278,-0.00016359655,-2.1015136e-05,-6.7490284e-05,-8.690829e-05,0.00013158862,9.402068e-05,-0.00012098825,4.5183783e-06,0.00015913394,-3.3102177e-05,1.1261878e-05
S178_NM_000189.5_2,-0.000113705326,-2.1732965e-05,7.8189914e-05,-3.285449e-05,-7.015017e-05,-4.986557e-05,8.158603e-05,8.461114e-05,5.3720774e-05,2.635031e-05,3.24037e-06,-8.228268e-05,7.812938e-05,2.663601e-05,0.00017537495,-5.038612e-05,7.139745e-05,2.4038472e-05,-7.6368546e-05,9.970021e-05,-0.00020145859,3.5406105e-05,0.0001041839,5.7125333e-05,9.949877e-05,8.2936414e-05,1.9669338e-05,0.00010058198,6.260883e-05,8.145075e-05,2.3174367e-05,0.00011370298,5.1551506e-05,0.0002870435,-4.008908e-05,8.398402e-05,2.589221e-05,-5.7068853e-05,-0.00021509489,3.3647757e-05,-3.5617555e-05,-5.462188e-05,0.00010714625,-0.0001562155,0.00011512491,6.683355e-05,0.00013434341,0.00013544856,-5.189985e-05,-8.40578e-05
S13_NM_001530.4_1,0.0001196077,6.1828e-05,-0.000144386,-1.403932e-05,-2.8881612e-05,-1.0545233e-05,0.00010327273,0.00016056234,6.881987e-05,-9.509833e-05,4.249672e-05,0.00010096902,0.00013359872,-4.299519e-05,0.00011482054,6.8076086e-05,-0.00013646076,8.723098e-05,-0.00019691454,9.947371e-06,-5.1658975e-05,-4.428359e-05,3.502869e-05,0.00015466692,-7.830874e-05,-5.5544788e-05,-9.4663155e-06,-0.00012979066,5.5664572e-05,0.00013820094,-1.4074956e-05,9.596798e-05,-4.615303e-05,-5.5467062e-05,8.889046e-05,1.5784291e-05,-8.024126e-05,6.831764e-05,-0.00011249947,-9.513969e-05,0.00010785296,0.0001275384,9.176692e-05,0.00014837371,1.7661609e-05,0.00021587366,-0.00015491997,0.00024626456,-9.3761766e-05,9.467294e-05
S309_NM_001098540.3,6.7559035e-05,-9.230888e-05,4.5281396e-07,0.00019574599,1.19315155e-05,-4.8634633e-05,8.258656e-05,-6.21311e-05,6.9465066e-05,5.3139713e-05,0.00016220218,-0.00013360883,-0.00014368568,4.989248e-05,0.0001828561,1.565884e-05,9.357449e-05,-7.8407196e-05,8.112862e-05,0.00012277516,1.9260435e-05,-2.427789e-05,-4.763129e-05,-2.6113734e-05,0.0002095596,5.261266e-05,-1.8836392e-05,9.462735e-05,8.16763e-05,7.478464e-05,0.0001521634,-8.059446e-05,0.00027061833,-4.9402963e-05,-2.49285e-05,-4.3659773e-05,-0.00013491776,0.00015414035,8.871507e-05,-5.131561e-05,6.0645918e-05,-0.000118662385,0.00014186733,0.00016934158,5.8947477e-05,3.892027e-05,-6.1455314e-05,-4.761822e-05,6.9184454e-05,-0.00012183535
S328_NM_004456.5,8.915958e-05,0.00014743049,0.000107665124,-4.7243586e-05,9.9754725e-05,7.0633345e-05,-3.9127568e-05,-4.2653217e-05,0.00020263414,-4.324784e-05,-0.00014784183,-6.9155525e-05,9.194163e-05,-3.5425095e-05,-2.7881282e-05,0.00013658026,-0.00014110899,-8.728798e-05,-2.1620684e-05,3.3212289e-06,9.3166826e-05,6.357455e-05,7.688688e-05,0.00015494041,9.509568e-05,4.1657727e-06,-2.7778897e-06,0.00022782612,-9.060137e-05,8.054854e-05,3.2183878e-05,0.0001234762,5.6523717e-05,-0.00024004665,-7.454454e-05,-7.86461e-05,-1.0384883e-05,1.3243785e-05,3.542848e-05,6.381692e-06,0.00012402744,-2.2266095e-05,-0.00022289663,7.2339194e-06,-4.447469e-05,4.6833346e-05,9.99067e-05,0.00010710458,1.9725994e-05,-2.6004158e-05
S232_NM_001098540.3,-7.7302204e-05,1.2755821e-05,-1.0785413e-05,-0.00014106357,-2.2127317e-05,4.8109952e-05,2.8805633e-05,-8.8161205e-06,-3.073659e-05,0.00015729737,-0.000106436,-0.00016033878,0.00016370026,-3.9421342e-05,3.7356975e-05,-8.782911e-05,-0.00012812615,-7.2697854e-05,-0.00012261822,0.0001222341,0.00010180788,0.00010323741,-0.00016776868,-1.8159393e-05,6.2606836e-05,0.00032771638,6.5347806e-05,-0.00019507756,9.3178816e-05,0.00018156953,0.00011167784,-0.00012599496,4.351825e-05,3.6445246e-05,-0.000110605935,-5.827429e-05,-0.000115322524,0.00012257259,3.6418412e-05,-0.00013667546,5.0968763e-05,-2.143911e-06,5.7125584e-05,0.0001964688,-0.00011675803,2.0481004e-05,6.149811e-05,-1.4211907e-05,4.912648e-05,2.9794857e-05
S210_NM_001098540.3,-6.766726e-05,5.9543458e-05,0.00020161574,6.74667e-05,6.021514e-05,0.00016742157,-5.309709e-05,0.00010940972,-1.6299682e-05,0.000111359,0.00022419845,-4.421615e-05,3.5567962e-05,4.318931e-05,-0.00015175273,1.2990873e-05,0.0001901156,5.686356e-05,0.0002244002,-0.00010976412,5.8037138e-05,-9.29126e-07,9.833652e-05,5.911901e-05,-8.563414e-05,-9.5589094e-05,2.3179916e-06,7.0353686e-05,-0.00019675866,2.3284174e-05,-3.7759113e-05,-0.00029356597,-0.00016995885,-1.013207e-05,-5.3728687e-05,2.6896636e-05,0.0001184252,-9.785421e-05,1.9819054e-05,0.00027118035,1.9750321e-05,0.000143297,-0.0001008788,3.4464403e-05,5.0639832e-05,0.00018092782,5.221123e-05,9.1367896e-05,0.0001601458,6.320936e-05
S67_NM_001530.4_2,-8.392363e-05,0.00020026328,-4.318307e-05,-8.952627e-05,-7.2525094e-05,-1.1636847e-07,-5.7770387e-05,-4.1067902e-05,-7.428124e-05,0.00013579107,-4.7795085e-05,-3.4879664e-05,-5.737001e-05,0.00012772248,9.687968e-06,9.436507e-05,-3.0513445e-05,-0.00014891029,-3.8664526e-05,0.00013068103,1.3803052e-05,0.00012440376,-7.8036035e-05,7.9983176e-05,4.27678e-05,4.9506674e-05,-3.9454035e-06,1.29318005e-05,0.00022299125,4.902358e-05,7.698039e-05,0.0001613376,-6.406134e-05,-8.245399e-05,5.891668e-05,0.00016218798,-9.7825214e-05,2.8069173e-05,-9.4299925e-05,-5.2952924e-05,-1.3713263e-05,7.732558e-05,-6.061203e-05,2.2228352e-05,-6.794025e-05,-0.00014553755,-0.00010111096,-1.3305853e-05,-7.4165626e-05,-5.100318e-07
S215_NM_001098540.3,-3.3620858e-05,4.2822874e-05,9.512947e-05,-2.837146e-05,6.508458e-05,-0.00016477183,-9.452469e-05,0.00012128147,-2.1998636e-05,0.00023180786,-7.880515e-05,3.5971752e-05,9.948119e-05,2.299515e-05,0.00013181097,6.872532e-05,8.481442e-05,0.00018202554,6.3157754e-06,-0.00019551734,-0.00015236967,-3.787148e-05,-0.00020803291,0.00010394475,0.00017694541,-3.8030143e-05,2.611186e-05,-2.7253986e-06,0.00015253619,0.00018142982,0.00018847217,3.6099627e-05,0.00015296965,7.244987e-05,0.00017573603,-0.00016077068,-8.778335e-05,-2.2953457e-06,3.8897157e-05,1.4487684e-05,0.000139637,4.527043e-05,8.923015e-05,5.500864e-05,6.761285e-05,7.812231e-05,-1.6961432e-05,-0.00016015161,-1.23410555e-05,-2.0799029e-05
S277_NM_001098540.3,4.306977e-05,3.1551835e-06,0.00014360675,3.174947e-05,0.00011013103,-0.00016438494,4.3628654e-05,-9.3643066e-05,-8.553455e-05,2.8892147e-05,8.872388e-06,0.000117233874,5.1234023e-05,6.2727064e-05,0.00012323765,0.00013218955,0.00017037879,8.15325e-05,-3.3826935e-05,5.984299e-05,4.493733e-05,-5.3244847e-05,4.0377585e-05,-0.00017689067,-5.218613e-06,0.00021653507,-4.844969e-05,7.0266715e-06,0.00010783019,-8.3652885e-05,4.1014555e-05,-0.00017405841,0.00019151435,0.00013798458,8.8201705e-05,0.00011214828,-2.1329934e-05,1.5613861e-05,-9.872262e-06,-1.5724718e-05,-9.8341596e-05,2.7273194e-05,-0.00027351532,-2.766319e-05,4.416991e-05,0.00010780005,-0.00015193142,0.0002007091,6.268867e-05,0.00015230563
S107_NM_000189.5_2,-8.404904e-05,1.5450703e-05,-1.7119337e-05,-0.00013563888,-0.00010375353,-0.00012319187,-0.00019758558,-9.065012e-05,-6.448431e-05,5.3103253e-05,-4.8932885e-05,6.168455e-05,0.00021133617,9.725887e-05,5.57845e-05,0.00014428272,7.445407e-06,4.3240136e-05,-5.853297e-05,9.752596e-05,-7.784335e-05,0.00011974315,0.00010166804,0.00023132644,-3.3659417e-05,0.0001348456,-7.407105e-05,9.242197e-05,2.0095375e-05,-9.6829035e-06,9.3104325e-05,1.9368157e-05,8.077652e-05,-6.915918e-05,0.00016427263,-0.00020974966,0.00010086014,0.00010611669,-6.262743e-05,3.5155248e-05,-4.9512382e-05,0.00021779927,8.222859e-05,1.5817168e-05,1.2947319e-05,7.1473245e-05,-0.000119104014,4.405177e-05,0.00018442974,-4.6951347e-05
S280_NM_001098540.3,-7.0847025e-05,-1.4907925e-05,3.3326e-05,0.000113337024,-5.1583115e-06,0.00017172459,1.1261116e-05,-0.00015955941,2.5335046e-05,7.8934645e-05,-0.0001410316,-9.037648e-05,-0.00013566829,0.000117662225,2.1777205e-05,1.2277273e-05,4.164013e-05,2.9896453e-05,0.00023263498,7.1679046e-05,8.615278e-05,6.29967e-05,3.1470427e-05,7.170883e-05,0.00018762558,0.0001487112,0.00012390404,-0.00010353927,-0.000118300595,-2.8686278e-05,6.323153e-05,0.00021677367,-9.2944996e-05,-0.00013600932,9.830669e-06,-0.00010729169,1.3532071e-05,0.00010735791,0.00016228746,6.456335e-05,0.00018774599,-8.7763336e-05,0.0002450615,-7.162829e-05,0.00011233881,9.88166e-05,-5.940143e-05,6.709429e-06,-8.926373e-05,-0.00022173935
S224_NM_001098540.3,2.182472e-05,5.8118774e-05,2.6099386e-05,6.583553e-06,0.00023786478,-5.0005438e-05,2.9245122e-05,3.8935035e-05,0.00015903461,-8.814165e-05,1.14871045e-05,-5.2407806e-05,0.000119345576,-3.0767646e-05,0.00012524852,9.413522e-05,9.177494e-05,-4.511452e-05,-0.00015340619,-5.2707346e-05,4.756187e-05,8.235304e-06,0.00024322003,-9.814656e-05,0.00024236442,-0.00015510211,-6.481848e-05,3.1781507e-05,5.3153155e-05,0.000103416955,4.948476e-05,0.00017159639,4.3370725e-05,5.1450297e-05,8.1429134e-05,0.00015844678,2.3596424e-06,0.00011374847,-9.904621e-05,5.9218415e-05,-6.275829e-05,-0.00019573905,4.739195e-05,-9.740009e-05,4.7005564e-05,0.00010212893,0.00014138882,-0.00011577047,2.2841772e-05,2.6055528e-05
S233_NM_001098540.3,-7.4412084e-05,0.00018891289,2.1817741e-05,-6.190745e-05,-8.215337e-06,-1.5100551e-05,9.865824e-05,0.00010089421,-0.0001200687,0.00021667051,2.3527291e-05,0.00018119552,-0.00018846955,7.859302e-05,5.354021e-05,8.460169e-05,8.49035e-06,0.00019129776,4.0210787e-05,2.5001242e-05,4.622694e-06,-6.7780355e-05,-2.9151543e-05,1.6964525e-05,9.524682e-05,0.00017020536,0.00010453136,6.70844e-05,6.189191e-05,0.00018676445,-0.00019731453,8.738676e-05,-7.869609e-05,-4.0969175e-05,5.1904757e-05,-0.00010026202,-0.00021324086,-3.076431e-05,-8.752476e-05,-5.650201e-05,2.2886656e-05,-7.946413e-05,0.00014406805,-0.00019298043,-6.026092e-05,0.00016262726,0.00016596413,9.8445365e-05,9.5685944e-05,-0.00011445123
S157_NM_000189.5_1,1.3091561e-05,-3.7249476e-05,1.7450424e-06,1.0200884e-05,4.980448e-06,9.336094e-05,-2.0000674e-05,0.000115465475,0.00015399363,-2.750442e-05,7.745422e-06,6.844573e-05,0.000182061,0.00014633003,-1.8585553e-05,0.00014581346,-0.00013323496,0.00012803177,-9.398777e-05,0.00013132316,4.1723953e-05,0.00010481909,0.00015370896,-0.0001998819,-6.602752e-05,0.0003986667,5.9482623e-05,-0.000143728,-7.37576e-05,5.6772413e-05,-7.026784e-05,0.00013395098,0.0001104798,8.593925e-05,9.350581e-05,-0.000162699,8.137516e-05,-0.00012889916,0.00010758962,-5.9380695e-06,0.00014069137,-6.092666e-05,4.5103543e-06,-0.00013415422,3.7390477e-05,8.0488084e-05,-4.0035688e-05,1.3639045e-05,-0.00015725478,-2.002099e-05
S181_NM_000189.5_2,6.681856e-05,2.585235e-05,1.6867845e-05,-3.012832e-05,0.0001568764,0.00010303818,-4.0573203e-05,0.000109266424,0.00015927,4.6621903e-05,-4.7609738e-05,2.2818504e-05,-4.2105385e-06,-0.00015720837,3.2538184e-05,0.0001491077,0.00018813754,-6.7121764e-06,0.00012487505,5.627929e-05,5.687954e-06,6.783749e-05,0.00016275258,6.718608e-05,1.9233812e-05,-4.744272e-05,0.00020877851,-6.744389e-06,-0.0001678756,6.394763e-05,8.8372515e-05,0.00025024076,0.00015907279,0.00010386857,-6.594016e-05,0.00014464566,0.000103645696,-0.00026209856,-6.242408e-05,7.44759e-05,-7.520632e-05,-3.4890305e-05,4.0725157e-05,0.00012412296,0.00010379822,1.3060304e-05,0.00020308129,-1.7120496e-05,0.0001627547,-1.610135e-05
S53_NM_001530.4_1,0.00014925638,4.4656954e-05,3.9420875e-06,2.733968e-06,3.994973e-05,-3.5662538e-06,0.00016412912,0.00010052485,0.00015930782,-7.115672e-05,5.648376e-05,-0.000119840726,2.0741329e-05,-0.00011848632,3.6136073e-06,4.4585682e-05,7.379666e-05,1.70253e-05,-0.00010383915,7.465644e-05,8.819313e-05,3.9216113e-05,-2.8408795e-05,-4.212144e-05,0.00015465435,5.6613862e-05,7.821132e-05,0.000118265656,0.00011728075,4.473748e-05,1.8756853e-05,0.00029765896,-0.0001342783,0.00010240571,0.00012859373,3.593748e-05,0.00010028366,5.4198408e-05,9.67614e-05,3.4543238e-05,0.00010210396,-6.5534085e-05,-0.00021011762,6.135947e-05,3.5251906e-05,6.647701e-05,-0.0002770815,4.462278e-05,-3.8943224e-05,0.00014358628
S274_NM_001098540.3,6.224555e-05,3.7027025e-05,-0.00011271928,-6.550187e-05,3.8694703e-05,-4.967019e-05,-0.00015355887,3.6604557e-05,0.00010002036,9.368975e-06,-8.581953e-05,7.0458795e-05,0.00014649318,-3.3470256e-05,-5.878364e-05,-0.000109120294,0.00012460187,0.00013415718,0.0002763431,-0.00010686754,4.804955e-05,-6.81464e-05,-4.957428e-05,6.395311e-05,-0.00015529217,9.1619986e-05,-6.983092e-05,-0.00019959075,6.504194e-05,2.0671792e-05,0.00020941911,-3.556506e-05,-0.00010005356,-0.00012303065,-9.441378e-05,1.4805633e-05,0.00026159454,0.00010685199,-0.00015683296,-3.7485264e-05,5.6167853e-05,1.9573608e-05,9.3228016e-05,2.2614426e-05,-3.868857e-05,6.215387e-05,-4.311544e-05,0.00019461555,7.274372e-05,-6.761021e-05
S265_NM_001098540.3,7.851676e-05,-0.00025767917,2.3740307e-05,0.0001630247,5.722054e-05,-6.463762e-05,9.266228e-05,-6.74317e-05,7.267089e-05,-8.324715e-06,5.2803458e-05,9.77703e-05,0.0001338548,9.595693e-05,-8.603505e-05,0.00010020756,-0.00025215422,4.542127e-05,0.00011858783,-1.3434338e-05,0.000114549526,0.00014898414,0.000116872994,0.00016438725,0.00012196416,-8.930828e-05,4.1440995e-05,0.00016545912,-3.3381504e-05,2.7081134e-05,6.37904e-05,-8.4515916e-05,-0.00012412183,5.60388e-05,-0.00020921532,1.9718016e-05,1.700711e-05,0.00014877455,0.00012408332,-7.13741e-05,7.418289e-05,0.0002083401,6.857158e-05,0.00029731187,0.00018166236,7.4335674e-07,6.4833024e-05,5.79588e-06,-1.4207211e-05,3.2267533e-05
S171_NM_000189.5_1,-0.00014614679,0.00010075743,0.00010042349,4.549196e-05,-6.383873e-05,-0.000160688,-1.9137291e-05,-1.0291552e-05,-1.1022167e-05,4.1216324e-05,-1.3020975e-05,4.4561144e-05,2.8937064e-05,-3.738411e-05,0.00011944951,-4.5026693e-05,0.0002761051,9.834775e-05,0.00013801985,-9.306274e-06,-0.00017636342,0.00014991159,9.597678e-05,1.9791198e-05,0.00011641375,-2.2245455e-05,7.890234e-05,-1.33992025e-05,5.300906e-06,-2.3517945e-05,3.24268e-05,-0.0001920687,1.012966e-05,7.325972e-05,5.3290492e-05,7.878473e-05,8.328906e-05,7.965715e-05,-0.00012917617,-9.1344526e-05,4.460605e-05,0.0003219408,-0.00016326107,-2.4027928e-05,3.3825334e-05,-9.674612e-05,2.7730182e-05,-6.547934e-05,4.3578264e-05,-0.00016191247
S270_NM_001098540.3,3.605594e-05,1.8255256e-05,-0.000121042576,0.00020940918,-5.0996692e-05,1.596968e-05,-4.2625754e-05,-1.4478502e-05,-0.00012150024,5.792106e-05,0.00012607648,0.00013642026,0.000104683415,-8.17704e-05,2.4144197e-06,-3.0792795e-05,-6.9735775e-05,2.2442098e-05,-4.006817e-05,6.482962e-05,-0.00010479652,9.6893724e-05,5.7779154e-05,0.00012089828,6.7044064e-05,-1.8990924e-05,-0.00014897686,5.260413e-06,-3.0266063e-05,5.4951815e-05,-6.493e-05,7.582594e-05,-0.000101651836,-8.190929e-05,6.360992e-05,0.00014940428,5.2759624e-05,-9.4867595e-05,7.0604634e-05,0.00015735108,-0.00011924425,0.00020070044,0.0003280768,2.7397332e-06,1.9990322e-05,0.0001919515,0.00010164585,2.3189264e-06,0.00010732994,5.4132142e-05
S71_NM_001530.4_2,8.917312e-05,4.3171498e-05,0.0001793909,0.00010752941,2.8670238e-06,0.00011178852,1.2498507e-05,-0.00014348028,0.0001522664,6.9097674e-05,-4.605156e-05,-7.4844484e-06,-0.000104608225,-0.00010933105,0.00011462353,0.00012631409,0.00011116506,8.7167566e-05,0.00011666355,5.5154756e-05,-0.00017909585,0.00013018199,0.00012683276,-9.2707734e-05,2.048807e-05,-7.004636e-05,-1.9821528e-05,7.9532576e-05,-8.94488e-06,-2.0771293e-05,-0.00013341234,-9.104036e-05,-2.918816e-05,-1.8514605e-05,-5.2299813e-05,3.8180227e-05,7.175331e-05,9.7512595e-05,4.2645024e-05,9.264955e-05,-4.91473e-05,-4.4498724e-06,-0.00012546951,-5.9804875e-05,0.00017215274,-0.00020381022,4.217525e-05,-1.9537065e-05,7.0530725e-05,-6.239222e-05
S72_NM_001530.4_2,-5.7370442e-05,5.4734395e-05,-2.8538094e-05,6.859497e-05,0.00016071754,3.755789e-05,-2.4763876e-05,3.7963568e-05,6.0341343e-05,8.6139655e-05,0.00018809161,9.191945e-05,0.00012926802,4.618793e-06,-2.4001154e-05,6.979135e-05,7.1183036e-05,0.00012993251,-1.4977233e-05,-4.2342395e-05,-1.1325374e-06,-0.00012485063,6.432869e-05,5.2570915e-05,-1.8284385e-05,3.2782376e-05,0.00015847354,-3.2600678e-05,0.00011936721,-8.828121e-06,0.00014587861,-9.69843e-05,5.0509595e-07,3.59322e-05,8.065437e-05,-8.7714754e-05,-9.583149e-05,1.0748199e-06,-5.0694285e-05,-4.9818907e-05,-0.00010671596,-8.305472e-05,0.00017080369,-3.0817e-05,0.00017470797,0.00019082129,-8.8196626e-05,7.3906485e-05,-0.00019976264,-0.0001525778
S216_NM_001098540.3,-9.750296e-06,5.5911346e-06,-6.382633e-05,0.00013960639,6.9194335e-05,7.183836e-05,1.2656997e-05,0.00012070786,-0.000100407684,0.00013258694,2.7264108e-05,0.00014706209,0.00020599108,4.026206e-05,-1.5987995e-05,-1.871691e-05,-7.11453e-05,0.00013497489,0.00023162848,0.00025236263,-3.7324746e-05,0.00026615045,-0.00018414753,-6.9938025e-05,-0.00021594837,-0.00012902454,-0.00010269709,0.00012523842,-3.885538e-05,-0.000120836354,-9.758273e-05,0.00010038046,-0.000118220894,-2.8101453e-05,7.2701536e-05,6.760387e-05,3.747275e-05,4.0792085e-05,-0.0001657498,-5.8779522e-05,4.728785e-05,3.0864624e-06,3.998047e-05,8.810801e-05,6.033746e-05,-0.00015066529,2.4738145e-05,0.00011767201,8.336875e-05,-0.00014165493
S298_NM_001098540.3,-4.843018e-05,-4.4765155e-05,-8.765334e-05,-7.102228e-05,-4.9893664e-05,6.043159e-05,0.00026840164,3.6359797e-05,0.00011516874,7.6535114e-05,-1.1797481e-05,6.4731365e-05,6.282704e-05,0.0002615288,0.00015342064,-2.7616117e-05,1.6757667e-05,0.00018228857,1.0427495e-05,8.798196e-06,1.2695676e-05,3.555731e-05,2.594632e-05,-8.412452e-05,-0.00013423276,1.470583e-05,-0.00014981705,9.386465e-05,0.00012946452,3.8000093e-05,-9.011258e-05,-9.6301e-05,0.00025918888,4.9202903e-05,8.911864e-05,0.0001150191,4.4554854e-05,-9.99788e-05,0.00014315789,4.641135e-05,0.00019921796,0.00025902252,-3.0921736e-05,6.9892805e-05,0.00017616649,2.315216e-05,-2.6756541e-05,9.5462965e-06,7.989862e-05,4.677894e-05
S86_NM_001530.4_2,0.00015530111,1.24207745e-05,-3.4679902e-05,2.019058e-05,-5.0821574e-05,1.5894237e-05,5.7937898e-05,4.8058115e-05,7.172645e-05,0.00012408443,0.00013005799,7.3548996e-05,0.00010612039,-0.00010658687,2.625556e-05,6.0368864e-05,1.4029889e-05,4.3843673e-05,0.00012555967,-2.7621583e-05,-1.5469568e-05,-2.8283991e-06,0.00011375883,9.459756e-05,-4.494881e-05,4.9213537e-05,5.31934e-05,-8.119595e-05,9.8904464e-05,6.685953e-05,0.00011400637,-3.441565e-05,-1.4337729e-05,5.505957e-05,-7.631518e-05,0.000100392084,-0.00022783998,-6.981819e-05,0.00014921471,3.0400915e-05,9.204058e-05,-7.499111e-05,5.5235654e-05,-6.3499515e-06,5.176699e-05,2.9028372e-05,-0.00012467668,-0.00016699411,3.4404464e-05,-7.848234e-05
S68_NM_001530.4_2,9.9004275e-05,4.9632603e-05,-3.311918e-05,2.503107e-05,2.9169629e-05,-1.1601339e-05,5.9696606e-05,7.206142e-05,-0.00011224098,-1.0546741e-05,-0.00011617875,8.6491746e-05,3.4634784e-05,-0.00011466124,-0.0001462528,0.00019774638,0.00012635502,6.2357496e-05,4.7415466e-05,-7.337437e-05,0.00013871699,8.699602e-05,-0.00014769676,-3.4775476e-05,-6.131013e-05,-1.2311529e-05,4.7836504e-05,-0.000102392325,3.5261688e-05,7.826501e-05,9.797529e-05,0.00013536836,-8.3751074e-05,-3.617449e-05,-4.7811776e-05,2.7098695e-05,0.00024115585,1.4000837e-05,-1.281512e-06,5.4581196e-05,-1.6530106e-05,1.10978635e-05,4.0657465e-06,-8.118021e-05,3.5821944e-05,1.947757e-05,1.1818262e-05,0.00015285757,-3.0175279e-05,2.0246101e-05
S245_NM_001098540.3,0.00010442427,1.1232829e-05,1.883692e-05,3.0577434e-05,-1.0132805e-05,0.00027776655,0.00023890883,-0.0001746244,3.0906638e-05,-0.00020657801,-7.267851e-05,-5.13669e-05,-1.2163293e-05,0.00018736356,-0.00016297538,-6.949648e-05,-5.5132594e-05,3.203825e-05,-3.8121555e-06,-0.00013950809,-4.249217e-06,6.22257e-05,-3.7321744e-05,-3.4511806e-05,0.00019249204,0.00019376306,1.1394179e-06,-1.00140305e-05,9.461118e-05,-5.373637e-05,2.7772117e-05,-4.6556688e-05,-7.6145596e-05,9.056155e-05,8.623041e-05,5.9596823e-05,3.3021268e-05,0.00012463857,-1.1248791e-05,3.4151195e-05,6.664206e-05,2.423973e-05,0.00014877223,-6.2984975e-05,1.1271228e-05,3.7482405e-05,-7.378114e-05,9.188021e-05,-5.8302576e-05,-0.00014354054
S89_NM_001530.4_2,7.684903e-05,4.62654e-05,-7.171646e-05,4.040863e-05,6.0318926e-05,2.2621003e-05,8.0325866e-05,0.00026246754,0.000117662756,-3.6825466e-05,0.0001125608,-6.5739823e-06,6.248988e-06,-1.4419163e-05,8.786453e-05,6.725884e-05,-3.6513622e-05,1.25354945e-05,0.00013775045,2.880094e-06,0.0002503482,-1.9287024e-06,2.4233339e-05,5.9674647e-05,2.4735395e-05,7.7456905e-05,2.2777529e-05,-0.00010469964,-2.0370848e-05,0.00010243282,2.6443235e-05,0.0001035578,-6.5900414e-05,7.785703e-05,-2.0631409e-05,-6.626709e-05,-1.8078639e-06,3.992666e-05,9.036421e-05,4.9748555e-06,3.451134e-05,-5.3876232e-05,0.00014992538,0.00014820193,6.217364e-05,3.1883683e-05,0.00010026711,9.5632015e-05,-7.988221e-05,-2.260782e-05
S271_NM_001098540.3,5.084451e-05,8.1342194e-05,-0.00010661043,5.9118197e-06,-2.6304082e-05,5.1102325e-05,0.00014698399,0.00015997239,0.0001476428,5.0898772e-05,-9.006384e-06,9.6879965e-05,3.0702027e-05,0.00019013004,4.2010313e-05,-1.9438166e-05,0.00010938746,-3.1960626e-05,5.401853e-06,5.2579093e-05,-9.6500014e-05,-8.4810184e-05,7.024139e-05,0.00023969499,-1.8261704e-05,0.0001574596,-5.240253e-05,0.00011612849,-9.5476054e-05,9.947157e-05,-3.6960457e-05,0.00015361763,0.00013185469,-1.6927643e-05,0.0001506972,0.00013712863,-0.00011494175,-0.00013840472,-1.3644693e-05,-0.00016549388,6.442172e-05,4.006136e-05,0.000140582,4.8795606e-05,-0.00010973603,6.494898e-05,-0.00010535773,-0.00016999683,-0.00013382717,-0.00011287417
S155_NM_000189.5_2,1.6308852e-05,-0.0001007326,-3.7072197e-05,3.3343367e-05,-4.2966807e-05,2.3620882e-05,0.00011663303,4.27702e-06,-7.909133e-05,8.949774e-05,0.00026183118,-0.00016871556,4.4858443e-06,-0.00011636762,-0.0002107291,0.00015033776,2.6640724e-05,0.00015060887,-0.00012345698,0.00011117127,-6.339574e-05,-0.00020781458,7.525441e-05,8.357601e-05,3.8151316e-05,-8.549567e-05,0.00017400342,-5.4174103e-05,5.642548e-05,-2.7059887e-05,-2.5903779e-05,0.0001926003,-2.9762994e-05,-2.8169443e-05,9.559741e-05,3.2415857e-05,4.57889e-05,-2.9212975e-05,-2.8359324e-05,-9.89854e-05,-0.00012789764,-8.4134124e-05,-0.00012476066,-2.030844e-05,-7.4469106e-05,0.00020914072,8.064928e-05,0.0001721178,-1.6282523e-06,0.000108968
S29_NM_001530.4_1,6.471618e-05,0.00012471469,-0.00011564174,-1.6682483e-05,-0.00018018122,-0.00013178437,3.866085e-06,5.8257236e-05,1.6130973e-05,6.803341e-05,6.342096e-05,0.00017796748,-4.8022892e-05,-0.00014851788,2.2662423e-05,0.0001238871,0.00012720858,-9.431509e-05,0.000113016955,8.718655e-05,0.00018224725,-0.00010796573,-0.00010096083,0.00019887679,0.0001589051,6.9728936e-05,-5.602704e-05,-0.00021343432,-4.1574144e-06,-9.4934294e-05,8.198913e-05,6.457704e-05,2.4856034e-05,-7.8036455e-06,0.00018165857,-6.330017e-05,2.7581153e-05,9.111034e-05,-9.234024e-05,8.947096e-05,2.646063e-05,2.6969328e-05,0.000213558,-8.568649e-05,-1.2296439e-05,4.2394564e-05,2.9725152e-05,0.00014091785,7.058013e-05,-1.622137e-05
S88_NM_001530.4_2,-0.00014720789,-6.88336e-05,3.4540553e-05,-6.2153566e-05,7.868462e-05,-9.173388e-05,-8.788731e-05,3.588207e-05,0.00010536211,6.731409e-05,0.00010158915,-6.480336e-05,4.908471e-05,-4.5479206e-05,5.662722e-05,6.636285e-06,-2.2891294e-05,-7.305476e-05,0.00012122997,-6.230865e-05,-0.00010159289,4.988985e-06,-0.00018531206,-2.9674027e-05,-0.0001103529,6.612415e-05,-4.5882327e-05,9.403752e-05,-0.00011002583,-9.34314e-05,5.1680392e-05,0.000111925205,3.318959e-05,9.8987575e-06,2.170334e-05,2.2819857e-05,-0.0001296163,-7.9391386e-05,-4.2547977e-06,-7.4032556e-05,2.1573505e-05,4.3479322e-05,-3.1141415e-05,0.00013228251,0.00012679421,1.2171627e-05,6.792183e-06,-8.490388e-05,5.4915574e-05,-3.31796e-05
S136_NM_000189.5_1,-4.8981994e-05,6.8914414e-05,1.9683046e-05,-0.00012148284,-8.8922905e-05,-3.0964024e-05,-4.1626485e-05,3.7211586e-05,-0.00020086324,0.00015188586,0.00019826692,-4.3276883e-05,3.6397363e-05,0.00017607877,0.00012827506,-3.2628093e-05,-0.0001102446,-0.00013479604,0.00022661363,5.9740214e-05,-7.564519e-05,-7.69436e-05,-0.000102197824,-5.432825e-05,-5.841048e-05,5.0939492e-05,-4.552091e-05,0.00017013782,9.4173134e-05,0.00028339535,9.9727054e-05,6.7942246e-06,-2.7101889e-05,0.0001823977,0.00015067759,-7.5153774e-05,0.00024457686,-8.358398e-05,4.9718623e-05,-4.3911434e-05,0.00011709004,3.412622e-05,-9.516679e-05,-8.36707e-05,0.00012887198,0.00022371723,0.00010151301,-3.5196437e-05,-4.85973e-05,0.00013886226
S186_NM_000189.5_1,4.6416906e-05,-7.1667135e-05,-0.00010116902,-0.0001327213,-0.00010059712,0.00013318549,-0.00013032978,2.0772019e-05,2.3811761e-05,-9.131316e-06,0.00011795513,6.828176e-06,3.5557572e-05,2.5933383e-05,0.00012367661,0.0001232853,-6.793702e-05,-0.00013848658,3.5995376e-06,1.5923869e-06,0.0002685072,-0.00020385043,4.4699078e-05,3.4145555e-06,4.5839977e-05,6.868087e-05,-0.0001448883,-2.6109932e-05,0.00025307445,0.00015359197,4.88076e-05,-8.21485e-05,6.0308812e-05,-9.0307e-05,5.949988e-05,2.133376e-05,-1.31793495e-05,-0.00023325936,-0.00010702086,-3.1625117e-05,-8.4754334e-05,-7.4570708e-06,-0.00023517181,-3.7938986e-05,-0.0001802738,-8.01833e-05,5.5348515e-05,-0.00010155487,5.908954e-05,-0.00011579275
S320_NM_002467.6,-2.3817314e-05,-0.00012926283,0.00012909467,-1.2960934e-05,-0.00010721316,-6.045545e-05,6.7230896e-05,-0.00011080522,3.3381824e-05,9.677291e-05,6.211648e-05,0.00020515907,-2.1367916e-05,7.1311806e-05,2.6931031e-05,-1.7121522e-05,-1.5008109e-05,2.131882e-06,9.5954465e-06,0.00014093815,-3.3344466e-05,-5.8665202e-05,-0.000108783184,0.000114061186,0.0002095043,4.8195965e-05,7.812595e-05,-3.2372387e-05,5.7638874e-05,1.1890537e-06,4.034495e-05,-7.995497e-05,-0.00013554124,0.000107664346,2.4578996e-05,-8.355941e-05,0.00014136969,6.428251e-05,0.00012027925,-0.0001239034,-0.00012235105,0.00020563949,0.00012453702,0.00011713364,-1.0348832e-05,-3.527321e-05,7.654208e-05,-9.236516e-06,9.272359e-05,8.068003e-05
S300_NM_001098540.3,-9.901946e-06,0.000117783435,-9.575988e-05,0.00013146718,0.00018388208,-0.00012713486,-8.569318e-05,0.00015031872,3.7638994e-05,-7.099772e-05,-9.793743e-05,-0.0001512061,-5.9851878e-05,8.725183e-05,2.7291135e-05,-3.5274526e-05,-9.622097e-05,-4.535956e-05,5.825981e-05,-0.00012731306,0.000107256055,-7.319424e-05,0.00013428737,-0.00011780057,-4.8877533e-05,-0.00015584404,5.6608373e-05,0.000156968,4.6048623e-05,-5.599868e-05,0.00012635761,9.418655e-05,-8.6063556e-05,-6.7710556e-05,0.0002666208,2.0971123e-05,4.977408e-05,-0.00014100395,0.00012869948,3.2208714e-05,5.5338427e-05,9.108976e-05,-9.54282e-05,0.00016350356,3.757175e-05,7.4705946e-05,-9.772574e-05,0.00010429354,0.00011277018,-5.08281e-05
S301_NM_001098540.3,4.520481e-06,-0.00012384394,-5.4527074e-05,3.471274e-05,0.0002501324,4.9186663e-05,6.683594e-05,-0.00019226264,8.146347e-05,-7.336526e-05,-5.7973764e-05,-0.00010279937,1.1836459e-05,4.553903e-05,0.00014458074,-8.039117e-05,9.404475e-05,3.711716e-05,5.000867e-05,5.1047977e-05,8.5072774e-05,2.2553178e-05,5.469832e-05,1.4359397e-05,0.00024246355,-0.00016093341,4.407402e-05,0.000108299624,7.549639e-05,-4.1601812e-05,-0.00012668567,3.27646e-05,-0.00014065161,-0.00011460618,0.00026485362,2.6813823e-05,0.00011172857,3.5582758e-05,0.00015978511,-1.5339876e-05,4.3006276e-05,-0.00014755715,-1.6230393e-05,4.4208988e-05,1.0353603e-05,-7.934315e-06,-0.00013566409,0.000120287725,-2.175712e-05,-7.548705e-05
S166_NM_000189.5_1,-5.4255648e-05,-7.5805554e-05,-0.00013229084,-7.7269415e-06,7.3803812e-06,3.5481602e-07,5.7880203e-05,8.264255e-05,1.051535e-05,5.1363426e-05,0.00025135715,3.22343e-05,7.055495e-05,-1.1047066e-05,-6.1124774e-05,-0.00014919658,-0.00023809403,7.047862e-05,7.12827e-05,4.301139e-05,-0.000102009995,-4.363437e-05,9.404047e-05,0.0001396003,-0.00016211506,-4.7475383e-05,-0.00013875571,4.57876e-05,-9.698654e-05,-6.1859886e-05,0.0002803688,-8.729113e-06,3.3892127e-05,0.00017470654,0.00014724483,-7.376453e-05,-1.5134133e-05,-0.00018462981,-2.006497e-05,0.00020247884,0.00032268564,3.448074e-05,5.14602e-05,-5.730675e-05,-7.794608e-05,-5.344957e-05,-5.7274025e-05,0.00010760943,0.00017043235,1.2551889e-05
S261_NM_001098540.3,0.00013444587,-4.488865e-05,-0.0002237813,-5.1480733e-05,3.131161e-05,0.00010351673,-0.00016159767,3.0033012e-05,0.0001079973,0.00015373025,0.00012731255,-7.438913e-05,2.4642468e-05,-2.6561544e-05,5.6040324e-05,0.00018490296,0.00012839469,-1.8543615e-05,-0.00019727969,0.0001413419,6.787661e-05,-0.00024012782,-2.9343215e-05,-5.4693646e-05,-0.00012101875,-7.906216e-06,0.00017200706,-0.0001785211,0.00010215261,-7.8225654e-05,-0.0001044012,-3.2858077e-07,3.6203808e-05,6.543024e-05,0.00014012356,0.00012991029,2.7782995e-05,0.00014606396,-0.00016457684,0.00012211135,8.757416e-05,0.00012481595,2.956264e-05,-0.000121052195,-0.00013754138,8.1064456e-05,0.0001390949,-3.7729573e-05,-0.00027109365,-4.647698e-05
S185_NM_000189.5_2,-8.6574335e-05,9.3716035e-06,7.0532146e-06,-9.490108e-05,-0.0001460446,-0.00013082006,0.00012438941,-6.4669235e-05,-4.8697115e-05,0.00011783476,0.00015402201,-3.48813e-05,-0.00023336486,5.7817244e-05,-4.881136e-05,-3.8747436e-05,6.74872e-05,-9.240284e-05,1.2683614e-05,-3.278252e-05,6.0083155e-05,-0.00016171866,-3.9689592e-05,0.00018898307,-0.00012841122,9.8790246e-05,-1.2977857e-06,-6.934329e-05,0.00014117158,-5.8121015e-05,2.4842677e-06,0.00011748812,0.000114730596,-0.000101693855,-2.7577817e-05,0.00023714412,-2.2341526e-05,0.000117400465,3.484624e-05,-6.060294e-05,-5.7824782e-05,0.0001446659,8.135836e-06,0.00010378698,6.3047075e-05,-1.7539289e-05,-1.9043351e-05,-0.00013406486,6.0266208e-05,-0.00016298764
S188_NM_000189.5_2,-5.8710586e-05,-2.8607288e-05,5.8963156e-05,-1.524617e-06,-4.8523812e-05,-0.00010764599,0.000104402185,-3.898852e-06,0.00017053644,0.00012792369,6.0900175e-06,0.00018040757,-0.00010024351,0.0001996175,1.10667415e-05,5.0588063e-05,6.361149e-05,9.259056e-05,0.000119472315,7.219949e-05,1.4015275e-07,2.3932325e-05,9.186479e-05,0.000168872,-1.4397335e-05,0.00019331387,-2.9000475e-05,-4.8850916e-06,0.00014422223,-8.0380625e-05,0.00024075303,-6.401191e-06,-4.1184398e-05,-2.6805106e-05,-8.167203e-05,-1.7142396e-05,3.4054912e-05,-7.538838e-05,-5.805348e-05,3.5970872e-05,-3.7402806e-05,7.801556e-05,4.001897e-05,-8.7334956e-05,6.157639e-05,6.357165e-05,-6.659655e-05,0.000117356816,1.4006085e-05,2.3752577e-07
S272_NM_001098540.3,-4.7083373e-05,8.222105e-05,1.2176898e-05,-4.9293056e-05,-5.3253614e-05,5.441531e-05,4.500165e-06,-6.85268e-05,-6.99328e-05,5.43299e-05,4.411398e-05,0.00012187609,0.00018752794,-9.997166e-05,-0.00013510496,-4.1220763e-05,-0.00017638854,0.00028702305,-6.571068e-05,2.1952455e-05,2.1882903e-05,2.8648255e-06,7.416668e-05,8.245362e-05,3.215981e-05,-3.8420498e-05,4.5961406e-06,-6.590376e-05,-8.244054e-06,1.0483436e-05,8.1335325e-05,-6.168773e-05,-4.2176518e-05,7.752753e-05,-0.0001498105,-5.905271e-05,-4.540084e-05,-4.3677606e-05,0.00010292265,-9.913177e-05,0.00015893315,3.234748e-05,0.00014192854,-0.0001766415,7.900833e-05,-2.2249762e-05,-4.3023272e-05,9.482063e-05,9.750138e-05,-0.00013092993
S57_NM_001530.4_1,7.610915e-05,-1.485239e-05,0.00017007272,-6.9475434e-05,-0.00014854617,5.245897e-05,-6.97143e-05,6.445473e-05,0.0001486488,5.9919883e-05,4.9130995e-06,3.1098254e-05,-0.0001023401,-3.447727e-05,-0.00019339705,0.00010418719,-6.710222e-05,3.8011672e-06,7.083416e-06,6.451516e-05,6.279191e-05,-0.00015874722,1.88981e-05,4.2491087e-05,0.00013306428,-4.688828e-05,-7.153149e-05,7.25722e-05,0.00018426725,-0.00019127931,-6.0453305e-05,0.00011148788,0.000103910956,0.00012656374,0.00012332946,4.2959742e-05,5.9171718e-05,0.0001820134,5.5561915e-05,0.00011906429,-0.00020651043,4.0801904e-05,9.069078e-05,7.268743e-05,0.00017518821,-2.0408275e-05,5.3179105e-05,0.00016920491,7.769646e-05,-8.1651735e-05
S252_NM_001098540.3,9.604304e-05,-2.3919485e-05,4.417742e-05,4.8423106e-05,0.00015632677,-1.6670334e-05,0.00034901593,-0.00015073245,7.4508425e-05,0.0001002348,-8.813531e-05,-3.47132e-05,0.00015687477,5.383226e-05,-0.00014857948,4.9474886e-05,2.210336e-05,9.342233e-05,-5.1058152e-05,-0.00011033629,-3.4388613e-05,8.573861e-05,4.1174364e-05,1.3242799e-05,0.00024157586,7.30592e-05,7.338679e-05,-1.7363764e-05,-0.000101543665,9.514597e-05,-0.00017905569,3.844728e-05,2.2850956e-05,5.675641e-06,0.000109939974,5.707851e-06,-8.171584e-05,3.7803555e-05,-4.468195e-05,6.00612e-05,6.179581e-05,-1.2368076e-05,7.359233e-05,0.00017258144,-7.3006944e-05,-5.705577e-05,-4.793689e-06,8.637113e-05,0.00013678352,-4.1720064e-05
S22_NM_001530.4_1,2.5434087e-05,-0.0002741981,9.327209e-05,0.00014571614,0.0001035225,1.0651029e-05,6.6406e-05,-0.0001425866,1.5196953e-05,0.00019111356,-6.543383e-05,-2.79943e-06,0.00012396826,-3.8041624e-05,-6.7333494e-06,-2.0581328e-05,0.00019627126,-0.00020985986,-0.0001181451,0.00011192317,8.194443e-05,-0.000106900756,-0.00022176956,-2.587952e-05,0.000106387764,5.2362055e-05,4.7680154e-05,3.195123e-05,-7.385083e-05,0.00011255254,3.728288e-05,-3.1504704e-05,-1.9811454e-05,-6.828635e-05,5.553968e-05,-0.00012909815,9.620563e-05,0.00010857147,-2.3573622e-05,3.674713e-05,-9.0611196e-05,9.1594884e-05,1.2913643e-05,-1.7888871e-05,-1.5345819e-05,9.004232e-05,8.3025574e-05,0.00014146697,-5.5359487e-06,0.00016859456
S99_NM_001530.4_2,-4.7786605e-05,-6.359464e-05,-0.00015133971,6.0424023e-05,0.00010533237,0.00024370155,-3.1075946e-05,-0.00011152657,3.3891178e-05,-7.1467424e-05,-1.9133737e-05,-4.1619653e-05,2.7495516e-05,0.00012414777,-8.1561586e-05,7.191882e-05,9.262911e-05,-0.00013818717,0.0001100164,-7.44644e-05,6.636015e-05,-6.863672e-05,7.285834e-05,6.1472856e-05,3.447599e-05,7.4185555e-05,0.00012692678,8.602988e-05,3.8903327e-05,-4.5885234e-05,-1.8013823e-05,6.847888e-05,-5.5251394e-06,0.00014744262,-5.850436e-05,0.00011481084,-4.4624223e-05,-0.0001848868,-8.6386435e-06,-2.9943458e-05,6.3467436e-05,-0.0001645032,1.607899e-05,0.00011708176,-0.00014315455,5.2475098e-05,-0.0001017892,9.412172e-05,9.634875e-06,6.0163686e-05
S303_NM_001098540.3,-0.00011353842,9.61683e-05,6.2945655e-05,-9.949984e-06,0.000112697046,-9.609334e-05,9.776181e-05,-4.2639975e-05,-8.888748e-05,0.00010898332,0.00015082356,5.1431525e-05,4.5858e-05,5.8843354e-05,0.00020722023,0.000105121544,-7.589438e-05,-0.00013871708,-1.6079322e-06,-0.00023084837,6.950116e-05,-5.442223e-05,0.00010052902,-9.617542e-05,-0.000106059364,4.3353077e-05,0.00016162501,-1.8238865e-05,8.568748e-05,-9.686303e-05,4.578569e-05,-0.0001087985,-2.9912055e-05,9.460431e-05,0.000115006595,0.0001564747,-7.517683e-05,-3.5508863e-05,5.712828e-05,7.854855e-05,4.820407e-05,0.0001201096,-4.5678134e-05,-4.7060534e-05,-0.00014930505,-6.668694e-05,0.00011833455,8.8082e-05,-2.9246905e-05,0.00012221483
S330_NM_004456.5,-5.54828e-05,0.00013465158,1.5445507e-05,0.00010729078,0.0001894448,4.968936e-05,-6.414373e-05,8.08899e-05,4.3806318e-05,0.00012325744,0.0001522193,8.370662e-06,0.00011416156,-1.8932506e-05,-0.00013180812,-6.8307854e-05,1.0251551e-06,0.00011249179,-9.719904e-06,6.6291955e-06,3.220442e-05,0.00010211856,-0.0002441708,4.336773e-05,-9.2558e-05,7.983424e-05,5.651559e-06,0.00014892945,-0.00010233441,-1.4813248e-05,1.7618784e-06,3.9831597e-05,-9.974512e-05,-0.000110383895,7.7899706e-05,-1.9559895e-06,-4.277172e-05,0.00011903933,1.4445246e-05,5.1661522e-05,6.733777e-05,-6.367061e-05,0.00012075519,0.00014244053,-6.190215e-06,-8.6666194e-05,-7.5894886e-06,1.3778531e-05,2.1767217e-05,1.7316665e-05
S18_NM_001530.4_1,4.8323836e-05,0.00011428728,-1.132369e-05,9.688052e-05,-2.6600095e-05,9.905504e-05,0.000119075456,-0.00018195242,0.00017325387,0.00014824842,1.7766969e-06,9.5498945e-05,-0.000116068746,-2.3833609e-05,0.0002550496,-5.9509162e-05,-3.1369844e-05,-2.8502738e-05,2.168447e-06,0.00010594788,5.6784666e-05,5.3311363e-05,3.2907733e-06,-2.8693412e-05,-8.996533e-05,0.00015721869,7.228938e-05,-2.2931097e-05,-7.9278485e-05,2.8423008e-05,-0.00015290486,9.0769696e-05,-2.7996044e-05,-8.556283e-05,0.00013261789,-2.5796293e-05,-9.011068e-05,-6.727588e-06,-0.00015943738,4.7347832e-05,6.2472274e-05,-2.1600112e-05,4.730249e-05,0.000221236,-4.304379e-05,-4.9989987e-05,3.3602835e-05,0.00021859561,-9.5700394e-05,-5.258883e-05
S10_NM_001530.4_1,-0.00012394888,-1.5199018e-05,-2.4033818e-06,-0.00015437722,1.859932e-05,-4.7278687e-07,4.1295127e-05,6.867048e-05,0.00012531127,-1.6700842e-05,9.673508e-05,4.9516902e-06,0.00019655236,5.3558022e-05,3.8418126e-05,0.00014745505,8.8343826e-05,7.315389e-05,-4.295329e-05,0.00011765626,0.00014539862,-0.00015572425,-8.2704326e-05,-9.12556e-05,-7.342873e-05,-1.4580015e-05,-5.07446e-05,9.952885e-05,-3.9273757e-05,-3.0201125e-05,-2.0089426e-05,-0.00013897369,0.000156596,2.2233584e-05,-7.4025294e-05,1.6529128e-05,5.4191954e-05,1.1703097e-05,3.4673896e-05,2.3722434e-05,-7.809767e-05,-0.00012666147,0.00014301945,-3.0374078e-05,0.00011095756,-0.000106737876,0.0001859041,-6.7350826e-05,0.00032110987,0.00014899994
S74_NM_001530.4_2,3.0499761e-05,-8.772129e-05,-2.5769833e-07,5.168745e-05,5.6043846e-05,-4.3035998e-05,5.729839e-06,-0.00016527018,5.9139197e-06,-3.7151123e-05,3.3442866e-06,3.4893066e-05,9.594968e-05,6.419221e-05,0.00015355975,7.5207463e-06,0.00014865781,4.8791044e-06,0.00018370667,-3.017275e-07,-0.00012391985,7.548379e-05,-9.4477145e-05,-7.3977506e-05,1.5694402e-05,-6.7992216e-05,-2.5613663e-05,1.8139383e-05,3.863488e-05,5.758761e-06,0.00013815031,8.478811e-05,0.00012837921,2.915126e-05,5.326098e-05,-4.4945707e-05,6.967761e-05,0.00010837712,5.5932913e-05,0.00020325412,0.00023203007,2.9630866e-05,-0.00011022147,0.00017413264,3.6445996e-05,-7.654543e-05,-1.8747414e-05,0.00025071853,-0.00014990856,-1.9107596e-05
S319_NM_002467.6,2.428929e-05,3.5693185e-05,-1.9796471e-05,-1.541168e-05,0.00018306822,-0.0001678385,-4.8455127e-05,9.430428e-06,8.733379e-05,0.00013862521,-2.7444601e-05,-3.0318988e-05,7.112191e-05,9.796661e-05,-4.7903533e-05,-5.808991e-05,7.410402e-05,1.3820798e-05,0.00010114166,5.0511762e-06,1.2389128e-05,-1.7090016e-06,0.00014887894,0.00015244477,8.389219e-05,-0.00016225562,0.00019421718,-9.711803e-05,2.6732773e-06,-0.00010375973,0.00014411185,-0.00015103247,-0.00015559506,-2.6459815e-05,-1.2800936e-05,8.687869e-06,-6.0268245e-05,0.00012327418,7.3877345e-05,-0.00010640802,-9.697087e-05,2.804298e-05,3.131784e-05,6.036166e-06,0.0002570215,-0.000105659485,-3.049869e-05,6.3561674e-05,3.2490585e-05,0.00015372675
S4_NM_001530.4_1,-3.035887e-06,8.283634e-05,0.00015704586,-0.00021780522,5.3559557e-05,3.057055e-05,-3.2673743e-05,0.000111806636,-5.4197862e-05,-6.192127e-05,3.6326357e-05,-5.3539166e-05,-2.104625e-05,6.862521e-05,-7.976121e-05,2.3900826e-05,0.000112489535,-2.5044517e-05,-3.610756e-05,0.00014676175,2.1554115e-05,-2.3948225e-05,-9.381654e-05,0.00013754948,6.259998e-05,8.763005e-05,-6.2185514e-05,0.000110540226,-2.6763346e-05,0.00028597866,-1.4056473e-05,0.00016400676,1.6605174e-05,5.026219e-05,-0.00014112351,1.687964e-05,0.00020096892,-8.947069e-05,0.0001526514,0.00022465018,-1.2907404e-06,-0.00019297827,0.00013162915,1.7997423e-05,-8.2839375e-05,6.7780245e-05,9.426389e-05,7.9465346e-05,-7.470669e-05,-7.151646e-05
S235_NM_001098540.3,-1.5511376e-05,-1.4092143e-05,0.00017963847,6.717438e-05,-9.42239e-05,-3.852762e-05,0.00013129311,0.00018069505,0.00018992145,0.00016943787,-2.6950972e-06,9.352461e-05,-7.4868025e-05,6.1499613e-06,3.2434364e-05,0.00019691672,-0.00016755193,0.00013637877,0.00012842417,-9.759345e-05,-8.9850895e-05,0.00017865977,-5.584135e-06,-8.484827e-05,0.000106845226,-0.00011477648,1.6975082e-05,6.747965e-05,-1.997953e-05,-9.728157e-05,-3.516987e-05,-6.681352e-05,-6.519816e-05,7.458934e-05,7.410678e-05,0.00017363016,0.00010633618,-0.000121006175,3.1348613e-06,-0.00018438442,-8.933195e-06,0.00018776179,-0.00013018977,5.935567e-05,-0.00016585822,-5.2429754e-05,-0.00011146289,-1.7902938e-06,-0.00012689574,0.00013567242
S73_NM_001530.4_2,8.903957e-05,-5.9281276e-05,-4.4556895e-05,3.7305865e-05,-7.068558e-05,0.0001748171,0.00014343594,3.2228843e-05,8.6232365e-05,1.3013838e-05,1.1351186e-05,-6.091943e-05,7.0581664e-05,-5.7910315e-06,0.00018481529,-9.8040155e-06,2.5051168e-05,-9.7690216e-05,-0.00011980411,-0.0001073623,-8.302106e-05,-0.0001246005,-3.994007e-05,1.9355057e-05,6.733976e-05,7.07151e-05,-1.6555467e-05,6.127307e-05,8.795366e-05,-2.344971e-05,-1.2622548e-05,9.06848e-05,4.781404e-06,-2.9537603e-05,7.119981e-05,0.00011198945,-9.681516e-06,0.000111582674,2.4963607e-05,0.00013298367,8.494868e-05,1.083993e-05,0.0002616886,7.133694e-05,0.00023496056,-0.00014789678,6.8555935e-05,0.00010783748,6.208819e-05,5.8819343e-05
S187_NM_000189.5_2,-8.5844236e-05,1.0843645e-06,3.3304448e-05,0.000104017796,-5.58769e-05,-3.428933e-05,-4.2317843e-05,0.00012659575,-2.4715618e-07,0.00010032305,-4.6630656e-05,-6.270742e-05,0.00013242198,0.00029772363,-0.00014935434,0.00010851548,-4.243448e-05,7.729652e-05,-2.112708e-05,-5.6004523e-05,1.2090463e-05,9.4029514e-05,-2.6558571e-05,0.00016034118,-1.018137e-05,0.00016008437,-0.00021530347,-5.8701494e-06,0.00014178561,0.00024392833,0.00010367543,-0.000114453505,9.765876e-06,-0.00011042485,6.9352245e-05,0.00016297444,-3.325647e-05,-0.00014954412,4.373851e-05,0.000103801656,-2.3558816e-05,6.789056e-05,-3.4485125e-05,0.000115876726,0.00014217489,6.848067e-05,-7.035322e-05,0.00011074726,-0.00011917197,-1.35874925e-05
S304_NM_001098540.3,0.0001340589,0.0001110415,-1.914059e-05,0.00010348838,-2.2777176e-05,-0.000101337806,-2.5272646e-05,-5.191872e-05,9.2951166e-05,5.2559248e-05,9.8480275e-05,6.0542287e-05,1.3088969e-05,-7.201149e-05,0.00024061232,3.27295e-06,-0.00010926512,3.510848e-05,0.00012456652,0.00012831064,0.00017216893,0.00010070742,0.0001802748,0.00017692518,-3.7257054e-05,0.00012680031,0.00012808466,5.4994398e-05,3.6843307e-05,8.775486e-05,1.33935955e-05,-3.6477944e-05,-3.0827236e-05,-9.5759795e-05,0.00018463506,-9.763708e-06,-4.4570523e-05,0.000112851674,8.066214e-06,5.9827133e-05,6.9999446e-06,0.00015745142,-0.000105174964,0.00011323196,-2.2619533e-05,-8.448624e-05,3.805008e-05,6.354636e-05,0.00014541831,5.0398435e-06
S326_NM_004456.5,0.00015889441,9.012899e-06,-0.00013554902,2.6827474e-05,-9.074183e-05,-0.00013053465,0.00018267968,-0.00015131231,0.00015099316,5.113058e-05,0.00016877943,0.0001510451,2.2538352e-05,-0.00011781181,2.0088599e-05,8.4443345e-05,9.789458e-06,0.0001863062,-0.00014000777,-2.1305797e-05,1.0499457e-05,2.1004329e-05,-9.316704e-05,7.5429285e-05,0.00015673417,7.080459e-05,3.0674284e-05,5.7390553e-05,-5.091712e-05,9.561882e-05,-4.0090803e-05,1.1115194e-05,7.081661e-05,-3.347352e-05,4.2986314e-05,-0.00018106592,0.00010292963,3.571385e-05,0.00011061991,-0.00013916312,0.00018276848,-5.9178998e-05,2.8354603e-05,5.789638e-05,-2.1678547e-05,0.000114091985,-0.00015035593,-8.555937e-05,-4.9488586e-05,9.719299e-05
S44_NM_001530.4_1,9.404494e-05,5.791396e-05,0.0001585106,8.347884e-05,1.4530299e-05,7.235849e-05,2.316627e-05,7.851941e-06,0.00015691825,-3.635727e-05,0.00013880021,0.00015447228,5.709041e-05,3.5414505e-05,5.297371e-05,1.539836e-05,-1.3417533e-05,-1.8238421e-05,-8.841241e-05,0.00023144191,8.413646e-05,-0.00014542944,9.5065465e-05,-0.00013633107,1.070345e-05,-0.000159204,1.6095464e-05,-2.3142784e-05,-0.00016708925,2.6723234e-05,8.3287145e-05,0.00013845602,-1.2450933e-05,0.000112963025,-0.00014068735,5.8523823e-05,3.901991e-05,0.00015337467,0.00019286633,1.4562849e-05,-0.00017434578,6.3373365e-05,7.630727e-05,-7.8591465e-06,-0.000119353404,-7.536077e-05,1.1616186e-05,-1.50948035e-05,-5.3748103e-05,3.949785e-05
S69_NM_001530.4_2,-0.00011972214,2.6438393e-05,-0.00011399031,0.00011104029,4.942986e-05,-4.2270465e-05,0.000117138894,1.0095779e-05,0.0001474498,-7.790864e-05,2.1562748e-05,-3.0890245e-05,-3.067011e-05,0.00014145442,6.744115e-05,9.2260954e-05,-0.000113791866,4.0753843e-05,-0.00017323169,0.00013527668,0.00017814075,2.3975837e-05,0.00017678022,6.6477514e-05,-0.00012903825,6.0478716e-05,5.972401e-05,7.5789685e-05,-7.721563e-05,1.6934326e-05,2.5310615e-05,-1.0911396e-05,-3.2854114e-05,-4.1473604e-06,0.00012247515,0.00010595012,3.730323e-05,6.872297e-07,1.0956317e-05,-0.00020698797,0.00017722737,2.2585806e-05,0.00015154494,9.049619e-05,-7.631531e-05,-4.319687e-06,-7.970101e-05,-5.3756896e-05,4.269988e-05,-2.1798443e-05
S176_NM_000189.5_2,-6.149233e-05,-3.6025474e-05,-5.558012e-05,4.4536908e-05,0.00018133278,-5.1341234e-05,7.412018e-05,2.0864145e-07,-7.327527e-05,-4.8315927e-05,8.6710854e-05,0.00026937248,-0.00011640793,0.00014817136,9.8903205e-05,-2.9051125e-05,5.614444e-05,0.00018422412,-8.228345e-06,1.9964475e-05,-0.00012977314,-0.00010587355,7.046262e-05,0.00017619849,4.450665e-05,-0.00016497314,7.507273e-05,-3.1313393e-05,-2.1062337e-05,9.853364e-06,9.559828e-05,4.5482808e-05,2.5369503e-05,4.4661618e-05,9.957431e-05,-0.00011402823,-0.00011800741,5.537731e-05,-3.906753e-05,0.00013560016,0.00015102956,-0.00010879288,6.0237988e-05,-9.893008e-05,8.4364496e-05,1.6745731e-05,9.943213e-05,0.00019647807,-5.222859e-05,2.8734841e-05
S130_NM_000189.5_2,2.4065628e-05,-1.8176343e-05,-9.323329e-05,4.5293942e-05,-5.847151e-05,-8.943211e-06,8.042351e-05,4.316423e-05,1.6455484e-05,-0.00012334577,0.00012270457,0.000111775335,0.00014719367,6.172892e-05,3.1502892e-05,-2.1764536e-06,0.00023857264,-6.5681834e-06,5.2290707e-05,-2.2967197e-05,-6.497506e-05,-0.00015585075,-0.00012176631,8.400516e-05,0.00012568447,1.1783445e-05,-0.00013976445,7.90023e-05,-6.376705e-05,0.00011741464,4.3522987e-06,0.00010348916,-0.00019477101,-3.9478473e-05,-0.00014919178,6.465206e-05,-0.0001230343,0.0001813375,-1.9234387e-05,0.00019777479,0.00013268601,-0.00016563937,4.8751375e-05,-0.00011264021,0.00015493516,0.00010261248,5.9276736e-05,-5.4842065e-05,0.00017200309,0.00013961748
S329_NM_004456.5,1.6429163e-05,6.926622e-05,0.00011409879,-8.101241e-05,9.8254895e-06,0.00027091257,-0.00014390053,-2.1140064e-05,0.00012275012,0.0001517662,-9.87265e-06,-7.850356e-05,-0.00013818177,0.000114747,0.0001041369,7.430693e-05,3.019456e-05,9.1340065e-05,5.9164595e-05,0.00011840438,-5.7933215e-05,-4.0713923e-05,-2.2427323e-05,0.00012839385,7.971497e-05,7.725576e-05,-1.53628e-05,-7.3367396e-06,0.00030196217,3.0547963e-05,6.0520866e-05,-7.77557e-06,8.734338e-05,0.00019124386,1.6486587e-05,7.660226e-05,9.540477e-05,-8.105621e-05,-7.6949305e-05,3.6957637e-05,-8.069276e-06,0.00011615546,0.00014717861,4.1255666e-05,-7.4728276e-05,-2.7790688e-06,1.2573517e-05,0.00010710989,4.988484e-05,-9.8869576e-05
S226_NM_001098540.3,0.000104714934,-2.4709609e-05,0.00011729424,-0.0001580348,0.00015115402,0.00013468337,-7.140412e-05,0.00013901721,0.00012793887,9.736456e-05,1.13265405e-05,-0.000185088,6.483961e-05,4.673856e-05,4.9221675e-05,4.059349e-05,9.858632e-05,-1.6096976e-05,-3.9453327e-05,3.5014396e-05,7.470299e-05,0.00028048916,-1.8173523e-05,-0.0001014843,8.183128e-05,-9.2717775e-05,4.7969213e-05,8.409227e-05,3.9154547e-05,9.55456e-05,0.00021282535,0.00012929204,2.990921e-05,0.00012414264,-0.00015464103,-4.8446916e-05,-2.9410612e-05,-9.4918e-05,0.0002927032,7.24589e-05,5.5261708e-06,7.913259e-05,-2.9655766e-05,8.216778e-06,4.9863906e-05,-7.6661054e-05,0.00014417,-8.0237194e-05,9.9441735e-05,6.37199e-05
S230_NM_001098540.3,-6.42625e-05,8.600595e-05,0.00010749502,-0.00012983086,-1.11579975e-05,6.343324e-05,5.8277918e-05,-0.00014025647,9.293695e-05,-5.1070576e-05,0.00013142015,9.318078e-05,-2.7627604e-05,0.00019325543,-1.166823e-05,-0.0001462534,0.00014570312,-0.00016484049,-6.0080383e-05,-6.087899e-05,-4.7259996e-06,-9.3405484e-05,4.7818787e-05,6.3301035e-05,5.0280367e-05,6.688655e-05,-6.5404456e-05,-1.1983794e-05,0.00018592944,3.5435274e-05,9.2486785e-05,0.00019694128,-0.000111395224,3.4133238e-05,9.98292e-05,-0.00011415044,-0.00016469424,-6.078643e-05,2.0500605e-05,-1.1827428e-05,0.00031023799,5.5777913e-05,-8.487012e-06,5.383138e-05,0.00013476574,3.56919e-05,0.00031961652,-1.3885165e-06,-1.7647073e-06,5.9446047e-06
S321_NM_002467.6,-3.645769e-05,1.8217976e-05,0.000101463855,-1.4259413e-05,7.518776e-06,0.0002370801,0.00014476781,2.4835546e-05,0.00019651467,1.4360082e-05,-9.1024136e-05,4.330992e-05,4.0517443e-05,0.0001646226,-6.216709e-06,4.5847006e-05,9.003277e-05,2.7533513e-05,-0.00017878128,-5.8086393e-05,-0.00013188676,-4.818151e-05,6.445227e-05,-0.000114230126,-6.66568e-05,-0.000178471,-4.09604e-05,0.000103280894,6.562145e-05,-5.599651e-05,2.9992321e-05,0.00018977524,8.406057e-05,-7.2725115e-06,-0.00015130675,-4.0557537e-05,6.284923e-05,-7.685853e-05,0.00015156303,-1.7745853e-05,1.3407305e-05,0.00032452864,8.4946645e-05,-7.8014156e-05,4.931439e-05,-9.05659e-06,2.2413373e-05,0.00016912151,-6.753736e-05,0.00019615465
S180_NM_000189.5_2,-3.671381e-06,7.1595887e-06,4.340312e-05,9.478694e-05,7.2605064e-05,-6.299408e-05,-0.00013989217,0.00016784103,5.7359513e-05,9.52343e-05,-7.1875584e-05,5.171368e-05,5.510721e-05,5.4001033e-05,6.0713315e-05,-8.967325e-05,0.00020877238,-7.944514e-06,-0.00019794278,0.00019344047,-1.1055476e-05,-9.896465e-05,2.962635e-05,0.00020406317,2.4582372e-05,0.00027923373,6.3774656e-05,-9.260525e-05,6.435032e-05,-0.00013085213,3.3391363e-05,0.00019882525,5.6595385e-05,4.1412703e-05,6.5291665e-06,4.347688e-05,7.7692275e-06,0.00013107857,2.1688453e-05,6.521111e-05,8.906168e-06,9.082208e-06,0.0001156362,-1.7692073e-05,-4.0150087e-05,-1.2565149e-05,-8.065791e-05,2.614089e-05,2.4385818e-05,0.00015841032
S101_NM_000189.5_2,4.183747e-05,0.00011131835,5.3736243e-05,9.818489e-05,1.0183713e-05,-2.6363356e-05,-8.955784e-05,-2.1379814e-05,6.5863904e-05,0.0001498115,5.8556634e-05,-5.119098e-05,1.2286488e-05,-8.716039e-06,0.00015342524,3.0469022e-05,-0.00016361289,-5.0768787e-05,-2.5710757e-05,7.9286794e-05,-0.00013171782,-2.4940577e-05,-6.834322e-05,-0.00011367235,-0.00010354398,0.00011668732,1.6260663e-05,-8.2038845e-05,0.00017786188,0.000382422,-3.889219e-05,-4.3525542e-05,5.4064712e-05,-1.5695145e-05,4.5587003e-05,-5.870661e-06,-0.000100189354,0.00015611738,0.00016632806,-7.921989e-05,4.2035124e-05,0.00016048696,-9.698985e-05,0.0001564608,-8.296237e-05,-2.0329746e-05,0.00012968727,8.2574334e-05,-6.808205e-05,9.516088e-05
S7_NM_001530.4_1,0.000151122,5.7143985e-05,1.1320011e-05,-1.5828995e-05,-6.2741497e-06,-1.885043e-05,-7.1451635e-05,5.38329e-05,-5.7523874e-05,7.19785e-05,8.14166e-05,2.3825e-05,-0.000101901474,-0.00013606407,-1.903999e-05,0.00019091713,-3.0441204e-05,1.986932e-05,5.7874455e-05,0.00011755846,-7.227368e-05,2.648714e-06,-4.6291658e-05,1.0459811e-05,4.3560874e-05,-4.37875e-05,3.1001415e-05,9.5066396e-05,3.2840948e-05,9.819912e-05,6.276163e-05,-0.00015167068,-5.1197152e-05,-1.196126e-05,3.2370597e-05,3.7251335e-05,1.768208e-05,4.439207e-05,-0.00022282865,0.00013793765,7.879757e-05,0.00016040247,0.00030174473,0.00013642927,-1.506808e-05,6.977687e-06,-0.00015665966,-9.518058e-05,3.6481204e-06,0.0001905494
S151_NM_000189.5_1,-5.6922518e-06,-4.9745155e-05,-0.00014483607,-1.2792095e-06,-2.8124303e-05,-5.5622022e-05,9.561956e-05,6.655374e-05,-0.00011317356,0.00016469532,-9.426492e-06,6.7768274e-06,0.00013472058,-1.4238078e-05,-3.935357e-05,8.055668e-05,-7.135497e-05,-3.4784175e-06,-3.2763604e-05,0.000108687265,-0.00013873923,-1.1372751e-05,4.721985e-05,-7.2843744e-05,8.911012e-05,6.974312e-05,-8.260445e-05,2.0573987e-05,-9.071661e-05,-4.483634e-05,-0.00022770037,6.958698e-05,-9.17423e-05,-3.523615e-05,-8.101808e-05,5.9305214e-05,4.693884e-05,-2.4870244e-05,-6.0869265e-06,-0.000107290034,0.00022246844,6.41412e-05,-5.860593e-05,-8.189295e-05,-0.00021692613,0.0002322317,0.00017143849,-8.968307e-05,7.0301656e-05,-5.3849107e-07
S49_NM_001530.4_1,0.00016662186,0.00012849398,-4.7110945e-05,1.221533e-05,-8.0121725e-05,8.356296e-05,-1.65607e-05,4.0907194e-05,0.00011505517,-7.3639145e-05,-9.291709e-06,4.2523585e-05,4.0041512e-05,0.00014007954,-0.0001858673,-1.5164572e-05,2.455386e-05,0.00013274392,-1.03949715e-05,8.765364e-06,0.0001667186,0.00013378283,-0.000105177736,3.2416072e-05,-5.145991e-05,8.0720914e-05,6.710692e-05,5.129851e-05,3.2473232e-05,3.819476e-05,2.4427052e-05,-3.3278015e-05,0.0001295206,0.00010865085,-7.639164e-05,0.00015903571,7.6565666e-05,-0.000108243235,0.00035529208,-6.9791886e-06,-1.5129057e-06,-8.986543e-06,-5.025784e-05,1.2453331e-05,-0.00013636028,-6.9151094e-05,-6.70894e-05,1.6491145e-05,-6.0587077e-05,-0.000106703264
S8_NM_001530.4_1,0.00014353982,3.4773962e-05,-3.857772e-07,-0.00010223621,6.886857e-05,3.8523234e-05,-4.081405e-05,2.4429575e-05,-0.00011986567,-1.3732491e-05,-5.3288364e-05,6.367831e-05,0.00017310336,7.668996e-05,-2.624934e-05,6.0608512e-05,0.00011368954,-1.02563035e-05,0.0001115768,9.839384e-05,0.0001647034,-4.3929185e-06,4.0320156e-05,5.7329136e-05,2.3902787e-05,1.6934195e-05,-0.00022693236,9.249194e-05,0.00012132372,0.00026898467,-8.541214e-05,3.469826e-06,1.6765358e-05,3.468432e-05,0.00012771327,-7.466858e-05,6.1924344e-05,0.0001135854,-0.00021534455,-5.3190288e-05,0.00018593184,0.000114477094,-5.708327e-05,-5.6674522e-05,5.624763e-05,-0.00021750791,5.4409957e-05,3.1421827e-05,-2.9842573e-05,-5.2676784e-05
S253_NM_001098540.3,7.511752e-06,1.547425e-05,-2.8682967e-05,2.7979951e-05,0.00010056295,6.065983e-05,3.0903873e-05,0.00012686284,0.00018808727,0.00013086593,-0.00013629347,-0.00012009168,0.0001161126,-1.856753e-05,-0.00024163429,1.7188559e-05,6.8593756e-05,0.000136765,1.1888055e-05,5.3011165e-05,3.5514437e-05,-5.1592677e-05,-2.5247064e-05,0.00015260585,0.00012232378,5.2638996e-05,-0.000114273724,5.5765522e-05,-0.00011281613,3.951496e-05,9.647893e-05,-5.846418e-05,0.00026196172,-2.9561743e-05,0.00018566781,-4.9198057e-05,-1.4712687e-05,0.00010629644,-7.978964e-05,3.3322016e-05,-4.838039e-05,-1.5527421e-05,0.00015668546,0.00012271876,8.197935e-05,0.0002951981,-0.00016657305,4.8978e-05,0.000100998914,-7.522284e-05
S145_NM_000189.5_2,-1.6586417e-05,5.1232604e-05,1.4979089e-05,-5.6932695e-05,6.065117e-05,-7.410705e-05,7.3370634e-06,6.0222734e-05,0.000108128246,5.499748e-05,5.610689e-05,0.00029370683,-3.4658737e-05,-1.8889063e-05,0.00012321988,0.00015925513,8.188056e-05,-2.1608872e-05,6.441657e-05,-0.000108187596,-5.7027282e-05,2.717512e-05,-0.00012940218,0.00018394506,-0.00012830223,5.2088955e-05,0.00011183474,6.6649096e-05,5.677993e-05,8.5886284e-05,-7.269934e-05,3.2643075e-05,-7.110648e-05,1.1665455e-06,-0.00020936174,-7.6024575e-05,-9.480023e-05,0.0001607592,0.00022504579,0.00015190763,9.5426265e-05,-0.00020921968,3.8573377e-05,5.7577978e-05,-0.00015209157,-7.065077e-05,-2.5113835e-05,-6.14593e-05,0.00017513671,0.0001214605
S327_NM_004456.5,1.0094344e-05,0.00010637905,0.00015495959,1.3074582e-05,-8.190995e-05,-7.565727e-05,-0.00012901273,7.304511e-05,0.00021752625,-3.4141296e-05,0.00014607732,2.0588799e-05,4.003776e-05,-3.917547e-05,0.00010673175,1.4807887e-05,-0.000107894535,-2.4561848e-06,7.4131094e-05,3.5285593e-05,-1.5118695e-05,0.00022699265,6.75667e-05,-2.1154356e-05,-2.0311521e-05,-4.0765317e-05,9.819845e-05,5.9561455e-05,4.7149155e-05,7.4176955e-06,0.00011086349,4.54186e-05,-6.1727784e-05,-3.4251065e-05,8.8832094e-05,-0.000115015086,-7.038365e-05,0.00020608958,-3.5966536e-05,-0.00023969095,6.35562e-05,0.00013585576,5.3782125e-05,-0.000104384446,2.8102111e-05,0.0001429154,4.9349132e-06,2.3178312e-05,3.8514743e-05,-8.3687875e-05
S2_NM_001530.4_1,3.8472008e-05,0.00010770197,-5.8225196e-05,4.2069652e-05,-2.9157707e-05,1.860281e-05,8.15003e-05,0.0001680462,8.3761865e-05,1.0373743e-05,-0.0001401003,-1.2349093e-05,2.03461e-05,4.981191e-05,6.269421e-05,-2.5770742e-05,0.0001581613,2.6430682e-05,-0.00010975284,-0.00019001593,9.7248085e-06,4.1458512e-05,-0.00017323879,4.637388e-05,-1.0989049e-05,-0.000114024595,-5.7144724e-05,4.074005e-05,6.434382e-05,-0.00016964009,-3.506031e-05,-6.6892503e-06,6.26477e-05,-8.323339e-05,1.4989088e-05,-7.109202e-05,-3.955747e-05,2.1044241e-05,2.491677e-05,-7.761129e-05,0.00015440962,-0.0001287,1.6508659e-05,-0.00012612435,-7.579e-05,7.024323e-05,-0.00010464193,-4.4915655e-06,-4.6276557e-05,-7.1238304e-05
S247_NM_001098540.3,0.00013786957,-3.4531367e-05,-5.5232554e-06,0.00016110374,1.3570807e-05,-2.111795e-05,-3.9231214e-05,0.00015253677,-4.94889e-05,-0.00010760376,0.00028615267,8.4606945e-05,-6.7441224e-06,1.171181e-05,0.00021500608,1.1900337e-07,-3.0788902e-05,-0.00011249192,5.9698265e-05,0.00020397826,-1.7521577e-05,9.859659e-05,0.00013351484,0.00011465294,7.0733404e-05,5.1530642e-05,-3.016722e-05,0.00011904532,1.1048319e-05,-0.00023818824,-6.740416e-05,9.488469e-05,7.850694e-05,-0.00017508173,-3.3376902e-05,8.565509e-05,-3.0090025e-05,-4.0707495e-05,3.2985674e-05,0.00012954633,-0.00010657905,0.00013413042,-5.0330695e-05,1.2289107e-05,0.00011522627,-2.3679873e-05,-7.118179e-05,0.00015297876,-2.0121306e-06,0.00027422176
S28_NM_001530.4_1,2.8630737e-05,0.000105277555,-0.00013296735,-4.1511037e-05,7.525412e-05,-7.7314304e-05,-3.205019e-05,5.0026014e-05,7.5997326e-05,9.058723e-05,-0.0001838557,0.0002046957,0.0001835559,0.00012494081,4.0140952e-05,1.6515627e-05,0.0001453758,-2.0204596e-05,0.00021297134,0.00014784603,6.9754635e-05,0.000119333105,-7.122015e-05,0.00018592936,0.00017541191,-0.00012093915,3.616223e-07,0.00010607926,0.000121412624,-0.00011455007,0.00010245848,8.254618e-05,5.3284624e-05,-0.00012506393,-0.0001247008,4.546911e-05,3.200163e-05,3.2829698e-06,9.5659365e-05,-5.5275366e-05,6.1356135e-05,1.826377e-05,-3.4505145e-05,-0.00012666208,-3.066756e-05,-3.5904115e-05,-9.7741766e-05,8.6904896e-05,0.0001210354,4.311175e-05
S58_NM_001530.4_1,3.3399443e-05,0.0001482908,-6.157711e-05,0.00012613583,1.465493e-05,2.1871754e-05,0.00022448067,-8.823074e-05,-2.7676737e-05,1.5883747e-05,5.1570914e-05,0.00013479935,-2.5777075e-05,-8.5745225e-05,-8.576357e-06,-2.4967809e-05,4.3805387e-05,6.187623e-05,-1.7214887e-05,4.705254e-05,6.078996e-05,4.6558423e-05,2.0305904e-05,0.00010646493,9.107065e-05,9.5931726e-05,0.00011063683,0.00021946768,0.00018672741,2.0565276e-05,0.00026506462,6.172025e-05,6.266797e-05,6.06689e-05,0.00027041262,-5.419182e-05,2.3738661e-05,1.5348855e-05,3.5806264e-05,4.4846154e-05,-0.0002250594,4.17887e-05,-2.7913336e-05,0.0001246557,0.00016386337,4.345962e-05,0.00011251138,-4.8864684e-05,0.000120066,0.00022244471
S283_NM_001098540.3,1.7408487e-05,3.8773098e-05,0.00020956932,-2.1062724e-06,6.778429e-06,9.11597e-07,-0.00014467658,-5.0426665e-05,-4.370853e-05,-6.872565e-05,-2.4565079e-05,-0.00013734771,0.00022548062,-1.7898954e-05,3.997026e-05,1.0361005e-05,3.8020204e-05,5.7568264e-05,0.00014300192,-0.00010186525,4.6432793e-05,0.0002870723,-7.716125e-06,0.0001295662,9.484898e-05,4.8115297e-05,1.3840545e-06,-7.129816e-05,4.4818767e-05,5.397214e-05,7.652049e-05,4.6761492e-05,-0.0001453567,7.0534836e-05,-8.643887e-05,7.977143e-05,-3.509916e-05,5.7766378e-05,-2.1661634e-05,0.00011988628,3.8849626e-05,7.483743e-05,-5.94746e-05,0.00018788414,-0.00029783414,-8.045624e-05,-7.105487e-05,0.00020306207,2.6686483e-05,5.9866874e-05
S353_NM_001904.4,1.5182667e-05,-0.00011641729,-3.6486017e-05,-3.14129e-05,4.8458056e-05,-6.735905e-05,4.9964176e-05,-1.785726e-05,-4.310701e-06,9.979221e-05,-1.9058782e-05,0.00030348057,4.163861e-05,-3.0693853e-05,-4.882856e-05,-9.179276e-05,7.025182e-05,4.007539e-05,-6.421867e-05,0.000118067415,-1.8766394e-06,-1.1031975e-05,1.2995369e-07,0.00030428884,0.00023946745,0.00012851373,0.00024444927,2.7262155e-05,-0.00010548379,-1.7462824e-05,-3.8436698e-05,-0.00014512126,-8.9279994e-05,4.7465935e-05,-4.858466e-05,4.66841e-05,-8.493175e-05,7.1455106e-05,-3.887377e-05,0.00016483048,1.546489e-05,8.57005e-05,5.2687603e-05,1.7163873e-05,2.178713e-05,-1.7436883e-05,-8.219292e-06,5.1205527e-05,7.891402e-05,3.0296613e-05
S237_NM_001098540.3,3.445096e-05,0.00015860976,2.1580301e-05,0.000112525966,-0.00014749171,-2.7371004e-07,2.4490646e-06,4.0997158e-05,-0.00018729846,4.354682e-06,8.132156e-05,0.0001084543,0.00019134239,-9.97426e-07,0.00013915599,-5.2951378e-05,0.00025366663,-4.4013363e-05,0.00011496133,5.7695514e-05,-7.458705e-05,-0.00011970411,-5.2060237e-05,7.688091e-05,1.3358139e-05,-0.00012520116,-1.3593954e-05,3.8323495e-05,2.3318564e-05,0.00010866245,3.7301303e-05,3.5919027e-05,0.0002694461,0.000103149425,1.0481442e-05,9.2133625e-05,7.1314653e-06,-9.7133256e-05,1.3138113e-05,0.00018190977,6.101078e-05,7.158432e-05,0.00016676585,1.8507835e-05,0.00015752667,2.0817053e-05,2.8792967e-05,1.0494169e-05,1.6595119e-05,-0.00012440812
S194_NM_000189.5_1,3.1943833e-05,-6.699043e-05,2.0049602e-05,-2.9698447e-05,9.564245e-06,0.00013062463,-6.326165e-05,-0.00015264151,-3.8096748e-06,0.00014710304,0.0002940961,6.428071e-05,3.2947435e-05,0.00017807294,-0.00013818516,1.0828333e-05,-7.653925e-05,-0.00012147403,5.2279065e-05,0.00016451046,0.00010966202,9.718572e-05,8.7113935e-05,-0.00012426397,0.00011363146,-3.2015916e-05,-4.9982475e-05,0.00016338495,0.00017044178,-5.6992998e-05,4.7357422e-05,-3.6876314e-05,1.9581697e-05,-3.8814844e-05,-5.946922e-05,0.00019223595,0.00011563299,4.9099195e-05,-4.7498852e-05,-0.00025228085,0.00032177914,3.6653848e-05,-7.125699e-06,0.000107576576,-6.399372e-05,0.00016932082,1.2567259e-05,-7.925662e-05,-0.00013710711,6.247919e-05
S322_NM_002467.6,0.0001007617,2.8184913e-05,-9.4171955e-05,-1.4718409e-05,0.00014973801,0.00010375049,0.000111941794,-2.0013948e-05,-0.00013817343,1.444011e-05,-0.00010044497,4.9377883e-05,8.005987e-05,8.176667e-05,-7.14436e-06,-5.8439982e-05,-2.9146453e-05,4.04926e-05,-6.945821e-05,2.1529255e-05,4.1313666e-05,-5.2758387e-05,0.00015665195,6.650889e-05,3.5491717e-05,-9.64722e-05,-8.6718224e-05,-9.365137e-05,9.3133654e-05,-0.00011161122,-0.00020168122,2.1676364e-05,-4.4573102e-05,7.853653e-05,-0.00016803581,0.00018323303,9.128746e-05,-8.932008e-05,7.0782466e-05,3.7651855e-05,-6.375832e-05,-0.00017854605,8.150129e-05,3.274027e-05,-8.844635e-05,0.00015614266,-4.2205487e-05,-1.8958877e-05,-7.026997e-05,0.00013251965
S218_NM_001098540.3,-6.126464e-05,-0.000111185764,1.598691e-05,9.626356e-05,-1.07766145e-05,3.0606894e-05,0.00014259368,4.2103584e-05,0.00018927244,9.296285e-05,0.0001919492,5.4562006e-05,0.00015365437,-7.090263e-05,5.0935516e-05,9.345229e-05,-0.00017564524,-7.7059e-06,-4.586851e-05,2.2386488e-05,-8.263187e-05,0.0001343675,-5.5631743e-05,-6.9642265e-05,8.574074e-05,0.000102161655,-4.812747e-07,-2.572928e-05,-1.2386747e-05,0.00020422586,-3.1246502e-06,9.6535994e-05,0.00010402611,-4.584383e-05,0.000151293,6.322999e-05,0.00011751209,0.00013222171,-0.000115305105,-2.3422808e-05,5.416763e-06,-1.6690317e-05,8.997479e-05,-0.000106214255,0.00025090907,0.00027298846,-0.00013066857,-7.833524e-05,2.1497064e-05,1.2043899e-05
S162_NM_000189.5_2,5.0191713e-05,0.00012324138,3.3211567e-05,-2.2148986e-05,4.3486263e-05,-0.00014569974,4.301526e-05,4.2443815e-05,4.581844e-05,0.0001473938,-5.184212e-05,-4.386546e-05,0.00011493376,-0.00014897708,0.0002432811,0.0001923889,-0.0001407413,-2.4737794e-06,4.5043435e-05,3.4268367e-05,0.00017039804,-7.0438015e-05,-2.7970922e-05,0.00013427787,-0.00014126673,3.2642405e-05,-1.0854702e-05,-7.9489955e-06,-4.2296622e-05,-1.0899052e-05,7.779399e-05,0.0002737706,-0.00024009278,-3.8873353e-05,-0.00014465865,9.587126e-05,4.810138e-05,0.00011207285,0.00010011952,-0.00016991366,-4.5723824e-05,-3.675902e-05,-6.4521104e-05,-0.00012807267,-7.033831e-05,6.861225e-05,1.2808967e-05,0.000112508154,4.028749e-05,-1.5613838e-05
S177_NM_000189.5_2,-9.65848e-06,7.52903e-05,1.7740675e-05,5.4265634e-05,2.4494897e-05,-0.00019880489,7.435468e-05,6.389236e-05,0.00014670637,-8.076883e-05,7.2272705e-05,-1.4587221e-05,0.00012925961,-7.430552e-05,-0.00022795542,5.913333e-05,5.0874227e-05,1.4063457e-05,-9.383387e-05,7.642263e-05,6.296071e-05,7.920604e-05,-6.0693143e-05,-0.00013378919,9.508037e-06,2.3598046e-05,8.056448e-05,-2.4696948e-05,-0.00013663649,5.0740862e-05,-5.107302e-05,-1.648801e-05,0.00013078946,0.00015723232,2.8329794e-05,0.00019151602,0.00028125374,0.00025090302,-2.9316654e-05,-3.2398148e-06,-4.474177e-06,-5.3139698e-05,0.00013164684,7.006226e-05,9.877573e-05,-3.9587016e-05,-8.6063286e-05,-0.00018043884,5.985146e-05,-6.4382475e-05
S202_NM_001098540.3,9.288711e-05,5.006562e-06,0.00028510363,8.435535e-06,-8.134552e-05,-9.1394206e-05,6.453045e-05,8.7760614e-05,-5.3886793e-05,-2.4518282e-05,0.00015395673,7.2525254e-05,5.015613e-05,-0.00011985011,0.00015740331,-0.00011517024,7.853764e-06,0.00013055411,-0.00014461722,0.0001309209,9.847992e-05,-5.4421434e-05,1.4032915e-05,9.0435686e-05,7.5563294e-05,-7.97983e-05,0.00011524713,-7.12312e-05,0.00015121073,9.6238284e-05,-2.0134237e-06,0.00015745747,-4.3837987e-05,0.0001137357,2.4081271e-05,0.0002345958,5.748828e-05,-1.9164804e-06,0.000104302395,-0.00010828614,0.00018615615,2.5267682e-05,0.00027274148,0.0001670975,3.4562465e-05,-0.00014526244,0.00023099268,8.2143044e-05,1.231567e-05,-8.3080406e-05
S146_NM_000189.5_2,9.0280824e-05,2.6850228e-05,5.0079027e-05,-8.132144e-05,-8.385764e-05,-9.401498e-06,0.00014650727,6.6916466e-05,-1.095544e-05,-1.1934747e-05,4.787377e-05,0.0001046151,0.0002116201,-3.5699115e-05,-0.00017850913,2.6985672e-05,-4.675099e-05,0.00016526696,4.063721e-05,-4.4085387e-05,-6.671497e-05,0.0001167725,0.00018127012,6.719567e-05,-0.000117348216,8.602892e-05,0.00015019231,-6.984378e-05,0.00011227782,2.3308157e-05,-0.00024213156,2.3210128e-05,-6.405839e-05,3.8058242e-05,-3.50508e-05,-3.2370583e-05,9.863576e-05,7.950339e-05,1.49011585e-05,9.377501e-05,5.8182077e-06,-2.0067133e-05,0.00019987224,6.2296895e-05,0.00022548545,0.00016459059,5.9577953e-05,-1.8572637e-05,7.767405e-05,4.526517e-05
S258_NM_001098540.3,-8.989016e-06,0.00017313675,0.00017574383,-6.109897e-05,-2.4429475e-05,0.000106661195,5.84013e-05,-3.4146968e-05,2.9186673e-05,8.2740235e-06,5.3339583e-05,-5.8613467e-05,-1.9463829e-05,0.00013270437,7.155488e-05,-2.1524593e-05,7.382958e-05,0.00014856024,2.953965e-05,-3.2538926e-05,-0.000119431104,3.8551243e-05,-0.00011921658,7.898767e-05,-2.9154038e-05,7.395194e-05,-7.11286e-05,3.41065e-05,-4.270391e-05,-0.00047560874,2.7570582e-05,5.1990773e-05,1.103442e-05,-0.00012014414,5.1723506e-05,3.3679942e-05,-5.5077537e-05,5.131525e-05,5.022722e-05,9.67937e-05,8.0717415e-05,0.00010203869,-2.5756237e-05,0.00013385528,2.5314275e-05,-6.211519e-05,-5.850165e-05,0.00010705256,-1.5805364e-05,0.00014366113
S238_NM_001098540.3,7.3601445e-06,0.00017766845,2.1338476e-05,-0.00011108909,-0.00015332538,5.936748e-05,-3.1360854e-05,-8.482944e-05,-5.45045e-05,0.00014605463,-0.00011043156,9.803641e-05,-0.00017580362,5.6429446e-05,-0.00023971085,-0.00017809031,9.228256e-05,-0.00017717782,8.983078e-05,9.359202e-05,7.013415e-05,8.3270286e-05,-7.6095814e-05,-6.2402585e-05,3.3885935e-05,-5.3409756e-05,8.5590465e-05,1.2451781e-05,4.6465462e-05,-2.5326057e-05,0.00018859937,8.088441e-05,2.0417543e-05,0.000198568,4.931755e-05,8.042422e-05,-3.1366828e-05,0.00013560125,0.00012705747,2.796045e-05,-6.399703e-05,0.0001905641,0.00012274813,0.0001250513,-6.3292246e-05,-2.154989e-05,7.265813e-05,-0.000100955804,-3.3368306e-05,-4.3892283e-05
S196_NM_000189.5_1,7.982639e-05,-7.8328914e-05,0.00017621652,0.00018962946,-3.4142204e-07,-5.7831774e-05,0.00010245269,-5.433973e-05,3.6672416e-05,9.401782e-06,0.0001437353,6.291553e-05,-3.8496146e-05,8.84729e-05,-1.8837516e-05,0.00013186756,4.4060187e-05,0.00010731246,2.8526601e-06,-0.00011022799,0.00012883365,3.5523102e-05,-0.00014033286,0.00029138222,-7.357733e-05,-5.191231e-05,0.00013388503,8.949069e-05,-9.851067e-05,0.00018143986,4.834975e-05,0.00012684485,0.00024625874,0.00013096193,0.00014731623,-2.2828055e-05,0.00016710955,1.0614669e-05,-9.462128e-05,2.5537876e-05,-3.9591185e-05,0.00016720008,1.8980323e-05,-0.000111663496,1.9462452e-05,3.5666595e-05,-0.00011509965,-5.955992e-05,9.0454305e-05,0.00011424666
S95_NM_001530.4_2,7.210433e-05,-0.00019759452,4.1248477e-05,-2.4530264e-05,-0.00010195295,-8.7594184e-05,-7.9354295e-06,-3.0024285e-05,-3.2194403e-05,-0.0001221417,-3.2872493e-05,5.862205e-05,-0.0001348943,-3.5378278e-05,6.799127e-05,-1.7170545e-05,-1.24189655e-05,-0.000112502545,9.392095e-06,-7.577519e-05,-2.3905259e-05,9.5692834e-05,0.00016344171,0.00017984428,-0.00010692404,5.6501376e-05,-7.968556e-05,-6.0741353e-05,8.2592705e-05,4.9661194e-05,5.2933065e-05,0.00012496545,5.8575435e-05,-0.00011306043,0.00018236134,4.94988e-05,8.21289e-05,1.8713225e-05,8.8512636e-05,9.89747e-05,2.8331746e-05,-3.478431e-05,1.8507902e-05,-0.00013613034,0.00015005999,0.00010119704,6.907136e-05,3.6812246e-05,2.8844406e-05,3.4448717e-06
S134_NM_000189.5_1,4.258693e-05,-5.7790094e-05,0.000109852685,0.00010041638,5.2435145e-05,5.121877e-07,-7.2271265e-05,8.412567e-06,-2.2257726e-05,-1.1900716e-05,-0.00015660167,0.00012458218,0.000111544265,-0.00013989833,3.2595126e-05,-4.595026e-05,0.00010023853,8.374297e-06,0.00014088958,0.0001593425,5.9410995e-05,8.722232e-05,5.3725403e-06,0.00020599237,3.389339e-05,2.7562642e-06,0.00018836244,-6.883319e-05,-0.00021717626,-4.928083e-05,-2.8623403e-05,5.6151184e-05,0.00020111137,2.253216e-05,-5.094881e-05,2.0629803e-05,-4.5482837e-05,0.000288422,3.9198017e-05,0.00026228774,-1.5761017e-05,0.00025265157,0.00028179205,3.9636718e-05,-3.9331335e-06,-8.642262e-05,1.74624e-05,4.088593e-05,9.2698196e-05,-1.9744934e-05
S143_NM_000189.5_1,8.6471744e-05,-3.455679e-05,-9.041039e-06,-5.3497704e-05,-7.6269294e-05,-9.465383e-05,0.00017745377,-4.895711e-06,9.500166e-05,6.338681e-05,-1.4719781e-05,0.00013701843,3.4887817e-05,1.8044022e-05,1.468574e-05,-8.154811e-05,9.215079e-05,0.00012666137,-8.977302e-05,-6.794912e-05,2.7840208e-05,0.00026419057,6.073216e-05,1.5608905e-05,-8.7587e-05,3.0493737e-05,6.798657e-05,-9.671427e-05,-9.5878306e-05,6.3489846e-05,9.0105656e-05,-4.601042e-05,-4.629936e-05,4.0531315e-05,-2.4061119e-05,0.00029163642,-5.5507004e-05,7.082696e-05,-0.00023993851,0.00012017326,-6.1673396e-05,0.000262541,1.8884446e-05,-7.0739094e-05,0.00027418483,-0.00017951112,2.6539492e-05,1.6680798e-06,-0.00010129212,-6.62229e-05
S115_NM_000189.5_1,7.375267e-05,-0.00014794865,-1.0480175e-05,3.9169186e-06,6.2903986e-05,8.576238e-05,0.00012581887,8.127707e-05,-0.00021731941,8.862088e-05,-0.00011622046,3.1628228e-05,3.8822705e-05,2.7821583e-05,4.998859e-05,-0.00010601889,8.813143e-05,9.3268e-05,6.52296e-05,1.3057632e-05,0.00010280175,-0.00010168213,2.8017388e-05,-3.3968656e-05,-6.277427e-05,5.1981126e-05,5.1065523e-05,-9.2528055e-05,4.194016e-05,6.240546e-05,0.00024267039,2.2461496e-05,1.4591699e-05,-0.00017740164,7.88066e-05,4.0263072e-05,2.5732392e-05,-0.00010430311,9.063794e-05,-0.00025096288,-5.6784338e-05,0.00011195889,5.2014722e-05,5.4738033e-05,0.000100886,7.0199836e-05,0.00015020567,7.242562e-05,6.055196e-05,6.9411595e-05
S124_NM_000189.5_1,-2.418911e-05,0.00012012106,5.628799e-05,1.5750145e-06,-7.2938165e-05,-3.6388206e-05,0.0001244474,7.100147e-05,-5.693301e-05,7.025303e-05,-4.420109e-05,0.000290662,9.708954e-05,-2.3313472e-05,0.00017050735,0.0001646414,7.877657e-05,0.00010229661,9.6110256e-05,-7.1878014e-05,0.00021848764,2.8185606e-05,-9.072131e-05,-0.0001428586,-1.9111634e-05,9.770573e-05,-3.8915754e-05,-9.465612e-05,6.4650565e-05,8.462926e-05,3.8436665e-05,0.00015078258,5.530801e-05,-0.00021143229,0.000131849,0.00011354465,0.00010964592,1.9764822e-05,3.7881528e-05,0.00022036035,-8.3061896e-05,-2.2223408e-05,2.6840275e-05,5.049786e-05,-0.000107953965,-7.268913e-05,3.7211776e-05,-3.0444598e-06,0.00012851601,-0.00017133185
S51_NM_001530.4_1,9.546087e-05,-0.00012823258,-2.2029284e-05,0.00016668216,8.272046e-05,7.5809585e-05,-0.00013690373,9.171559e-05,6.572298e-05,4.2748383e-05,-2.8347802e-05,4.6193127e-05,-4.2211177e-05,0.00013176231,1.29931095e-05,-5.496183e-05,0.00014425414,3.0407113e-05,-2.5371932e-05,0.00010303531,-1.1038667e-05,-0.00015795024,-4.5684632e-05,9.840363e-05,7.1890025e-07,-0.00013484515,-5.3160747e-05,4.4136093e-05,3.8721126e-05,0.00011758874,1.04763785e-05,3.2138678e-06,0.00017773556,-0.00014948011,-0.000115892384,8.886621e-06,1.2026748e-05,-0.0002352365,0.00021409748,-9.1701324e-05,-0.00021369926,-9.595324e-05,0.00021388373,7.651207e-05,3.9367675e-05,7.641491e-05,-9.374621e-05,0.0001547223,0.00019661644,1.183865e-06
S100_NM_001530.4_2,-0.00017694436,2.2521555e-05,-0.00021450112,0.00012615853,9.9820085e-05,-3.300167e-05,2.1664757e-05,-1.0453352e-05,-6.7977344e-05,9.274656e-05,4.438718e-05,7.197751e-05,-7.433878e-05,6.6232315e-05,2.4659732e-06,-7.807364e-05,-2.745148e-06,0.00010631755,7.144936e-05,5.041248e-05,6.862693e-05,8.082179e-06,-7.188613e-06,1.1639932e-05,2.3507035e-05,1.9841002e-05,-0.000107343854,1.991763e-06,-0.00010996533,4.1331063e-05,0.00010279087,5.9297545e-05,2.8154032e-05,8.160569e-05,-7.71328e-05,0.000100803285,0.0001631287,-2.9934492e-05,-9.555669e-05,-2.5404803e-05,6.120966e-05,0.00018379328,1.6575628e-05,0.00015524241,7.923406e-05,-8.702531e-05,-7.064657e-06,-4.0528706e-05,-4.3028733e-05,-2.5437777e-05
S144_NM_000189.5_2,2.3975244e-05,-7.871997e-05,7.851041e-05,1.1469159e-05,2.4007226e-05,0.00013026391,4.1004037e-05,-8.4378546e-05,-9.645911e-05,6.200726e-05,3.4408175e-05,1.1091977e-05,1.27249505e-05,0.000218306,9.454306e-05,-6.9374396e-06,2.3267357e-05,-0.00017178389,0.0001139137,2.3278378e-06,-0.00018455397,-0.00010063651,-6.980853e-05,-0.00010472782,2.3210292e-05,-3.2864624e-05,0.00011965308,-7.441045e-05,-8.331763e-05,-0.00012124715,4.4758966e-05,0.00014738378,-5.3396648e-06,1.608287e-06,-0.00012224758,3.0790237e-05,-0.00012303698,-6.4998305e-05,0.00015268785,-0.00012643833,-7.288355e-05,-6.312488e-05,-5.002429e-05,-7.286421e-05,-0.00012583174,-0.00020419685,0.00016236783,5.4931494e-05,-6.906698e-05,-1.2802203e-05
S255_NM_001098540.3,-8.9857655e-05,0.00018555942,-9.137401e-05,-7.423375e-05,-3.5970574e-05,2.8477643e-05,-5.0386443e-05,-7.737256e-05,4.0683106e-05,-0.00015694853,-8.386581e-07,-2.0631682e-05,0.00032807552,-9.374611e-06,0.00010750957,-2.1222948e-05,-0.00014572783,-0.0002751169,3.0585115e-06,-0.00016850313,-2.4423487e-05,9.561915e-05,0.00014232988,-0.00011736438,3.1493415e-05,-6.95672e-07,8.8694724e-05,0.00012260495,8.293129e-05,-3.6671554e-05,8.5592765e-05,0.00010823461,-0.000100777856,3.3679666e-05,0.00023939418,0.00014404513,1.9378342e-05,2.4638286e-05,4.1255003e-05,-1.1813278e-05,-4.2362928e-05,-3.547734e-05,0.0002134597,-4.918756e-05,-0.00015912067,-0.00018263361,4.0398577e-06,8.5908534e-05,9.394871e-05,-9.396292e-06
S92_NM_001530.4_2,-0.0001156167,-5.5828972e-05,8.741057e-05,-0.0001729098,4.420084e-05,-3.5052475e-05,2.5715151e-05,0.00020904165,0.00013786001,4.67151e-05,1.1530859e-06,-0.0001365272,6.4363965e-05,9.678342e-05,2.5445717e-05,7.3144576e-05,-2.76814e-05,0.00012258555,-9.4862e-05,7.838745e-06,1.7838833e-05,-1.9610614e-05,-5.947588e-05,-5.661016e-05,7.874708e-05,1.4789428e-05,-4.7006535e-05,2.957634e-05,-0.00016827771,8.5606436e-05,-8.6675034e-05,0.000109221415,-5.373506e-05,5.000684e-05,-6.422031e-05,5.5205153e-05,-6.5086766e-05,4.588809e-05,1.705705e-05,-8.923963e-06,-8.7814005e-06,-0.00014592703,-0.00013111065,0.00010822168,-4.973757e-05,2.0752477e-05,6.627587e-05,0.00020017246,-8.1480386e-05,0.000117102885
S354_NM_001904.4,0.00023960238,2.655341e-05,6.894528e-05,1.2894413e-05,-9.4132985e-05,7.044228e-05,6.6260916e-05,-0.0002597342,8.993592e-05,-5.5096693e-06,7.5352276e-05,9.553722e-05,-0.00012014635,-4.7657555e-05,0.00017036857,0.0001563361,0.00015406145,0.00015621331,5.77554e-05,0.00011346105,8.686392e-05,7.316997e-05,-2.5787456e-05,-6.52161e-05,-4.8410056e-05,0.00030738013,2.4470388e-05,5.8237514e-05,0.00010891333,4.8267804e-05,-6.0835533e-05,4.867439e-05,0.00012608658,-6.946165e-05,0.00015750095,1.3898325e-05,-4.8052447e-05,-0.00011159932,1.1712641e-05,4.0496638e-05,3.1941294e-05,-4.1212486e-05,0.00013329441,4.806072e-05,-4.6749246e-05,0.0002298915,-3.040063e-05,-0.00013512098,-8.344654e-05,-0.0001767879
S325_NM_004456.5,-8.341047e-05,0.00019310947,0.00017316725,8.58537e-05,4.1201907e-05,-1.4472297e-05,1.6985307e-05,-9.9512596e-05,8.172828e-05,0.00020952625,-7.1800685e-05,-0.0002136037,-7.873413e-05,-4.706893e-05,0.00013210809,4.9792132e-05,-7.575789e-05,-3.9407732e-05,-0.00017380272,9.253248e-05,0.0001234958,-9.467284e-05,0.00018551997,-0.00013097643,-5.7197994e-05,0.00013782326,-3.0208204e-05,-3.475072e-05,-3.8356044e-05,-4.888834e-05,0.0001381838,7.4160954e-07,0.00020453299,-8.3073646e-05,5.871607e-05,0.000120979115,-2.0695245e-06,3.440844e-05,8.93312e-06,8.747187e-05,-8.427637e-05,-6.860578e-06,2.6299922e-05,0.0001773093,2.5597652e-05,7.9006604e-05,-0.00010458499,-6.2571926e-05,-4.1115753e-05,0.000102506565
S167_NM_000189.5_1,1.8727078e-05,2.4576902e-05,0.00012428945,-3.0715728e-05,-5.4584892e-05,2.3062794e-05,-7.719575e-05,-8.576582e-05,-3.2223543e-05,7.143994e-05,9.069092e-05,-4.4243265e-05,3.3160115e-05,8.935151e-06,0.00013510266,4.4219094e-05,-5.167422e-05,-0.00020108053,-4.2247316e-06,-3.682815e-05,-7.617943e-05,4.6752848e-05,0.00013682332,6.263536e-05,-0.00012375037,0.00026039878,1.8124934e-05,3.3913548e-05,-5.9343827e-05,0.00011506557,-0.00023109923,-0.00013567568,3.4699944e-05,1.6525993e-05,4.6638674e-05,-0.00011287781,-9.543351e-05,8.243301e-05,0.00016212894,-2.75844e-05,-0.00014014698,-0.00014961275,-5.8778955e-05,0.00028348702,-9.4788695e-05,1.7127215e-05,5.1434698e-05,3.942126e-05,0.00017031482,0.00010011133
S85_NM_001530.4_2,0.00014781351,8.270503e-05,2.0226897e-05,9.583883e-05,-9.33007e-05,9.8914395e-05,0.00011022494,0.00015282248,-0.00011392275,-3.47523e-05,1.1742398e-05,-4.809216e-05,-2.1249825e-05,-4.194549e-05,0.0001048005,6.5519057e-06,5.7712667e-05,-0.00013586952,8.1510705e-05,0.00010436246,-3.1195905e-05,-1.6525893e-05,-3.0498184e-05,-1.3784695e-05,-4.2658576e-05,-8.157234e-05,0.00011064117,0.00012722543,-2.6687425e-05,-7.030757e-05,4.819895e-05,2.664564e-05,4.066609e-05,0.00018849094,-0.000117363765,-5.3582167e-05,4.3761074e-06,-9.240648e-05,0.00015721007,5.136167e-05,-0.00011037103,0.00021011289,7.413503e-05,0.000119736906,4.8718528e-05,0.000101867845,-6.731236e-05,-1.1701317e-05,-1.0727985e-05,-0.00016121757
S38_NM_001530.4_1,-0.0001605648,-0.0001422641,0.00014145397,1.651625e-05,2.1531512e-05,-9.909025e-05,-2.2051176e-05,-6.4289125e-05,-0.0001048073,0.00021332623,-7.2902385e-06,-9.4294446e-05,-0.00014088496,-0.00010687428,3.0084293e-05,0.0001278752,3.610378e-05,0.00011157496,-7.265943e-05,1.8235587e-05,4.2138323e-05,-0.0001966293,-9.633782e-05,-3.5566205e-05,-1.1575019e-05,4.957868e-05,0.00010887111,-0.00028588294,-2.9314708e-05,0.0001261317,0.00014854621,0.000112337744,4.9658778e-05,-2.7374257e-05,9.1562586e-05,0.000120691344,4.4474295e-05,0.00028199758,1.879823e-05,0.0001084995,-0.00012190107,-0.00011617075,9.872863e-06,8.439931e-06,0.00014084391,9.4444e-06,-3.1203515e-05,2.0075024e-05,-0.00010665954,3.771617e-06
S120_NM_000189.5_2,6.4742395e-05,-4.861788e-05,9.4199844e-05,-4.3030923e-05,5.892181e-05,0.00012573913,0.00015570057,7.381862e-05,9.4788404e-05,-3.278521e-07,-0.00011956246,0.0001807328,5.5751396e-05,0.0002418171,-3.978056e-05,1.5766705e-05,3.4246845e-05,0.0001885069,-4.4857174e-05,0.0001884292,1.9860696e-05,4.1554238e-05,-0.00010466759,2.5959898e-06,0.00020033444,5.8861642e-05,-3.889977e-05,0.00016727316,1.933704e-05,-0.0002035609,7.479598e-05,9.276474e-05,-0.00015042818,6.691515e-05,-2.0043477e-05,2.7303363e-06,-0.00011146098,9.783543e-05,-9.991975e-06,3.5565306e-05,2.6579242e-05,-8.896621e-05,-2.0034602e-06,0.00011528912,0.0003229913,1.5631373e-05,5.960838e-05,3.561282e-05,-3.6597106e-05,9.712634e-05
S135_NM_000189.5_1,7.307488e-05,0.00016801548,8.565327e-05,-4.0533454e-05,-3.6574187e-05,9.783598e-05,-0.00013112536,-0.00024153476,0.00013631319,0.00010230749,1.9080128e-06,-5.6871744e-05,6.461267e-05,6.0005717e-05,0.00017953024,-1.1244135e-06,-1.7820403e-05,0.0002388033,6.909599e-05,2.214661e-05,6.687689e-05,3.139714e-05,-8.0766105e-05,-1.9238887e-05,-9.142629e-06,0.00021586397,-8.999125e-05,1.8746503e-05,5.9121212e-05,-0.000118587486,0.00036075414,4.6679917e-05,2.1305763e-05,-0.00017279504,0.00016347236,-2.8501297e-05,0.00015060681,8.4112195e-05,0.00014755393,-8.337384e-05,0.00014591186,-0.0001225184,9.2769194e-05,0.00022804271,-0.00011739756,2.915858e-05,7.82143e-05,9.002422e-05,6.655804e-05,0.00020398147
S142_NM_000189.5_2,-1.1909999e-05,3.1350148e-05,2.6610567e-05,-9.890836e-05,3.251329e-05,7.2196e-05,0.0002265904,-1.4227319e-05,-4.7323243e-05,-0.0001608254,9.555933e-05,-3.960209e-05,-5.4719094e-05,0.00018912488,1.3790916e-05,-9.212293e-05,-0.00017079827,-1.3056064e-05,-7.606588e-05,9.18682e-05,5.8727826e-05,2.0423271e-05,3.430824e-05,-0.00012538485,4.079869e-05,5.9150752e-05,0.00021515213,4.328615e-05,7.918009e-05,-4.7893507e-05,-2.6150004e-05,0.00015698768,0.00013141404,-2.8879183e-05,-0.00022381118,-5.190656e-05,8.0778904e-05,8.4614374e-05,-8.686094e-05,9.824765e-05,-3.23832e-05,-0.00017762164,-3.8386162e-05,8.4157786e-05,-6.843815e-05,5.4098673e-05,-1.7387758e-05,0.0002076508,9.785285e-05,-7.6556735e-06
S66_NM_001530.4_2,0.00014003008,-6.753588e-05,2.742684e-05,1.2275708e-05,2.3866776e-05,-0.00012951833,7.321356e-05,3.1740467e-05,0.00012531622,1.3346609e-06,2.2080996e-05,-3.759714e-05,0.00021683003,1.611902e-06,5.04642e-05,0.0002000602,-4.4191795e-05,-7.2405533e-06,0.00014601773,-2.9830328e-05,0.00011159184,1.1412982e-05,4.1742864e-05,5.859774e-05,0.00018825402,3.8112008e-05,1.1998179e-05,-0.00012243794,8.122114e-05,-3.077924e-05,-8.364266e-05,-5.7931047e-05,1.029487e-05,-3.940861e-07,0.000109731336,-9.667246e-06,-3.3395547e-05,8.449517e-05,-9.4881405e-05,1.695084e-05,1.38964815e-05,0.00014234488,1.4598045e-05,7.061041e-05,0.000114025235,8.904943e-05,3.2769283e-05,1.3740017e-05,-3.292577e-05,1.330809e-05
S114_NM_000189.5_2,-0.000120986384,8.342231e-05,-3.253012e-05,0.000108086664,-9.573752e-05,6.533179e-05,2.6887137e-05,9.316754e-05,0.000108112494,-5.5831265e-07,-0.00020691709,6.6548346e-05,3.1506468e-05,0.00015733512,-5.3547814e-05,0.00017329106,-4.8492304e-05,-6.819974e-05,-3.231314e-05,3.7236652e-05,0.00015281161,5.110952e-05,-0.00023522064,-1.0801864e-05,3.1884018e-05,9.652707e-06,-8.458522e-05,1.46567945e-05,-0.0001528686,0.00023138494,-9.376053e-05,-0.00023677722,0.00020248449,-7.2029743e-06,-2.5360858e-05,0.00010079205,-7.135519e-05,1.2408635e-05,-1.4836537e-05,-8.067745e-05,4.849208e-05,0.00011357904,-4.0668354e-05,6.982967e-05,0.00017985294,6.360807e-05,1.1529946e-05,0.00016881584,1.6556619e-06,-7.3057534e-05
S207_NM_001098540.3,6.651722e-05,-0.00012471495,-1.9285937e-06,7.858208e-05,5.1154525e-06,0.00028814518,4.1819505e-05,2.7889766e-05,5.790241e-05,-5.742628e-05,3.1391373e-05,0.00012421847,7.324646e-05,2.3786577e-06,6.182264e-05,8.9068155e-05,5.6391605e-06,-1.995363e-05,0.00015982677,-5.6697994e-05,-7.755119e-05,1.1580212e-05,7.9433785e-06,9.495777e-06,6.9466194e-05,4.3542896e-05,-0.000100757024,7.666585e-06,0.0002493867,8.938986e-05,-0.0001255901,-4.269484e-05,-5.947872e-06,-0.00022046661,3.4561275e-05,-0.00015330817,0.00022675778,6.024245e-05,-1.8636281e-05,0.00022257557,-3.9459002e-05,7.20164e-05,9.108007e-05,-6.492834e-05,-0.00013109851,9.207795e-05,-2.8494995e-05,-0.00014118018,9.2157374e-05,-0.00016396354
S248_NM_001098540.3,-9.3256e-05,5.5328706e-05,7.0878654e-05,5.9208338e-05,2.6286636e-05,0.00017932236,4.114621e-05,-2.786217e-05,9.020931e-05,0.00026692922,8.530427e-05,-0.000116724106,3.8537724e-05,-2.1079937e-05,7.4201496e-05,0.00014903682,-4.3561526e-05,3.8570077e-05,-0.0001413797,3.3635304e-05,-0.000110174435,3.750085e-05,1.6355614e-05,0.00012163956,-0.00016296848,6.333152e-05,-9.3390125e-05,4.521374e-05,-0.00016235157,0.00011743408,0.00018887964,3.321828e-05,-0.000110291694,0.0001211484,-4.2619773e-05,0.00024261743,-9.336778e-06,2.312149e-05,-0.0001566118,0.00027404507,-8.006713e-05,2.9748178e-05,8.538472e-05,2.7890208e-05,-1.8340917e-05,4.991885e-06,4.6347677e-06,-0.00010943917,-0.00017092636,-8.8100234e-05
S9_NM_001530.4_1,5.2823674e-05,-0.00020981034,4.322163e-05,0.000111911,2.8922987e-05,-1.8366333e-06,-1.1957397e-05,-3.7941187e-05,0.0001877169,-2.4581763e-05,9.294069e-05,-3.5124544e-05,-9.732055e-05,-8.605417e-05,8.100087e-05,0.00010376679,-8.017994e-05,7.2910545e-05,8.040917e-05,0.00015921678,-8.351493e-05,0.00014384762,4.533994e-05,-1.6631949e-06,1.6156182e-05,-5.7636662e-05,-8.1474296e-05,9.267527e-05,0.00010964054,0.00014963861,-1.1281389e-06,-7.533317e-05,-7.194742e-05,5.0190796e-05,-6.3956686e-05,1.1119993e-05,6.565705e-05,-2.2834365e-05,2.019825e-05,0.00022662744,7.6387485e-05,4.6625424e-05,-1.0541421e-06,4.714533e-05,0.00012162514,0.00022116677,0.00012039736,-0.00013283193,-4.922136e-05,-4.0827446e-05
S184_NM_000189.5_1,9.503834e-05,3.7746053e-05,-0.0001195713,-1.9099657e-06,7.267981e-05,0.00011994825,-3.1784784e-05,0.0001214735,0.00011818515,-1.9536658e-06,3.2149386e-05,5.586245e-05,-0.00017166167,3.9261966e-05,-0.00016207305,-8.787768e-05,-0.00013435762,-1.7710663e-05,7.447159e-05,3.368417e-05,-0.00022822856,5.0168903e-05,8.3667765e-05,-0.00013203762,-5.777696e-05,0.00020364735,3.8576545e-05,-6.206136e-05,8.0585014e-05,-4.9504215e-05,0.00015519228,0.0002691796,0.00014115116,7.055975e-05,-9.483926e-05,1.73782e-05,-7.0256814e-05,-0.00028105752,0.00018087916,0.0001196581,6.331154e-05,0.0001911066,-8.995944e-05,-4.1385512e-05,-3.1970692e-05,-4.5305864e-05,5.9978414e-05,1.4230271e-05,-3.9436713e-05,-7.549867e-05
S127_NM_000189.5_1,-2.0786434e-05,0.00024563383,1.020031e-06,9.207572e-05,-8.551471e-05,-5.451044e-05,7.2978306e-05,9.702548e-05,3.6568974e-05,6.736896e-05,0.00010825722,0.00015582162,-0.00010756379,5.4633696e-05,5.3677886e-05,-6.124987e-05,7.660276e-05,-7.10555e-05,0.0001676673,0.000110930596,2.897232e-06,9.229113e-05,4.137084e-05,4.149645e-05,0.0001355697,-4.5158205e-05,-2.0667176e-05,-0.00015362275,6.635182e-05,0.00012013786,6.234324e-05,-4.7593934e-05,6.7987094e-05,2.3210709e-05,0.00012491,0.000117801574,-8.909817e-06,9.8661694e-05,0.00022756308,6.0678547e-05,2.2318827e-05,0.00015744987,0.0001452376,1.7693255e-05,0.00011999413,-6.8134206e-05,1.4382174e-05,4.5760415e-05,-0.00021859127,0.00016430927
S302_NM_001098540.3,-3.3267253e-05,0.00015368663,9.077874e-05,-1.1090102e-05,-1.8531895e-06,9.519336e-05,7.259083e-05,3.8292626e-05,0.00013470916,5.431901e-05,-9.324689e-06,-0.00010104453,0.00019049196,-6.2792526e-05,-8.1554484e-05,0.00023913689,4.234569e-05,-3.7913236e-05,0.000108523964,0.00010984817,0.00024093459,-2.2005406e-06,6.993627e-05,5.1310963e-06,-4.751349e-05,-0.00016404162,-6.5644505e-05,-1.2093172e-05,-2.6484784e-05,-8.392858e-05,-4.0844276e-05,0.0001234703,0.00022656149,-3.1601332e-05,8.6839835e-05,0.00017363622,-6.114969e-05,-2.4806708e-05,-0.00018951463,-8.646509e-05,9.1122325e-05,-3.0783347e-05,4.056974e-05,4.284018e-05,9.048506e-06,0.00016977855,0.00012124191,0.00010105203,4.7237096e-05,0.00014486208
S190_NM_000189.5_2,5.0708037e-05,-7.245684e-05,5.1929917e-05,0.0001296699,4.882903e-05,-4.697572e-05,7.663998e-05,0.0001951845,0.0001020503,4.1071093e-05,0.00013690877,-4.4111344e-05,-6.2633712e-06,0.00020589744,-1.9428388e-05,-5.3071494e-06,-9.35102e-05,3.4032091e-06,-5.3370357e-05,9.3806586e-05,9.64867e-05,-3.7097998e-05,1.2429794e-05,-2.9797843e-06,-1.9021543e-06,-0.00010152743,9.947838e-06,1.7231321e-05,4.7802907e-05,0.00018211079,-0.0001697826,-4.530849e-05,-4.7131043e-06,6.8320034e-05,9.717201e-05,0.00012525849,1.6269452e-05,-3.1109856e-05,-4.259051e-05,0.00021976136,0.00020428907,7.861333e-05,1.1862573e-05,8.513117e-05,-0.00010785576,-8.048737e-05,0.00016756661,-0.00010844042,-7.870125e-05,2.7781516e-05
S264_NM_001098540.3,5.4276406e-05,2.501763e-05,6.22459e-05,-0.000120447396,-4.175588e-05,-5.286954e-05,-8.147872e-05,0.00010528558,-0.000116963,-2.7320873e-05,0.00013495798,0.00014039726,9.747707e-05,3.8050355e-05,0.00022960847,0.00010820084,4.7492426e-06,-4.1643372e-05,0.00013585955,5.256987e-05,-0.00011063113,-1.6019789e-05,0.00017522083,5.9248996e-06,0.00012658683,-5.9624508e-05,5.7417426e-05,3.3368655e-05,8.5428976e-05,2.1692602e-05,0.00023295732,0.00010225276,0.000101691476,-0.00011001815,7.285347e-05,1.2072156e-05,6.4225635e-05,5.3957883e-05,-4.1721858e-05,-5.1548577e-05,2.9396431e-05,-5.249145e-05,-4.451409e-05,0.00028359247,1.2270149e-05,0.0001032504,-1.32359755e-05,0.00010723667,-8.8894936e-05,0.00019541339
S287_NM_001098540.3,-4.376661e-05,-9.053243e-05,-9.955169e-05,0.00012995703,-1.5671667e-05,3.911607e-06,3.158048e-05,0.00013487496,-6.835259e-05,8.08261e-05,1.28430165e-05,2.130581e-05,-2.6882417e-05,-1.3161982e-05,6.316328e-06,-0.00014789405,1.6306949e-05,8.540392e-05,1.651936e-05,-8.3351784e-05,7.151696e-05,0.0001555354,0.0001329539,-2.1816415e-05,0.00011695399,-1.4062806e-05,3.2311284e-05,0.00012466451,5.0190476e-05,2.238711e-05,-8.242481e-06,-3.429071e-05,-0.00022826454,0.00010168459,-0.00014305905,-3.603926e-05,3.681269e-05,8.376679e-05,-4.7929338e-05,-1.8357554e-05,1.5282774e-05,-6.5054235e-05,-0.00015053022,0.00017613059,0.00015819047,0.00015003294,-2.885636e-05,0.00016054709,-8.503766e-05,-7.2976276e-05
S249_NM_001098540.3,-1.7848528e-05,3.370787e-05,-2.8689978e-05,9.0831876e-05,5.7519283e-05,0.00012779507,0.00031325076,-1.8150822e-05,8.4614134e-05,-5.9841073e-05,3.3363034e-05,1.5379037e-05,0.000118125965,-5.797031e-05,0.00013499135,0.00021728611,-0.00017281382,0.000104835766,-4.8982358e-05,0.00010042634,0.00012983693,5.1845356e-05,-7.969007e-05,-2.8864115e-06,7.8307254e-05,-2.3565053e-05,9.772333e-05,-0.000114683775,9.7268654e-05,5.056253e-06,1.9237494e-05,-9.871593e-05,-0.00013136998,-5.378768e-05,7.0860624e-05,0.00020205238,7.565217e-05,0.00023855673,7.348746e-07,1.7896098e-05,-4.460055e-05,-2.0882856e-06,9.708666e-05,0.00023389397,-3.7027447e-05,4.2141943e-05,8.515572e-05,-3.906229e-05,-9.4637784e-05,0.00014754935
S213_NM_001098540.3,-0.00014367381,-7.351177e-05,-0.000108078064,-9.205945e-06,0.00016125558,-6.340537e-05,0.00013319177,6.570588e-06,0.0001498563,6.33572e-05,9.553922e-05,5.375825e-05,-0.0001402713,1.9063107e-05,0.00018797626,-2.1377837e-05,0.00010157267,-0.00011600055,-9.5319985e-05,5.1377392e-05,1.8410523e-05,6.083196e-05,0.00012200425,-0.00014452724,-8.09575e-05,-7.006579e-05,0.00025097327,0.000120329394,0.00010080053,2.8334052e-05,0.00011720702,-7.65735e-05,-5.269963e-05,5.0937273e-05,0.00021358776,0.00018863581,-4.5008994e-05,-3.5757286e-05,0.000121465084,-3.8286646e-05,4.590131e-05,0.00015217262,-0.00021364575,6.879754e-05,3.3515124e-05,-7.371011e-05,-3.8524697e-05,-9.6896045e-05,8.813402e-05,-1.7609527e-06
S305_NM_001098540.3,0.00012978689,1.8049219e-05,-9.311873e-05,-4.9691556e-05,-6.4121e-06,4.3840588e-05,-0.00016269431,9.044475e-05,-0.00010206988,-1.760998e-05,-4.0395662e-05,-2.5992813e-05,0.00019392878,-2.055728e-05,-0.00015934432,-6.8308094e-05,-0.0001511585,0.00017432094,-3.1658863e-05,-5.7118654e-05,0.00012608155,0.0001104013,-0.00019786185,0.00013500184,7.2105895e-06,-9.767149e-05,-7.8348485e-06,2.653861e-05,3.8899998e-05,9.1826e-05,6.293709e-05,0.00010741572,0.00011334913,-1.1303502e-05,6.658783e-05,0.00015122381,2.7986891e-05,-3.8992697e-05,0.000114016286,-2.7319564e-05,-6.159204e-05,0.00018321397,4.59087e-05,0.00016121684,6.491959e-05,-1.7540968e-05,-0.00011819242,-0.000102489874,-0.00016614776,-7.4158954e-05
S118_NM_000189.5_2,-4.9497186e-05,2.7627004e-05,-7.31275e-05,0.00015640687,0.00015168216,0.0001909965,9.8996185e-05,4.7887363e-05,1.3795949e-05,3.3906323e-05,-0.00012020887,5.6733697e-05,-2.752515e-05,0.00013084945,3.776268e-05,0.000155465,-0.00012373544,-1.1260351e-05,-0.0001317923,-0.000110317626,0.00013763961,-9.140563e-05,0.00022139789,0.00021670476,-0.00013397876,-5.683882e-05,3.9902072e-05,-0.00011490221,-9.384252e-05,-2.2991682e-05,2.4169554e-05,0.00010121141,5.2001353e-05,8.648687e-05,5.581712e-05,0.00016659449,3.9895713e-05,-3.7335765e-05,2.0260899e-05,-5.659811e-05,-9.857602e-05,-2.2548908e-05,-7.218156e-05,0.000118266005,-0.00016556548,0.000107511696,-7.3878946e-05,0.00013062106,8.7007225e-05,0.00015362166
S21_NM_001530.4_1,3.839719e-05,0.00019565733,6.065411e-05,9.779488e-05,2.4034738e-05,0.00014248361,0.00015940194,-1.17530835e-05,0.00013367359,0.00017324918,-0.0002796364,3.9199327e-05,-1.2075052e-05,-3.419944e-05,4.5677298e-05,6.913917e-05,1.8739129e-05,1.08611125e-07,3.074929e-05,0.00010869313,-0.0001678732,-0.00014531327,0.00014151813,0.00011891172,-2.8936363e-05,0.00019423527,-1.6313737e-05,5.2856532e-05,0.00011097292,9.544121e-05,0.00010498213,-7.659752e-05,-9.0321875e-05,-0.00018941799,1.9374025e-05,-0.000113889815,6.4198975e-05,7.434146e-06,-1.27315325e-05,7.91468e-05,0.00012112218,0.00017319275,0.00013461841,1.7059018e-06,7.4216754e-05,-9.556438e-05,-7.5806376e-05,3.597157e-05,-3.6994297e-05,1.567339e-05
S199_NM_000189.5_2,-2.9407076e-05,3.1130134e-05,7.973052e-05,-3.8828322e-05,4.66528e-05,0.00011405194,0.00011184025,0.00010173269,-0.00028977613,-9.774123e-05,-3.601411e-05,-2.4187988e-05,-2.8634826e-05,-2.3596642e-05,-5.49852e-05,-8.236188e-05,-0.00015885929,-2.4189454e-05,-3.0005946e-05,0.00012509672,-1.0445686e-05,1.945907e-05,-0.00014278493,-0.00019090221,-7.539547e-05,-9.080332e-06,1.3504328e-05,2.1494184e-06,-0.00021975169,3.4063312e-05,0.00023330364,6.468099e-05,0.00018020334,0.00011042505,0.00013812169,-3.577585e-05,-1.0931593e-05,-6.931283e-05,-4.5578185e-05,9.020977e-05,-5.5746757e-05,-0.00019765522,0.00012020993,-2.4523422e-05,-5.6806e-06,0.0001140229,9.5711905e-05,7.4608135e-05,7.633525e-05,-1.0664039e-05
S63_NM_001530.4_2,0.00017623269,0.00012944313,-0.00015816253,-1.5166685e-05,4.4543856e-05,7.776658e-05,-3.1848083e-06,-1.0582641e-05,0.00013498901,9.46146e-05,-0.00018165879,4.5419794e-05,4.1056726e-05,0.00012600733,-0.00015560897,1.9051371e-05,-5.9058137e-05,5.168031e-05,0.0001022114,0.00011158182,-1.776991e-05,-0.0001689533,8.31874e-06,0.00016404958,-5.9084883e-05,-7.192925e-05,-1.4094804e-05,0.00014118283,-2.3652869e-05,8.812476e-05,-4.9044425e-05,-1.3493888e-05,3.8048718e-05,-5.3655815e-05,-7.7515746e-05,2.2846913e-05,-2.4688152e-05,0.00010257834,-0.0001611021,-6.6835826e-05,-2.6703048e-05,-1.6062624e-05,-8.989949e-05,-4.9400518e-05,2.5145416e-06,-6.149133e-05,-9.09162e-06,-8.7524495e-05,-1.9145487e-05,3.256676e-05
S292_NM_001098540.3,-0.000117155374,-0.00010735779,8.925196e-05,-9.361243e-05,5.9745205e-05,-2.842199e-05,1.3170651e-05,-5.536747e-05,7.685679e-05,-7.393646e-05,-4.746379e-05,0.0001558247,0.00013723016,-0.00012214821,1.0577989e-05,0.000104696315,-2.6967482e-05,-0.00012964112,-1.1366525e-05,0.00013222729,2.4189703e-05,1.9026735e-05,-9.127847e-05,8.7658e-05,-1.30710905e-05,-2.2141933e-06,-3.959276e-05,1.7693313e-06,-0.00018936042,-5.8803394e-05,0.0001491474,-5.7260237e-05,2.5597088e-05,0.00012412215,-0.00012320442,-5.4717675e-05,4.0055547e-05,6.103435e-05,-1.9869249e-05,3.9062335e-05,-0.00015114287,3.6603014e-05,-0.00018775185,-4.0803978e-05,5.712022e-05,0.00013784404,-1.5228138e-05,-9.10652e-06,0.000112524096,0.000104540435
S259_NM_001098540.3,1.9020437e-05,0.00017530688,6.570415e-05,-2.0978556e-05,2.5575535e-05,0.000106381725,-4.8767048e-05,0.00012382152,-9.230854e-05,5.866835e-05,0.00016358371,-2.866681e-05,4.8167494e-05,-2.3211556e-05,-0.00019893971,0.00016383803,-4.713338e-05,-0.00032196537,0.00011320086,-1.3634305e-05,-4.6881574e-05,4.6658042e-05,-9.770298e-05,0.00016365835,0.00020192906,-4.1323456e-05,-9.025251e-05,-1.4114472e-05,-3.1541254e-05,-9.189097e-06,0.00014478758,4.01618e-05,-0.00012596037,0.00016416523,6.120074e-05,6.0214144e-05,9.907421e-05,0.00016717883,-3.0394871e-05,-0.00014157225,9.8670105e-05,0.00012992513,0.00022656181,8.563552e-05,1.0300519e-07,0.00018013721,0.00015303794,6.0895232e-05,-0.00016923611,3.8301747e-05
S59_NM_001530.4_2,-3.1377807e-05,-0.0001926592,0.00011430187,0.00011385109,1.6173715e-05,0.00029205627,-0.0001140038,0.00013344894,0.000110229885,1.0849172e-06,-2.5462077e-05,-1.5743053e-05,8.0596607e-07,6.589318e-05,9.502639e-06,-6.755683e-06,5.3165462e-05,7.00654e-05,2.8399822e-05,3.6153164e-05,0.00011043095,-8.071852e-06,-6.883974e-05,-1.6413414e-05,4.3234704e-05,-1.4172044e-05,7.010442e-05,0.00011499276,0.00016744468,-8.855069e-05,-7.3746734e-05,0.00012426836,0.00011780855,4.2347052e-05,-4.806743e-05,1.8050338e-05,8.301195e-05,0.00010617304,-0.00022850386,3.4102402e-05,-0.00011910131,0.00020654313,9.9442506e-05,-1.9110334e-05,0.00010616014,6.289889e-05,3.6989524e-05,9.296498e-06,9.92859e-05,7.9207166e-05
S281_NM_001098540.3,1.5908123e-05,7.518703e-05,0.00013165803,5.1898358e-05,7.258577e-05,1.8505698e-05,0.00011556447,-5.4196043e-05,0.0001479274,-5.777263e-05,0.00017924322,9.967813e-05,6.328472e-05,-2.634367e-05,0.00020117656,-8.191567e-05,0.00013383197,-0.00010166085,-0.00013467688,-4.1586063e-05,7.351977e-05,0.00015166448,-0.00015835704,0.00017920324,6.821524e-05,5.12046e-05,-2.5640875e-05,-0.00013304109,-1.9627661e-05,5.8135574e-05,-3.3734254e-05,-6.0544604e-05,-0.00021351567,-4.241265e-06,4.9974373e-05,1.2992632e-05,9.451276e-05,8.312209e-05,-4.8089328e-06,2.6997994e-05,0.00019729626,-0.00015340332,-7.5902375e-05,2.6383705e-05,-0.00017226653,8.313042e-05,-2.4017087e-05,0.00010599361,-6.1290084e-05,-4.8262544e-05
S288_NM_001098540.3,-8.167758e-05,-0.0001418814,6.811906e-05,-0.000116600015,-7.431123e-05,-5.1151237e-05,2.7256352e-05,9.902807e-05,-5.9471895e-05,6.359646e-05,-5.7343354e-05,-4.1626292e-05,-4.9696813e-05,4.8949612e-05,-4.413858e-05,3.7842903e-05,-9.555175e-05,5.5799055e-06,0.00012125697,2.431099e-05,-3.3074608e-05,-1.882756e-05,0.0002087785,9.9003424e-05,-0.00015931728,5.4350196e-05,6.665798e-05,9.182791e-05,2.7782286e-05,6.9515925e-05,2.7904285e-05,9.993161e-05,2.5323095e-07,-0.00013854605,-0.00013611346,0.00014801887,7.527745e-05,9.265295e-05,-7.48009e-05,0.00013969315,1.2278494e-05,6.256276e-05,-0.00023008123,-0.0001381626,-0.00011920414,-1.7781534e-06,-0.00014048818,-4.019321e-05,0.00013137143,1.611473e-05
S352_NM_001904.4,0.00014799632,3.25683e-05,-0.00015900464,8.791416e-05,1.7502272e-05,3.3618035e-05,0.00039946975,2.3846019e-06,-3.9420698e-05,-8.350635e-05,6.0878203e-05,-7.837146e-05,-8.302543e-05,1.688278e-05,0.00012513144,-5.566978e-05,-4.5822027e-05,7.719233e-05,8.592789e-05,4.8431204e-05,-3.1907486e-05,9.889682e-06,0.00021302064,0.00014981172,0.00025288342,1.6952505e-05,-7.052392e-05,3.42244e-05,0.0001048957,-4.2588148e-05,9.573625e-05,-1.3191047e-05,7.8404766e-05,2.4682942e-05,0.0001624886,-0.00019316752,5.4564913e-05,6.572052e-05,-6.927899e-05,-7.2115676e-05,-0.00013720243,6.269315e-05,-7.60304e-05,-5.0148275e-05,8.687732e-05,0.00014920131,6.133644e-05,0.0003333279,-4.800122e-05,0.00013940646
S174_NM_000189.5_1,-5.9981263e-05,0.00015879438,8.076736e-05,4.2204599e-07,-7.815682e-06,-4.9349014e-06,2.477023e-05,2.8129554e-05,-2.311509e-05,0.00010318581,9.39128e-05,-1.7491891e-05,6.362799e-06,-6.634477e-05,-7.329079e-05,-1.8834753e-05,9.880298e-05,-0.000109547975,-2.9010382e-05,0.00020238062,-4.5733348e-05,-0.00015827107,0.00018483351,-7.175774e-05,4.0621657e-05,0.00015002584,5.990957e-05,0.000111929665,-7.2242445e-05,4.550737e-05,0.00024370417,-0.00014179669,3.9535902e-05,-3.237502e-05,0.00012888944,-7.768816e-05,9.234713e-05,-4.4290886e-05,-4.5042845e-05,0.0001481831,5.8645775e-05,-3.835464e-05,6.912945e-05,9.782627e-05,-0.00022721745,-6.1562187e-06,-0.0002614426,6.0233422e-05,-0.00017602893,7.877286e-05
S267_NM_001098540.3,5.2032716e-05,-0.0001129327,9.334013e-05,5.4663014e-06,0.00015223183,0.00014585903,-5.641637e-05,3.219959e-05,4.1914986e-06,1.8105278e-05,-5.6656536e-05,-8.7375854e-05,0.00023440682,-5.827151e-06,0.00010681754,8.8819346e-05,-0.00010189771,2.3290977e-05,6.584315e-05,5.9803202e-05,-4.7399396e-07,-0.00013581346,0.00012743946,-3.5559977e-05,0.00013028286,-0.00013928447,-1.522752e-05,5.09622e-05,0.00026674737,9.675927e-05,-9.433575e-06,9.201408e-05,0.00019091216,-0.0001177454,-5.6688146e-05,0.00028616466,0.0001285947,0.00011774007,6.234961e-05,9.7197626e-05,-9.081557e-05,-0.0002578464,8.3415616e-05,-8.349179e-07,6.2224426e-05,6.6257824e-05,-8.8357614e-05,7.974766e-05,0.000106662286,-4.1674575e-06
S139_NM_000189.5_2,1.0480851e-05,3.2078013e-05,-7.5206095e-05,-7.509623e-05,1.2455767e-05,6.959188e-05,0.00013935826,-0.00013128266,0.0001552682,6.722018e-05,0.00013723093,8.881784e-05,-1.1433961e-05,8.442362e-05,9.730855e-05,7.8535406e-05,-5.728705e-05,6.8937006e-05,0.0001573273,-0.00010685856,0.00010759546,0.00016290846,1.1956934e-06,-4.364488e-05,2.6580812e-05,-1.7252679e-06,-1.7740951e-05,0.00014025623,5.1690913e-05,9.4934425e-05,-0.00012761181,-4.9557508e-05,3.3543822e-06,-4.415975e-05,0.00012788406,8.328346e-06,9.67405e-05,0.00011108123,-5.866473e-05,-1.2075364e-05,-1.2420806e-05,-0.00019200788,-0.00019988819,-0.00011603113,0.00010220687,-0.00011248142,7.459228e-05,-4.1515614e-05,2.7111488e-05,-3.4829345e-06
S116_NM_000189.5_1,-2.3589262e-05,-8.472668e-05,5.6439243e-05,0.000101878904,0.0001755518,5.9307415e-05,-8.510795e-06,-0.00020027958,1.201551e-05,7.011724e-05,0.00014818089,7.894589e-05,-7.040741e-05,-6.422938e-05,3.17105e-05,-0.00019868425,-6.251864e-05,1.4725462e-05,0.00015028643,2.7938413e-05,-0.00015449135,2.4020366e-05,-6.8692156e-05,-3.5528505e-05,-2.3022791e-07,-1.6792388e-05,8.506359e-05,0.00013764948,0.00012325156,0.00014655926,0.00032927823,-6.869962e-05,-0.00010684142,4.630906e-05,0.00011830405,0.0001678103,1.460369e-05,-3.9434395e-05,-0.00019128338,4.6714344e-05,1.2619535e-05,0.00022308319,-2.6348094e-05,6.800025e-05,0.00010474372,7.375447e-05,-0.00013019828,9.400344e-05,-8.229783e-05,6.230521e-05
S165_NM_000189.5_1,0.00012555231,2.9591183e-05,-1.2385245e-05,-0.00017073049,-4.3140035e-06,1.6610877e-05,-5.223302e-06,8.722824e-05,-1.8282199e-05,-4.4723114e-05,-0.0001250134,8.483222e-06,0.00020688977,2.4796298e-05,-3.2626445e-05,-2.299308e-05,-6.491864e-05,-0.00011658525,6.4734944e-05,-1.8041628e-05,2.1830036e-05,2.6964335e-05,0.00022515732,1.1849022e-05,-9.542145e-05,-2.3419347e-05,6.1183186e-05,4.0554758e-05,6.083033e-05,6.4412845e-05,0.0001959113,0.00010240466,-9.366348e-05,-0.00021423522,1.8733102e-05,2.7013413e-05,-4.5546396e-05,-3.1084095e-05,4.5129804e-05,2.753623e-05,5.2762305e-05,2.6793343e-05,6.978632e-05,2.0969068e-05,-0.00011922469,0.00010274931,0.00014239886,9.30728e-05,4.546405e-05,-0.00011784766
S268_NM_001098540.3,0.0001551338,3.9133116e-05,0.00011362011,-0.00010173664,1.8283653e-06,-7.2849405e-05,0.00015686385,0.00013187587,0.00018954769,6.712802e-05,0.00016909062,0.00011851009,1.1233681e-05,6.2248796e-06,0.00012888675,8.3852705e-05,0.00013944485,1.3524973e-05,3.2295156e-05,8.436755e-05,-1.8810993e-05,0.00021582583,-2.6175256e-05,-3.8741993e-05,2.870589e-05,1.1932999e-05,-7.2441784e-05,-0.00013900471,0.0001773091,-0.00015010382,-8.612751e-05,-7.561673e-05,0.00017673106,-5.5617957e-06,2.7543763e-05,9.021346e-06,6.55573e-05,9.0658745e-05,5.2334413e-05,-4.7573544e-06,-0.00022168689,0.00025825136,0.00013481136,-7.600798e-06,3.1285745e-05,-0.00018587889,-5.494813e-07,-4.737882e-05,0.00010419745,-0.00011306825
S169_NM_000189.5_1,7.086398e-05,7.072485e-07,-6.653412e-05,0.00015285968,-0.000109619905,0.00015596475,-8.0046935e-05,6.8567766e-05,5.912124e-05,9.042e-06,-0.00011366487,-6.29172e-05,-0.00010891375,3.8786748e-05,0.00013726715,-2.6381213e-05,-1.8372284e-05,0.0001399512,-5.478217e-05,3.0791693e-05,-8.059865e-05,0.000259815,-0.00016427216,0.00010663891,5.8344263e-05,0.00017242569,-6.894339e-05,7.960095e-05,-2.9421453e-05,0.00015791581,0.0002976131,-0.0001934099,-3.1054056e-05,-6.2019746e-05,9.46047e-05,6.77439e-05,-0.00011580953,2.6486126e-05,0.00020279543,-6.599192e-05,2.7677195e-05,9.979677e-06,5.2430496e-05,0.00024403223,5.1103405e-05,6.12912e-05,8.821409e-05,0.00020662365,-8.473111e-06,-1.2994138e-05
S119_NM_000189.5_1,-1.3445364e-06,-8.313824e-05,0.00010847392,-5.9602615e-05,-5.2203803e-05,5.5703713e-05,-0.0001943853,-0.00013253375,0.00016959362,-3.794212e-05,7.1561044e-05,-6.99074e-05,7.840448e-05,-6.1603256e-05,0.000103060636,0.00013070993,9.441321e-06,9.4521e-06,-5.413893e-05,-0.00017229504,0.000101282196,7.8697594e-05,1.6618778e-05,1.2579497e-05,8.1316684e-05,1.971995e-05,-5.4736698e-05,-9.120778e-05,-0.000113243805,0.00010097484,0.000187265,0.00014948334,-0.00013209238,-0.00021228653,6.464082e-05,4.5034958e-05,-2.2834989e-05,-1.5441065e-05,6.14158e-05,0.00010611164,4.927828e-05,0.00014368084,2.8765222e-05,8.067696e-06,-7.541884e-05,4.217979e-05,-8.893117e-05,-0.00016059271,-0.00014811006,0.00010442735
S191_NM_000189.5_1,-6.463723e-05,-5.912083e-05,5.332728e-05,0.00016417236,0.0002711535,7.630163e-05,-4.491183e-05,-6.870902e-05,5.887995e-05,2.3539991e-05,4.6373185e-05,5.4560747e-05,1.4683205e-05,3.55597e-05,-3.60701e-05,-1.8743406e-06,3.743709e-05,-0.00014875348,8.38575e-05,2.9872204e-05,-2.7580167e-05,8.3335035e-05,0.00012040959,0.0001250068,-0.00021519227,3.5272355e-05,3.20767e-05,-1.3370363e-05,0.00012766445,4.25288e-05,-3.5405457e-05,-1.0531893e-05,0.00018446268,-4.5506527e-05,0.00021498342,8.313434e-05,-0.0001455978,6.490698e-05,0.00012856095,-7.4192954e-05,-3.326638e-05,1.6128111e-05,-5.664019e-05,-3.64553e-05,-4.9335973e-05,0.00023888824,-0.0002386008,0.00026999228,7.7103687e-07,8.020896e-06
S5_NM_001530.4_1,-0.000104896426,-6.398491e-05,-4.9300197e-05,0.00019178136,-0.000101617195,-7.545124e-05,1.591892e-05,-5.46458e-05,0.00012226168,-6.334213e-05,-5.3514894e-05,0.00012936372,0.00021316163,-9.298727e-05,-1.6801023e-05,3.0529056e-05,1.0809609e-05,1.9586174e-05,3.5035168e-06,-1.6403976e-05,2.3575087e-05,1.4683118e-05,6.733543e-05,-5.7028887e-05,-5.0564522e-05,-8.307006e-05,-1.6811962e-05,0.00011262138,-6.114256e-05,2.1484152e-06,0.00023227964,0.0002122422,0.00022559699,8.067582e-05,0.000121836005,8.012751e-05,0.00010935431,-9.177137e-05,-3.42303e-05,-0.00024141463,0.00016212843,0.000107801716,-7.681697e-05,-0.00016477234,1.920533e-05,1.899866e-06,-0.0001169033,0.00013987244,0.00011406359,-4.049937e-06
S299_NM_001098540.3,-6.296996e-05,1.1771445e-05,-0.0001498218,1.5148211e-05,4.5383326e-06,0.00010673595,2.4410327e-05,6.02711e-05,3.9863637e-05,-0.00017427719,0.00013222607,0.000182536,-4.0551407e-05,0.00015723717,-9.239283e-05,0.00024248214,-0.000108342785,1.4392245e-05,7.358031e-05,-0.00013170918,-3.0053092e-05,0.00012595441,4.35558e-05,0.0001590214,9.375966e-05,-0.00020498417,-8.9213914e-05,-0.00013409293,9.55556e-05,8.548437e-05,-0.000108175715,-2.1501814e-05,3.540578e-05,3.3696815e-05,-0.00025126207,1.8537936e-05,3.391575e-05,-3.0172354e-05,0.000117199685,-5.8041882e-05,-8.970894e-05,4.0325467e-05,9.158039e-05,1.3531812e-05,-0.00015197453,-0.00012976637,3.2665514e-05,0.00016686066,4.5752713e-05,5.6937988e-05
S251_NM_001098540.3,8.861108e-06,1.2529914e-05,0.00013801332,5.4513184e-05,2.387905e-05,-2.0238815e-05,0.00013039193,0.00014343891,0.00010930624,-0.000104793355,-6.7074834e-05,2.182196e-05,-7.153759e-05,-0.0001433423,0.00012480866,0.00020026372,-8.0516504e-05,0.00010575092,3.0094521e-05,5.6939207e-05,-1.6576685e-05,3.6647238e-05,2.5103203e-05,-0.000111757145,4.5583718e-05,0.00017045753,5.2427706e-05,-5.5908455e-05,-0.00014080848,0.00014367445,0.00014095266,-0.00029705532,1.545564e-05,0.0001979317,9.785693e-05,9.625462e-05,0.00013956493,6.358913e-05,-6.912718e-05,-0.00011487587,0.000103358834,5.96933e-05,-0.00014935787,-4.132372e-05,2.7558863e-05,-8.965902e-05,0.00010566077,2.9928593e-05,-4.573805e-05,9.8645156e-05
S42_NM_001530.4_1,7.451378e-05,0.000102895334,-1.3953132e-05,-8.704668e-05,-9.097192e-05,-1.1464986e-05,7.7380486e-05,2.6296213e-06,0.00010730573,-0.00019150099,-0.00011501135,-2.1261338e-05,6.6475346e-05,-5.852322e-05,7.702462e-06,3.8480724e-05,-4.5677945e-05,0.00022479855,1.197029e-05,3.617463e-05,-0.000117944764,-1.3665194e-06,0.00015252578,6.151637e-05,1.7952634e-05,-0.000112675974,1.8103603e-05,3.9125818e-05,0.00014382978,8.4176434e-05,1.3739762e-05,5.0891635e-05,-0.00014258831,4.3369262e-05,0.000111809495,-0.00014775452,-0.000118457916,-8.524562e-05,-0.00017370976,-4.368857e-05,0.00014147998,6.141026e-05,-5.0603794e-05,-6.4931344e-05,2.5907704e-05,1.1419994e-05,-0.0001360484,2.0753096e-05,2.8941835e-05,-8.818015e-06
S315_NM_002467.6,0.00013305007,4.410237e-05,5.9567046e-05,2.3679447e-06,1.6329544e-05,6.319678e-05,-3.916034e-06,-9.584556e-05,-3.0228404e-05,3.517617e-06,-0.000117513206,4.8455993e-05,9.6805736e-05,3.15936e-05,0.000114060735,1.1390125e-05,-8.331829e-06,2.1496488e-05,6.7060246e-05,-1.3367681e-05,1.0946972e-06,-9.771381e-05,5.214337e-05,0.00013372143,-7.685945e-05,-0.000229976,0.0003074461,-2.127202e-05,2.968756e-05,9.321226e-05,5.6376182e-05,-3.9979812e-05,7.617829e-05,4.3618104e-05,0.00014796824,0.00011668234,-5.1774055e-05,-8.797393e-05,-0.00011832466,-5.5019624e-05,-6.588216e-05,-0.00019647511,5.967723e-05,-4.1054507e-05,9.193655e-05,-0.0001307105,-0.00010672642,8.646384e-05,4.2316267e-05,7.6855606e-05
S175_NM_000189.5_2,-2.9233808e-05,-0.00011117719,-0.000114858405,6.768931e-05,-8.5924636e-05,-5.9086353e-05,-0.00012333013,0.00011189884,-8.525482e-05,0.00010435185,3.240786e-05,7.240391e-05,2.662548e-05,-0.00014085419,0.0001129838,6.2253064e-05,-3.346471e-05,0.000113814225,-3.6016125e-05,-1.4274164e-05,0.00019561111,0.00011341402,-0.00026087192,-2.3451378e-06,8.441137e-05,0.0001675884,4.153685e-05,0.00017090573,9.0760586e-05,0.00013922676,-0.000102833605,0.00013295026,8.9546455e-05,3.2425363e-05,-8.2377395e-05,-6.213322e-05,-0.00014299505,-1.5263011e-05,6.231794e-05,-0.00011369293,0.00013980568,0.00015850978,0.00017707967,8.5089785e-05,-5.7432804e-05,8.6483116e-05,-0.00012298481,4.020589e-05,2.6895996e-05,-0.0001430322
S132_NM_000189.5_2,-1.5470925e-05,5.7140172e-05,-9.351235e-05,2.3791255e-05,9.359177e-05,0.00014007674,-0.0001081124,3.149644e-05,0.00010640291,-8.3669656e-05,0.000116394105,1.3936978e-05,0.00010330571,0.00020813855,5.3940556e-05,-0.00018803927,-0.00022863902,4.6421676e-05,-4.4956665e-05,-4.571043e-06,0.00015691905,-4.6042263e-05,0.0001436922,9.309391e-05,-9.1737675e-05,-0.00018739828,-6.5983215e-05,3.664134e-06,1.3227671e-05,-0.00010586573,-0.00022126157,5.1537977e-06,8.859364e-05,0.00012134882,2.9174045e-05,0.00014040057,9.969437e-05,-2.0800937e-05,-5.283325e-06,-5.1290826e-05,0.00012287039,-0.00011214244,0.0002693859,5.9781083e-05,-4.3757627e-05,8.325537e-05,8.0317935e-05,1.9348066e-05,6.570178e-05,5.9360977e-05
S197_NM_000189.5_1,8.682177e-05,-1.6072388e-05,4.9787275e-05,-3.6944057e-06,4.0810696e-06,-1.9235986e-06,-0.00014346276,-2.0439795e-05,-6.723407e-05,2.2857283e-05,-5.378635e-06,3.7689492e-06,4.8105838e-05,9.229678e-05,1.60625e-05,-0.0001334473,-7.368119e-05,-0.000201004,-8.0947044e-05,9.639543e-05,6.218098e-05,0.0002134513,4.4703636e-05,-0.00010940972,5.9277176e-05,3.3452605e-05,0.00013983154,-1.5684662e-06,-6.516444e-05,8.385793e-05,3.620654e-05,-0.0001536181,4.5304856e-05,-4.6414152e-05,-7.47962e-05,0.00015286368,0.00010299884,0.00011983462,0.00019447252,-6.024413e-05,-9.810818e-05,9.524758e-05,-0.00020231967,0.00011204166,0.00011642641,9.098865e-05,-0.00010570877,0.00013654833,-7.806711e-05,0.00010830911
S55_NM_001530.4_1,7.3264266e-05,2.3116474e-05,-0.00010145886,3.180173e-05,8.550081e-05,0.00011401094,-8.614437e-05,-2.3016277e-05,-0.00013014898,8.8282664e-05,-6.921191e-05,8.047667e-06,0.00010375329,-6.787348e-05,0.00011737303,-0.00013916784,-2.5805242e-05,0.000121799574,1.0034213e-05,-2.3722041e-05,9.0080124e-05,8.7033135e-05,-0.00012060411,5.031614e-05,-4.467978e-05,0.00012229606,0.00011821735,7.0326365e-05,-7.128178e-05,0.00013977227,-3.5490742e-05,-7.0022033e-06,-0.00015881292,-0.00023266498,-6.803374e-05,-7.2800735e-06,0.00016460536,7.680823e-05,6.999183e-05,3.237046e-05,0.0001304303,-4.3968364e-05,0.00023775421,0.00022221856,9.889835e-05,-5.1677894e-06,-1.0649793e-05,-0.0001639839,-1.0085636e-05,0.00028405155
S14_NM_001530.4_1,1.5809494e-05,-2.9050394e-05,5.8237838e-05,-3.668193e-05,1.7110844e-05,-3.8986514e-06,2.3170278e-05,0.00031435466,-1.1506149e-05,0.00020491208,-0.00011884539,2.3557555e-05,5.1970594e-05,0.00010562396,8.5396845e-05,-7.3888436e-06,-5.8022783e-06,-5.5621294e-05,0.00013770825,0.000106343345,0.00026840626,6.139661e-05,3.799207e-05,0.00010153573,0.00011513673,4.1715222e-05,-0.00010989572,-6.3012754e-05,0.00010439821,-7.6942684e-05,7.2867574e-06,0.0001753325,-0.00014060711,-1.9779434e-05,2.6518925e-05,-6.331778e-05,-1.9183699e-05,3.6733458e-05,7.2978815e-05,-3.2069354e-05,0.00023643456,-4.9885315e-05,1.527185e-05,-7.888661e-05,-4.183812e-05,0.00012238897,0.00016152136,-0.00015312033,5.5232333e-05,5.8721573e-05
S138_NM_000189.5_2,-0.0001558554,4.7225927e-05,7.041353e-05,0.00013086609,-6.780128e-05,9.895651e-05,2.1417849e-05,-5.9476497e-05,5.823634e-05,0.00012628276,-7.7618475e-05,9.169943e-06,-3.2745425e-05,-4.728654e-05,-1.4114822e-06,-0.00021015218,-4.086838e-05,-0.00014213182,-8.4048814e-05,-6.1653875e-05,-0.00010674793,0.00013970776,0.00012177674,0.0002199057,-8.806978e-06,8.278861e-05,-1.080717e-06,-7.268043e-05,2.4291507e-05,2.416797e-05,0.00010646019,-1.9498682e-05,8.863257e-05,0.00010209069,8.853809e-05,0.00016785486,3.4267192e-05,-0.00019015516,-8.620817e-06,2.9117256e-05,0.00012184064,3.277794e-05,1.6818658e-05,0.0001406684,0.00020910415,4.7253576e-05,9.482351e-05,0.00016240352,-7.4625474e-05,-6.2016814e-05
S193_NM_000189.5_2,-6.2201856e-05,-2.0661242e-05,6.257057e-05,7.194443e-06,6.7764086e-05,0.00018308466,-0.00013437268,7.809853e-06,4.8435984e-05,2.866044e-05,-6.158348e-05,8.96729e-05,0.00022675644,4.530272e-05,-0.00014096255,7.475959e-05,-4.378867e-05,-7.5276553e-06,-1.2522645e-05,-9.522501e-05,0.0002690673,-5.372491e-05,0.00015451165,-0.00014937084,-0.00015337684,-7.267476e-05,-9.391029e-05,-8.2495375e-05,9.596686e-05,-0.000121041645,-1.4038775e-05,0.00012708412,-0.00018750882,0.00011023454,1.5569072e-05,0.0001727775,-6.828971e-05,-3.4252287e-05,5.951468e-05,-0.00013255478,7.984903e-05,-1.9948668e-05,6.4461165e-05,0.00013710331,-0.00014245186,-0.000103974526,5.4935947e-05,-0.00010940364,-0.00019052974,0.00022720861
S41_NM_001530.4_1,0.00022184823,-9.356077e-05,5.643282e-05,3.2022057e-05,-4.2020332e-05,-6.8933936e-05,0.0002004732,0.0001649517,9.4968265e-05,8.262221e-05,5.1921485e-05,1.8967798e-06,0.00020602053,3.6038622e-05,-2.3291397e-05,-8.46198e-05,-9.490263e-06,7.457779e-05,0.00011239966,9.4370935e-06,-5.0434723e-05,0.00023433963,-3.5045925e-06,0.00014355926,-1.4820873e-06,4.4805834e-05,4.7832993e-05,0.0003220313,6.8503046e-05,-0.000100481644,-0.00014341,-0.00012803348,7.810994e-05,-9.164311e-05,0.00018029759,-2.8735901e-06,-5.78965e-05,-4.561605e-05,-0.00012901545,-8.579247e-05,8.2916835e-05,1.4157734e-05,-9.1354545e-05,2.7578672e-05,0.00010564901,8.666814e-05,-0.00020639722,-0.00013717683,9.2297814e-05,2.7011276e-05
S278_NM_001098540.3,0.00019546422,-7.214856e-05,7.509058e-05,0.00022527299,-3.797335e-05,4.0744024e-05,7.8075194e-05,6.939336e-06,8.824228e-05,7.406632e-05,-8.66104e-05,0.00016869941,-0.00021242276,-7.9093705e-05,8.3376744e-07,0.00010149698,-6.989082e-05,0.00018024922,1.29192995e-05,3.2428525e-05,2.7729573e-05,-1.8434825e-05,0.00012924074,0.00018195827,-4.0152816e-05,-0.00017435309,-7.539899e-05,1.1108473e-05,0.00011632797,0.00015425001,3.6948397e-05,9.4313305e-05,4.661073e-05,3.984084e-05,0.00013505167,-7.820831e-05,-0.00010466686,-3.3132404e-05,-5.4935812e-05,-5.0247472e-05,-0.0002533096,-0.00012668638,4.0494528e-05,0.00025068756,-0.00017470022,1.6568976e-05,0.000100879224,6.829869e-05,4.8863974e-05,0.00023084659
S102_NM_000189.5_2,-7.357946e-05,3.0688054e-05,1.8154431e-05,2.9837558e-05,-0.00023768096,5.4081902e-05,0.00013755317,9.8535376e-05,0.0001510831,-5.4759443e-05,9.602958e-05,8.862806e-05,4.7203008e-05,-0.00011956479,0.00014288399,-7.497394e-05,-0.00011880024,-1.5473978e-06,8.920339e-05,8.625921e-05,-0.00016264716,5.1128496e-05,-4.8068636e-05,0.00014658082,0.00012669261,-2.5130048e-05,-1.7745655e-05,9.886855e-05,-0.00012439974,-2.4380288e-05,3.6902467e-05,-1.23419095e-05,0.00014613467,-0.000104398976,-1.7815795e-05,-9.693111e-05,0.0002428446,0.00012162943,-1.7372839e-05,-0.00017251473,7.682089e-05,3.980173e-05,0.00010552267,3.858033e-05,-6.883044e-05,-0.000121268036,4.3869895e-05,-0.00012766181,0.00013249963,9.642509e-05
S236_NM_001098540.3,-0.00013560816,-7.460201e-05,-0.00013749737,9.241358e-06,0.00014190495,0.00015674921,6.4228145e-05,6.660715e-05,-0.00010556719,0.00019112471,0.00012447328,2.2168308e-05,6.610563e-05,0.00011479878,-5.0530045e-05,-0.00010811909,0.00013139662,-6.75553e-05,-0.00022149018,-5.2333904e-05,-2.8061442e-05,7.100875e-05,0.00016327611,-9.6580756e-05,0.00010658225,6.567743e-05,-1.9340636e-05,6.243104e-05,-1.9282434e-05,-7.911337e-05,4.2989537e-05,4.423481e-05,-5.8526188e-05,0.00016463443,8.7124725e-05,0.00028670658,-4.0445055e-05,-0.00029458624,-7.896915e-06,7.6640565e-05,-8.182926e-05,-0.00013523981,7.806101e-05,-1.484919e-06,1.9359468e-05,6.390319e-05,-3.5336747e-05,-8.0569036e-05,0.00015472205,-1.5130751e-05
S93_NM_001530.4_2,0.00017321795,-9.161228e-05,0.00018001479,6.22136e-05,8.689809e-05,0.00017400943,0.00013494137,7.895286e-05,-4.049571e-05,-8.326024e-05,-7.873224e-05,-8.1692615e-06,0.00010138303,-0.00010052626,3.593735e-05,0.00012158289,0.00022816262,9.969243e-05,0.00010714834,1.0931848e-05,3.5432201e-06,7.081457e-05,-7.440802e-05,-6.0325587e-05,7.8868194e-05,0.0001728089,1.890315e-08,0.000111154055,-1.3040967e-05,-7.4145035e-05,-2.6233693e-06,7.028975e-05,2.9969013e-05,-1.9156389e-05,-2.7566188e-05,-2.7219783e-06,-8.559621e-05,-8.125466e-06,-7.508156e-05,-0.00018532149,3.9650735e-05,-6.7189554e-05,0.00010146461,-8.658558e-06,2.6237121e-05,0.00012935056,-0.0001490574,5.876996e-06,7.9820835e-05,2.4225279e-05
S284_NM_001098540.3,2.408625e-05,7.731355e-06,0.00017467955,0.00010377625,1.6943412e-05,-5.396867e-05,-5.4146018e-05,-0.0001227876,-0.00011297947,7.901567e-08,9.464639e-05,0.00024610656,-2.380264e-05,-7.698488e-05,-1.2254936e-05,-5.7551833e-06,-0.000106737294,-3.4427758e-05,0.00014477965,9.456653e-05,0.00029149195,-2.4378483e-06,-9.6912745e-06,7.313084e-05,-6.5961554e-05,2.4874307e-05,3.599632e-06,-0.000103059756,1.9013389e-05,7.7787045e-06,-0.00011283701,0.00015490655,-0.00014243349,-4.6318935e-05,-6.8946865e-05,-1.8948118e-05,0.00013567664,7.4096366e-05,-3.8312097e-05,-2.88523e-05,-2.9961888e-05,5.870429e-05,-7.485529e-05,0.0001020542,-8.448985e-05,0.00029298067,-5.1344126e-05,6.284247e-05,-2.2518867e-05,-7.033361e-05
S276_NM_001098540.3,-0.00020818762,7.2800234e-05,2.1878546e-05,-0.00011512474,-4.2541546e-05,3.5346988e-05,-0.00011057998,1.573897e-05,2.7541708e-05,6.2378655e-05,-6.372763e-05,0.00010550266,4.05384e-05,0.00012340903,-9.489713e-05,-0.00011148721,4.2027237e-05,9.531423e-05,-0.00010960974,0.00012098624,-8.8508736e-05,0.00015338048,4.9238224e-05,-2.4084184e-05,0.0001586266,3.926516e-05,-0.0001550226,2.7463368e-05,0.0002245827,-0.00011443935,-3.714914e-05,-6.9155656e-05,-8.2828425e-05,0.00015008017,4.6148467e-05,-8.244469e-05,4.083627e-05,0.0001521831,-4.3163378e-05,4.4344935e-05,-9.3619593e-07,-3.7195143e-05,-4.9648876e-05,0.000105108564,5.8932343e-05,4.55345e-05,-6.0117316e-05,0.00013894952,0.00012421774,-0.00020935017
S90_NM_001530.4_2,-5.923953e-05,0.00014616396,-1.4640038e-05,-9.754469e-05,8.9109846e-05,0.00014085072,-6.846243e-05,6.57466e-05,-8.048787e-06,0.00024367415,1.1966749e-05,8.2260785e-06,3.5928355e-05,4.2331456e-05,9.193734e-05,-4.3292853e-06,-3.2349984e-05,0.00020156748,7.23564e-05,2.4312396e-05,5.4134725e-05,-0.00016375,4.736738e-05,-3.9920877e-05,7.590578e-05,-0.00012507537,0.000169583,-3.03121e-05,-6.4274274e-05,3.7523823e-06,0.00012792104,-1.458231e-05,0.00022836396,-3.581779e-05,-2.2190718e-06,6.299646e-05,9.06297e-06,-7.176667e-05,-1.5473865e-05,-3.7224752e-05,6.364297e-05,-1.9789335e-05,4.7880243e-05,9.214038e-05,5.0467035e-05,4.57822e-05,0.00011037965,-3.1039606e-05,2.8107152e-05,0.00012384282
S296_NM_001098540.3,-0.00021834525,0.00022448739,9.757948e-05,-6.5850513e-06,4.5398207e-05,-3.9996394e-05,9.173941e-06,-5.747184e-05,7.586016e-05,2.8127904e-05,0.00016051003,2.5014413e-05,0.00010978038,7.3341165e-05,-0.00020143723,-3.385844e-05,-7.046182e-05,-0.00010910826,-8.303995e-05,0.00013048232,0.00024813454,-9.9520454e-05,1.8763734e-05,4.606378e-06,-9.003312e-05,0.00013532635,0.00011738532,0.00012610674,-9.951364e-06,0.00012080819,-8.404974e-05,-9.4802745e-06,-1.2492229e-05,-3.983431e-05,9.060138e-05,-1.1348874e-05,9.7399725e-06,8.73436e-06,-4.4416825e-05,9.711131e-05,-0.00012498723,-3.473256e-05,-0.00010873735,0.000108798326,6.215482e-05,-8.386728e-06,-0.0002003782,7.894634e-05,-0.00013410643,-0.00010900294
S234_NM_001098540.3,2.7644615e-05,0.00011280053,-3.1016738e-05,6.332996e-05,6.476004e-05,2.1493157e-05,-5.6423953e-05,9.773172e-07,5.2954732e-05,-0.0001263877,7.014464e-05,-9.465132e-06,0.00018326784,-2.5536789e-05,2.8916229e-05,0.0001643061,3.6669164e-05,0.00024068926,-6.450047e-05,0.00016288357,-0.00012321146,-0.00018606504,7.519018e-05,0.00017424574,0.00012168598,0.00014680179,-7.448306e-05,0.00015790552,0.000116834686,-3.7869254e-06,7.534029e-05,7.8432364e-05,-7.0376295e-06,9.673039e-05,-9.3624614e-05,-0.00010435215,3.8784798e-05,3.1501982e-06,0.000114793685,-8.592121e-05,7.11243e-05,8.346486e-06,1.673329e-05,-2.614419e-05,0.00016874933,7.125038e-05,0.00024839918,0.00010245351,-0.000112654576,9.142307e-05
S122_NM_000189.5_1,7.895951e-05,-4.7032026e-06,5.1358416e-05,0.000119463264,1.0738523e-05,3.4467892e-05,5.194973e-05,-7.686836e-05,0.00014987051,3.4495213e-05,-0.0001597033,-4.750457e-05,-0.00013253193,-5.8237405e-05,2.8424489e-05,0.00019333426,0.00012702824,9.863022e-05,-8.351041e-05,0.0001335883,0.00019794113,-2.9041581e-05,8.7955705e-05,0.0001404126,0.00013684241,-2.6487256e-05,0.00019738718,4.405489e-05,3.6842765e-05,-6.16107e-05,-9.8196884e-05,-9.364012e-05,8.667725e-05,0.00030232026,-0.00010594861,0.00025998527,0.00014108226,4.7012196e-05,3.8189055e-06,-0.00012922239,9.804437e-05,8.447061e-05,3.3431195e-05,-0.00017608199,-0.00016874379,-0.00010021595,9.3541916e-05,7.012825e-05,0.0001778191,0.000119015254
S263_NM_001098540.3,1.7714561e-05,0.000115481336,-0.00013931772,-5.2861044e-05,-8.476846e-06,-1.8153338e-05,8.940715e-05,0.00016563867,-0.00012464252,0.00015871364,-4.2092335e-05,6.758304e-05,0.00013090654,0.000105068255,-7.7871206e-05,1.7174339e-06,7.191494e-05,-7.074416e-05,3.7640042e-05,3.86981e-05,-0.00012152989,-7.970371e-05,-3.5332672e-05,0.00015958767,-9.7715536e-05,-3.1733332e-05,-9.1231166e-05,2.471953e-06,1.8939494e-05,0.00016821259,0.00015516828,5.2302847e-05,4.3112366e-05,-0.00012780813,0.00011634257,0.00024829697,-6.23096e-05,3.5739822e-06,1.2410528e-05,3.1795866e-05,-0.00020700434,4.0930834e-05,-5.350056e-05,6.030085e-05,9.078732e-05,0.000103777085,-6.198814e-05,9.813803e-05,0.00020906338,-0.000179636
S256_NM_001098540.3,-0.00013688867,0.0001298079,-9.373526e-05,0.00020678376,3.2445223e-05,3.115252e-05,5.7851765e-05,4.1066647e-05,2.7722438e-06,1.0253387e-05,0.000111854744,-3.4736437e-05,9.6955235e-05,-1.3016489e-05,2.8785445e-05,7.243818e-05,7.881413e-05,0.00017108148,7.007037e-05,1.6821577e-05,5.294475e-05,-2.0197227e-05,-6.0159848e-05,0.000113322145,0.00014613471,-5.9387618e-05,-9.068376e-05,0.0002246717,-6.3139654e-05,-9.280688e-05,-4.5612316e-05,0.00012056533,1.5891646e-06,4.3709995e-05,1.9995905e-05,-1.7554399e-06,-0.000108489934,-0.00014226077,0.00014964573,3.2909033e-05,9.068077e-05,3.8101418e-05,-4.263811e-06,6.135423e-05,0.00027031565,0.0001408155,-1.2251631e-06,-8.3851926e-05,6.651982e-05,-0.00014380453
S87_NM_001530.4_2,9.4917355e-05,-4.9601727e-05,-5.1213014e-05,1.7282242e-05,-5.408888e-05,0.00011445936,5.1307765e-05,-7.311798e-05,8.684832e-05,1.8463023e-05,0.00024119935,-1.0147775e-05,0.000108391396,3.7980753e-05,6.3800566e-05,4.7996713e-05,-7.173432e-05,-5.519412e-05,6.5084394e-05,6.299448e-05,-3.09876e-05,9.876347e-06,0.00011364447,5.664041e-05,5.029545e-05,-4.6593774e-05,0.00015939795,2.040487e-05,4.321306e-05,-5.5946388e-05,7.318045e-05,-3.1929263e-05,-6.891316e-05,3.0659437e-06,8.675414e-05,0.00012834567,6.353595e-05,0.0001258814,0.00013962454,0.00016443408,0.00020402006,7.7431636e-05,-0.000115073446,-7.353218e-05,0.00022057354,6.751821e-05,-6.132756e-05,6.315626e-05,0.00012589036,-2.612324e-06
S60_NM_001530.4_2,-7.281281e-05,0.0001803568,7.275215e-05,5.726465e-05,-0.00010054543,-4.9525974e-05,7.703584e-05,-0.00016563422,0.00012352352,-0.00014725185,5.4086257e-05,5.4539843e-05,0.00011542591,-1.2397036e-05,-3.5556426e-05,0.00013278113,8.959339e-05,1.7825054e-05,1.1740041e-05,3.470052e-05,-3.3560656e-05,4.9520022e-05,-5.8055986e-05,-0.000106321466,-8.764644e-06,0.0001529265,-0.00012682125,-6.994739e-05,-0.00012335811,-4.975695e-05,0.00013908911,4.031489e-05,-6.5793574e-05,-2.0647494e-05,6.267956e-05,3.141195e-05,7.064722e-05,-5.8768735e-05,4.5915996e-05,2.2217679e-05,0.00011106676,0.00013350144,0.00020176964,5.574385e-05,7.2577795e-06,-6.662016e-05,-0.000107246524,1.48314475e-05,3.063785e-05,-8.352669e-06
S79_NM_001530.4_2,-0.0001224966,-5.1231676e-05,-5.5620545e-05,-0.000112234295,5.7911777e-05,3.370538e-05,-5.1074014e-05,-3.1743602e-05,6.1225015e-05,-2.9949906e-06,1.3177579e-05,-1.5267058e-05,0.00013364154,2.1300886e-05,0.00024622475,2.456428e-05,0.00012270454,-9.5940166e-05,1.1400147e-05,8.060349e-05,-1.9183575e-05,1.0928051e-05,4.6943125e-05,-0.0001817188,3.8628164e-05,0.00010300987,1.36387725e-05,6.982129e-05,6.3579035e-05,-1.326334e-05,0.00013162932,-5.429669e-05,0.00018275347,1.550707e-05,1.6900583e-05,3.4757737e-05,9.220717e-05,4.2276824e-05,-1.1960367e-05,4.402963e-06,7.303335e-05,3.9798804e-05,-0.00011306403,-5.2813888e-05,-0.0001622367,0.000106953376,5.20058e-05,-4.567791e-05,8.712116e-05,8.278541e-05
S291_NM_001098540.3,-0.0001893841,1.1595276e-05,9.6528944e-05,0.0001077865,-1.7531684e-05,0.00012835655,-3.2295884e-05,-4.2062926e-05,4.269152e-05,-0.00012365406,4.6165645e-05,2.5741203e-05,8.152588e-05,0.00010656505,2.091211e-05,0.00014031389,6.651495e-05,3.232121e-05,0.00027203857,-5.833283e-05,1.7103703e-05,5.1089948e-05,6.758615e-05,0.00024983851,-1.323077e-06,-8.585568e-05,-6.436701e-05,-0.000138875,-7.923172e-05,6.8816895e-05,-0.00019155166,0.00010909265,9.895472e-05,2.8135215e-05,0.00015291407,-7.051997e-05,0.00016131891,5.7271707e-05,3.047413e-07,0.00010706866,3.0581923e-05,-7.315889e-05,9.515319e-05,-3.5009565e-05,6.099402e-05,-5.3194915e-05,3.6464342e-05,1.4642355e-05,0.00016317907,2.2529854e-05
S289_NM_001098540.3,0.000102635284,-7.120807e-05,0.00015079996,1.5392166e-05,4.457934e-05,-0.00012827724,-0.00010994228,-2.4564324e-06,0.00012762826,-1.2043115e-05,7.437494e-05,-8.587436e-05,-1.5192983e-05,3.0867766e-05,0.00011305533,7.194985e-05,0.00011370185,0.00015968604,0.00017258186,1.9832603e-05,8.925823e-05,3.5192796e-05,0.00012229179,8.628745e-05,-0.00014851258,-7.790888e-05,2.6818994e-05,6.696412e-05,9.985365e-05,6.476665e-05,-5.1957788e-05,0.00012149437,-0.0001311605,-4.0519895e-05,4.7235982e-05,-1.2948339e-05,8.029156e-05,-4.2931802e-05,1.2177385e-05,0.00021604555,0.000121091514,-2.7269574e-05,0.00011926619,0.00011042565,2.403941e-05,0.00013826533,-7.809798e-06,-0.00012146037,-7.923634e-07,-0.00011592148
S266_NM_001098540.3,-9.988099e-05,-0.0002186108,-1.2742659e-07,8.3448926e-05,0.00021938914,2.7667778e-05,-6.963063e-05,5.935356e-05,-4.6657133e-05,-7.0756956e-05,2.9637213e-05,6.771857e-05,0.00016377575,0.0001569303,-9.744834e-06,0.00019746323,8.220384e-05,8.734714e-05,0.00018710317,1.1846671e-05,0.00017435373,0.00010994723,-3.6876663e-05,0.00019701805,-1.4686336e-05,3.927485e-05,0.00013016311,0.00012135215,0.0001526568,8.274316e-06,0.00011061962,9.982702e-05,9.618524e-05,-1.8341569e-05,-0.00013658819,0.00012045253,6.5555134e-05,0.0001850593,4.71064e-05,-8.8047906e-05,9.72152e-05,0.00031829177,3.0501189e-05,0.00019313792,3.833196e-05,0.000100775134,5.549966e-06,-3.0905572e-05,9.85245e-05,0.00013603792
S97_NM_001530.4_2,-6.25497e-05,0.00023304172,-4.620733e-05,-0.00010681818,6.305266e-05,-0.00011457568,5.690021e-05,0.00017228861,2.720161e-05,7.138621e-05,0.0002311101,5.72988e-05,-0.00014488198,9.510971e-06,2.818508e-05,0.00012279478,5.0078008e-05,0.00010763029,-8.595482e-06,1.6509399e-05,3.208262e-05,9.529891e-06,-5.91372e-06,-1.825258e-05,-5.8460333e-05,4.503765e-05,4.9032027e-05,-0.00015959333,7.599225e-05,-4.4021683e-05,1.9931882e-05,0.00010161456,0.00012119464,6.559552e-05,-2.6316005e-05,-2.2359163e-06,-1.4162583e-05,4.5631088e-05,8.099903e-05,1.6079872e-05,3.404949e-05,-6.565581e-05,0.00018883763,-4.410379e-05,3.4709163e-05,6.980209e-05,1.3258114e-05,-3.5626766e-05,-0.00013066645,8.8591674e-05
S154_NM_000189.5_2,-1.120557e-05,-2.8669165e-05,2.4890849e-05,2.3466597e-05,4.69399e-06,0.000117868054,8.202503e-05,1.0806928e-05,0.00023557403,-5.711087e-06,7.497111e-05,0.00011188768,-4.5135497e-05,9.040584e-06,7.418539e-05,8.231771e-05,-1.2296086e-05,4.8655453e-05,-0.0001854254,0.00019535517,9.984024e-05,-7.835015e-05,-2.2657438e-05,7.2250485e-05,0.0001443782,-8.3850355e-05,-6.7824236e-05,-7.693506e-05,4.9295813e-05,8.959999e-05,-0.00010422593,2.5513125e-05,8.329753e-05,9.915283e-05,-7.6773715e-05,4.4863522e-05,0.000103520426,4.3169715e-05,0.00013955387,-5.601336e-05,0.0001788724,-1.8013802e-06,4.496722e-05,0.00016869858,-0.00012446276,0.000121859564,-1.2671765e-05,-0.0001505806,3.461628e-05,1.1457694e-06
S212_NM_001098540.3,0.0001547696,-0.0001661388,7.591031e-05,2.786845e-05,3.9810177e-05,4.2369315e-06,-0.00012477749,-1.2737158e-05,0.000115343195,-7.0949085e-05,0.00012495014,-4.9326118e-05,-3.0332683e-05,0.00016310404,-7.5827734e-07,1.0839218e-05,2.9748016e-05,-0.00017530996,0.00020459232,3.7047826e-05,1.3406053e-05,1.9066098e-05,-2.1847018e-05,0.00020016161,5.0914045e-05,2.634967e-05,0.0001306155,0.00012542681,-5.577959e-05,6.203627e-05,0.00017496094,0.00021218485,0.00016414559,2.6893325e-05,0.00010659026,6.517763e-05,0.00010717376,-3.1851952e-05,-4.8797338e-05,0.00013685398,9.810083e-05,8.559873e-05,0.00015048371,3.6093134e-05,0.00012184741,3.1370564e-05,0.00013420726,-2.4611163e-05,0.00012496827,-9.288869e-05
S84_NM_001530.4_2,0.00017419473,0.00017957171,0.00012585903,8.2996616e-05,6.383934e-05,-7.04915e-05,-0.00019877247,7.8308534e-05,6.9433886e-06,1.0054019e-05,-9.943336e-05,-3.5411726e-05,4.468732e-05,-1.2258369e-07,-1.2540919e-05,-7.312046e-06,-2.7022681e-05,3.8644943e-05,9.750507e-05,-6.636758e-05,6.27064e-05,-1.4177939e-05,0.0001501952,2.2885579e-05,5.7419198e-05,-4.118494e-05,7.031716e-05,0.00016289792,-8.202409e-05,-0.00016165034,2.0562613e-05,6.671905e-05,0.00013334917,-7.561732e-05,8.6417676e-05,-5.144971e-05,-8.812714e-05,8.1536244e-05,6.405038e-05,2.5128538e-05,0.0001535872,-1.2208407e-05,7.697807e-05,-2.648963e-05,8.70779e-05,-6.961136e-05,9.454761e-06,-6.9582624e-05,3.294928e-05,2.260763e-05
S323_NM_002467.6,7.2347284e-05,-0.00014190243,9.503e-05,3.696841e-05,-3.6824116e-05,7.545384e-05,8.9832865e-05,0.00017904247,-1.4144531e-05,6.353185e-05,4.8686543e-05,0.00014043847,0.00017328712,0.00013994658,2.1268235e-05,-9.553367e-05,-7.010449e-05,0.00010680849,0.0001391462,-8.699001e-06,3.1201032e-06,9.069733e-06,-0.0001590663,0.00010471083,0.000187269,-1.4413392e-05,0.00015538168,-8.597523e-05,0.00013549272,2.379984e-05,-1.0358803e-05,0.0001084252,-4.8925926e-05,-1.5604177e-05,-7.602672e-05,0.00021422772,3.6550722e-05,5.04376e-06,-0.00016542365,2.6050755e-05,0.00011578778,-5.6162706e-05,-2.4630583e-06,-1.0894449e-05,0.00023219809,-8.568024e-06,-0.00010016264,-0.00018883341,0.00012775758,6.436095e-05
S33_NM_001530.4_1,4.763915e-05,-1.1641841e-05,0.00025776113,5.352291e-05,7.895401e-05,3.7195343e-05,-4.5434397e-05,0.00023113808,0.000116329364,-9.434756e-06,0.000111496694,0.00012604024,9.4469715e-06,0.0001136934,-2.8489269e-05,-1.3352543e-05,0.0002514015,0.00011649105,-4.1838426e-05,-6.7952387e-06,2.3322755e-05,-8.359706e-05,6.966652e-05,-0.00019335451,9.833356e-05,0.00018846206,-4.2798125e-05,-2.2112612e-05,-2.5477506e-05,-0.0001484068,-0.00018114652,0.00018754057,-2.9208277e-05,2.0077017e-05,-2.2062766e-05,0.0002195646,5.9190486e-05,0.000104897794,5.356667e-05,0.00021662623,8.4024214e-05,-6.105875e-05,0.00021390137,-6.115468e-05,0.00018186636,-9.902807e-06,-0.00017713451,0.00014597758,-3.6556397e-05,-0.00012876028
S275_NM_001098540.3,-8.9808236e-05,-0.00012961475,-7.936598e-05,0.0001731587,6.873387e-06,-6.574773e-05,-1.3619909e-05,-9.182722e-05,-6.532444e-05,1.8489508e-06,0.000155187,3.3825385e-05,-9.6279764e-05,2.6633765e-05,0.00016167876,-9.431638e-05,-9.783323e-05,6.1581566e-05,5.9436716e-05,7.7592966e-05,0.00010184755,-0.00023715897,-0.000111141766,0.00013245117,-6.788795e-05,4.2161304e-05,-5.502089e-05,8.879545e-05,6.338699e-05,-0.0001054132,-0.00015032964,-7.4131676e-05,0.00023621762,-0.00010582035,4.001221e-05,2.1746657e-05,1.8297096e-05,2.6197005e-05,-3.6862388e-05,-7.950267e-06,-7.830253e-06,0.00016876242,0.00017320679,-9.6422504e-05,-6.1481915e-05,1.34367865e-05,0.00021944805,-6.047625e-05,-2.6446154e-05,3.07873e-05
S198_NM_000189.5_2,4.891314e-05,-1.0898257e-06,0.00010086291,-2.9154638e-05,3.589937e-05,-9.7435746e-05,2.257431e-05,8.848662e-05,6.445488e-05,0.0001275583,-6.039188e-05,8.124109e-05,0.00012837938,-0.00010834531,0.00010866878,0.0001762635,0.00016237881,6.0202456e-05,9.849069e-05,0.00010865068,0.00013741928,3.1893154e-07,0.00017707462,-0.00021259581,7.9299025e-05,-0.00011255684,0.00017161826,-4.7814187e-06,-1.5615638e-05,9.2190356e-05,-0.000103170816,-8.023333e-05,-7.348991e-05,0.00012902055,0.00015561134,-0.0001265455,1.9037927e-05,-8.3326835e-05,-8.2888355e-06,-0.00015568758,2.2700184e-05,-0.00023922397,0.00011006864,0.00013306472,-0.00012802042,7.469715e-05,-7.0974886e-05,-3.043194e-05,-0.00015885704,0.00018960923
S76_NM_001530.4_2,4.892087e-05,-5.4460484e-06,0.00015676899,-2.577451e-05,0.00012093375,-1.8077706e-05,-0.0001434425,5.7295805e-05,-1.4142686e-05,-9.012399e-05,0.00023128002,0.00017385482,-3.1301784e-05,6.679657e-05,-9.229711e-06,8.658017e-05,-2.19273e-05,0.0002254586,-7.543649e-05,-1.49080415e-05,0.0001755074,-6.3733816e-05,0.0001778345,4.911719e-06,9.611426e-05,-7.143045e-05,0.00011005421,-7.314259e-05,4.4593668e-05,6.9034715e-05,-5.559219e-05,-0.000117277275,-3.8617786e-06,1.268087e-05,-0.00010517952,3.3251068e-05,5.855344e-05,-6.333522e-05,0.0001221315,-4.880454e-05,3.209505e-05,4.885997e-05,-0.00014248738,-9.201255e-05,1.8298473e-05,0.00010545919,-0.00010675536,-0.000106360516,-6.9387e-05,0.00020842771
S208_NM_001098540.3,6.928798e-05,0.00017220768,5.5150984e-05,8.4195824e-05,8.32379e-05,4.009588e-05,-4.7738795e-05,5.704425e-06,4.2668547e-05,9.00958e-05,-0.00014433455,-8.969888e-05,0.0002824296,0.00015680943,0.00015881324,-7.1129536e-05,6.652928e-05,0.00015258272,4.0890412e-05,-0.00014813173,-0.0001136851,6.790451e-05,1.0808714e-05,-0.000112242626,5.6072873e-05,9.691576e-05,-7.600949e-05,-1.9910693e-05,1.2280595e-06,0.00016638073,9.9799494e-05,2.0546393e-05,6.4830456e-05,0.00017500726,-2.6781547e-05,9.547938e-05,-4.5247783e-05,0.00016474104,-0.00012902859,0.00016825725,3.842737e-05,0.000105700405,0.00016385276,-4.888051e-05,-1.2598757e-06,5.2034302e-05,-0.00010331153,9.8339406e-05,2.2643153e-06,-9.062943e-05
S189_NM_000189.5_1,1.932581e-05,8.861277e-05,-5.424681e-05,-1.2602992e-05,5.250723e-05,-2.8378938e-05,4.762147e-05,5.3578355e-05,3.9666862e-05,6.3744206e-05,-9.7144504e-05,8.0749913e-07,0.00011269272,0.00027600443,3.1624983e-05,0.00020311703,9.900954e-05,-3.3570745e-05,-3.2141757e-05,0.0001523002,0.00016278222,1.1654439e-05,0.00025131844,-1.7300586e-07,7.427637e-05,0.00012762712,-0.00017896219,9.627582e-05,-0.00010743655,0.00017975901,0.00012276144,6.556386e-05,-0.00010061058,0.00011423986,-1.4462796e-05,6.319013e-05,-7.0053786e-05,0.00020196507,6.377091e-05,-4.4026343e-05,-2.973296e-05,-0.00011188648,0.00017817381,-7.748671e-05,-0.00011854333,2.9305733e-05,-5.4315766e-05,-0.00015412393,0.00015640116,0.00028287355
S209_NM_001098540.3,5.1033763e-05,-5.995083e-05,5.455544e-05,2.2605866e-05,2.3265453e-05,4.1443513e-05,0.0002589134,-0.00013575169,1.1125989e-05,3.587064e-05,0.00020426091,-1.201226e-05,-7.651172e-05,5.0217994e-05,-6.954823e-05,0.0002218442,-0.00010317632,0.00014436123,-3.9433427e-05,7.266514e-05,-0.00010618186,4.9891432e-06,-1.9931902e-05,8.328375e-05,9.745756e-05,-0.00014436968,-0.00010231262,-6.963982e-05,9.146195e-05,1.89603e-05,-4.3582786e-06,-0.00012815323,5.324261e-05,-3.698263e-05,-7.621283e-05,0.00018428105,1.5646116e-05,-0.00013440897,0.0002373051,-3.6962647e-05,5.5382858e-05,0.00023498613,8.1652826e-05,-9.3446586e-05,-6.189235e-05,9.924966e-05,-8.722126e-06,-5.2654973e-06,-4.681481e-05,-3.2727658e-06
S148_NM_000189.5_2,-7.2818424e-05,-1.28822385e-05,-2.1545534e-06,-5.406031e-05,-6.607214e-05,0.00013676325,7.006783e-05,6.258511e-05,0.0002063424,-2.9580475e-05,-4.671382e-05,-5.498664e-05,0.000269788,-0.0001091261,0.00017900017,-1.5792099e-05,0.00014948337,9.196033e-05,2.862896e-05,2.779313e-05,8.313457e-07,0.00019230678,-0.0001535534,0.00015034857,9.8631965e-05,4.199249e-05,2.7000126e-05,-0.00013747299,-3.6484e-05,0.00013153304,-6.231319e-06,9.207819e-05,-4.437004e-06,-0.0001441491,-0.00018893382,4.453847e-05,3.3323013e-05,2.1306318e-05,3.4578672e-05,8.100095e-05,0.00010551257,1.06127945e-05,0.00012536887,9.652364e-05,0.00014954856,-5.3211053e-05,0.00016985855,-1.8170442e-05,-9.090448e-06,9.970453e-05
S140_NM_000189.5_1,1.9429468e-05,2.2962353e-05,2.0978514e-05,7.223488e-05,-5.035255e-05,5.8668396e-05,-0.00014731154,-4.865004e-05,0.00010209022,-4.6589437e-05,-0.00011244954,4.628711e-05,2.7332764e-05,1.4958941e-06,-8.686033e-05,5.2270607e-05,0.00012569573,0.00021132981,-7.037719e-06,0.00026964958,0.00012800563,-6.92164e-05,9.482966e-05,6.313196e-05,0.00010835421,0.00017965355,3.3967506e-05,0.0002158451,4.5193014e-05,-9.57713e-05,6.4315944e-05,4.661475e-05,0.00011451254,0.00017189207,0.00010650591,2.2147377e-05,-8.9601825e-05,0.00026269903,0.00012681683,0.000110667526,-3.1328073e-05,-6.6254506e-05,-4.8907536e-05,0.000101798585,5.3823504e-05,0.0001054721,0.00012498633,7.6084e-05,-9.982255e-06,-3.9946157e-05
S160_NM_000189.5_1,7.512275e-05,7.1106675e-05,-1.1906155e-05,9.4703055e-06,0.00011108967,3.952784e-05,-0.00010124949,-9.997846e-05,0.00012519155,0.00014944868,3.5297592e-06,-5.7154095e-05,-0.00022458647,-6.364789e-05,3.1964348e-06,6.3480516e-06,0.00014484771,-6.0316164e-05,3.2122512e-05,6.829285e-05,2.0544683e-05,-7.265901e-05,-3.3260687e-05,-0.00014836488,2.2385422e-05,0.00020334523,-1.3954795e-05,6.27151e-05,7.444378e-05,-4.1362346e-05,-0.00010948127,0.00013339099,0.00015027898,2.6455304e-05,9.3914394e-05,-3.266809e-05,4.5295423e-05,1.5686199e-05,6.946717e-05,-4.8780796e-05,0.00015641846,0.00014415313,5.817656e-05,0.00016103005,-6.050739e-05,4.8613372e-05,-7.443781e-05,0.00014480269,-2.4800262e-05,2.3561754e-05
S17_NM_001530.4_1,-7.6566364e-05,-9.372446e-06,-0.00017139694,-2.2055327e-05,-8.979878e-05,0.00017869416,-9.062652e-05,9.614578e-05,9.282098e-05,-7.9337144e-05,4.9786424e-05,-3.5359488e-05,-5.6882312e-05,7.8188416e-05,9.909263e-05,0.00011774571,1.4690201e-05,0.00011780388,2.6349788e-05,-9.35776e-05,1.4118609e-05,0.00018959133,0.00012394098,0.00010280831,-7.5363655e-06,0.00010179718,-6.9078145e-05,6.985573e-05,7.351171e-05,-4.7117155e-06,-4.037013e-05,6.590899e-05,2.9871726e-05,4.2549564e-05,0.000115859846,-4.9687795e-05,-3.0225952e-05,-1.4458469e-05,0.00012166363,0.00018577657,-7.744135e-05,0.000110927554,3.0987278e-05,-4.4701617e-05,-0.0001231587,0.00010918649,-0.000116134244,0.00014685414,-1.5987325e-05,9.009863e-05
S62_NM_001530.4_2,-3.9181203e-05,0.00012524815,-7.4498246e-05,-8.3900275e-05,2.8817505e-05,-1.0455375e-05,6.981386e-05,-6.126757e-06,-9.205705e-05,-8.502162e-05,5.2266263e-05,0.00013359998,2.3970459e-05,0.00015540111,7.681494e-05,-8.795227e-06,5.4056265e-05,2.5688889e-05,9.789777e-05,-1.0924678e-05,-2.309793e-05,1.4905545e-05,8.668776e-05,-8.883038e-05,-6.4162414e-05,-3.5456585e-05,0.00012364952,9.9222525e-05,0.00011759576,-0.00019401975,2.4827808e-05,-9.307698e-05,1.1009706e-05,1.3588306e-05,2.4553512e-05,-0.000167054,2.5041501e-05,-9.9141755e-05,7.7343226e-05,0.00013170633,-8.638944e-05,-2.7971171e-05,-2.8480836e-05,6.9240878e-06,-8.3754654e-05,3.7871362e-06,0.00012215925,-0.00010943705,-7.3062e-06,-5.3060685e-05
S23_NM_001530.4_1,0.000106058396,1.9404348e-07,6.63585e-05,0.0001038505,2.4049323e-05,0.00017585477,2.210937e-05,2.992139e-05,0.00023206811,7.988395e-05,8.618799e-05,2.0769637e-06,0.00019572725,4.573222e-05,-2.0876907e-05,-0.00017377865,6.962625e-05,5.818473e-05,-2.1973678e-05,-4.4617907e-05,5.212978e-05,-0.00017299711,-1.2680417e-05,1.852832e-05,0.00011197634,1.1255328e-06,0.00018931905,0.0001310991,1.2728156e-05,3.1700998e-05,0.00013697191,1.7053011e-05,1.3007329e-05,1.3004313e-06,8.521553e-05,0.000100307145,0.00020216934,-3.2080112e-05,1.1116108e-05,-2.3732082e-05,4.1062485e-05,-8.628951e-05,-9.664921e-06,2.4485482e-05,-2.7023393e-06,0.00025370612,8.7648914e-05,5.533139e-05,-2.5337017e-06,-8.079906e-05
S282_NM_001098540.3,-0.0002212399,4.505624e-05,4.1047597e-06,0.00010092196,7.58446e-05,8.796469e-06,-4.5599092e-05,0.0002092334,5.671152e-05,3.987582e-05,-7.079127e-05,9.528925e-05,9.0108886e-05,7.6627104e-05,9.7444004e-05,-0.00018977367,-9.0218724e-05,-0.00014016703,6.198806e-05,-0.00015214915,-2.4139785e-05,-0.00011308542,8.04522e-06,0.00014100836,-0.00010558846,0.00019916706,-0.00013291853,3.0862728e-05,-8.445818e-05,-3.498713e-05,-5.90443e-06,-0.00010309026,-1.4553255e-05,0.00016352531,-0.00021716033,7.237645e-05,5.2833616e-06,0.00010814329,0.00024068865,6.636252e-05,-7.005109e-05,-3.904118e-06,9.0510504e-05,-0.00011907749,3.4971225e-05,-0.00014857767,1.3772088e-05,0.00019362733,6.8711033e-06,-9.52517e-05
S82_NM_001530.4_2,1.2092147e-05,0.00017071488,-2.4436236e-05,4.3931028e-05,-0.00016560835,9.93683e-06,3.6123467e-05,-8.5921914e-05,-3.7214093e-06,-1.2980782e-05,5.372512e-05,1.3208899e-05,0.00011735645,0.00021990068,-0.0001180814,-0.00016932956,-4.1268573e-05,3.1317555e-05,0.00012236723,-1.4730951e-05,0.000114032,3.6923757e-05,0.00018830902,-8.8563604e-05,-4.21709e-06,-5.7592213e-05,0.00016345082,-0.00013745695,0.00010294026,-4.4833414e-05,6.341059e-05,0.00016405099,6.5033964e-05,-3.492821e-05,-8.889089e-05,8.2396655e-06,-9.1622205e-06,5.7585607e-05,-0.00016977193,9.2798255e-05,-0.00022349562,6.0417195e-05,-0.00020882,0.0002094135,0.00010925022,-0.00011633339,0.0001515744,6.264714e-05,-8.773353e-05,-1.4458159e-05
S306_NM_001098540.3,0.00011312778,6.9625644e-06,-0.000118683456,-3.952849e-05,-1.638099e-06,1.5356884e-05,-0.00010455251,-0.0001082117,4.8683312e-05,-6.0926217e-05,-5.2567997e-05,-5.0994713e-05,-0.00025257425,3.7194543e-05,-5.800307e-05,0.00012679456,-6.684644e-05,9.5152085e-05,0.00030123725,-6.4677755e-05,-6.142595e-05,1.754051e-05,0.00011763869,-0.00015383947,-9.3439786e-07,0.00010781773,7.790541e-06,-1.7000084e-05,5.9482623e-05,-8.226066e-05,-0.00013389136,-3.0534815e-05,-4.578315e-07,-4.7448248e-05,6.443398e-05,-0.00019833737,-6.048841e-05,5.145434e-05,-2.6529302e-05,6.345622e-05,3.4296205e-05,0.00017044166,1.5599127e-06,0.00012630281,0.000223444,5.4896376e-05,3.3680193e-05,0.00013122307,-0.00010167659,9.3435556e-05
S239_NM_001098540.3,5.9747552e-05,0.00017468623,2.2846143e-05,-0.00013129332,-0.00012820092,2.0192303e-05,-7.717162e-06,3.0245787e-05,0.00011880296,5.4803033e-05,1.9106887e-05,0.00016010777,0.00016800237,-0.00013196895,8.632816e-05,6.0559218e-05,0.00028118253,-0.00010511276,7.1913935e-05,-0.00016501942,4.6892477e-05,8.305754e-05,6.399897e-05,-2.5516805e-05,6.2862986e-05,-6.371928e-05,-5.934179e-05,8.895047e-05,-1.7386636e-06,0.00010010112,8.196201e-05,0.0002634055,-3.192199e-05,0.00014574741,7.177586e-05,3.264825e-05,5.7520847e-05,-7.263374e-05,-5.4473753e-06,6.547669e-05,0.00014881587,5.345909e-05,0.00016347428,-1.0331701e-05,6.6562745e-05,-0.00016527878,1.7062192e-05,-3.121678e-05,1.4321771e-06,-0.00010149794
S12_NM_001530.4_1,0.00015803451,7.3671563e-06,0.0001267712,0.00019906781,7.720988e-05,8.3069855e-05,9.380414e-06,0.00020700114,2.1946951e-05,-1.5908178e-06,9.847891e-05,-8.273466e-05,0.00019057064,3.1264015e-05,8.5180734e-05,0.00010349462,-0.00011064301,0.00020057947,7.420811e-06,0.00014729564,-6.186197e-05,0.00012565151,4.9824437e-05,1.9993206e-05,0.00013060917,-3.9050625e-05,-2.9301415e-07,7.839929e-05,0.00018222876,7.152166e-05,6.847243e-05,0.00017130727,-7.332687e-05,0.0001518493,-0.00017097671,9.788809e-05,0.00017173309,0.0001606548,-7.561645e-06,-1.8012659e-05,-1.0219903e-05,5.337275e-05,9.271393e-05,0.00014646475,7.778885e-05,0.00016088213,0.00014615816,-0.00013738385,0.00016784767,0.00015041654
S121_NM_000189.5_2,0.0002044674,-2.9379433e-05,-3.5258697e-06,0.00015194868,-0.00011953103,2.382802e-06,6.0016966e-05,0.00011450524,6.2979896e-05,8.822497e-05,-7.863976e-05,-2.6843454e-05,-0.00016339295,-2.9095005e-05,0.00017343218,4.0621235e-05,8.322742e-05,7.383318e-05,0.00028755388,5.05179e-07,5.8837715e-05,-0.000114142334,6.763566e-05,-3.0562245e-05,9.92618e-05,-0.00036402675,0.00013895187,0.000103269915,8.385377e-05,-6.912756e-05,8.50905e-06,-4.4591218e-07,9.072195e-05,-8.547662e-05,0.00012635514,6.0181483e-05,-0.00014619259,0.00017362574,0.00018458987,0.00015305633,-0.00013463493,-7.574164e-05,-5.444405e-06,7.622917e-06,3.386158e-05,-1.7194192e-05,-3.32464e-05,3.409626e-05,-3.7671627e-05,-0.00017510759
S158_NM_000189.5_2,-7.264247e-05,-8.13148e-05,6.595128e-05,0.00013244129,3.8731054e-05,-6.776529e-05,8.634013e-05,0.00021855831,0.00019434736,7.1502494e-05,0.0001851023,2.5855583e-05,9.8319804e-05,0.00015054483,0.00013111292,-7.133007e-05,4.4583376e-06,-3.877971e-05,-5.1604096e-05,0.00011318218,-0.00017088153,-5.0166702e-05,0.00010457567,-7.033661e-05,6.6858745e-05,-8.717717e-06,-5.515627e-05,-2.2876577e-05,0.0001037842,-6.169257e-05,2.822058e-06,-3.2623695e-05,0.00010435158,0.00016048779,-5.81416e-06,-3.900345e-06,0.00013638841,-0.000111462454,2.9517769e-05,-3.8576436e-05,9.012158e-05,8.261244e-05,-9.3174356e-05,-0.00013640482,0.00011629246,-9.122418e-06,0.0001895005,-8.6873166e-05,-0.000103803315,2.2992097e-05
S1_NM_001530.4_1,9.389549e-05,6.502572e-05,7.8016055e-05,-3.6271351e-06,2.0344323e-05,0.00023532663,4.754504e-05,0.00015767131,-6.517864e-05,4.0360796e-05,0.0001250179,-5.415533e-05,1.594273e-06,8.573308e-05,5.130762e-05,0.00016306594,-2.2196082e-05,-2.8392364e-05,-4.742982e-05,-0.0001519676,-6.688612e-05,-0.0001147341,6.2036495e-05,-9.2534734e-05,3.1517786e-05,0.0001234979,-5.543891e-05,-0.0001030236,-2.022175e-05,0.00013683004,7.8273544e-05,4.2719847e-05,-6.422526e-05,-1.7326462e-05,-8.5325255e-06,-3.905661e-05,9.473865e-06,5.948545e-06,-6.574716e-06,7.5701566e-05,-0.00019953365,-5.003217e-05,0.00017471272,-2.4612638e-05,0.00010383835,3.974296e-05,-0.00011496941,0.000102219,0.00011796665,4.3169206e-05
S211_NM_001098540.3,0.00013031755,-9.270874e-05,0.00012903442,-4.7680453e-05,3.9543138e-05,4.561086e-05,-0.00018829977,-9.779732e-06,0.00010931196,-1.4786517e-05,-4.1029154e-05,-4.4802262e-05,1.6450133e-05,5.669103e-05,-0.00014581629,1.4769273e-05,0.00019139837,4.846899e-05,0.0001690712,3.0074354e-05,0.00015317595,8.781518e-06,2.1180627e-05,5.7093454e-05,0.00021967613,1.8542485e-05,-5.9641894e-05,0.00010187056,-4.5523037e-05,-1.5093999e-05,0.00014147042,8.8244005e-06,-0.00010326662,-1.9998843e-05,-3.851377e-05,3.3957243e-05,8.579502e-05,-4.2463835e-06,5.3681648e-05,-2.9279267e-05,0.00020661073,7.0860624e-05,-0.0002217001,-1.4547062e-05,-2.6056156e-05,-0.00010870619,-8.730527e-05,6.5197404e-05,-0.00022108982,-9.038213e-05
S43_NM_001530.4_1,-5.7534704e-05,0.000118969474,-6.679968e-05,-6.747704e-05,2.2905355e-05,-0.00010023744,7.182129e-05,0.00016585639,0.00010271341,-3.14217e-05,-2.7865877e-05,0.00016569381,1.6713118e-05,-0.00010526193,-0.0001086981,0.00010704894,4.0044288e-05,0.0001337898,8.839378e-05,5.4731504e-07,-6.0208504e-06,0.00021036508,-2.5019737e-05,-0.0002046627,-8.602667e-05,8.8945366e-05,-0.00015257936,-4.2804386e-05,0.00012959677,4.736892e-05,7.452826e-05,-0.000100866935,3.359134e-05,4.7631023e-05,-0.00013145928,8.5655614e-05,6.6103064e-05,1.6243844e-07,7.739311e-05,8.309513e-05,-8.023455e-05,0.00015110787,0.00010303642,7.5678305e-05,8.9741865e-05,4.1400843e-05,-0.00019398885,-7.024454e-07,5.6764486e-05,3.5040957e-05
S262_NM_001098540.3,-1.0956545e-05,0.00018896114,-0.00012349056,-7.311123e-05,-6.344585e-05,1.3306969e-05,-7.984258e-05,6.788669e-05,0.00018815405,-0.00010703299,0.00010372727,0.00014285569,0.00014543302,3.5924626e-05,0.00021165234,-0.00022226483,-6.752211e-05,0.00017990333,5.3032374e-05,-2.0433237e-05,6.437709e-05,-7.857438e-05,-0.00019629388,0.000124722,0.0001246744,5.4157015e-05,0.00010893401,0.00011357604,1.369793e-05,1.4927004e-05,1.8750985e-05,0.00010065258,-0.00024391046,9.445111e-05,0.00022167621,2.2321314e-05,3.4461664e-05,-2.593111e-05,1.8481724e-05,-2.9288429e-05,-4.191644e-06,8.164106e-05,-0.00011964048,-0.00017023137,-0.000109926936,-0.00017213867,-5.4092197e-05,9.356792e-05,2.6501904e-05,-3.8201066e-05
S77_NM_001530.4_2,6.837021e-05,-5.041663e-05,9.604419e-06,0.00011683382,0.00016179265,6.4056156e-05,9.900243e-05,-7.879839e-05,4.1654956e-05,5.8549715e-05,7.3636824e-05,4.347703e-05,-9.783968e-05,5.542258e-05,-0.00010570439,0.0001201996,-4.4389853e-05,4.5981335e-05,3.2509506e-05,0.00012626724,0.00016782111,6.60196e-05,-5.410913e-05,1.1349803e-05,6.4069034e-05,8.670894e-05,0.000189166,-3.0373514e-05,-1.8536672e-05,0.00019394163,5.7969693e-05,-1.5657286e-05,-1.7494134e-05,-0.00010388459,-0.00011520586,-3.5196597e-05,-2.3427523e-05,-3.6857447e-05,4.5009067e-05,-5.7739093e-05,-0.00014621104,-2.9819985e-05,6.666406e-05,0.00011257213,-5.6020242e-05,2.4233956e-05,0.00026669202,-2.5413585e-05,-7.100055e-05,0.0001395697
S56_NM_001530.4_1,0.00012113086,0.00015038358,1.4811183e-05,-7.0401846e-05,-0.00010087176,-1.9438323e-05,3.0465595e-05,-2.956921e-05,1.5610414e-05,0.0001021721,-2.0092205e-06,9.5929005e-05,5.8361995e-05,-0.00017658097,0.00012457819,-0.00010820329,0.00016302899,2.2688055e-05,0.00017446766,-0.00015097251,-4.2793386e-06,-5.2636915e-05,4.623145e-05,7.979109e-05,-7.108094e-05,-9.042624e-06,0.00011949373,0.00018649184,-1.9050936e-05,4.2969306e-05,-6.3725645e-05,2.4999887e-05,2.9274948e-05,-3.568198e-05,3.0854873e-05,0.00014234858,1.1354538e-05,-5.296201e-05,-9.4184295e-05,-9.7587086e-05,5.2186486e-05,0.00029079022,-0.0001590726,0.00011621325,-5.291061e-05,8.885741e-05,0.00014126676,-7.8183217e-07,-1.4521856e-05,-0.00013036754
S332_NM_004456.5,-4.347951e-05,0.0001196205,6.1345636e-05,8.007327e-05,0.00012521507,-0.00015388217,2.208433e-05,8.5922955e-05,-0.00018568042,-7.322336e-05,7.834411e-05,-7.0303936e-06,-7.825043e-05,0.00012437775,4.5406006e-05,8.841301e-07,-6.724275e-05,2.4259105e-05,-3.9840917e-05,5.3194e-06,0.00010786685,0.000110062625,3.464355e-05,7.971426e-05,-1.9627476e-05,-0.00021180176,0.00013263072,0.00018855261,-3.3461332e-05,1.871292e-05,3.5197318e-05,0.00014443278,-0.00021146899,8.488584e-05,9.1655515e-05,-8.977623e-05,0.00012680863,-2.8144046e-05,0.00017109905,-4.136068e-05,-2.5620093e-05,-5.544851e-05,8.798992e-05,-4.571566e-05,1.4885102e-05,6.0347695e-05,-6.174864e-05,4.2218846e-05,-2.4432566e-05,0.00012166465
S331_NM_004456.5,3.6046877e-05,-3.3836226e-05,0.00014658953,-1.6698541e-05,4.712767e-05,0.00018092437,2.0900234e-06,-7.991328e-06,2.793607e-05,1.0196208e-05,-1.0005568e-05,2.3929231e-05,2.1923757e-05,-3.6690944e-05,-3.4444442e-06,-0.00015085915,-4.4644544e-06,7.840365e-06,-3.139177e-05,-3.0306574e-06,-5.1483392e-05,-6.425226e-05,-0.0001431181,-0.00020344669,-9.233793e-05,-9.7697266e-05,-8.8104525e-07,0.00012628337,6.487476e-05,-8.81067e-05,1.7026889e-05,6.185985e-05,2.616489e-05,-1.7586786e-05,0.00018347731,4.4725308e-05,2.5329937e-05,2.3792603e-05,0.0001336644,7.591516e-05,-9.870604e-05,5.4151664e-05,3.187314e-06,1.0526364e-05,-9.8781595e-05,-1.6423131e-05,0.00025337032,-3.23557e-05,0.00011452566,-2.1494208e-05
S45_NM_001530.4_1,3.9344483e-05,0.00010905167,-2.0346135e-05,-4.8457964e-06,0.00011263927,0.00010748955,-3.6783313e-05,-0.00023109152,0.0001245817,6.984384e-08,-0.00014663133,-1.9968006e-06,-2.1682647e-06,0.00020041697,8.565136e-05,-1.8502215e-07,3.243722e-05,-0.00015607716,5.5206554e-05,4.730265e-05,-0.00021203847,3.619034e-05,0.00010677549,-1.4941702e-05,0.000116508905,-1.3130408e-05,1.5012591e-05,0.00010287627,-0.00015361294,-1.6707196e-06,-2.7722741e-05,2.114982e-05,8.969266e-05,0.00017092329,0.0002307488,-4.77412e-06,-4.635016e-05,-8.654358e-05,-0.0001968073,-8.861656e-05,0.00013946224,2.4969066e-05,-4.5520555e-05,-0.00012252717,-3.060382e-05,0.00011904503,-1.5318594e-05,5.7152476e-05,-4.8968734e-05,0.00018122449
S61_NM_001530.4_2,-8.200153e-05,-5.463494e-05,0.00010449366,5.799993e-05,1.3038789e-05,-8.85609e-05,1.8675199e-05,-0.000114320705,4.309998e-05,-0.00013331659,0.00013836152,-8.857848e-06,9.298603e-05,-7.104676e-05,3.6319507e-05,3.0704422e-07,-0.00014068221,-4.748731e-05,8.902931e-05,-0.00014565152,8.5311265e-05,-5.606631e-05,0.00012179832,9.23856e-08,4.5508727e-06,2.4803652e-05,3.8958806e-05,9.9981145e-05,4.3383465e-05,2.6305715e-05,0.00011154032,4.7846315e-05,0.00010374675,-6.155626e-05,8.2768915e-05,-4.796056e-05,-1.6443755e-05,7.0937545e-05,6.938257e-05,-0.00016956273,3.9286602e-05,-0.00015309514,-1.0904014e-05,0.00022964104,2.8723287e-05,-2.5836172e-05,5.875811e-05,-6.305569e-05,1.8589135e-05,-6.559365e-05
S15_NM_001530.4_1,-2.7650152e-05,0.00025401256,6.919297e-05,0.00010762352,1.8725179e-05,8.211317e-06,2.7839313e-05,5.08436e-06,2.8010652e-06,0.0001789393,0.00024113733,-3.4724555e-05,-7.568992e-05,-9.93931e-06,-6.398382e-05,2.6549698e-05,-0.00014011767,0.00010758926,-5.179095e-05,-0.00018036984,8.299145e-05,0.0001649177,5.392236e-05,0.0001609366,-0.00012112524,6.0986782e-05,0.00012051875,-0.00014641444,0.00010101157,0.00016051212,0.00013292821,0.0001627752,0.00013575175,-2.4134342e-05,0.00022738098,2.8809234e-05,-6.2543666e-05,3.570852e-05,-8.09867e-05,0.00011466178,0.0001278276,-8.829262e-05,-2.334832e-05,-0.00012651688,0.00013024073,0.00013919343,0.00024335239,7.149962e-05,0.00010192469,-9.197974e-05
S355_NM_001904.4,1.08200275e-05,1.166686e-05,0.0001318011,0.00016288737,-8.748697e-06,-9.9461126e-05,3.3385e-05,-3.724334e-05,8.4622894e-05,0.00016072477,3.4740802e-05,3.0749587e-05,-6.1693695e-06,-2.0952182e-05,-3.2619177e-05,1.1696622e-05,2.2682556e-05,-3.1549744e-06,2.1649095e-05,-2.716052e-05,-3.919258e-05,0.00012253443,-9.79408e-05,-0.00019113635,6.583957e-05,-0.00023598174,6.413889e-05,0.00011518279,-1.4333098e-06,6.583768e-05,0.00020770001,-0.00014779119,0.00022289799,0.00028322396,-7.7096585e-05,6.522551e-05,-0.00019081445,0.00014310566,-0.00010374968,-0.00013474518,-0.00012407465,7.809998e-06,0.000217814,1.9113695e-05,-0.00024894503,-9.896574e-05,6.669441e-05,2.078312e-05,9.9149314e-05,-3.2071377e-05
S37_NM_001530.4_1,-0.00012535253,0.00016349649,5.3915668e-05,-7.771016e-05,4.1949384e-05,0.00011291995,9.098687e-05,9.391138e-05,-0.00014767036,0.0001458731,-1.9399055e-05,-8.752938e-05,-0.00013670445,0.00019471756,-1.8975323e-05,8.829125e-05,5.664008e-08,5.1880797e-05,0.00012394898,6.5563145e-05,-0.00013259817,0.00017141062,-4.9098933e-05,8.660981e-05,7.674571e-06,0.00019934529,-6.536616e-05,-0.00020894715,4.440543e-05,8.026398e-05,0.00013395965,5.276137e-05,1.683526e-05,-0.00013326766,6.997045e-05,0.000152233,-0.00020958073,0.00010828489,6.6212226e-05,0.00017768552,-4.584224e-05,9.173732e-06,0.00012309295,-0.00010472239,-0.00012680913,-4.4813445e-05,5.7149122e-05,-0.00010879183,-6.795269e-05,2.5604e-05
S78_NM_001530.4_2,0.0001217915,-2.3914843e-05,2.4382653e-05,-0.00012422878,9.625829e-05,-1.884045e-05,0.00017432401,0.00016210921,6.281254e-05,1.7854085e-05,-2.290535e-05,-1.5333688e-05,-3.4317614e-05,0.00018311582,9.56808e-05,-5.7785564e-05,5.4027005e-06,5.889079e-05,7.2550894e-05,-2.230583e-05,-7.870669e-06,-6.733834e-05,6.147176e-05,0.00015281513,-6.350894e-05,7.012185e-05,0.00017341517,0.00011665095,-0.00010076344,0.00016040869,-3.89933e-05,-9.847959e-06,0.00011887478,0.00022443391,6.0938746e-05,5.5306915e-05,-7.386098e-05,-0.0001001032,-3.6827667e-05,-6.0641346e-06,0.00012528776,-0.00011054097,-9.3322735e-05,6.250497e-06,3.7762573e-05,4.9997307e-05,-3.564803e-05,0.00014984855,-0.0001177004,5.8626996e-05
S225_NM_001098540.3,6.9909016e-05,0.00015581613,-4.987315e-06,-3.5581703e-05,4.9617356e-05,9.7875854e-05,-4.3059477e-05,0.0001510303,0.00014209579,-3.011475e-06,-6.3917014e-06,0.00013526125,0.00016141124,9.463982e-06,0.00015322083,-0.00017469317,2.692994e-05,4.8847323e-05,0.00015625029,-5.8256584e-05,9.629711e-05,3.6426195e-06,3.2077778e-06,0.00012632018,0.00011910134,9.6606374e-05,-0.00022843352,-0.00019321051,-0.00012500335,3.3368142e-06,5.2535648e-05,-3.935256e-05,-4.1609717e-05,8.839455e-05,0.0001445179,-8.271903e-05,-8.206573e-07,0.00012803319,0.00014135243,-5.450299e-06,-3.8953965e-07,2.5233537e-06,0.00010211029,-9.099948e-05,-6.4572436e-05,0.00021565545,0.00018294867,-5.8864745e-05,0.0001798858,-0.000102184174
S54_NM_001530.4_1,0.00014161528,1.2974296e-05,7.0581766e-05,6.297152e-05,-4.4888926e-05,1.8198182e-07,0.00015442948,8.54987e-05,-5.0699546e-06,0.00013791239,-0.00010360928,3.0200652e-05,0.000103804494,2.2445902e-05,-9.208319e-05,2.982352e-05,5.6995046e-05,-8.4781817e-07,-2.6967215e-05,8.767947e-05,-1.3270305e-05,0.00013453544,3.3838965e-05,-6.9261776e-05,0.00020156671,-0.0001592175,4.7565118e-05,8.002867e-06,4.6470184e-05,-8.666735e-05,0.0002220734,0.00015292714,5.491889e-06,0.00022865132,-5.3292435e-05,-8.800487e-05,3.3852608e-05,-8.023126e-05,-4.5826782e-05,-1.8376513e-05,0.00020556746,5.4449716e-05,-2.2336584e-05,0.00011455905,6.769688e-05,0.0002751286,-6.0349757e-05,2.5201727e-05,0.00021346765,-0.00019401079
S105_NM_000189.5_2,1.85189e-05,-3.432568e-05,3.695384e-05,2.3969611e-05,-0.00019502892,9.505226e-05,6.0531843e-06,3.7057976e-05,-2.309535e-05,-0.0001561337,5.3286025e-05,-9.367424e-06,0.00032078652,-6.224729e-05,-1.0032271e-05,-8.5811145e-05,-3.7748465e-05,-2.0571997e-05,-7.560457e-06,0.00012803524,-0.00017705889,7.813206e-05,0.00018522587,0.00022438506,4.7890848e-05,0.00012003152,-4.9531413e-05,4.0447565e-05,-0.00012014599,-0.00018603756,-0.00018837904,7.2140842e-06,1.255747e-05,7.1042174e-05,-8.794328e-06,7.279036e-05,4.4591558e-05,9.035459e-05,0.00012422625,5.6564906e-05,-4.0931027e-05,0.00014061846,7.325892e-05,-1.6981541e-05,2.017747e-05,-0.00010963959,-0.0001008988,8.83552e-05,5.9888353e-05,-3.35334e-05
S24_NM_001530.4_1,0.000108000764,-3.0558505e-05,-6.9303904e-05,0.00012429594,3.6632286e-05,0.00018915534,0.00020651237,7.494449e-05,0.00010963788,-7.110149e-05,-0.00010977731,3.6353096e-05,3.9554092e-05,-1.6576636e-05,-6.272141e-05,7.010953e-05,-7.3706855e-05,9.528516e-05,-4.75194e-06,0.00016717803,5.1409545e-05,-2.5512358e-05,6.7897095e-06,0.00025020636,3.544618e-05,0.00010012421,-9.3609356e-07,-0.00012474091,0.000107828826,0.00017706637,-4.398393e-06,0.00010410219,-8.159951e-05,-5.136855e-05,4.941517e-05,-3.818056e-05,-1.40224365e-05,4.2617183e-05,8.180601e-05,-4.058328e-05,0.0001423071,0.00013480998,-9.445578e-06,3.973141e-05,0.0002779891,-9.925712e-06,-0.00012414796,-7.171458e-06,-6.9459595e-05,0.00010885136
S229_NM_001098540.3,-4.1430027e-05,4.0308434e-05,-2.5314504e-05,-6.321299e-05,-0.00010746926,-7.085562e-05,-2.7918928e-05,6.799877e-06,7.7052355e-05,0.00011011641,-7.830966e-05,2.9279066e-05,0.00030993184,0.00014986964,8.5311076e-05,-1.3653294e-05,0.00010976714,0.00018272697,1.4379104e-05,-2.3464487e-05,2.2939354e-05,-0.00013009975,5.6091198e-05,5.4079337e-05,-0.00012720264,6.6179505e-06,0.00020301659,0.00013527427,4.380673e-05,-2.2068649e-05,4.2701955e-05,0.00031156026,-0.00015974292,-2.8960101e-05,6.987345e-05,-2.2268188e-05,8.315663e-05,-5.4528882e-05,0.00013473914,0.0001226645,0.000119426404,-0.00011176737,-4.38222e-05,-5.9276385e-06,8.328781e-05,-7.997212e-05,6.121002e-05,0.00012951244,-7.758372e-05,0.00022724147
S108_NM_000189.5_2,-8.591672e-05,3.415037e-05,-5.7294208e-05,-8.678523e-05,-8.8669236e-05,5.6238932e-06,-4.553394e-05,0.00010938464,1.4296864e-05,-1.3696789e-05,-0.00018461198,-5.4235934e-05,4.3031177e-05,4.5806282e-06,-9.5479685e-05,9.1736154e-05,-0.00022502504,-6.4157815e-05,-2.6178634e-05,-4.1266787e-05,0.00023340898,-4.4208497e-05,-0.00013925708,8.4861866e-05,9.135776e-05,-3.4767167e-05,-7.452647e-05,-8.37148e-06,1.3825887e-05,0.0003182673,-8.626198e-05,-6.51369e-05,4.8071903e-05,8.011992e-05,0.00018275181,0.000118788725,-2.6902695e-05,-5.933575e-05,-9.772845e-05,-2.687917e-05,-0.00010401771,3.576358e-05,7.537046e-05,-8.732631e-05,-0.00019872152,-2.7074313e-05,0.00014153968,-0.0001580256,0.00010332522,5.793045e-05
S273_NM_001098540.3,5.897092e-05,-0.00012269297,1.3969552e-05,-1.1049214e-05,0.00012324077,2.5331241e-05,0.00012965318,0.000109254244,4.55103e-05,-9.528846e-05,8.690514e-05,0.000111626185,3.2881784e-05,0.0001992238,-0.0002963917,2.9831583e-05,8.302619e-06,-0.00014776639,0.00010403235,-4.9194743e-05,4.3472333e-05,-5.892262e-05,0.00012968424,-3.9119554e-05,8.759239e-05,6.569689e-05,3.9537612e-05,6.454553e-05,-0.00013930206,-0.0001433585,9.347126e-06,-1.6570341e-06,2.1421914e-05,7.64594e-05,1.0968797e-05,2.024083e-05,8.5126136e-05,4.0926016e-06,-8.403806e-05,0.00015817673,7.0087415e-05,0.000113508686,0.00011660886,-9.526107e-06,0.00018237678,0.00011097761,7.97216e-05,-0.00015906639,-5.8152433e-05,0.00028533253
S231_NM_001098540.3,-1.0291785e-05,1.2413857e-05,-0.00013095012,0.00010947763,4.9197093e-05,-2.4744279e-05,-0.00012711113,-0.0001506962,0.00012024971,-7.9346784e-05,-2.9336876e-05,0.00020337435,-7.683181e-05,0.00013642742,0.00010678349,5.482041e-05,-0.00011436094,-0.00012037708,-6.786592e-05,-3.5423473e-05,0.00015296214,1.5287883e-08,0.00015785308,-2.5627945e-05,0.00019255387,5.6773544e-05,-2.4917307e-07,0.00018661744,5.2348438e-05,2.7706343e-05,0.00022159751,-0.00020641662,-9.815876e-05,-9.014629e-05,2.4817497e-05,8.239004e-05,7.351703e-05,0.0001164821,9.9162164e-05,6.81052e-07,-6.3902946e-05,-0.00019391574,-6.485549e-05,-4.2449134e-05,-0.000113374306,0.00014091622,2.8074537e-05,-0.00013021429,-9.170911e-06,-6.600226e-05
S269_NM_001098540.3,-2.7917242e-05,8.005313e-05,-7.096081e-05,9.845047e-05,0.00022447898,7.894278e-05,3.924509e-06,9.427972e-05,-2.94611e-05,0.00014447514,0.00017072326,-9.5032614e-05,8.24532e-05,-2.234143e-05,-0.00016666374,4.472125e-05,-0.000106166946,0.0001805734,4.3366304e-05,0.00026093898,5.630014e-05,-2.9232422e-07,0.00013112523,-8.373295e-05,6.116516e-05,9.62044e-05,0.00019511644,-5.453904e-05,-2.4842837e-05,0.00014088475,4.027992e-05,-0.000120602315,0.00023167419,-6.0957635e-05,0.00027512276,0.00014994417,-7.1310584e-05,-1.8580531e-05,6.369978e-05,4.6985802e-05,0.000116643976,0.00028452702,-0.00016773224,9.96754e-05,-5.030471e-05,0.00012950099,7.031364e-05,0.000109802175,0.00019078937,5.8354457e-05
S11_NM_001530.4_1,9.729863e-05,-6.784139e-06,-4.806764e-05,-0.00018295168,1.5393889e-05,0.00015154804,-1.3026774e-05,-0.00011793516,4.1606596e-05,-0.00014012838,-9.576562e-05,-1.3906184e-06,3.0729847e-05,0.00011153828,1.5469544e-05,1.4079719e-05,-1.737403e-05,0.00015122503,7.393167e-05,0.00028507228,0.00010936279,9.69278e-06,1.5827565e-05,-9.3157236e-05,-3.5614714e-05,0.00010337825,0.00019160355,2.8743825e-05,-2.5349343e-06,0.00021244511,0.000168298,8.4252664e-05,0.00011262464,4.7905305e-05,-0.000102221056,2.855665e-05,3.8611342e-05,4.61726e-05,-1.0036635e-05,5.6139208e-05,3.5923564e-05,1.10626e-05,-1.8443003e-05,1.397515e-05,0.000114989816,0.00018376684,-1.7481678e-05,6.0497176e-05,8.860067e-05,0.00015465224
S50_NM_001530.4_1,0.00015069346,0.00012399715,4.4608028e-06,9.815668e-05,7.271739e-05,-1.5493157e-05,1.179685e-05,2.3787654e-06,0.00013697727,-5.1174808e-05,-7.2487455e-05,6.576345e-05,-0.00010994297,-7.38687e-05,0.0002010174,6.838232e-05,4.1977113e-05,6.579816e-05,3.2038664e-05,-0.00011264618,-5.5198656e-05,0.00014741013,-3.1623276e-05,3.3293323e-05,4.937191e-05,-5.7248035e-05,1.3691843e-05,8.8094734e-05,-3.2758794e-06,-5.7487236e-05,0.00015245826,4.6521804e-05,3.1556927e-05,0.00018321359,0.00018841615,-0.00012191835,-1.3936851e-06,5.300718e-05,0.0001404021,5.5281296e-05,7.2092334e-05,9.904558e-05,-9.490346e-05,0.00025564738,0.00019674363,-1.8049974e-05,1.20282675e-05,0.000105761326,0.00012861179,5.138154e-05
S64_NM_001530.4_2,3.2810327e-05,-6.853841e-05,0.0002139388,5.2018506e-05,3.7462767e-05,-0.00013908574,0.00018297519,5.5697537e-06,1.4110516e-05,2.4572091e-05,0.00012804479,5.5728324e-05,-2.0859987e-05,3.8856022e-05,2.6721647e-05,0.00014467223,-2.3793526e-05,0.0001453101,-0.00022902655,-8.8233886e-05,-3.0631152e-05,2.0393822e-05,-1.2445265e-05,9.227674e-05,4.2859032e-05,3.5872923e-05,-7.65094e-05,-2.1838794e-05,-5.8650305e-05,4.2857628e-05,-0.0001572268,-6.551e-05,-0.00015019023,8.449248e-06,-5.045442e-05,-3.2671837e-06,-0.00011134166,-8.921377e-05,-0.00011246403,2.8852992e-06,-5.9064227e-05,5.1855706e-05,-4.91948e-05,8.39106e-05,-6.4671985e-05,8.623579e-05,-1.9525372e-05,-7.089763e-05,-0.00014946003,-8.37497e-05
S205_NM_001098540.3,9.5002564e-05,-0.00020716919,7.768448e-05,-0.00011727733,7.4591924e-05,-0.00017471756,-2.7208498e-06,0.000117633615,0.00014552962,1.1332453e-05,7.402262e-05,0.00015676516,1.8963625e-05,7.767555e-05,7.862767e-05,0.00014979589,6.507627e-05,-0.00024063833,9.335199e-05,3.652432e-05,4.619986e-05,0.00016406478,-6.172445e-05,0.00016129871,-3.0562605e-05,0.00014887395,3.348962e-05,0.00017111925,-1.543971e-05,-2.474653e-05,-0.00010731899,2.0960028e-05,0.00010617093,-1.4186772e-05,-1.0714149e-05,6.391636e-05,0.00010401565,0.00025551362,-0.00013509029,-6.762489e-05,-0.00019768215,0.00030929063,1.9641828e-05,0.00014800654,9.623863e-05,8.141168e-05,9.55356e-05,3.5202815e-05,3.9089715e-05,-6.2027095e-05
S200_NM_001098540.3,-1.0449226e-05,-3.1730062e-05,4.3070013e-05,0.00019484865,2.9493733e-05,0.00019942778,-7.833586e-05,8.1889804e-05,8.212918e-05,7.245235e-05,-0.00017911263,0.00010391532,-0.000103930164,1.1365294e-05,-6.369629e-05,3.3202028e-05,0.00014073218,0.00011376715,-0.00015947265,2.7957252e-05,5.8993784e-05,-0.00015985749,-7.9891004e-05,0.00010044024,-0.00017075693,-0.000168856,-0.0001326393,0.00011789204,3.4949277e-05,0.00012957987,-3.85602e-06,-6.846505e-05,2.0104704e-05,-2.2145798e-05,0.00026500167,0.00018731707,-9.8878554e-05,-0.00013762413,-5.4142634e-05,7.791877e-05,-8.822279e-05,7.002193e-05,-7.969757e-05,0.0001010068,0.0001848849,6.4837244e-05,0.0001163776,0.00018629844,3.991749e-05,-0.00014151385
S279_NM_001098540.3,1.320181e-05,8.246809e-05,9.2529015e-05,0.000101104844,6.1454134e-06,0.00013710263,-1.8001918e-05,-4.0388406e-07,9.050197e-05,0.00021367706,5.0949577e-05,1.4161715e-05,0.0002316704,5.147093e-05,-0.000100358266,7.258411e-05,-1.8255884e-06,-5.174332e-05,-4.9968156e-05,0.00013036435,7.010227e-05,-0.00012890802,-8.4773856e-05,9.842701e-05,-6.940225e-05,9.363146e-05,-7.352703e-05,-5.492518e-05,-0.00010125255,0.0002069919,8.9867375e-05,0.00010366185,5.430864e-06,5.8263147e-05,-4.934827e-05,0.0001706424,7.820296e-05,-0.00017522558,-2.533166e-05,5.35982e-05,4.1342708e-05,3.2096143e-06,-5.478215e-05,2.4836092e-05,0.00019268373,-0.00031094157,-5.0991657e-05,-2.5158222e-05,4.793193e-05,-0.00013055671
S297_NM_001098540.3,-6.571061e-05,5.6152303e-06,-2.2398724e-05,-7.771537e-05,0.00011573794,0.0001247481,-8.119698e-05,0.00021763265,5.0676063e-05,-0.00018584156,5.1120414e-06,7.859693e-05,-3.5954385e-05,0.0001426319,-0.0001737852,0.00018732047,4.9401886e-05,-0.00017928323,-7.8970224e-05,-0.0001123537,-4.3175885e-05,-8.503409e-05,4.873561e-05,0.00013216792,0.00013896837,5.902637e-05,-8.5865446e-05,-2.3220258e-05,-3.1437878e-06,-3.5525816e-05,-0.00023951921,-4.2990916e-05,2.407203e-05,-2.5781725e-05,-6.539037e-05,0.00014348836,-5.0350103e-05,5.9630653e-05,0.00026471398,0.00011878785,0.00023101749,-5.248106e-05,-1.3547732e-05,0.00011000009,1.5231318e-05,-4.924568e-05,-6.540342e-05,-6.882994e-05,2.8572193e-05,-3.6429716e-05
S159_NM_000189.5_2,2.9631152e-05,-0.0001000476,7.271613e-05,-1.4264624e-05,-6.850975e-05,0.000110162684,0.00010173671,-0.00019730083,7.905478e-05,0.00013223058,-6.149094e-05,9.0753434e-05,6.411188e-05,-0.00022208208,6.883494e-05,-0.00013549172,9.6731754e-05,-1.6702533e-06,-2.7225882e-05,-0.00023963189,-2.0152882e-05,-0.0001572893,2.147023e-05,7.235515e-05,7.109192e-06,-0.00014173726,-2.7175389e-05,0.00020903864,0.00011734145,-9.705567e-05,2.7352957e-05,-6.4821766e-06,-0.0002233433,-2.3981143e-05,7.569792e-06,-1.4859473e-05,-3.2182128e-05,0.0001533167,-9.0662485e-05,-1.1448772e-06,7.50289e-06,-3.5270055e-05,-9.15068e-06,2.4166293e-05,-0.00021861416,4.9435366e-05,0.00019087843,-3.8176466e-05,0.00011672948,-4.8355825e-05
S203_NM_001098540.3,-3.721049e-05,6.191547e-05,-1.9530205e-05,-7.422038e-06,-0.0001062388,2.2067607e-05,-5.4379605e-05,2.5389387e-05,6.628212e-05,-0.00011523331,-0.00014589205,0.0001783391,4.4446522e-05,4.086908e-05,9.247139e-05,-2.6172096e-05,0.00011445971,0.00017125664,0.00018969779,-4.1227675e-05,0.00015985627,-0.00013772737,-0.00019852797,-4.6521378e-05,3.8323647e-05,-4.0043495e-05,-0.00017066029,0.00027651526,1.1771629e-05,-1.8862589e-05,0.00024085384,-7.719142e-05,-7.551561e-05,-0.00010424372,-0.00020676511,-1.3057236e-06,-2.336227e-06,1.7605535e-05,4.3989294e-05,0.00010134669,-1.6296584e-06,0.00024215828,0.00019399235,2.7398602e-05,-0.00011405886,2.1295257e-07,5.586587e-05,-0.00014795805,-3.2736272e-05,8.186178e-05
S182_NM_000189.5_2,8.458266e-06,7.714886e-07,-0.000101610734,-0.000102484264,-9.817984e-06,1.5901318e-05,-0.000119688906,-6.575693e-05,2.4516045e-05,0.00013782279,8.391877e-06,-0.00012245527,1.3615873e-05,-4.4110133e-05,9.96629e-05,5.6277182e-05,-0.00016060495,-0.000121623954,0.00029848597,1.2614815e-06,-5.42172e-05,3.166127e-05,-1.3159505e-05,-7.242626e-05,5.2839598e-05,-9.156037e-05,1.756473e-05,-0.00012280575,0.00022662089,0.00020188213,-2.05248e-06,-6.451845e-05,-3.43989e-05,0.00015278277,8.98821e-05,6.708809e-05,0.00013181179,0.00011159448,1.4277956e-05,2.4167932e-05,1.11851904e-07,0.0001091528,5.8316116e-05,7.2538154e-05,-5.2379173e-06,4.791694e-05,6.913471e-05,3.8182738e-05,0.00017861441,0.0001259798
S98_NM_001530.4_2,1.845931e-05,-6.3079015e-06,0.00014912864,5.4535514e-05,8.34837e-05,0.00021511009,1.7419803e-05,-0.00013171729,6.44031e-06,3.280824e-05,1.5929987e-05,-2.968408e-05,0.00012879934,-7.360284e-05,-2.8273278e-05,-9.859553e-05,-4.132495e-05,4.8382884e-05,6.2766394e-06,6.3680556e-05,0.00015605993,7.588434e-05,6.619208e-05,5.891569e-05,-3.502245e-05,0.00019257746,-1.01302485e-05,6.4372593e-06,-2.9927349e-05,2.5589256e-06,2.674898e-05,-1.2029058e-05,9.7043005e-05,-6.3703446e-05,-5.48927e-06,7.736687e-05,-0.00015412847,-1.1616032e-05,-3.7695692e-05,2.0800813e-05,1.0866614e-05,0.00013784862,0.00023076673,1.2533243e-05,-7.8901976e-05,-1.35029195e-05,6.133646e-06,4.5361794e-05,-1.2350851e-05,-5.4565222e-05
S295_NM_001098540.3,-4.3997377e-05,0.0001689222,4.388349e-05,-8.025975e-06,-8.199588e-05,-2.4762661e-05,7.6649185e-06,2.084803e-06,0.00010509348,3.127502e-05,-9.331189e-05,6.5486405e-05,-0.0001237987,7.7406214e-05,0.000108438384,7.420684e-05,5.742705e-05,-0.00016369419,-3.6419096e-05,-0.00013942235,-6.8584595e-05,-4.8033166e-06,6.361862e-05,0.00021146957,5.8345708e-05,3.034476e-06,-2.0282274e-05,-0.0001350108,0.00015049281,-0.00012560173,-6.9562804e-05,0.00012445483,8.4045685e-05,0.00016999916,-4.19062e-05,-1.4467186e-05,-0.000104316045,6.210523e-06,-7.035891e-05,5.800989e-05,4.527511e-05,0.00011240827,0.00011893977,-7.84897e-05,-3.177713e-05,9.137949e-05,-4.223352e-05,-3.625384e-05,6.196702e-05,4.9306767e-05
S137_NM_000189.5_2,-9.6792646e-05,6.987024e-05,5.4669567e-06,-0.00012090108,0.00017576262,-9.754339e-05,2.5259094e-06,-2.7895243e-05,9.880788e-05,0.00012639184,-9.7012366e-05,-9.121254e-05,-1.8872449e-06,-0.00019089459,-0.00010831677,-0.0001378241,-4.219135e-05,-4.167209e-05,0.00012145058,1.3231365e-05,0.00014524364,-1.2741063e-05,0.00012188202,-5.051012e-05,0.00013936494,4.9387534e-05,-0.000104134575,-0.0001456432,8.5342224e-05,-5.6583343e-05,-0.00016937914,3.1410666e-05,2.2954911e-05,0.00026800032,2.6690968e-05,0.00011840711,1.723147e-05,3.2624244e-05,5.435941e-06,-6.842281e-05,9.875316e-05,-0.0001346788,-6.303699e-05,8.992566e-05,-3.5609206e-05,-4.958589e-05,0.00014449364,-7.488574e-05,-0.00018218138,8.64977e-05
S206_NM_001098540.3,6.205757e-05,-0.000115325456,6.2955594e-05,0.00016222494,-1.9354418e-05,-2.731304e-05,0.000102431004,0.00017745665,0.0001054414,-0.0001277701,8.945858e-05,-2.013026e-05,-0.00011525398,1.7658358e-05,-2.2933298e-05,-0.00012832445,2.5469191e-05,-0.00010970118,0.00010001563,0.00010268045,0.00021146481,-3.480579e-07,-0.00020917298,6.6521825e-05,0.00014843995,-5.2016494e-05,-1.7701303e-05,4.282324e-05,8.8120316e-05,9.2106544e-05,7.5735246e-05,-7.613345e-05,0.00016040719,0.00014424406,-4.879369e-05,0.00022179999,1.5152856e-05,8.3781386e-05,-3.900069e-05,1.9967898e-05,-4.3775708e-05,0.00010198333,9.630431e-05,4.6649115e-05,-3.8545048e-05,-1.1331067e-05,8.792928e-05,-0.0002590224,1.9814972e-05,3.1512594e-05
S126_NM_000189.5_2,-0.00010666114,-2.5111038e-07,-4.4557088e-05,-0.0001545949,-1.2000201e-05,7.218423e-05,-0.00019263611,-3.985312e-05,-5.9463135e-05,-0.000109374865,3.1556283e-05,3.462902e-05,6.363489e-05,0.0002249527,0.00014503459,6.73288e-05,-7.927779e-05,-4.013775e-05,0.000100795034,-0.00016749065,3.72907e-05,-2.5055797e-05,0.00013577503,-0.000103850776,4.3049444e-05,0.00016621426,-8.4015715e-05,-2.6622633e-05,-0.0001375476,7.593522e-08,-0.00011160638,8.796835e-05,0.00015491706,0.00022328623,-9.9078556e-05,7.0448856e-05,4.037729e-05,2.8648661e-05,-7.269719e-05,6.979483e-05,6.724295e-05,-1.768364e-05,0.00010536566,-0.00016600451,-0.00011669422,1.7934306e-05,-2.4837334e-05,0.00020188854,-1.010742e-05,0.00011721151
S195_NM_000189.5_1,3.8573497e-05,1.562825e-05,5.9064136e-05,0.00011666181,0.0001920928,-4.289121e-05,-6.4011234e-05,7.840491e-05,2.5438634e-05,-1.5861167e-05,9.666329e-05,-0.00012845355,-6.4782944e-05,-0.0001447631,-0.00013947213,0.00023399055,9.803342e-05,6.1167084e-05,0.00016080395,6.6345647e-06,-7.069302e-05,0.0001069481,-0.00017503761,3.8028159e-06,-4.239401e-05,-2.1470667e-05,0.00017177204,-2.4379024e-05,-7.220422e-05,0.00019732851,4.896725e-05,-0.00014070889,-8.2531384e-05,0.00024249604,-5.4776243e-05,3.5513043e-05,5.6547902e-05,4.4604854e-05,0.0002064937,0.00017527,-6.3900385e-05,-3.3289646e-06,0.00019926485,0.00010560206,-8.766517e-05,-4.1050087e-05,-2.6069006e-06,0.00017637172,-5.2452713e-05,-3.6911658e-06
S168_NM_000189.5_1,-3.9525044e-06,9.123024e-05,0.000141202,-1.1890153e-05,-0.000110249435,0.00010900429,-2.0317182e-05,-4.876755e-05,0.00010265275,0.00022012918,-2.8530754e-05,-5.9655198e-05,0.00030109842,8.681871e-05,-9.966587e-05,-1.6549558e-05,-0.00017810351,4.9481867e-05,-4.1396543e-05,0.00011160491,-2.9850888e-05,0.00012637101,-3.0698488e-05,-6.773154e-05,2.554319e-06,7.729043e-05,-0.00017323976,-1.6282587e-05,6.376565e-05,-9.052358e-05,-7.977445e-06,6.2859974e-05,-5.083176e-05,-1.565065e-05,0.0003059467,8.180229e-05,-0.00013451009,-0.00020014806,-0.00012451348,0.00010592576,0.00017312184,3.3800057e-05,-0.00011527224,3.9734838e-05,-6.2916246e-05,0.000119145465,-0.0001818082,4.5798253e-05,-0.00023931122,8.7997214e-05
S75_NM_001530.4_2,4.6786703e-05,0.00010578204,5.099962e-05,-2.7229478e-05,0.00014306931,-7.965046e-05,0.00010823864,-5.6991325e-05,-0.00019113069,-2.7247102e-05,6.844545e-05,0.00014819372,4.318913e-05,0.00010227581,4.925108e-06,4.140766e-06,-5.5236047e-05,7.087202e-05,-0.00016576864,-1.8254175e-05,9.033745e-05,0.00014471008,-7.318435e-05,-0.00016945114,-4.621219e-05,8.7419445e-05,4.24912e-06,4.0733805e-05,-4.0087598e-05,4.4091823e-05,8.334907e-05,0.00011029162,-3.0679123e-05,0.00013349006,-8.2995706e-05,-0.00019552017,-0.00011979156,5.9018446e-05,-0.00011811596,0.00015076876,-5.7886326e-05,-9.922599e-05,-1.2295202e-06,1.0317924e-05,1.124892e-05,-2.783037e-05,8.3110615e-05,0.00025156754,-7.349765e-05,-0.0001301951
S123_NM_000189.5_2,8.710575e-06,-3.1588183e-06,9.1398426e-05,4.8695656e-06,1.2982688e-05,9.600924e-05,5.4142265e-06,1.911842e-05,6.297647e-06,-4.2226206e-05,8.8405046e-05,-4.996009e-05,-0.0001221718,4.2596348e-05,0.00016918307,2.1838701e-05,0.00020387027,0.00015297778,-0.00016613262,5.364803e-05,6.070615e-06,0.00013947446,4.4216285e-05,9.579995e-05,7.2944946e-05,-4.2075253e-06,0.00016117972,-4.704627e-05,-0.000113035414,3.5895123e-06,-0.000116616386,-5.396251e-05,9.79007e-05,-0.00013950546,1.2496568e-05,-9.947517e-05,6.38539e-05,-1.2989556e-05,9.089074e-06,-6.557884e-05,1.9216022e-05,-4.7298352e-05,-2.6459873e-05,-0.00016944454,2.7445656e-05,5.3835047e-05,-0.000111448266,0.00025790514,-5.7335674e-05,-0.000118768614
S83_NM_001530.4_2,8.232182e-05,-0.00017503601,7.473919e-05,5.0698764e-05,0.00010606925,-0.00013528804,-8.7605236e-05,-8.185649e-05,-5.328466e-05,2.323408e-05,1.2765827e-06,-1.959918e-05,9.500656e-06,6.8658745e-05,-5.088684e-06,0.00017422912,8.794773e-05,-3.993581e-05,-5.2711497e-05,-0.0001014339,-7.275034e-06,8.850274e-05,-0.00010143979,0.00018109978,1.9097633e-05,2.0102068e-05,-0.0001440351,4.648824e-06,-2.3028511e-05,1.1984499e-05,-5.398473e-05,5.0868155e-05,3.2087773e-05,-7.770024e-05,-5.0061586e-05,4.6433157e-05,0.00010567429,1.336696e-05,-7.7063836e-05,-0.00019132046,0.00017122012,2.6827468e-07,-6.0846956e-05,2.2432601e-05,-0.00010777011,5.7693713e-05,-3.166189e-05,0.00010620644,4.5469853e-05,-7.294777e-05
S324_NM_004456.5,-4.139988e-05,5.8600304e-05,-4.2924974e-05,3.7141897e-05,2.0866664e-05,0.00016234988,-8.687377e-05,-0.00010249243,-0.000113219176,-0.000108218715,0.00013298135,0.00011840247,0.00015149375,-9.516598e-05,-0.00018238471,-9.385435e-05,7.4484684e-05,-0.00010600585,-3.0731702e-05,5.7288406e-05,3.6810063e-05,1.8379347e-05,2.7016e-05,-0.00011514509,-0.0001432125,-5.3875257e-05,-2.924326e-05,8.695453e-05,6.4090455e-05,-4.902596e-05,3.9872352e-06,3.2736785e-05,0.00015462497,-1.075474e-05,1.4874997e-05,5.9844674e-06,-0.00010234205,0.00012375106,0.00016257727,5.9669477e-05,0.000104430575,-0.00011009178,4.297787e-05,-7.051189e-05,5.3155847e-05,-1.2700227e-05,-8.011517e-05,-3.023099e-05,2.6288355e-05,0.00017340304
S147_NM_000189.5_2,-7.964166e-05,-3.203838e-05,0.000103606224,8.74647e-05,8.789016e-05,-0.00010940894,-6.272602e-05,0.00022038676,-7.4609554e-05,-2.3331599e-05,0.000102762846,-0.00014622898,6.1932464e-05,0.00015358522,-0.0001573236,-8.389228e-05,0.00015334875,4.399583e-05,-9.088059e-07,0.00010894407,-9.583544e-05,0.0002567057,-6.450663e-05,-0.00016839779,1.9086348e-05,-1.3749354e-05,0.00014322653,0.0001604543,-8.884844e-05,-1.711237e-05,0.00024983432,-3.0027883e-05,5.7709127e-05,8.6577296e-05,9.830913e-05,0.00010155117,-6.2502586e-05,7.09744e-05,0.00010960917,-3.163174e-05,-3.402864e-05,-0.000121485326,5.6796707e-05,-3.231741e-06,-2.8897608e-05,-2.8905639e-05,2.2097209e-05,5.165663e-05,0.00023953247,-5.1405797e-05
S260_NM_001098540.3,8.645629e-05,-0.00017915218,6.991042e-05,-6.333435e-06,-2.3858827e-05,-8.208769e-05,-9.115335e-05,7.998901e-05,5.2154257e-05,8.740739e-05,9.770165e-05,-5.2447183e-05,0.00014758026,-0.00010335152,4.915977e-05,-3.3897308e-05,9.4206225e-05,0.00026938046,0.00022671996,2.3983624e-05,5.768516e-06,0.00017939467,2.820942e-05,8.305787e-05,-1.054402e-05,6.985228e-05,0.0002159335,-3.2551805e-05,8.9774876e-05,9.533107e-06,-0.0001523003,-0.00016820886,0.00015993835,-0.00012307627,0.00015497734,4.2471114e-05,1.2643691e-05,-8.2861305e-05,7.594645e-05,0.00020282748,1.3192529e-05,0.00018676852,0.0001500654,-4.469623e-06,-0.00015397384,2.7616212e-05,9.140214e-05,0.00013474343,6.0007787e-05,3.8656533e-05
S65_NM_001530.4_2,-0.00016702026,1.3981247e-05,-0.00016422578,7.228484e-05,-4.7100315e-05,0.00011421725,-8.834015e-05,-4.4398425e-05,0.000113721006,8.4110274e-05,-3.5939163e-05,9.569695e-05,1.9779538e-05,-6.0376202e-05,-0.00024292979,-0.00014331959,-2.8559174e-05,5.1321545e-05,9.763881e-05,-9.332611e-05,-8.777729e-05,2.2299511e-05,-8.487769e-05,-6.6097826e-05,3.1411382e-05,-9.779532e-05,1.696727e-05,9.098279e-06,2.7712555e-05,-1.6036018e-05,-4.096834e-05,-0.00012253587,-6.1624964e-06,1.2725667e-05,0.00010991596,-2.130486e-05,0.000113807226,2.3309905e-05,-4.524388e-05,0.00012598412,-0.00010417147,8.408235e-05,7.965544e-05,6.652496e-07,1.2289578e-05,0.00016695396,-0.00013828445,-4.349943e-05,-3.2349282e-05,-0.00014180894
S125_NM_000189.5_2,-6.4920705e-06,-4.2944375e-06,-4.534633e-06,-6.2300496e-05,0.00017401036,0.00012810009,2.8301165e-05,5.2816544e-05,-9.795181e-06,0.00017344474,-5.571441e-05,5.2386098e-05,-0.00014637003,0.00013964273,8.93684e-05,-8.9972644e-05,8.2977436e-05,2.7530103e-05,-0.00016734492,6.5667325e-07,4.013774e-06,9.4650335e-05,0.00015579093,-4.0818545e-06,2.1778233e-05,-0.00015404627,1.9394112e-05,7.0594855e-05,-2.5488149e-05,-0.000274033,-8.4885476e-05,-6.2140925e-06,0.00015159168,-0.00013347265,3.813371e-05,-3.671238e-05,0.0001806771,0.00017591522,4.727075e-05,6.613367e-05,5.779295e-05,-5.2504518e-05,9.886145e-06,0.00013488565,8.363202e-05,9.6806514e-05,1.7475039e-06,0.00019660272,-4.261415e-05,-4.4076496e-05
S32_NM_001530.4_1,-5.5874978e-05,-6.882752e-05,-0.000114432805,7.039558e-05,-4.5444678e-05,-5.0808765e-05,2.6902511e-05,9.557027e-05,1.7964458e-05,-0.00016077553,-6.8894085e-05,-0.00013826352,-0.00020734832,-8.583278e-05,-7.271984e-05,5.6465513e-05,-3.793709e-05,-4.9149396e-05,-0.00011122556,6.515722e-05,-4.167934e-05,-6.026156e-05,0.00017973417,4.772417e-06,-0.00017984498,-5.986078e-05,0.00025312376,-0.0001262844,1.9336265e-05,0.00011927228,0.00017986727,-7.695348e-05,-3.9045237e-05,0.00011896829,2.838492e-05,-4.6430792e-05,-2.189517e-05,8.2369035e-05,0.00017477696,-0.00012354234,-0.00010716859,1.8380237e-05,9.361363e-05,3.155522e-06,-7.474629e-05,2.2243554e-05,-5.1743144e-05,6.358634e-05,-6.7002e-05,5.8194277e-05
S222_NM_001098540.3,-1.8224731e-05,-1.698237e-05,3.8986578e-05,4.1405863e-05,-4.423214e-05,3.737101e-05,4.305017e-06,2.6763155e-05,0.0002130392,9.820511e-05,0.00014401776,0.00027772767,3.884463e-05,-5.336953e-05,0.0001396353,5.6176406e-05,0.00018900647,-1.3201608e-06,1.9983432e-05,-0.00010651077,0.00021064318,0.00018374652,-4.8522736e-05,-5.1084546e-05,2.900043e-05,-0.00012070339,0.00016754009,-7.947992e-05,7.4943906e-05,0.00012133113,0.00020975123,0.00018243503,4.3669326e-05,-2.5470987e-05,-2.6347794e-05,7.753591e-05,-6.652912e-05,9.694969e-05,9.912713e-05,-7.188664e-05,-2.8231134e-05,-0.00023335232,-5.162068e-06,-4.320302e-05,1.2261655e-05,-5.8087266e-05,2.2645258e-05,8.042742e-05,7.1127433e-06,9.046422e-05
S113_NM_000189.5_2,-0.00011019449,4.748026e-05,-1.5485342e-05,1.9857094e-05,-2.6443236e-05,9.779957e-05,-2.7419392e-05,7.228719e-05,5.8139583e-05,0.00015214093,7.3062685e-05,-7.838017e-05,5.591131e-05,2.7312768e-05,1.9866446e-05,0.00017659421,-4.6587724e-05,-0.00010731241,6.0758106e-05,-2.0069076e-05,4.810093e-05,1.5227739e-05,0.00022986159,-4.513964e-05,-7.453173e-05,5.66545e-05,8.47274e-05,-7.189285e-05,-0.00020314696,-4.132211e-05,2.9429453e-05,4.0098414e-05,0.000117933654,0.00011435034,0.00014507717,-6.7015644e-05,-0.00010935403,-9.94801e-06,-0.0001116656,4.3101685e-05,0.00011193023,2.3540864e-05,8.106037e-05,3.789794e-05,7.021666e-05,1.7902546e-05,0.0002317317,5.4646607e-06,0.00011248472,-0.00012245661
S46_NM_001530.4_1,5.0184986e-05,-5.2014868e-05,7.706778e-05,-9.468637e-05,9.180692e-05,9.4893425e-05,9.506682e-06,0.00011171684,0.00026590063,-0.00016540643,-7.726322e-06,5.361168e-05,-7.0696165e-05,5.7593254e-05,0.00026156823,0.00013951333,-6.057902e-05,-9.71477e-06,4.78485e-05,1.5830954e-05,0.00014062799,8.271622e-05,-8.742693e-05,2.0902668e-05,0.00010176821,4.2554384e-05,2.893108e-05,-0.00016359573,-4.5018232e-06,0.00024249432,-3.58356e-05,-2.8866329e-05,9.681639e-05,1.3419896e-05,-0.00014242872,-7.4409113e-06,0.00011579962,-4.5058183e-05,1.1873474e-05,-0.00011194913,0.00017911184,7.743049e-05,-1.8417975e-05,-0.00012838027,0.00012852438,-2.429415e-05,0.00022189872,-3.29829e-05,-3.264899e-05,3.836379e-05
S308_NM_001098540.3,4.3761425e-05,5.498862e-05,-0.00021528124,-5.5824235e-05,9.2991766e-05,0.00024090655,-5.8735666e-05,-4.9814036e-05,9.447222e-05,7.659448e-05,-2.0304658e-05,9.3463816e-05,9.1298985e-05,-1.7780245e-05,-0.00010840197,-7.5233176e-05,8.438903e-05,6.762182e-05,7.970145e-05,-0.00010624127,2.443974e-05,-9.582108e-05,-0.00011499879,0.00013869554,2.745767e-05,4.444675e-05,2.0869966e-05,-0.00015811407,0.00013574102,3.2921515e-05,0.00019569231,9.525091e-05,1.2562331e-05,9.712743e-06,-4.2925927e-05,0.00011721561,3.49695e-05,-4.1797142e-05,0.00015746226,7.265484e-05,5.0570372e-05,-0.00011612842,3.79881e-05,3.590002e-05,3.1159856e-05,-0.00015004429,1.2580713e-05,-8.0241516e-05,2.1576948e-06,2.8229812e-05
S128_NM_000189.5_1,5.8205325e-05,8.1746286e-05,-7.960964e-05,9.54e-05,0.00013038283,7.476134e-05,4.958062e-05,0.00012551564,-0.0001098891,-3.517141e-05,6.715928e-05,1.6045004e-05,-0.00012545519,0.00010462967,-2.8926614e-05,0.00011383892,-0.00016131555,6.1825e-05,-7.345506e-05,-6.8083944e-05,7.3978454e-06,-3.798748e-05,7.492431e-06,0.00032757098,0.00022202895,-8.3225976e-05,-4.3558688e-05,0.00018029452,-0.00011717715,-2.5347863e-05,0.00021370103,0.00018497024,0.0002043046,9.566099e-05,0.00018974565,-5.6845198e-05,-4.6363217e-05,-2.2177635e-05,6.41082e-05,9.639542e-05,-0.00018032218,1.3358977e-05,-0.00019282653,-1.0775613e-05,-4.167585e-06,-1.847651e-05,-6.804025e-05,7.34443e-05,0.0001644543,-9.4370036e-05
S112_NM_000189.5_2,0.000119588585,7.45864e-05,4.295091e-05,2.8588272e-06,0.00011475029,8.365965e-05,-7.739407e-05,8.9309884e-05,-6.292051e-05,-0.0001265455,-9.33453e-05,-0.00025446384,-0.00010551036,-3.7373906e-05,3.975477e-05,5.5677032e-05,6.299598e-05,-1.6258973e-05,0.00022041136,-0.00021506246,0.00019369581,0.00014985466,6.828878e-05,-5.3404277e-05,8.41317e-05,-0.0001839588,4.871605e-05,0.00019107171,-3.2779033e-05,-5.2904154e-05,-0.00010729035,-0.000116908006,-5.435908e-05,-6.0374037e-05,0.00019705128,-5.0715957e-05,4.1577747e-05,9.780171e-05,-3.0432058e-05,-3.227306e-05,-3.9006358e-05,-0.00019355043,0.00014281717,6.3157015e-05,-6.639402e-05,0.00017980605,2.3578297e-05,8.623122e-05,6.1146275e-05,-3.1523054e-05
S221_NM_001098540.3,-0.00010127445,9.262877e-05,8.534438e-05,-0.00013389696,8.995923e-06,-1.8530352e-05,-7.980394e-05,5.4672462e-05,5.5797387e-05,-1.4057516e-05,-5.987019e-05,-0.00023519203,-5.8096277e-05,-5.0694172e-05,-6.5265776e-05,-3.313205e-05,8.610244e-05,8.257984e-06,0.00020831909,4.493792e-05,3.4880264e-05,7.884295e-05,-6.253572e-05,-0.00021402654,-0.00011023779,5.961653e-05,-0.00010953853,-3.6528567e-05,6.958897e-05,0.00020655866,3.3126584e-05,-0.00022306314,2.2052767e-05,5.9635255e-05,0.0001306989,0.000120261655,-6.7996225e-05,9.833356e-05,-0.00010142384,0.00015057651,0.0001633449,-2.0008878e-05,6.866898e-05,-7.856427e-05,8.583724e-05,0.000117138916,3.6124806e-05,-2.6941785e-05,-2.3764991e-05,-6.854318e-06
S228_NM_001098540.3,-4.9922306e-05,3.0233365e-05,1.8773808e-05,4.438711e-06,-7.688571e-05,5.4865177e-06,5.281804e-05,-2.5197685e-05,-0.00013901644,-7.509734e-05,5.2309326e-05,0.00022853079,2.0457479e-05,6.4997424e-05,1.3765743e-05,0.00018899358,5.0224055e-05,0.00016493363,0.00015133093,1.0932186e-05,0.00015801226,0.0003242425,-0.00011272977,-7.902813e-05,3.322323e-05,-7.211674e-05,-6.725281e-05,2.7091575e-05,0.00022192547,-8.106878e-06,3.7586826e-05,-2.4178591e-05,0.000118717806,6.033556e-05,1.9272642e-05,-4.0727613e-05,-0.00017851502,0.0001566233,0.00013925359,9.950638e-05,-0.000120986464,4.706672e-06,-2.0071268e-06,-6.0881906e-05,2.999896e-05,0.00010820211,-0.00012278502,9.7526274e-05,-0.0001385217,8.167791e-05
S31_NM_001530.4_1,7.979549e-06,9.463618e-06,-1.9763767e-05,-4.527389e-06,3.1330383e-05,1.6656351e-05,0.00023711727,-9.6617856e-05,-0.00017991378,2.6880854e-05,0.00020494386,0.00018844534,8.958297e-05,0.00014182643,-0.00017847004,-3.1332278e-05,-6.93835e-05,0.00015498443,8.0497295e-05,-0.000101684345,2.1845655e-05,-2.8152795e-06,3.2202774e-05,-0.00013571998,-0.00013083155,8.967756e-05,0.00016008673,0.00011409754,1.3280908e-06,5.457171e-05,-4.943041e-05,9.060078e-06,-6.650843e-05,3.7230853e-05,5.976919e-05,1.8500123e-05,-0.00011595637,6.581451e-06,0.00015716217,1.085361e-05,0.00021209795,9.236458e-05,-3.1269145e-05,4.3835676e-05,-1.9570152e-06,1.71773e-05,-0.00010039687,0.00015371623,-3.1255313e-05,-2.1118449e-06
S52_NM_001530.4_1,-2.5594672e-06,-7.815441e-05,9.830096e-05,0.00012868296,0.00011628342,0.00012486936,6.854393e-05,-3.2205593e-05,0.0001481398,8.9338886e-05,-4.292387e-05,9.133118e-05,-0.00021331376,7.6186545e-05,2.695898e-05,0.00014993074,6.453901e-05,8.1194135e-05,1.6982258e-05,-0.00018722391,3.47386e-05,-0.00010445006,9.457824e-05,4.45183e-05,-4.5002467e-05,-0.00019598841,-0.00027377665,4.883345e-05,0.00011206312,-0.00010605653,0.00010202018,0.0001629347,0.00010575841,5.4851607e-05,-7.88739e-05,-5.9990474e-05,0.00020579278,-1.25125725e-05,4.9634127e-05,-0.00022758254,4.1049143e-06,0.00030748238,9.970374e-05,-0.0002756454,-6.185305e-05,-9.6105985e-05,-1.8785497e-05,0.00014668093,9.5128e-05,0.00017938505
S163_NM_000189.5_2,1.5057891e-07,2.7324277e-05,1.7725528e-06,6.608325e-05,-2.6617397e-05,-0.00014051775,0.0001418663,3.863524e-06,1.4178552e-05,3.6091784e-05,-0.00015681228,1.6140887e-06,-0.00013615459,0.00012775858,2.9953799e-05,0.000110584115,5.4702858e-05,0.00013868987,4.86265e-05,-0.00018988282,-0.00011818915,0.00024214797,7.926415e-05,9.339188e-05,0.0002118583,-0.00018482827,-8.797906e-06,-7.010607e-05,6.3543754e-05,4.5476667e-05,-3.5106084e-05,-0.000114766684,-5.0063195e-06,-0.0001961277,-3.8736187e-05,7.752468e-05,-5.0651463e-05,-0.00011268692,6.059761e-05,7.591789e-05,0.000163185,1.5215606e-05,3.7509762e-05,6.6414774e-05,0.00016999307,0.00014313306,-0.00013104235,-0.00011298956,-0.0001334583,0.00019460036
S110_NM_000189.5_1,-3.8618433e-05,-1.1069615e-05,0.00012612324,7.191859e-06,-2.6948326e-05,6.212025e-05,0.000121622084,6.760106e-05,-8.517834e-05,7.325883e-05,0.0001179354,-9.277745e-05,3.9474735e-06,7.603018e-05,-0.000102863196,0.00010216396,8.3448635e-05,-5.807514e-05,0.00013755762,-4.8445716e-05,-4.113837e-05,4.6271514e-05,5.356195e-05,0.00012452247,0.0001289687,-5.9502534e-05,4.498369e-05,6.359081e-05,-6.4746826e-05,-1.4564715e-05,4.8567905e-05,-0.0002962305,7.581855e-05,-0.00013230013,-1.3000322e-05,7.070564e-05,-7.103245e-06,0.00013120196,6.593673e-05,5.0468293e-06,7.521116e-05,6.840379e-05,7.3226e-05,0.00013530243,-6.422227e-05,-0.000105306724,0.00023737353,9.073996e-05,0.00021547687,-7.642312e-05
S91_NM_001530.4_2,0.000107103886,8.0571146e-05,1.6234584e-05,-0.0001411417,0.00012105403,2.1612024e-05,0.00014348242,0.00019170041,0.00016429518,1.7690989e-05,7.897525e-05,-1.8691391e-05,9.968968e-05,3.9829833e-06,1.1155218e-05,0.00013299898,-8.508952e-05,-6.0852644e-06,8.193765e-05,-5.9129135e-05,3.4269528e-05,-1.4094164e-05,-1.1957376e-05,7.459796e-05,0.00011415192,-9.370461e-06,4.073921e-06,5.4221702e-05,0.0001447161,-0.000106179825,-5.1680185e-05,-3.211586e-05,-0.00010760216,2.290409e-05,5.7496385e-05,0.00010402164,9.490428e-06,8.2973536e-05,-6.709061e-07,1.3491757e-05,1.4823272e-05,-0.00010412915,-0.000113894544,7.616894e-05,-8.606846e-05,5.194481e-05,0.00014804269,-8.016255e-05,-0.00011884789,0.00010444281
S173_NM_000189.5_2,-5.2192427e-05,6.188618e-07,6.399275e-05,-9.06201e-06,9.723073e-05,9.627655e-06,8.551503e-05,5.4554534e-06,0.00020186139,-1.731367e-05,6.270335e-05,1.5997644e-05,8.365566e-05,9.964403e-05,-2.9065404e-05,0.00016536107,0.00011779562,8.280611e-05,-0.00017309317,-9.3830844e-05,-1.4916993e-05,-8.693277e-05,-4.0472543e-05,4.596615e-06,-0.00021910905,-7.7375036e-05,0.00012551581,0.00021898103,5.7700552e-05,-3.05065e-05,-1.560409e-05,-5.6068635e-05,-0.00012736402,9.13952e-05,8.742082e-05,0.000110832225,2.8177692e-07,9.5056945e-05,7.392248e-05,3.54945e-05,0.00019031316,9.133397e-06,-7.134556e-05,-8.698583e-05,3.6753395e-06,-8.111698e-05,-0.00014040935,-3.0346653e-05,-1.9024179e-05,0.00022671296
